2015-04-21 07:36:12+03:00,1500,LT,Unplanned outage,A03,,2015-04-21 09:50:00+03:00,lyMEp3BzVkOuxW0OPBj6Lw,1655.0,Fossil Gas,41W1023600243EL3,Elektrenai,Lietuvos elektrine,1,MAW,PT1M,1,2015-04-21 06:50:00+03:00
2015-07-22 17:29:51+03:00,1500,LT,Unplanned outage,A03,,2015-07-22 22:00:00+03:00,TvZmI_p3IM2NIwOa7-FwWg,1655.0,Fossil Gas,41W1023600243EL3,Elektrenai,Lietuvos elektrine,1,MAW,PT1M,4,2015-07-22 10:55:00+03:00
2015-09-09 08:11:12+03:00,1500,LT,Unplanned outage,A03,,2015-09-09 14:00:00+03:00,ubr1STxK8Gf0GrwbMWVy7A,1655.0,Fossil Gas,41W1023600243EL3,Elektrenai,Lietuvos elektrine,1,MAW,PT1M,3,2015-09-08 22:30:00+03:00
2015-10-06 13:13:21+03:00,1500,LT,Unplanned outage,A03,,2015-10-06 14:30:00+03:00,WZO6dZNLDlLGghVtuP65Ug,1655.0,Fossil Gas,41W1023600243EL3,Elektrenai,Lietuvos elektrine,1,MAW,PT1M,3,2015-10-05 07:45:00+03:00
2015-11-23 14:16:35+02:00,1500,LT,Unplanned outage,A03,,2015-11-23 18:00:00+02:00,YyPw2N7XWoWhHg2HWfnjHA,1655.0,Fossil Gas,41W1023600243EL3,Elektrenai,Lietuvos elektrine,1,MAW,PT1M,4,2015-11-23 07:10:00+02:00
2016-01-21 19:06:25+02:00,1500,LT,Unplanned outage,A03,,2016-01-22 07:00:00+02:00,B0h-4ldsjL2BHwx7zo0Faw,1045.0,Fossil Gas,41W1023600243EL3,Elektrenai,Lietuvos elektrine,1,MAW,PT1M,2,2016-01-21 14:04:00+02:00
2016-04-25 12:15:21+03:00,1500,LT,Unplanned outage,A03,,2016-04-25 14:20:00+03:00,eVmlbCapxbzymk2JhvYsnw,1045.0,Fossil Gas,41W1023600243EL3,Elektrenai,Lietuvos elektrine,1,MAW,PT1M,4,2016-04-25 06:20:00+03:00
2016-06-09 20:14:21+03:00,675,LT,Unplanned outage,A03,,2016-06-09 20:20:00+03:00,xdlJc36qF0I8ZdSHnUgi1A,900.0,Hydro Pumped Storage,41W2128003453ELI,Kruonis,KruonioHAE,1,MAW,PT1M,2,2016-06-09 03:40:00+03:00
2016-09-01 01:13:30+03:00,1500,LT,Unplanned outage,A03,,2016-09-01 01:10:00+03:00,XJXV5yOZT-ZKfyCcNp2QUQ,1045.0,Fossil Gas,41W1023600243EL3,Elektrenai,Lietuvos elektrine,1,MAW,PT1M,3,2016-08-31 17:20:00+03:00
2016-11-02 22:21:19+02:00,1500,LT,Unplanned outage,A03,,2016-11-02 21:38:00+02:00,pioTJdULpRkOzV5o0_3XGQ,1045.0,Fossil Gas,41W1023600243EL3,Elektrenai,Lietuvos elektrine,1,MAW,PT1M,1,2016-11-02 19:38:00+02:00
2016-11-12 15:27:22+02:00,1500,LT,Unplanned outage,A03,,2016-11-12 15:18:00+02:00,dMGZZ-fDcCTSJA6NwVb5dg,1045.0,Fossil Gas,41W1023600243EL3,Elektrenai,Lietuvos elektrine,1,MAW,PT1M,2,2016-11-12 13:30:00+02:00
2018-06-23 17:24:34+03:00,0,LT,Unplanned outage,A03,,2018-06-23 16:00:00+03:00,HZh04ta2ngoZ9VrNODjkzA,900.0,Hydro Pumped Storage,41W2128003453ELI,Kruonis,KruonioHAE,1,MAW,PT60M,2,2018-06-23 13:00:00+03:00
2018-12-10 15:50:59+02:00,0,LT,Unplanned outage,A03,,2018-12-15 14:00:00+02:00,r8A6iLUsZv3cDivvvpD0IA,900.0,Hydro Pumped Storage,41W2128003453ELI,Kruonis,KruonioHAE,1,MAW,PT60M,1,2018-12-15 11:00:00+02:00
2019-02-01 09:57:12+02:00,0,LT,Unplanned outage,A03,,2019-02-02 11:00:00+02:00,BSK_RAbA3erNok_AmVZBRg,900.0,Hydro Pumped Storage,41W2128003453ELI,Kruonis,KruonioHAE,1,MAW,PT60M,2,2019-02-02 08:00:00+02:00
2019-05-11 12:08:52+03:00,0,LT,Unplanned outage,A03,,2019-05-11 12:00:00+03:00,0lbXbBpO3EYWBTXpBFR3bw,900.0,Hydro Pumped Storage,41W2128003453ELI,Kruonis,KruonioHAE,1,MAW,PT60M,2,2019-05-11 09:00:00+03:00
2019-05-28 18:30:36+03:00,0,LT,Unplanned outage,A03,,2019-05-28 18:00:00+03:00,77wVN1icwfhtzW0UWyZfxQ,900.0,Hydro Pumped Storage,41W2128003453ELI,Kruonis,KruonioHAE,1,MAW,PT60M,2,2019-05-28 15:00:00+03:00
2019-06-22 22:15:01+03:00,0,LT,Unplanned outage,A03,,2019-06-22 22:00:00+03:00,RR6vxbf0olSwol-sDJDvtg,900.0,Hydro Pumped Storage,41W2128003453ELI,Kruonis,KruonioHAE,1,MAW,PT60M,3,2019-06-22 09:00:00+03:00
2020-07-22 13:49:12+03:00,0,LT,Unplanned outage,A03,,2020-07-25 11:00:00+03:00,queoateNNia0-iNpzgPG2A,900.0,Hydro Pumped Storage,41W2128003453ELI,Kruonis,KruonioHAE,1,MAW,PT60M,1,2020-07-25 10:00:00+03:00
2020-09-12 15:01:14+03:00,0,LT,Unplanned outage,A03,,2020-09-12 18:00:00+03:00,oySTraF2KIubUBI2Si2qwQ,900.0,Hydro Pumped Storage,41W2128003453ELI,Kruonis,KruonioHAE,1,MAW,PT60M,2,2020-09-12 09:00:00+03:00
2020-09-26 14:47:43+03:00,0,LT,Unplanned outage,A03,,2020-09-26 14:00:00+03:00,y7gfeGgXE1Xyd9Qp8yy9og,900.0,Hydro Pumped Storage,41W2128003453ELI,Kruonis,KruonioHAE,1,MAW,PT60M,2,2020-09-26 08:00:00+03:00
