2015-01-02 06:26:14+01:00,0,DK_2,Unplanned outage,A03,,2015-01-02 06:20:00+01:00,ClsvBBH_VDV20hA5p5EfYg,565.0,Fossil Gas,45V0000000000091,Denmark,Avedoerevaerket,1,MAW,PT1M,2,2015-01-02 04:34:00+01:00
2015-01-02 11:23:58+01:00,80,DK_2,Unplanned outage,A03,,2015-01-02 15:00:00+01:00,dAa-KdRuOjE-B9-fGcDheg,565.0,Fossil Gas,45V0000000000091,Denmark,Avedoerevaerket,1,MAW,PT1M,2,2015-01-02 07:49:00+01:00
2015-01-11 14:45:24+01:00,0,DK_2,Unplanned outage,A03,,2015-01-12 17:00:00+01:00,jn2lZvX2Xq08I0RaxzoKMA,250.0,Fossil Hard coal,45V000000000012C,Denmark,Amagervaerket,1,MAW,PT1M,2,2015-01-10 03:50:00+01:00
2015-01-25 10:45:14+01:00,0,DK_2,Unplanned outage,A03,,2015-01-25 15:00:00+01:00,BVkAr2znLukvzTPACvjfMQ,250.0,Fossil Hard coal,45V000000000012C,Denmark,Amagervaerket,1,MAW,PT1M,4,2015-01-24 06:30:00+01:00
2015-02-04 02:43:02+01:00,0,DK_2,Unplanned outage,A03,,2015-02-04 04:00:00+01:00,778YKTEKTXT2Z3_88NMgmQ,565.0,Fossil Gas,45V0000000000091,Denmark,Avedoerevaerket,1,MAW,PT1M,5,2015-02-03 15:20:00+01:00
2015-02-06 22:49:44+01:00,0,DK_2,Unplanned outage,A03,,2015-02-06 20:00:00+01:00,d522rUDvzbrROl9hx9ETwQ,565.0,Fossil Gas,45V0000000000091,Denmark,Avedoerevaerket,1,MAW,PT1M,2,2015-02-06 14:44:00+01:00
2015-02-07 01:01:49+01:00,0,DK_2,Unplanned outage,A03,,2015-02-06 23:30:00+01:00,T-CcVgAsGABNMg7GDhkXeg,565.0,Fossil Gas,45V0000000000091,Denmark,Avedoerevaerket,1,MAW,PT1M,2,2015-02-06 21:21:00+01:00
2015-02-07 01:52:43+01:00,0,DK_2,Unplanned outage,A03,,2015-02-07 01:00:00+01:00,s2cr-PO5XqkWph4Lqpi6xA,250.0,Fossil Gas,45V0000000000091,Denmark,Avedoerevaerket,1,MAW,PT1M,6,2015-02-06 13:48:00+01:00
2015-02-07 02:35:08+01:00,0,DK_2,Unplanned outage,A03,,2015-02-07 05:00:00+01:00,HiTlT1DoTyqj7qGmnOD3Gw,250.0,Fossil Gas,45V0000000000091,Denmark,Avedoerevaerket,1,MAW,PT1M,1,2015-02-07 02:04:00+01:00
2015-02-17 18:27:32+01:00,0,DK_2,Unplanned outage,A03,,2015-02-17 18:24:00+01:00,zz776qsIZvAZoe-FaoLmig,260.0,Fossil Oil,45V0000000000083,Denmark,Kyndbyvaerket,1,MAW,PT1M,2,2015-02-17 12:50:00+01:00
2015-02-18 20:10:26+01:00,438,DK_2,Unplanned outage,A03,,2015-02-18 20:08:00+01:00,RGqESLkaSE43B--vhX3j8A,565.0,Fossil Gas,45V0000000000091,Denmark,Avedoerevaerket,1,MAW,PT1M,4,2015-02-18 11:03:00+01:00
2015-02-27 16:34:04+01:00,0,DK_2,Unplanned outage,A03,,2015-02-27 16:30:00+01:00,YVmp8JhJTF6P4tKX-kWE5A,260.0,Fossil Oil,45V0000000000083,Denmark,Kyndbyvaerket,1,MAW,PT1M,3,2015-02-27 12:53:00+01:00
2015-03-06 17:44:24+01:00,0,DK_2,Unplanned outage,A03,,2015-03-06 17:38:00+01:00,gS2e3b71_MCDOXPepueu1Q,260.0,Fossil Oil,45V0000000000083,Denmark,Kyndbyvaerket,1,MAW,PT1M,3,2015-03-05 17:57:00+01:00
2015-03-27 11:57:24+01:00,0,DK_2,Unplanned outage,A03,,2015-03-27 12:00:00+01:00,XQj7cevqEP3s0XNxM70Zjw,165.6,Wind Offshore,45V0000000000180,Denmark,Roedsand 1,1,MAW,PT1M,2,2015-03-26 06:00:00+01:00
2015-04-03 16:02:24+02:00,0,DK_2,Unplanned outage,A03,,2015-04-04 13:00:00+02:00,TBp4qxu6lC7LUXMTb6yvQg,165.6,Wind Offshore,45V0000000000180,Denmark,Roedsand 1,1,MAW,PT1M,5,2015-03-28 00:36:00+01:00
2015-04-06 15:23:23+02:00,0,DK_2,Unplanned outage,A03,,2015-04-06 21:00:00+02:00,VjMSqWtXmwgYTkoKCJHy5A,250.0,Fossil Hard coal,45V000000000012C,Denmark,Amagervaerket,1,MAW,PT1M,1,2015-04-06 15:09:00+02:00
2015-04-08 08:03:29+02:00,0,DK_2,Unplanned outage,A03,,2015-04-08 09:00:00+02:00,8DN3T49EBQX8ax4frVTNOw,147.0,Fossil Hard coal,45V000000000011E,Denmark,Asnaesvaerket,1,MAW,PT1M,2,2015-04-07 14:46:00+02:00
2015-04-12 19:25:30+02:00,0,DK_2,Unplanned outage,A03,,2015-04-12 23:59:00+02:00,JC1DnuldS7JgjJwdgI5wbA,250.0,Fossil Hard coal,45V000000000012C,Denmark,Amagervaerket,1,MAW,PT1M,2,2015-04-12 18:00:00+02:00
2015-04-27 07:58:23+02:00,0,DK_2,Unplanned outage,A03,,2015-04-27 11:00:00+02:00,K6uoVLozsLHG_pEKBVuTXw,565.0,Fossil Gas,45V0000000000091,Denmark,Avedoerevaerket,1,MAW,PT1M,1,2015-04-27 07:41:00+02:00
2015-04-27 12:39:13+02:00,0,DK_2,Unplanned outage,A03,,2015-04-27 12:37:00+02:00,TN5cKYsFGkezb4UOewyfQA,565.0,Fossil Gas,45V0000000000091,Denmark,Avedoerevaerket,1,MAW,PT1M,2,2015-04-27 11:44:00+02:00
2015-04-27 18:09:58+02:00,0,DK_2,Unplanned outage,A03,,2015-04-27 18:06:00+02:00,DskJ90V76RlppoDDK9H4FQ,565.0,Fossil Gas,45V0000000000091,Denmark,Avedoerevaerket,1,MAW,PT1M,2,2015-04-27 16:22:00+02:00
2015-05-08 10:29:25+02:00,0,DK_2,Unplanned outage,A03,,2015-05-08 10:24:00+02:00,K7uOXEdQFhTVsTjnA-cRYw,565.0,Fossil Gas,45V0000000000091,Denmark,Avedoerevaerket,1,MAW,PT1M,2,2015-05-08 07:54:00+02:00
2015-05-08 13:47:23+02:00,415,DK_2,Unplanned outage,A03,,2015-05-08 13:43:00+02:00,IcbDjx_ru_YER9kEn_hcgw,565.0,Fossil Gas,45V0000000000091,Denmark,Avedoerevaerket,1,MAW,PT1M,2,2015-05-08 10:24:00+02:00
2015-05-16 22:34:25+02:00,0,DK_2,Unplanned outage,A03,,2015-05-16 22:31:00+02:00,RaBuJxwK57-95702fJXAaA,565.0,Fossil Gas,45V0000000000091,Denmark,Avedoerevaerket,1,MAW,PT1M,3,2015-05-16 20:09:00+02:00
2015-06-01 00:12:14+02:00,0,DK_2,Unplanned outage,A03,,2015-06-01 06:00:00+02:00,LUPyKQPGHswzEYTDYp4GKA,250.0,Fossil Hard coal,45V000000000012C,Denmark,Amagervaerket,1,MAW,PT1M,2,2015-05-31 20:20:00+02:00
2015-06-09 04:31:13+02:00,270,DK_2,Unplanned outage,A03,,2015-06-09 04:24:00+02:00,m4VapA1Mk8ZTqgVACHS45Q,640.0,Fossil Hard coal,45V000000000011E,Denmark,Asnaesvaerket,1,MAW,PT1M,2,2015-06-09 03:00:00+02:00
2015-06-12 22:36:01+02:00,0,DK_2,Unplanned outage,A03,,2015-06-12 19:48:00+02:00,_2HwIKsaQS1VK8_NfRjxiw,565.0,Fossil Gas,45V0000000000091,Denmark,Avedoerevaerket,1,MAW,PT1M,2,2015-06-12 10:06:00+02:00
2015-06-17 11:05:41+02:00,468,DK_2,Unplanned outage,A03,,2015-06-22 15:00:00+02:00,4uygz7d-eo3oBgJ4sM9omg,640.0,Fossil Hard coal,45V000000000011E,Denmark,Asnaesvaerket,1,MAW,PT1M,4,2015-06-10 21:12:00+02:00
2015-06-19 16:31:20+02:00,0,DK_2,Unplanned outage,A03,,2015-06-19 17:30:00+02:00,5TiaYSfP9oz4Gv7iN5WQ-Q,250.0,Fossil Gas,45V0000000000091,Denmark,Avedoerevaerket,1,MAW,PT1M,9,2015-06-15 07:40:00+02:00
2015-06-21 10:15:13+02:00,0,DK_2,Unplanned outage,A03,,2015-06-21 18:00:00+02:00,zYT3t0oKEXQswSNm3Q_maA,250.0,Fossil Gas,45V0000000000091,Denmark,Avedoerevaerket,1,MAW,PT1M,2,2015-06-20 13:43:00+02:00
2015-07-06 00:34:47+02:00,0,DK_2,Unplanned outage,A03,,2015-07-06 04:00:00+02:00,vnDLUW7PmpePyvST4eoArA,250.0,Fossil Hard coal,45V000000000012C,Denmark,Amagervaerket,1,MAW,PT1M,1,2015-07-06 00:00:00+02:00
2017-03-28 13:24:07+02:00,0,DK_2,Unplanned outage,A03,,2018-12-01 23:59:00+01:00,GWVkWnXOaHpBsjJwir2wzw,640.0,Fossil Hard coal,45V000000000011E,Denmark,Asnaesvaerket,1,MAW,PT1M,7,2013-03-05 15:00:00+01:00
2015-07-20 10:19:15+02:00,0,DK_2,Unplanned outage,A03,,2015-07-20 15:00:00+02:00,XX8blhOA4c0ga9vWcWhEDg,250.0,Fossil Hard coal,45V000000000012C,Denmark,Amagervaerket,1,MAW,PT1M,4,2015-07-19 10:20:00+02:00
2015-07-21 10:53:13+02:00,0,DK_2,Unplanned outage,A03,,2015-07-21 10:49:00+02:00,B10Z1VXTZi3I0HJq82t09w,250.0,Fossil Gas,45V0000000000091,Denmark,Avedoerevaerket,1,MAW,PT1M,2,2015-07-20 20:43:00+02:00
2015-07-22 14:25:25+02:00,0,DK_2,Unplanned outage,A03,,2015-07-22 18:00:00+02:00,J3sdlOTheAYJ8cnDQ34R9A,250.0,Fossil Gas,45V0000000000091,Denmark,Avedoerevaerket,1,MAW,PT1M,1,2015-07-22 14:16:00+02:00
2015-08-03 18:22:30+02:00,0,DK_2,Unplanned outage,A03,,2015-08-03 18:02:00+02:00,DxSElCpoHQ0KJg2eBQpXpw,147.0,Fossil Hard coal,45V000000000011E,Denmark,Asnaesvaerket,1,MAW,PT1M,4,2015-08-03 12:20:00+02:00
2015-08-04 23:01:49+02:00,0,DK_2,Unplanned outage,A03,,2015-08-04 23:20:00+02:00,mCG-_4tsBePtBs03j8-Vlg,250.0,Fossil Gas,45V0000000000091,Denmark,Avedoerevaerket,1,MAW,PT1M,3,2015-08-04 06:54:00+02:00
2015-08-05 02:44:21+02:00,0,DK_2,Unplanned outage,A03,,2015-08-05 02:36:00+02:00,uM_5Muh8JeTt4ZihN7GOQw,250.0,Fossil Hard coal,45V000000000012C,Denmark,Amagervaerket,1,MAW,PT1M,2,2015-08-04 23:35:00+02:00
2015-08-05 07:48:10+02:00,90,DK_2,Unplanned outage,A03,,2015-08-05 07:46:00+02:00,OjHQvitVkYtUwMzM-2yXJQ,250.0,Fossil Hard coal,45V000000000012C,Denmark,Amagervaerket,1,MAW,PT1M,2,2015-08-05 06:20:00+02:00
2015-08-06 12:16:20+02:00,0,DK_2,Unplanned outage,A03,,2015-08-06 12:00:00+02:00,0EB1ZtsvgvvYAzyX5GEoYw,250.0,Fossil Hard coal,45V000000000012C,Denmark,Amagervaerket,1,MAW,PT1M,3,2015-08-06 06:54:00+02:00
2015-09-02 12:16:54+02:00,0,DK_2,Unplanned outage,A03,,2015-09-09 23:59:00+02:00,pqaLiqcO6UlqLPB13v3Khg,250.0,Fossil Gas,45V0000000000091,Denmark,Avedoerevaerket,1,MAW,PT1M,4,2015-08-31 17:53:00+02:00
2015-09-10 12:02:29+02:00,0,DK_2,Unplanned outage,A03,,2015-09-10 09:02:00+02:00,PZpRC6uWNzTQB9d9GMA9pw,565.0,Fossil Gas,45V0000000000091,Denmark,Avedoerevaerket,1,MAW,PT1M,2,2015-09-09 16:41:00+02:00
2015-09-21 17:56:40+02:00,110,DK_2,Unplanned outage,A03,,2015-09-21 17:50:00+02:00,MnmA8xmyxAL8bYS59T8aFA,250.0,Fossil Gas,45V0000000000091,Denmark,Avedoerevaerket,1,MAW,PT1M,3,2015-09-10 00:00:00+02:00
2015-09-25 00:57:23+02:00,0,DK_2,Unplanned outage,A03,,2015-09-25 00:44:00+02:00,bfhJYjIwHFoPc3hJFKHuIg,565.0,Fossil Gas,45V0000000000091,Denmark,Avedoerevaerket,1,MAW,PT1M,14,2015-09-22 21:45:00+02:00
2015-09-27 03:43:11+02:00,0,DK_2,Unplanned outage,A03,,2015-09-27 03:30:00+02:00,lErELOwwFQYRrqNTizM7Cw,565.0,Fossil Gas,45V0000000000091,Denmark,Avedoerevaerket,1,MAW,PT1M,6,2015-09-26 00:42:00+02:00
2015-10-06 19:28:20+02:00,0,DK_2,Unplanned outage,A03,,2015-10-06 19:26:00+02:00,OS0I51GY15id_HAq51rUvw,565.0,Fossil Gas,45V0000000000091,Denmark,Avedoerevaerket,1,MAW,PT1M,13,2015-09-29 14:32:00+02:00
2015-10-08 11:30:11+02:00,0,DK_2,Unplanned outage,A03,,2015-10-09 15:00:00+02:00,ZSAYsZI_iKMLpbFP28EM8g,250.0,Fossil Gas,45V0000000000091,Denmark,Avedoerevaerket,1,MAW,PT1M,1,2015-10-08 11:16:00+02:00
2015-10-11 14:53:12+02:00,90,DK_2,Unplanned outage,A03,,2015-10-11 14:50:00+02:00,-ABtW7hCKRbc36kA37stEw,250.0,Fossil Gas,45V0000000000091,Denmark,Avedoerevaerket,1,MAW,PT1M,3,2015-10-11 00:11:00+02:00
2015-10-12 07:37:11+02:00,0,DK_2,Unplanned outage,A03,,2015-10-12 07:33:00+02:00,89ElWsNUfI80s1-mBexERA,250.0,Fossil Gas,45V0000000000091,Denmark,Avedoerevaerket,1,MAW,PT1M,2,2015-10-12 05:15:00+02:00
2015-10-16 12:44:10+02:00,0,DK_2,Unplanned outage,A03,,2015-10-16 12:34:00+02:00,g1ycfAOzg3XW27OSN689dA,250.0,Fossil Hard coal,45V000000000012C,Denmark,Amagervaerket,1,MAW,PT1M,4,2015-10-16 02:22:00+02:00
2015-10-16 18:41:21+02:00,438,DK_2,Unplanned outage,A03,,2015-10-16 18:24:00+02:00,AnZecDXmXekVB7GeIzdCyQ,565.0,Fossil Gas,45V0000000000091,Denmark,Avedoerevaerket,1,MAW,PT1M,2,2015-10-16 11:23:00+02:00
2015-10-16 19:21:22+02:00,0,DK_2,Unplanned outage,A03,,2015-10-16 21:00:00+02:00,xZRwlpmksXOTteQpXvCptA,250.0,Fossil Hard coal,45V000000000012C,Denmark,Amagervaerket,1,MAW,PT1M,2,2015-10-16 17:50:00+02:00
2015-11-02 19:08:51+01:00,0,DK_2,Unplanned outage,A03,,2015-11-02 19:04:00+01:00,qiSghC6Yac0jQ20NQzHwIA,250.0,Fossil Hard coal,45V000000000012C,Denmark,Amagervaerket,1,MAW,PT1M,11,2015-10-23 22:40:00+02:00
2015-11-05 09:55:10+01:00,130,DK_2,Unplanned outage,A03,,2015-11-05 11:00:00+01:00,qAZiPeALOEu7YKeg8WUkXw,250.0,Fossil Hard coal,45V000000000012C,Denmark,Amagervaerket,1,MAW,PT1M,1,2015-11-05 07:00:00+01:00
2015-11-13 14:52:27+01:00,420,DK_2,Unplanned outage,A03,,2015-11-13 16:00:00+01:00,HdWsUuJESfUe_b1wtNc2jQ,565.0,Fossil Gas,45V0000000000091,Denmark,Avedoerevaerket,1,MAW,PT1M,3,2015-11-12 06:40:00+01:00
2015-11-14 16:10:22+01:00,0,DK_2,Unplanned outage,A03,,2015-11-14 17:00:00+01:00,DcyhpXHUHT-rJEewo26snA,250.0,Fossil Gas,45V0000000000091,Denmark,Avedoerevaerket,1,MAW,PT1M,3,2015-11-14 11:17:00+01:00
2015-11-18 23:23:29+01:00,0,DK_2,Unplanned outage,A03,,2015-11-18 23:13:00+01:00,ZYiYHA4HkqDNaKNlDYHc5A,250.0,Fossil Hard coal,45V000000000012C,Denmark,Amagervaerket,1,MAW,PT1M,5,2015-11-13 02:14:00+01:00
2015-11-22 07:48:11+01:00,0,DK_2,Unplanned outage,A03,,2015-11-22 09:00:00+01:00,6SAVo0p5xdVOcgp4UxpkbA,565.0,Fossil Gas,45V0000000000091,Denmark,Avedoerevaerket,1,MAW,PT1M,3,2015-11-22 00:20:00+01:00
2015-11-23 14:17:36+01:00,350,DK_2,Unplanned outage,A03,,2015-11-23 15:00:00+01:00,UcXbpnx8bQiZWRjkidtbVg,565.0,Fossil Gas,45V0000000000091,Denmark,Avedoerevaerket,1,MAW,PT1M,2,2015-11-23 10:26:00+01:00
2015-11-28 11:49:11+01:00,0,DK_2,Unplanned outage,A03,,2015-11-28 12:00:00+01:00,Rz5rQOMrSWGwaG1EKCZ6SQ,565.0,Fossil Gas,45V0000000000091,Denmark,Avedoerevaerket,1,MAW,PT1M,3,2015-11-28 07:56:00+01:00
2015-11-29 23:43:31+01:00,0,DK_2,Unplanned outage,A03,,2015-11-29 23:45:00+01:00,gJZeB3QcP6npMOrQqTbiwQ,260.0,Fossil Oil,45V0000000000083,Denmark,Kyndbyvaerket,1,MAW,PT1M,2,2015-11-29 22:48:00+01:00
2015-11-30 05:51:11+01:00,0,DK_2,Unplanned outage,A03,,2015-11-30 07:30:00+01:00,bZbJ8yLxPQvQl_A9usgDvw,565.0,Fossil Gas,45V0000000000091,Denmark,Avedoerevaerket,1,MAW,PT1M,4,2015-11-30 01:22:00+01:00
2015-12-03 09:58:12+01:00,420,DK_2,Unplanned outage,A03,,2015-12-03 15:00:00+01:00,hlkeeqeaDiQh7GKEp0xyJQ,565.0,Fossil Gas,45V0000000000091,Denmark,Avedoerevaerket,1,MAW,PT1M,3,2015-11-30 12:06:00+01:00
2015-12-12 16:23:50+01:00,0,DK_2,Unplanned outage,A03,,2015-12-12 18:59:00+01:00,D23QVlpzEjjZTIlOZNgTCA,250.0,Fossil Hard coal,45V000000000012C,Denmark,Amagervaerket,1,MAW,PT1M,2,2015-12-12 15:20:00+01:00
2015-12-15 06:43:35+01:00,0,DK_2,Unplanned outage,A03,,2015-12-15 06:33:00+01:00,MWKG14MDQU8HR25M2Vd5xQ,565.0,Fossil Gas,45V0000000000091,Denmark,Avedoerevaerket,1,MAW,PT1M,4,2015-12-15 02:17:00+01:00
2015-12-22 07:46:22+01:00,435,DK_2,Unplanned outage,A03,,2015-12-22 07:44:00+01:00,BNouB-9rj3WsqdnX7DM6NQ,565.0,Fossil Gas,45V0000000000091,Denmark,Avedoerevaerket,1,MAW,PT1M,3,2015-12-21 22:07:00+01:00
2015-12-24 10:50:19+01:00,0,DK_2,Unplanned outage,A03,,2015-12-24 11:00:00+01:00,fLKr3GQr59LX4mX13-FOlQ,565.0,Fossil Gas,45V0000000000091,Denmark,Avedoerevaerket,1,MAW,PT1M,3,2015-12-24 05:47:00+01:00
2015-12-29 09:06:27+01:00,0,DK_2,Unplanned outage,A03,,2015-12-29 08:45:00+01:00,UaLaxVowb46C3I_jQXzXbQ,565.0,Fossil Gas,45V0000000000091,Denmark,Avedoerevaerket,1,MAW,PT1M,4,2015-12-25 14:41:00+01:00
2016-01-13 10:49:10+01:00,0,DK_2,Unplanned outage,A03,,2016-01-13 10:28:00+01:00,KzsX-qYF-shK9XsNMuG2eg,250.0,Fossil Hard coal,45V000000000012C,Denmark,Amagervaerket,1,MAW,PT1M,3,2016-01-13 04:38:00+01:00
2016-01-16 13:10:53+01:00,0,DK_2,Unplanned outage,A03,,2016-01-16 16:00:00+01:00,7uzRA8nGel6w8oq6u5RGTw,207.0,Wind Offshore,45V000000000019Z,Denmark,Roedsand 2,1,MAW,PT1M,1,2016-01-16 14:00:00+01:00
2016-01-17 08:42:26+01:00,0,DK_2,Unplanned outage,A03,,2016-01-17 08:15:00+01:00,L4QaMrjuTHmm8MJp9-Ya7g,207.0,Wind Offshore,45V000000000019Z,Denmark,Roedsand 2,1,MAW,PT1M,1,2016-01-16 16:00:00+01:00
2016-02-07 14:52:05+01:00,0,DK_2,Unplanned outage,A03,,2016-02-07 13:44:00+01:00,0gwR-bt3E8CU9GPVrxsxWA,250.0,Fossil Gas,45V0000000000091,Denmark,Avedoerevaerket,1,MAW,PT1M,2,2016-02-07 10:23:00+01:00
2016-02-18 09:52:33+01:00,145,DK_2,Unplanned outage,A03,,2016-02-18 10:00:00+01:00,o7VtneOQ2Qbr-ArLEXIOxg,250.0,Fossil Hard coal,45V000000000012C,Denmark,Amagervaerket,1,MAW,PT1M,2,2016-02-18 04:45:00+01:00
2016-02-21 18:19:33+01:00,0,DK_2,Unplanned outage,A03,,2016-02-21 18:20:00+01:00,2UgGmWEHU3UA1AxSN0FSCw,565.0,Fossil Gas,45V0000000000091,Denmark,Avedoerevaerket,1,MAW,PT1M,2,2016-02-21 17:45:00+01:00
2016-03-02 18:20:10+01:00,0,DK_2,Unplanned outage,A03,,2016-03-02 18:03:00+01:00,1SzhoGmFu4dVkqbYCxjXDA,565.0,Fossil Gas,45V0000000000091,Denmark,Avedoerevaerket,1,MAW,PT1M,4,2016-03-02 02:06:00+01:00
2016-04-07 05:24:29+02:00,0,DK_2,Unplanned outage,A03,,2016-04-07 05:17:00+02:00,e1qIQ730ZBKJ2dQXJxAblw,250.0,Fossil Hard coal,45V000000000012C,Denmark,Amagervaerket,1,MAW,PT1M,3,2016-04-06 23:15:00+02:00
2016-04-19 09:02:11+02:00,0,DK_2,Unplanned outage,A03,,2016-04-19 10:00:00+02:00,VNzWlp9NP2vhzHCjKFpdAQ,565.0,Fossil Gas,45V0000000000091,Denmark,Avedoerevaerket,1,MAW,PT1M,7,2016-04-18 22:05:00+02:00
2016-04-23 17:44:21+02:00,0,DK_2,Unplanned outage,A03,,2016-04-23 17:36:00+02:00,1VDBtYfNxJXNUKfLLdb_Vw,250.0,Fossil Hard coal,45V000000000012C,Denmark,Amagervaerket,1,MAW,PT1M,2,2016-04-23 17:00:00+02:00
2016-05-24 13:04:19+02:00,0,DK_2,Unplanned outage,A03,,2016-05-24 13:01:00+02:00,Tv6Y7tf7injjHxBF2m92xg,260.0,Fossil Oil,45V0000000000083,Denmark,Kyndbyvaerket,1,MAW,PT1M,2,2016-05-24 10:55:00+02:00
2016-06-04 23:12:21+02:00,0,DK_2,Unplanned outage,A03,,2016-06-04 22:53:00+02:00,d264ADmc5ccMmMhgQ5nFzA,260.0,Fossil Oil,45V0000000000083,Denmark,Kyndbyvaerket,1,MAW,PT1M,2,2016-06-04 17:15:00+02:00
2016-06-13 02:27:20+02:00,0,DK_2,Unplanned outage,A03,,2016-06-13 03:35:00+02:00,MsHORBp3fjqBhSWo6Y7oAw,147.0,Fossil Hard coal,45V000000000011E,Denmark,Asnaesvaerket,1,MAW,PT1M,2,2016-06-13 01:58:00+02:00
2016-06-16 12:18:23+02:00,0,DK_2,Unplanned outage,A03,,2016-06-16 12:03:00+02:00,5z7xOS4e0T8-jP_5ZfndKw,260.0,Fossil Oil,45V0000000000083,Denmark,Kyndbyvaerket,1,MAW,PT1M,2,2016-06-16 10:57:00+02:00
2016-06-16 15:57:23+02:00,0,DK_2,Unplanned outage,A03,,2016-06-16 15:30:00+02:00,CmTNiCJBtcMaDjnnDzzILA,565.0,Fossil Gas,45V0000000000091,Denmark,Avedoerevaerket,1,MAW,PT1M,4,2016-06-16 11:17:00+02:00
2016-06-16 16:45:57+02:00,100,DK_2,Unplanned outage,A03,,2016-06-16 20:00:00+02:00,_i96JxN8m29YoyftXgVmiQ,565.0,Fossil Gas,45V0000000000091,Denmark,Avedoerevaerket,1,MAW,PT1M,1,2016-06-16 16:22:00+02:00
2016-06-19 15:23:10+02:00,0,DK_2,Unplanned outage,A03,,2016-06-19 16:00:00+02:00,ZEAkh4bt36JW6TbRPpgwFw,147.0,Fossil Hard coal,45V000000000011E,Denmark,Asnaesvaerket,1,MAW,PT1M,9,2016-06-18 01:00:00+02:00
2016-06-21 00:40:21+02:00,0,DK_2,Unplanned outage,A03,,2016-06-21 02:00:00+02:00,09O6Dg7KZPojoGOg2V3MIQ,565.0,Fossil Gas,45V0000000000091,Denmark,Avedoerevaerket,1,MAW,PT1M,2,2016-06-20 22:37:00+02:00
2016-06-23 07:38:11+02:00,400,DK_2,Unplanned outage,A03,,2016-06-24 23:59:00+02:00,i1vmQJfAaXI3dUkktUTVew,565.0,Fossil Gas,45V0000000000091,Denmark,Avedoerevaerket,1,MAW,PT1M,3,2016-06-20 08:17:00+02:00
2016-06-27 08:48:11+02:00,0,DK_2,Unplanned outage,A03,,2016-06-27 10:30:00+02:00,f0xaPRUKFUprYIG8NbGqeg,565.0,Fossil Gas,45V0000000000091,Denmark,Avedoerevaerket,1,MAW,PT1M,1,2016-06-27 08:33:00+02:00
2016-07-08 10:54:11+02:00,425,DK_2,Unplanned outage,A03,,2016-07-08 10:46:00+02:00,O5M8Rxo0_fxSw2ZPi6IKlQ,565.0,Fossil Gas,45V0000000000091,Denmark,Avedoerevaerket,1,MAW,PT1M,3,2016-06-27 12:45:00+02:00
2016-07-09 00:25:21+02:00,0,DK_2,Unplanned outage,A03,,2016-07-09 06:00:00+02:00,0rNwVhrlBbbFQv8mngy3WA,250.0,Fossil Hard coal,45V000000000012C,Denmark,Amagervaerket,1,MAW,PT1M,1,2016-07-09 00:15:00+02:00
2016-07-10 23:00:22+02:00,0,DK_2,Unplanned outage,A03,,2016-07-11 06:00:00+02:00,lviyTcEr1mRJF3pnKq8WFg,250.0,Fossil Hard coal,45V000000000012C,Denmark,Amagervaerket,1,MAW,PT1M,1,2016-07-10 22:40:00+02:00
2016-07-28 21:53:21+02:00,0,DK_2,Unplanned outage,A03,,2016-07-28 21:45:00+02:00,k_y75uZCGlqDiwOGFZINfw,250.0,Fossil Hard coal,45V000000000012C,Denmark,Amagervaerket,1,MAW,PT1M,10,2016-07-16 00:52:00+02:00
2016-07-31 21:39:20+02:00,0,DK_2,Unplanned outage,A03,,2016-07-31 21:32:00+02:00,xaHclO1N8LmqXPTKf0B_lw,250.0,Fossil Hard coal,45V000000000012C,Denmark,Amagervaerket,1,MAW,PT1M,3,2016-07-31 19:25:00+02:00
2016-08-20 12:52:42+02:00,0,DK_2,Unplanned outage,A03,,2016-08-20 14:30:00+02:00,X_H_83QqBSQSyiAt-ro0qg,147.0,Fossil Hard coal,45V000000000011E,Denmark,Asnaesvaerket,1,MAW,PT1M,3,2016-08-20 00:02:00+02:00
2016-08-23 12:33:31+02:00,150,DK_2,Unplanned outage,A03,,2016-08-23 16:00:00+02:00,0PF4nbejUsQyXbhcMUAXAQ,250.0,Fossil Hard coal,45V000000000012C,Denmark,Amagervaerket,1,MAW,PT1M,2,2016-08-23 12:30:00+02:00
2016-08-24 14:01:43+02:00,150,DK_2,Unplanned outage,A03,,2016-08-24 14:00:00+02:00,kdXiaDIZYoox9bQRGKkeow,250.0,Fossil Hard coal,45V000000000012C,Denmark,Amagervaerket,1,MAW,PT1M,2,2016-08-24 09:40:00+02:00
2016-09-13 15:30:31+02:00,0,DK_2,Unplanned outage,A03,,2016-09-13 14:59:00+02:00,VerMkNuoxZGRhQDr-Mkvbg,250.0,Fossil Hard coal,45V000000000012C,Denmark,Amagervaerket,1,MAW,PT1M,4,2016-09-13 02:28:00+02:00
2016-09-24 08:18:28+02:00,0,DK_2,Unplanned outage,A03,,2016-09-24 08:10:00+02:00,iSH5TMyo7p6OoQuq1ere9A,565.0,Fossil Gas,45V0000000000091,Denmark,Avedoerevaerket,1,MAW,PT1M,2,2016-09-24 07:16:00+02:00
2016-09-24 16:32:45+02:00,0,DK_2,Unplanned outage,A03,,2016-09-24 18:00:00+02:00,eLbWakTyPH6OG-7teVvL4w,565.0,Fossil Gas,45V0000000000091,Denmark,Avedoerevaerket,1,MAW,PT1M,2,2016-09-24 14:03:00+02:00
2016-09-26 09:13:47+02:00,420,DK_2,Unplanned outage,A03,,2016-09-26 09:03:00+02:00,panMZAA1Xp9HpWQo9_7d8w,565.0,Fossil Gas,45V0000000000091,Denmark,Avedoerevaerket,1,MAW,PT1M,2,2016-09-26 08:02:00+02:00
2016-09-30 21:07:57+02:00,0,DK_2,Unplanned outage,A03,,2016-09-30 21:04:00+02:00,bO5BQUA5V4OcYbLfL9Bv9Q,565.0,Fossil Gas,45V0000000000091,Denmark,Avedoerevaerket,1,MAW,PT1M,3,2016-09-30 19:04:00+02:00
2016-10-01 01:19:04+02:00,0,DK_2,Unplanned outage,A03,,2016-10-01 02:00:00+02:00,A6BKy6Oa_9DEp2m3xdMVGg,147.0,Fossil Hard coal,45V000000000011E,Denmark,Asnaesvaerket,1,MAW,PT1M,4,2016-09-30 21:46:00+02:00
2016-10-02 21:44:02+02:00,416,DK_2,Unplanned outage,A03,,2016-10-02 22:00:00+02:00,iJF715e_Kf7T5dhfYOz1Ow,565.0,Fossil Gas,45V0000000000091,Denmark,Avedoerevaerket,1,MAW,PT1M,2,2016-10-02 07:07:00+02:00
2016-10-04 05:15:04+02:00,416,DK_2,Unplanned outage,A03,,2016-10-04 08:00:00+02:00,IgC8qcIIpJuHqlQRrHvemA,565.0,Fossil Gas,45V0000000000091,Denmark,Avedoerevaerket,1,MAW,PT1M,1,2016-10-04 05:09:00+02:00
2016-10-06 01:00:25+02:00,419,DK_2,Unplanned outage,A03,,2016-10-06 00:55:00+02:00,qEt6i2lEMOu_6dQrV0K5IQ,565.0,Fossil Gas,45V0000000000091,Denmark,Avedoerevaerket,1,MAW,PT1M,2,2016-10-05 22:56:00+02:00
2016-10-06 22:15:54+02:00,0,DK_2,Unplanned outage,A03,,2016-10-06 21:17:00+02:00,1xzxJt6cafxMxTptyaf4Cw,565.0,Fossil Gas,45V0000000000091,Denmark,Avedoerevaerket,1,MAW,PT1M,3,2016-10-06 18:30:00+02:00
2016-10-07 04:29:01+02:00,410,DK_2,Unplanned outage,A03,,2016-10-07 03:00:00+02:00,PoPwzrtTpqqOy31mtt4tZg,565.0,Fossil Gas,45V0000000000091,Denmark,Avedoerevaerket,1,MAW,PT1M,1,2016-10-07 01:27:00+02:00
2016-10-07 17:32:28+02:00,416,DK_2,Unplanned outage,A03,,2016-10-07 16:17:00+02:00,lRnfUz2y0EhTiIGi_0McAg,565.0,Fossil Gas,45V0000000000091,Denmark,Avedoerevaerket,1,MAW,PT1M,3,2016-10-07 13:14:00+02:00
2016-10-10 21:45:54+02:00,0,DK_2,Unplanned outage,A03,,2016-10-10 20:32:00+02:00,xkPdkAqESMwEV-JRxe5NHA,565.0,Fossil Gas,45V0000000000091,Denmark,Avedoerevaerket,1,MAW,PT1M,2,2016-10-10 18:09:00+02:00
2016-10-10 23:48:47+02:00,0,DK_2,Unplanned outage,A03,,2016-10-10 22:37:00+02:00,PqB4Y0zsHswcPZ8IK3Nwjg,250.0,Fossil Gas,45V0000000000091,Denmark,Avedoerevaerket,1,MAW,PT1M,2,2016-10-10 22:14:00+02:00
2016-10-14 08:42:04+02:00,0,DK_2,Unplanned outage,A03,,2016-10-14 06:58:00+02:00,vbB3Z9O2CHE3PKccMH43hw,250.0,Fossil Gas,45V0000000000091,Denmark,Avedoerevaerket,1,MAW,PT1M,4,2016-10-14 02:29:00+02:00
2016-10-14 11:44:39+02:00,401,DK_2,Unplanned outage,A03,,2016-10-14 14:00:00+02:00,EHR8Xsa5o5il4KAJZCs4Cg,565.0,Fossil Gas,45V0000000000091,Denmark,Avedoerevaerket,1,MAW,PT1M,3,2016-10-14 04:49:00+02:00
2016-10-18 17:50:34+02:00,150,DK_2,Unplanned outage,A03,,2016-10-19 23:59:00+02:00,qXVI6qmB0ZY0SOayQgVyEA,250.0,Fossil Gas,45V0000000000091,Denmark,Avedoerevaerket,1,MAW,PT1M,1,2016-10-18 14:37:00+02:00
2016-10-21 09:27:29+02:00,240,DK_2,Unplanned outage,A03,,2016-10-21 09:23:00+02:00,zh2_NvinHciYP3sVO_mPiQ,565.0,Fossil Gas,45V0000000000091,Denmark,Avedoerevaerket,1,MAW,PT1M,3,2016-10-21 03:54:00+02:00
2016-10-27 16:58:18+02:00,0,DK_2,Unplanned outage,A03,,2016-10-27 15:30:00+02:00,DqDwM3CZUOiccYkXUWfkiA,250.0,Fossil Gas,45V0000000000091,Denmark,Avedoerevaerket,1,MAW,PT1M,2,2016-10-27 10:54:00+02:00
2016-11-05 18:41:58+01:00,200,DK_2,Unplanned outage,A03,,2016-11-06 12:00:00+01:00,cPzMxbnlDoY3GyZ6Skz7uw,565.0,Fossil Gas,45V0000000000091,Denmark,Avedoerevaerket,1,MAW,PT1M,1,2016-11-05 18:30:00+01:00
2016-11-07 18:43:31+01:00,0,DK_2,Unplanned outage,A03,,2016-11-07 22:00:00+01:00,sYX6hfIuANak6UhtIp0wug,250.0,Fossil Gas,45V0000000000091,Denmark,Avedoerevaerket,1,MAW,PT1M,2,2016-11-07 14:17:00+01:00
2016-11-08 11:47:14+01:00,40,DK_2,Unplanned outage,A03,,2016-11-08 13:00:00+01:00,B2cF_6YfU3iZ8sgdC417CA,147.0,Fossil Hard coal,45V000000000011E,Denmark,Asnaesvaerket,1,MAW,PT1M,1,2016-11-08 10:47:00+01:00
2016-11-10 10:52:15+01:00,0,DK_2,Unplanned outage,A03,,2016-11-10 10:55:00+01:00,ro8jLs3G7ZUMd6HfoaWIhw,250.0,Fossil Gas,45V0000000000091,Denmark,Avedoerevaerket,1,MAW,PT1M,10,2016-11-09 05:42:00+01:00
2016-11-10 16:20:32+01:00,0,DK_2,Unplanned outage,A03,,2016-11-10 15:08:00+01:00,w1rhVybfJC_K1PAqLD_iAg,250.0,Fossil Hard coal,45V000000000012C,Denmark,Amagervaerket,1,MAW,PT1M,3,2016-11-10 12:24:00+01:00
2016-11-10 19:42:06+01:00,110,DK_2,Unplanned outage,A03,,2016-11-10 18:50:00+01:00,mZD23DT72KsIhV69Z7zdzg,250.0,Fossil Hard coal,45V000000000012C,Denmark,Amagervaerket,1,MAW,PT1M,2,2016-11-10 17:00:00+01:00
2016-11-11 15:53:40+01:00,120,DK_2,Unplanned outage,A03,,2016-11-11 20:00:00+01:00,FX79JKutuO3FAEF-ZVdIWw,250.0,Fossil Gas,45V0000000000091,Denmark,Avedoerevaerket,1,MAW,PT1M,3,2016-11-11 11:10:00+01:00
2016-11-18 06:26:11+01:00,0,DK_2,Unplanned outage,A03,,2016-11-18 05:39:00+01:00,SbjOVvKH3Htcfkemgynbhg,250.0,Fossil Hard coal,45V000000000012C,Denmark,Amagervaerket,1,MAW,PT1M,5,2016-11-14 08:00:00+01:00
2016-11-19 14:21:29+01:00,0,DK_2,Unplanned outage,A03,,2016-11-19 14:13:00+01:00,qn2XDQ-0a894h93ya_VI3g,165.6,Wind Offshore,45V0000000000180,Denmark,Roedsand 1,1,MAW,PT1M,3,2016-11-19 04:55:00+01:00
2016-11-19 17:02:28+01:00,430,DK_2,Unplanned outage,A03,,2016-11-20 12:00:00+01:00,Ip0TG6lCYCIkINJbh4IlFQ,565.0,Fossil Gas,45V0000000000091,Denmark,Avedoerevaerket,1,MAW,PT1M,5,2016-11-18 21:49:00+01:00
2016-11-20 19:12:50+01:00,415,DK_2,Unplanned outage,A03,,2016-11-20 18:51:00+01:00,eqGxykr3ZgExUEAXXGogdQ,565.0,Fossil Gas,45V0000000000091,Denmark,Avedoerevaerket,1,MAW,PT1M,4,2016-11-20 16:35:00+01:00
2016-11-21 00:17:46+01:00,0,DK_2,Unplanned outage,A03,,2016-11-21 00:15:00+01:00,bEHHHtsOLmd0fs0BObJ0Tg,565.0,Fossil Gas,45V0000000000091,Denmark,Avedoerevaerket,1,MAW,PT1M,4,2016-11-20 18:52:00+01:00
2016-11-21 06:36:13+01:00,0,DK_2,Unplanned outage,A03,,2016-11-21 06:32:00+01:00,g9vIpcNeC496EpGNRwdipg,565.0,Fossil Gas,45V0000000000091,Denmark,Avedoerevaerket,1,MAW,PT1M,2,2016-11-21 06:14:00+01:00
2016-11-23 18:10:06+01:00,270,DK_2,Unplanned outage,A03,,2016-11-23 20:00:00+01:00,cvflp5K3Urm0g6sfJ3-BuQ,565.0,Fossil Gas,45V0000000000091,Denmark,Avedoerevaerket,1,MAW,PT1M,1,2016-11-23 15:51:00+01:00
2016-11-24 00:13:42+01:00,0,DK_2,Unplanned outage,A03,,2016-11-24 01:00:00+01:00,saWRotua0Vd3fKjBC0IoZQ,250.0,Fossil Hard coal,45V000000000012C,Denmark,Amagervaerket,1,MAW,PT1M,2,2016-11-23 19:09:00+01:00
2016-11-24 10:04:12+01:00,110,DK_2,Unplanned outage,A03,,2016-11-24 10:00:00+01:00,J1AAGqiZWSPGP5dCIvth_Q,250.0,Fossil Hard coal,45V000000000012C,Denmark,Amagervaerket,1,MAW,PT1M,3,2016-11-24 01:46:00+01:00
2016-11-24 12:04:25+01:00,135,DK_2,Unplanned outage,A03,,2016-11-24 16:00:00+01:00,WrFLzX4oilN0xPPxb41ZVg,250.0,Fossil Gas,45V0000000000091,Denmark,Avedoerevaerket,1,MAW,PT1M,2,2016-11-24 07:51:00+01:00
2016-11-25 12:17:33+01:00,150,DK_2,Unplanned outage,A03,,2016-11-25 09:23:00+01:00,n4bhlP3R--dV1TXi6oKDRw,250.0,Fossil Gas,45V0000000000091,Denmark,Avedoerevaerket,1,MAW,PT1M,2,2016-11-25 08:03:00+01:00
2016-11-27 23:57:22+01:00,410,DK_2,Unplanned outage,A03,,2016-11-28 01:00:00+01:00,VmakIGLoxe8fEXmVqSXu8g,565.0,Fossil Gas,45V0000000000091,Denmark,Avedoerevaerket,1,MAW,PT1M,4,2016-11-27 07:50:00+01:00
2016-12-02 05:37:13+01:00,410,DK_2,Unplanned outage,A03,,2016-12-02 07:00:00+01:00,lOO6SRTI8cAWqhfyA38rEg,565.0,Fossil Gas,45V0000000000091,Denmark,Avedoerevaerket,1,MAW,PT1M,5,2016-11-30 17:44:00+01:00
2016-12-19 10:29:28+01:00,426,DK_2,Unplanned outage,A03,,2016-12-19 17:00:00+01:00,ZY4YiNhtrAC6Uoh_HLDxpw,565.0,Fossil Gas,45V0000000000091,Denmark,Avedoerevaerket,1,MAW,PT1M,4,2016-12-18 10:29:00+01:00
2016-12-21 23:12:25+01:00,0,DK_2,Unplanned outage,A03,,2016-12-21 23:59:00+01:00,BBjhif52We9nO6Ll3gM92w,250.0,Fossil Hard coal,45V000000000012C,Denmark,Amagervaerket,1,MAW,PT1M,4,2016-12-21 08:00:00+01:00
2016-12-23 10:02:23+01:00,0,DK_2,Unplanned outage,A03,,2016-12-23 10:02:00+01:00,GGD23Hov436kmCiOEWr6Dw,260.0,Fossil Oil,45V0000000000083,Denmark,Kyndbyvaerket,1,MAW,PT1M,2,2016-12-22 15:57:00+01:00
2016-12-28 11:33:11+01:00,0,DK_2,Unplanned outage,A03,,2016-12-28 11:34:00+01:00,g6f0kroF5U6LgPwoCOgeGw,565.0,Fossil Gas,45V0000000000091,Denmark,Avedoerevaerket,1,MAW,PT1M,2,2016-12-28 10:57:00+01:00
2016-12-29 07:28:01+01:00,0,DK_2,Unplanned outage,A03,,2016-12-29 07:30:00+01:00,S8W43WUqSkOuDZneSNxwcw,250.0,Fossil Gas,45V0000000000091,Denmark,Avedoerevaerket,1,MAW,PT1M,2,2016-12-28 12:17:00+01:00
2016-12-29 18:47:11+01:00,0,DK_2,Unplanned outage,A03,,2016-12-29 18:45:00+01:00,vprQYuscoUYU5qobuaw5hA,250.0,Fossil Gas,45V0000000000091,Denmark,Avedoerevaerket,1,MAW,PT1M,4,2016-12-29 01:26:00+01:00
2017-01-05 10:19:02+01:00,0,DK_2,Unplanned outage,A03,,2017-01-27 23:59:00+01:00,Zz-tSzFC-ghu0Zejr3BnmQ,147.0,Fossil Hard coal,45V000000000011E,Denmark,Asnaesvaerket,1,MAW,PT1M,1,2017-01-05 23:59:00+01:00
2017-01-05 21:39:51+01:00,160,DK_2,Unplanned outage,A03,,2017-01-05 21:34:00+01:00,HYHpYpAOd6tAfEq9q12S0g,565.0,Fossil Gas,45V0000000000091,Denmark,Avedoerevaerket,1,MAW,PT1M,7,2016-12-29 19:25:00+01:00
2017-01-06 09:40:41+01:00,359,DK_2,Unplanned outage,A03,,2017-01-08 10:00:00+01:00,UZwxEW9yrpFMpZkx5-hFZw,565.0,Fossil Gas,45V0000000000091,Denmark,Avedoerevaerket,1,MAW,PT1M,2,2017-01-06 00:40:00+01:00
2017-01-13 14:38:17+01:00,408,DK_2,Unplanned outage,A03,,2017-01-13 14:30:00+01:00,L1ohX348Y2rZ1DVnrNHD7w,565.0,Fossil Gas,45V0000000000091,Denmark,Avedoerevaerket,1,MAW,PT1M,3,2017-01-13 12:30:00+01:00
2017-01-15 05:24:01+01:00,0,DK_2,Unplanned outage,A03,,2017-01-15 09:00:00+01:00,njhmtCr79jtNNZFYj4O18w,565.0,Fossil Gas,45V0000000000091,Denmark,Avedoerevaerket,1,MAW,PT1M,1,2017-01-15 05:07:00+01:00
2017-01-15 13:54:44+01:00,0,DK_2,Unplanned outage,A03,,2017-01-15 15:00:00+01:00,0gG2fbk8NjKC3Li8khOP6Q,565.0,Fossil Gas,45V0000000000091,Denmark,Avedoerevaerket,1,MAW,PT1M,3,2017-01-15 05:07:00+01:00
2017-01-26 09:46:52+01:00,225,DK_2,Unplanned outage,A03,,2017-01-26 10:00:00+01:00,QE6bZ2Cu09Sp1faGOK1mMQ,565.0,Fossil Gas,45V0000000000091,Denmark,Avedoerevaerket,1,MAW,PT1M,2,2017-01-26 08:12:00+01:00
2017-01-26 15:51:42+01:00,0,DK_2,Unplanned outage,A03,,2017-01-26 17:00:00+01:00,gpelVWF0Rd7pJaw0BWULjw,250.0,Fossil Gas,45V0000000000091,Denmark,Avedoerevaerket,1,MAW,PT1M,4,2017-01-26 11:06:00+01:00
2017-02-07 20:24:11+01:00,0,DK_2,Unplanned outage,A03,,2017-02-07 22:00:00+01:00,e5Ahv7V5WrCLC1cq330gvg,250.0,Fossil Hard coal,45V000000000012C,Denmark,Amagervaerket,1,MAW,PT1M,2,2017-02-07 08:19:00+01:00
2017-02-17 01:14:41+01:00,100,DK_2,Unplanned outage,A03,,2017-02-17 01:10:00+01:00,z0IGXM6RCeN2VBrqqMN0VA,250.0,Fossil Gas,45V0000000000091,Denmark,Avedoerevaerket,1,MAW,PT1M,4,2017-02-16 12:38:00+01:00
2017-02-17 05:39:55+01:00,0,DK_2,Unplanned outage,A03,,2017-02-17 07:00:00+01:00,Zr57us_C1keMTECszRb_Uw,250.0,Fossil Gas,45V0000000000091,Denmark,Avedoerevaerket,1,MAW,PT1M,4,2017-02-17 01:10:00+01:00
2017-02-17 16:57:05+01:00,100,DK_2,Unplanned outage,A03,,2017-02-17 17:00:00+01:00,Z-HUCxd4ndl3E-aWJ43guw,250.0,Fossil Gas,45V0000000000091,Denmark,Avedoerevaerket,1,MAW,PT1M,5,2017-02-17 07:00:00+01:00
2017-03-17 02:21:16+01:00,0,DK_2,Unplanned outage,A03,,2017-03-17 02:10:00+01:00,QeSdfpOOwD6cJ7FMIxQmKw,250.0,Fossil Gas,45V0000000000091,Denmark,Avedoerevaerket,1,MAW,PT1M,2,2017-03-16 23:57:00+01:00
2017-03-17 12:14:16+01:00,80,DK_2,Unplanned outage,A03,,2017-03-17 12:11:00+01:00,sHrGBAInAnJ2J7C9NMBLVA,250.0,Fossil Gas,45V0000000000091,Denmark,Avedoerevaerket,1,MAW,PT1M,4,2017-03-17 08:11:00+01:00
2017-03-24 17:17:54+01:00,0,DK_2,Unplanned outage,A03,,2017-03-24 17:10:00+01:00,4lTJp7EKWaNj64Y1-x1s3Q,250.0,Fossil Hard coal,45V000000000012C,Denmark,Amagervaerket,1,MAW,PT1M,2,2017-03-24 12:24:00+01:00
2017-03-31 10:46:56+02:00,0,DK_2,Unplanned outage,A03,,2017-03-31 11:30:00+02:00,RMPk21r8XYMRpqHxypsszw,147.0,Fossil Hard coal,45V000000000011E,Denmark,Asnaesvaerket,1,MAW,PT1M,2,2017-02-27 00:00:00+01:00
2017-04-07 02:19:35+02:00,425,DK_2,Unplanned outage,A03,,2017-04-09 23:59:00+02:00,sfJlOWRM7YUJpRJDacTXbA,565.0,Fossil Gas,45V0000000000091,Denmark,Avedoerevaerket,1,MAW,PT1M,1,2017-04-07 02:10:00+02:00
2017-04-14 07:13:46+02:00,0,DK_2,Unplanned outage,A03,,2017-04-14 08:30:00+02:00,yFcF9Xc83lPBT4K_5CFs8A,565.0,Fossil Gas,45V0000000000091,Denmark,Avedoerevaerket,1,MAW,PT1M,3,2017-04-14 04:38:00+02:00
2017-04-23 22:35:42+02:00,0,DK_2,Unplanned outage,A03,,2017-04-23 22:22:00+02:00,z7Id9EQrQeAYg7mX_CnP0Q,565.0,Fossil Gas,45V0000000000091,Denmark,Avedoerevaerket,1,MAW,PT1M,2,2017-04-23 20:49:00+02:00
2017-04-24 13:44:15+02:00,0,DK_2,Unplanned outage,A03,,2017-04-24 15:00:00+02:00,rMcL6Itlj5qzFQRkA3PhQg,565.0,Fossil Gas,45V0000000000091,Denmark,Avedoerevaerket,1,MAW,PT1M,2,2017-04-24 12:36:00+02:00
2017-06-08 08:53:02+02:00,0,DK_2,Unplanned outage,A03,,2017-06-08 02:00:00+02:00,7NA4lVHSolw_2W-6GqTF4A,565.0,Biomass,45W0000000000102,Denmark,Avedoerevaerket,1,MAW,PT1M,2,2017-06-07 20:23:00+02:00
2017-06-09 17:51:38+02:00,438,DK_2,Unplanned outage,A03,,2017-06-09 13:55:00+02:00,aFtf9vB4Rfp7K6f0u_A6sA,565.0,Biomass,45W0000000000102,Denmark,Avedoerevaerket,1,MAW,PT1M,2,2017-06-08 12:48:00+02:00
2017-06-12 13:04:04+02:00,0,DK_2,Unplanned outage,A03,,2017-06-10 12:24:00+02:00,xD6RFOxNW2q2KXYlc0fYDg,565.0,Biomass,45W0000000000102,Denmark,Avedoerevaerket,1,MAW,PT1M,1,2017-06-10 07:29:00+02:00
2017-06-13 10:05:24+02:00,438,DK_2,Unplanned outage,A03,,2017-06-13 11:35:00+02:00,-ODPsmFulSMSZJSlCfT-jg,565.0,Biomass,45W0000000000102,Denmark,Avedoerevaerket,1,MAW,PT1M,2,2017-06-13 08:05:00+02:00
2017-06-16 00:23:32+02:00,438,DK_2,Unplanned outage,A03,,2017-06-16 00:07:00+02:00,bBtQ2-fmmwSQKqvRBsMneA,565.0,Biomass,45W0000000000102,Denmark,Avedoerevaerket,1,MAW,PT1M,2,2017-06-15 23:06:00+02:00
2017-06-19 06:46:15+02:00,0,DK_2,Unplanned outage,A03,,2017-06-19 08:00:00+02:00,dvlSsQ-oxrswWttWq6IczQ,250.0,Fossil Hard coal,45W000000000013X,Denmark,Amagervaerket,1,MAW,PT1M,3,2017-06-19 00:00:00+02:00
2017-06-22 19:54:05+02:00,0,DK_2,Unplanned outage,A03,,2017-06-22 22:00:00+02:00,k3PXrr06CZx70apnLwKIxA,250.0,Biomass,45W0000000000102,Denmark,Avedoerevaerket,1,MAW,PT1M,3,2017-06-22 17:06:00+02:00
2017-06-29 22:54:16+02:00,0,DK_2,Unplanned outage,A03,,2017-07-07 23:59:00+02:00,If9fr5LmFpxfkkjgv0p4HQ,565.0,Biomass,45W0000000000102,Denmark,Avedoerevaerket,1,MAW,PT1M,2,2017-06-29 21:00:00+02:00
2017-07-17 18:21:31+02:00,0,DK_2,Unplanned outage,A03,,2017-07-17 18:04:00+02:00,TyEUDlm-Ps6zzmaSyxbudw,147.0,Fossil Hard coal,45W000000000012Z,Denmark,Asnaesvaerket,1,MAW,PT1M,3,2017-07-17 12:51:00+02:00
2017-08-16 08:56:40+02:00,0,DK_2,Unplanned outage,A03,,2017-08-16 10:00:00+02:00,d6H96NXT--2Z6-MSPbIyFA,250.0,Biomass,45W0000000000102,Denmark,Avedoerevaerket,1,MAW,PT1M,1,2017-08-16 08:48:00+02:00
2017-08-16 12:45:20+02:00,80,DK_2,Unplanned outage,A03,,2017-08-16 14:00:00+02:00,1v3otrH6HfPj2o5jSwoL7A,250.0,Biomass,45W0000000000102,Denmark,Avedoerevaerket,1,MAW,PT1M,2,2017-08-16 10:30:00+02:00
2017-08-23 07:44:16+02:00,0,DK_2,Unplanned outage,A03,,2017-08-23 07:34:00+02:00,KTmzPLxx4yfGZoyMo1blIg,250.0,Biomass,45W0000000000102,Denmark,Avedoerevaerket,1,MAW,PT1M,4,2017-08-22 23:39:00+02:00
2017-08-24 04:59:55+02:00,0,DK_2,Unplanned outage,A03,,2017-08-24 08:00:00+02:00,_SJn6pRDnTAy2keB6Vq-EQ,250.0,Biomass,45W0000000000102,Denmark,Avedoerevaerket,1,MAW,PT1M,1,2017-08-24 04:39:00+02:00
2017-08-25 06:13:35+02:00,0,DK_2,Unplanned outage,A03,,2017-08-25 09:00:00+02:00,qzEYmdWLh_Q2iVE_87hoyw,250.0,Biomass,45W0000000000102,Denmark,Avedoerevaerket,1,MAW,PT1M,1,2017-08-25 06:01:00+02:00
2017-09-26 15:59:56+02:00,0,DK_2,Unplanned outage,A03,,2017-09-26 17:00:00+02:00,092-VWYxePRpcxMrWSpLLQ,250.0,Fossil Hard coal,45W000000000013X,Denmark,Amagervaerket,1,MAW,PT1M,6,2017-09-24 22:17:00+02:00
2017-10-01 09:52:35+02:00,0,DK_2,Unplanned outage,A03,,2017-10-02 12:00:00+02:00,WfQhWVscsvS2PHM3wM8M-A,147.0,Fossil Hard coal,45W000000000012Z,Denmark,Asnaesvaerket,1,MAW,PT1M,3,2017-09-29 19:19:00+02:00
2017-10-04 18:11:44+02:00,140,DK_2,Unplanned outage,A03,,2017-10-04 18:02:00+02:00,tUmPQTib2VaNkFKy2LG-uw,250.0,Fossil Hard coal,45W000000000013X,Denmark,Amagervaerket,1,MAW,PT1M,3,2017-10-04 08:00:00+02:00
2017-10-05 15:02:52+02:00,190,DK_2,Unplanned outage,A03,,2017-10-05 15:01:00+02:00,eZjcubSeGwmENk9lxutb3w,565.0,Biomass,45W0000000000102,Denmark,Avedoerevaerket,1,MAW,PT1M,7,2017-09-29 11:10:00+02:00
2017-10-07 05:26:55+02:00,0,DK_2,Unplanned outage,A03,,2017-10-07 05:21:00+02:00,KqstCg0VxGE7UjnRTaiKAw,147.0,Fossil Hard coal,45W000000000012Z,Denmark,Asnaesvaerket,1,MAW,PT1M,2,2017-10-07 02:59:00+02:00
2017-10-13 21:13:46+02:00,0,DK_2,Unplanned outage,A03,,2017-10-13 21:02:00+02:00,zjLLVXiy6EjmGDAzHVR2Qg,147.0,Fossil Hard coal,45W000000000012Z,Denmark,Asnaesvaerket,1,MAW,PT1M,2,2017-10-13 19:47:00+02:00
2017-10-14 23:13:41+02:00,0,DK_2,Unplanned outage,A03,,2017-10-18 23:59:00+02:00,I2ZMx8Rl4CqG0AWhb68nIQ,565.0,Biomass,45W0000000000102,Denmark,Avedoerevaerket,1,MAW,PT1M,4,2017-10-14 19:43:00+02:00
2017-10-16 17:13:39+02:00,0,DK_2,Unplanned outage,A03,,2017-10-16 16:50:00+02:00,Ve7hwCZhOyAJv0RvhLYT4A,250.0,Fossil Hard coal,45W000000000013X,Denmark,Amagervaerket,1,MAW,PT1M,4,2017-10-16 01:44:00+02:00
2017-10-17 03:06:10+02:00,0,DK_2,Unplanned outage,A03,,2017-10-17 03:03:00+02:00,dUt2Edn7WUHoarLvwGJToA,250.0,Fossil Hard coal,45W000000000013X,Denmark,Amagervaerket,1,MAW,PT1M,2,2017-10-17 01:36:00+02:00
2017-10-27 02:43:38+02:00,70,DK_2,Unplanned outage,A03,,2017-10-27 05:00:00+02:00,r8eCY40UlzfsKcicHGGYkQ,250.0,Biomass,45W0000000000102,Denmark,Avedoerevaerket,1,MAW,PT1M,1,2017-10-27 02:29:00+02:00
2017-10-27 21:29:48+02:00,0,DK_2,Unplanned outage,A03,,2017-10-27 21:26:00+02:00,qvXdiY1DSaAj3UchZJ9YPw,260.0,Fossil Oil,45W000000000009O,Denmark,Kyndbyvaerket,1,MAW,PT1M,2,2017-10-27 21:03:00+02:00
2017-11-05 13:45:37+01:00,0,DK_2,Unplanned outage,A03,,2017-11-05 17:30:00+01:00,LnkBQrXnapcLujeWiEGNIQ,250.0,Biomass,45W0000000000102,Denmark,Avedoerevaerket,1,MAW,PT1M,1,2017-11-05 13:36:00+01:00
2017-12-21 21:56:07+01:00,380,DK_2,Unplanned outage,A03,,2017-12-21 14:45:00+01:00,vBd0pMR0XvVoGFNLGQVaOA,565.0,Biomass,45W0000000000102,Denmark,Avedoerevaerket,1,MAW,PT1M,3,2017-12-21 14:38:00+01:00
2018-01-26 19:47:10+01:00,118,DK_2,Unplanned outage,A03,,2018-01-26 19:15:00+01:00,FdkBEYKpRFqRgJpq9HBNzQ,250.0,Biomass,45W0000000000102,Denmark,Avedoerevaerket,1,MAW,PT1M,1,2018-01-26 19:05:00+01:00
2018-02-10 23:20:37+01:00,0,DK_2,Unplanned outage,A03,,2018-02-10 23:45:00+01:00,zNxZM8BsS31Zo8-jJZ2WMQ,250.0,Biomass,45W0000000000102,Denmark,Avedoerevaerket,1,MAW,PT15M,3,2018-02-10 23:30:00+01:00
2018-02-14 23:41:28+01:00,438,DK_2,Unplanned outage,A03,,2018-02-14 21:15:00+01:00,Vq9Op4m0zBI6GTjViWNBdQ,565.0,Biomass,45W0000000000102,Denmark,Avedoerevaerket,1,MAW,PT1M,3,2018-02-14 21:10:00+01:00
2018-02-16 11:34:35+01:00,0,DK_2,Unplanned outage,A03,,2017-12-21 00:00:00+01:00,5eNOlYNboTgOtsmLZdKBvA,250.0,Fossil Hard coal,45W000000000013X,Denmark,Amagervaerket,1,MAW,PT15M,6,2017-12-20 23:45:00+01:00
2018-03-05 05:21:12+01:00,0,DK_2,Unplanned outage,A03,,2018-03-05 07:30:00+01:00,H4QehaBiIEOrg_0IONX5_Q,250.0,Biomass,45W0000000000102,Denmark,Avedoerevaerket,1,MAW,PT30M,5,2018-03-05 07:00:00+01:00
2018-03-08 03:10:33+01:00,420,DK_2,Unplanned outage,A03,,2018-03-07 17:30:00+01:00,YtOWr1sVLiv-Mz0JuDPQMA,565.0,Biomass,45W0000000000102,Denmark,Avedoerevaerket,1,MAW,PT1M,2,2018-03-07 17:22:00+01:00
2018-03-09 12:57:31+01:00,0,DK_2,Unplanned outage,A03,,2018-03-11 16:00:00+01:00,UHHYc2zmHMHxux3xFDxcLw,250.0,Fossil Hard coal,45W000000000013X,Denmark,Amagervaerket,1,MAW,PT60M,6,2018-02-24 22:00:00+01:00
2018-03-17 00:30:42+01:00,0,DK_2,Unplanned outage,A03,,2018-03-17 04:00:00+01:00,jbcFXNGiA19fxzrjkg6F5g,565.0,Biomass,45W0000000000102,Denmark,Avedoerevaerket,1,MAW,PT60M,1,2018-03-17 01:00:00+01:00
2018-03-17 06:18:49+01:00,0,DK_2,Unplanned outage,A03,,2018-03-17 04:30:00+01:00,YpGFVRl7zMEBpvH8wvL-3g,565.0,Biomass,45W0000000000102,Denmark,Avedoerevaerket,1,MAW,PT1M,3,2018-03-17 04:28:00+01:00
2018-03-19 14:58:54+01:00,0,DK_2,Unplanned outage,A03,,2018-03-19 05:45:00+01:00,HjOc1Oiyzy1pqR-lSV3vrA,565.0,Biomass,45W0000000000102,Denmark,Avedoerevaerket,1,MAW,PT1M,4,2018-03-19 05:37:00+01:00
2018-03-19 20:31:55+01:00,0,DK_2,Unplanned outage,A03,,2018-03-19 18:15:00+01:00,3xdNmW9J2sR5HUdddYH-bw,565.0,Biomass,45W0000000000102,Denmark,Avedoerevaerket,1,MAW,PT1M,2,2018-03-19 18:05:00+01:00
2018-03-22 18:02:54+01:00,0,DK_2,Unplanned outage,A03,,2018-03-22 16:00:00+01:00,xt6w6ZhjiF0z_0h6C2ox-A,565.0,Biomass,45W0000000000102,Denmark,Avedoerevaerket,1,MAW,PT15M,2,2018-03-22 15:45:00+01:00
2018-03-23 04:08:28+01:00,0,DK_2,Unplanned outage,A03,,2018-03-23 06:00:00+01:00,wYll4TDyZ220QvfBp1BDtQ,147.0,Fossil Hard coal,45W000000000012Z,Denmark,Asnaesvaerket,1,MAW,PT60M,1,2018-03-23 04:00:00+01:00
2018-03-23 07:09:11+01:00,435,DK_2,Unplanned outage,A03,,2018-03-23 05:30:00+01:00,p9x97L9EA9xgNuCn2s8ZzQ,565.0,Biomass,45W0000000000102,Denmark,Avedoerevaerket,1,MAW,PT1M,2,2018-03-23 05:23:00+01:00
2018-03-23 16:32:20+01:00,0,DK_2,Unplanned outage,A03,,2018-03-23 13:15:00+01:00,SIEOscPSKj0Vd5HXVd2hOw,147.0,Fossil Hard coal,45W000000000012Z,Denmark,Asnaesvaerket,1,MAW,PT1M,3,2018-03-23 13:06:00+01:00
2018-03-23 18:22:52+01:00,0,DK_2,Unplanned outage,A03,,2018-03-23 18:15:00+01:00,J3cumRVpeEEbzfpM6w1IdA,147.0,Fossil Hard coal,45W000000000012Z,Denmark,Asnaesvaerket,1,MAW,PT1M,1,2018-03-23 18:10:00+01:00
2018-03-26 11:09:50+02:00,0,DK_2,Unplanned outage,A03,,2018-03-26 12:00:00+02:00,4Km3Jl6zNExdBpdFYrckog,147.0,Fossil Hard coal,45W000000000012Z,Denmark,Asnaesvaerket,1,MAW,PT60M,5,2018-03-23 21:00:00+01:00
2018-03-27 18:50:41+02:00,400,DK_2,Unplanned outage,A03,,2018-03-27 16:15:00+02:00,pNTSfDJhD_2Iz8XEa6eN-Q,565.0,Biomass,45W0000000000102,Denmark,Avedoerevaerket,1,MAW,PT1M,3,2018-03-27 16:03:00+02:00
2018-05-24 09:49:03+02:00,0,DK_2,Unplanned outage,A03,,2018-04-16 05:00:00+02:00,v59qccwJJ4OoQhlWAgNd-Q,250.0,Biomass,45W0000000000102,Denmark,Avedoerevaerket,1,MAW,PT60M,2,2018-04-16 04:00:00+02:00
2018-05-24 09:50:05+02:00,322,DK_2,Unplanned outage,A03,,2018-04-07 11:00:00+02:00,B1zQvb4rrjCP-YyoVY7QfQ,565.0,Biomass,45W0000000000102,Denmark,Avedoerevaerket,1,MAW,PT1M,15,2018-04-07 10:45:00+02:00
2018-05-24 09:50:56+02:00,0,DK_2,Unplanned outage,A03,,2018-04-24 17:30:00+02:00,CuRbnWkq7AGaN7B_uyWwog,147.0,Fossil Hard coal,45W000000000012Z,Denmark,Asnaesvaerket,1,MAW,PT30M,4,2018-04-24 17:00:00+02:00
2018-05-31 09:51:27+02:00,0,DK_2,Unplanned outage,A03,,2018-05-14 02:15:00+02:00,rG43xkQc39qALNTpGKIiRg,565.0,Biomass,45W0000000000102,Denmark,Avedoerevaerket,1,MAW,PT15M,12,2018-05-14 02:00:00+02:00
2018-05-31 22:21:47+02:00,0,DK_2,Unplanned outage,A03,,2018-05-31 11:00:00+02:00,LkH_PwU_EGPV35dmiqWeeg,147.0,Fossil Hard coal,45W000000000012Z,Denmark,Asnaesvaerket,1,MAW,PT30M,3,2018-05-31 10:30:00+02:00
2018-06-22 18:07:04+02:00,0,DK_2,Unplanned outage,A03,,2018-06-22 18:00:00+02:00,9mOdgyWRKiYWrFUqmyFG1A,260.0,Fossil Oil,45W000000000009O,Denmark,Kyndbyvaerket,1,MAW,PT1M,1,2018-06-22 17:58:00+02:00
2018-07-28 21:57:23+02:00,0,DK_2,Unplanned outage,A03,,2018-07-29 12:00:00+02:00,WGkvdi3ejSGJvnhmBlsjXQ,147.0,Fossil Hard coal,45W000000000012Z,Denmark,Asnaesvaerket,1,MAW,PT60M,4,2018-07-28 19:00:00+02:00
2018-09-20 13:32:55+02:00,0,DK_2,Unplanned outage,A03,,2018-09-20 02:15:00+02:00,Tge3QltIpgxF2uzKH-5gIA,565.0,Biomass,45W0000000000102,Denmark,Avedoerevaerket,1,MAW,PT1M,4,2018-09-20 02:01:00+02:00
2018-09-25 19:11:36+02:00,0,DK_2,Unplanned outage,A03,,2018-09-25 18:30:00+02:00,bjk1ds6EO-a26gg9AYXjeA,565.0,Biomass,45W0000000000102,Denmark,Avedoerevaerket,1,MAW,PT30M,6,2018-09-25 18:00:00+02:00
2018-09-27 14:03:13+02:00,90,DK_2,Unplanned outage,A03,,2018-09-27 13:45:00+02:00,cqYMIgfqMWO8jMjNgkkQeA,565.0,Biomass,45W0000000000102,Denmark,Avedoerevaerket,1,MAW,PT15M,2,2018-09-27 13:30:00+02:00
2018-09-28 17:39:50+02:00,0,DK_2,Unplanned outage,A03,,2018-09-28 12:00:00+02:00,6ZnuuN9qZQ59cFu1cXpyzQ,250.0,Fossil Hard coal,45W000000000013X,Denmark,Amagervaerket,1,MAW,PT1M,3,2018-09-28 11:59:00+02:00
2018-09-30 13:57:15+02:00,0,DK_2,Unplanned outage,A03,,2018-09-30 13:00:00+02:00,B9ZflV7i74Jl3ENXaKPlYA,565.0,Biomass,45W0000000000102,Denmark,Avedoerevaerket,1,MAW,PT60M,7,2018-09-29 14:00:00+02:00
2018-10-01 13:00:39+02:00,0,DK_2,Unplanned outage,A03,,2018-10-01 00:00:00+02:00,gLknvxVjwzdQDJD6QgH7MQ,565.0,Biomass,45W0000000000102,Denmark,Avedoerevaerket,1,MAW,PT30M,5,2018-09-30 23:30:00+02:00
2018-10-02 13:38:17+02:00,0,DK_2,Unplanned outage,A03,,2018-10-02 01:00:00+02:00,dfWyWluZoQf806amtYRSnQ,565.0,Biomass,45W0000000000102,Denmark,Avedoerevaerket,1,MAW,PT15M,4,2018-10-02 00:45:00+02:00
2018-10-02 15:19:26+02:00,130,DK_2,Unplanned outage,A03,,2018-10-03 23:00:00+02:00,CuqX8-2PRmYvEn0Ie-uG8A,250.0,Fossil Hard coal,45W000000000013X,Denmark,Amagervaerket,1,MAW,PT60M,2,2018-10-01 11:00:00+02:00
2018-10-02 18:11:16+02:00,0,DK_2,Unplanned outage,A03,,2018-10-02 20:00:00+02:00,Kuh1ZiIwDTijtQ4zWtqVFQ,565.0,Biomass,45W0000000000102,Denmark,Avedoerevaerket,1,MAW,PT60M,1,2018-10-02 18:00:00+02:00
2018-10-04 01:12:26+02:00,415,DK_2,Unplanned outage,A03,,2018-10-04 00:45:00+02:00,NO516EcKNtX2KIrFKVtmvg,565.0,Biomass,45W0000000000102,Denmark,Avedoerevaerket,1,MAW,PT1M,2,2018-10-04 00:31:00+02:00
2018-10-04 07:43:34+02:00,415,DK_2,Unplanned outage,A03,,2018-10-04 04:45:00+02:00,yP8N2jpHkO1nWR3LPmY35g,565.0,Biomass,45W0000000000102,Denmark,Avedoerevaerket,1,MAW,PT1M,3,2018-10-04 04:40:00+02:00
2018-10-04 12:41:35+02:00,0,DK_2,Unplanned outage,A03,,2018-10-04 11:00:00+02:00,HPNvJxnaHXJA1BtsKWNoJA,565.0,Biomass,45W0000000000102,Denmark,Avedoerevaerket,1,MAW,PT30M,5,2018-10-04 10:30:00+02:00
2018-10-04 23:41:04+02:00,350,DK_2,Unplanned outage,A03,,2018-10-04 19:15:00+02:00,aQIg20u-yp1ZeVf-iEva_g,565.0,Biomass,45W0000000000102,Denmark,Avedoerevaerket,1,MAW,PT1M,3,2018-10-04 19:12:00+02:00
2018-10-05 03:25:26+02:00,435,DK_2,Unplanned outage,A03,,2018-10-04 23:15:00+02:00,xIosaJhn3WoDErCOeRS_Kg,565.0,Biomass,45W0000000000102,Denmark,Avedoerevaerket,1,MAW,PT1M,2,2018-10-04 23:14:00+02:00
2018-10-06 10:58:54+02:00,385,DK_2,Unplanned outage,A03,,2018-10-06 10:45:00+02:00,ysd0GBiZDij-RxJj63_2rw,565.0,Biomass,45W0000000000102,Denmark,Avedoerevaerket,1,MAW,PT15M,2,2018-10-06 10:00:00+02:00
2018-10-07 13:02:35+02:00,438,DK_2,Unplanned outage,A03,,2018-10-07 10:15:00+02:00,8py0b2rDjB10uvq4nTbS7Q,565.0,Biomass,45W0000000000102,Denmark,Avedoerevaerket,1,MAW,PT1M,3,2018-10-07 10:10:00+02:00
2018-10-19 07:00:13+02:00,382,DK_2,Unplanned outage,A03,,2018-10-19 10:45:00+02:00,-eUbAGqy6GIuVeZfxrZ3gQ,565.0,Biomass,45W0000000000102,Denmark,Avedoerevaerket,1,MAW,PT15M,1,2018-10-19 10:30:00+02:00
2018-10-24 19:27:59+02:00,0,DK_2,Unplanned outage,A03,,2018-10-24 16:00:00+02:00,e9VSdosabEod1jgvALgR8g,565.0,Biomass,45W0000000000102,Denmark,Avedoerevaerket,1,MAW,PT15M,4,2018-10-24 15:45:00+02:00
2018-10-25 04:14:29+02:00,0,DK_2,Unplanned outage,A03,,2018-10-25 04:00:00+02:00,kgXNmHfwr8FM4_zJwDckAw,260.0,Fossil Oil,45W000000000009O,Denmark,Kyndbyvaerket,1,MAW,PT60M,2,2018-10-25 03:00:00+02:00
2018-10-25 21:44:38+02:00,0,DK_2,Unplanned outage,A03,,2018-10-25 19:00:00+02:00,OwXF7VYmwwvf0Ee0id9AGA,260.0,Fossil Oil,45W000000000009O,Denmark,Kyndbyvaerket,1,MAW,PT1M,3,2018-10-25 18:46:00+02:00
2018-10-26 06:46:59+02:00,0,DK_2,Unplanned outage,A03,,2018-10-26 05:00:00+02:00,N3OU2rEbu4Jgkw6zZQpLWg,260.0,Fossil Oil,45W000000000009O,Denmark,Kyndbyvaerket,1,MAW,PT15M,2,2018-10-26 04:45:00+02:00
2018-10-30 19:56:51+01:00,0,DK_2,Unplanned outage,A03,,2018-10-28 03:00:00+01:00,Al2ijSKJ7ie4QPnhieG4Tw,565.0,Biomass,45W0000000000102,Denmark,Avedoerevaerket,1,MAW,PT30M,13,2018-10-28 02:30:00+01:00
2018-11-08 08:51:48+01:00,0,DK_2,Unplanned outage,A03,,2018-11-08 12:00:00+01:00,8PvArS1wO4ggE8kUVZBGPw,250.0,Biomass,45W0000000000102,Denmark,Avedoerevaerket,1,MAW,PT60M,1,2018-11-08 09:00:00+01:00
2018-11-09 16:39:12+01:00,353,DK_2,Unplanned outage,A03,,2018-10-09 04:00:00+02:00,P37qe6EIXlDgCzssNntzXA,565.0,Biomass,45W0000000000102,Denmark,Avedoerevaerket,1,MAW,PT1M,1,2018-10-09 03:57:00+02:00
2018-11-12 06:54:17+01:00,415,DK_2,Unplanned outage,A03,,2018-11-12 06:00:00+01:00,XMX3q8or8zF3Louwfa4vAg,565.0,Biomass,45W0000000000102,Denmark,Avedoerevaerket,1,MAW,PT15M,2,2018-11-12 05:45:00+01:00
2018-11-15 12:34:48+01:00,0,DK_2,Unplanned outage,A03,,2018-11-15 12:26:00+01:00,m-UXivrrn06u0_IUIBMIpw,565.0,Biomass,45W0000000000102,Denmark,Avedoerevaerket,1,MAW,PT1M,3,2018-11-15 12:15:00+01:00
2018-11-20 20:23:51+01:00,0,DK_2,Unplanned outage,A03,,2018-11-20 20:06:00+01:00,p_4nlOmPMIM3ZS2262IV2A,250.0,Biomass,45W0000000000102,Denmark,Avedoerevaerket,1,MAW,PT1M,10,2018-11-20 20:00:00+01:00
2018-11-23 09:47:58+01:00,287,DK_2,Unplanned outage,A03,,2018-11-23 03:45:00+01:00,nvts_gSUTfpHpGJkyILuZA,565.0,Biomass,45W0000000000102,Denmark,Avedoerevaerket,1,MAW,PT1M,3,2018-11-23 03:32:00+01:00
2018-11-24 14:52:38+01:00,0,DK_2,Unplanned outage,A03,,2018-11-24 14:43:00+01:00,tPMrZXh4AOQaLJt-pWRRtQ,260.0,Fossil Oil,45W000000000009O,Denmark,Kyndbyvaerket,1,MAW,PT1M,2,2018-11-24 14:30:00+01:00
2018-11-29 22:03:13+01:00,270,DK_2,Unplanned outage,A03,,2018-11-29 09:00:00+01:00,JIvVE2v15euD08MLV7LwqQ,565.0,Biomass,45W0000000000102,Denmark,Avedoerevaerket,1,MAW,PT1M,2,2018-11-29 08:57:00+01:00
2018-11-30 17:56:36+01:00,415,DK_2,Unplanned outage,A03,,2018-11-30 17:52:00+01:00,w7200d-D66Tt8dxG_4_z0w,565.0,Biomass,45W0000000000102,Denmark,Avedoerevaerket,1,MAW,PT1M,4,2018-11-30 17:45:00+01:00
2018-12-11 19:42:17+01:00,415,DK_2,Unplanned outage,A03,,2018-12-11 19:00:00+01:00,LO1Zfzwj0VwdValSqOgQLw,565.0,Biomass,45W0000000000102,Denmark,Avedoerevaerket,1,MAW,PT60M,5,2018-12-10 09:00:00+01:00
2018-12-17 08:32:09+01:00,0,DK_2,Unplanned outage,A03,,2018-12-17 08:22:00+01:00,EK6jGLoMuC-juGrVUI6dmg,565.0,Biomass,45W0000000000102,Denmark,Avedoerevaerket,1,MAW,PT1M,1,2018-12-17 08:15:00+01:00
2018-12-19 08:43:04+01:00,0,DK_2,Unplanned outage,A03,,2018-12-19 07:15:00+01:00,-6Itamo24oiBPQGvPLIE-A,565.0,Biomass,45W0000000000102,Denmark,Avedoerevaerket,1,MAW,PT1M,2,2018-12-19 07:09:00+01:00
2018-12-25 11:56:09+01:00,140,DK_2,Unplanned outage,A03,,2018-12-25 07:00:00+01:00,ALubEFX9MspsG7759FewkQ,250.0,Biomass,45W0000000000102,Denmark,Avedoerevaerket,1,MAW,PT30M,5,2018-12-25 06:30:00+01:00
2018-12-27 07:22:08+01:00,413,DK_2,Unplanned outage,A03,,2018-12-28 23:45:00+01:00,h1M2xwyrexkHZkfJOQ6Mtw,565.0,Biomass,45W0000000000102,Denmark,Avedoerevaerket,1,MAW,PT15M,2,2018-12-28 23:30:00+01:00
2018-12-29 02:13:40+01:00,0,DK_2,Unplanned outage,A03,,2018-12-26 20:30:00+01:00,c0Zcp_eL1COWCF5ZmbH8zg,250.0,Biomass,45W0000000000102,Denmark,Avedoerevaerket,1,MAW,PT1M,4,2018-12-26 20:26:00+01:00
2019-01-02 06:23:05+01:00,0,DK_2,Unplanned outage,A03,,2019-01-02 02:00:00+01:00,tmbowvhE-2lmYztLAeVvWA,250.0,Biomass,45W0000000000102,Denmark,Avedoerevaerket,1,MAW,PT1M,3,2019-01-02 01:51:00+01:00
2019-01-13 19:33:40+01:00,0,DK_2,Unplanned outage,A03,,2019-01-13 19:15:00+01:00,3xCE2pT37LIKpHuOq4FVOQ,250.0,Fossil Hard coal,45W000000000013X,Denmark,Amagervaerket,1,MAW,PT15M,3,2019-01-13 19:00:00+01:00
2019-01-17 23:33:29+01:00,0,DK_2,Unplanned outage,A03,,2019-01-15 01:15:00+01:00,dNKC0x9EmHKXikqfL5UkiQ,250.0,Biomass,45W0000000000102,Denmark,Avedoerevaerket,1,MAW,PT1M,5,2019-01-15 01:02:00+01:00
2019-01-18 07:02:57+01:00,0,DK_2,Unplanned outage,A03,,2019-01-19 07:00:00+01:00,MRsfPyzZwwxWipT-48r05Q,250.0,Biomass,45W0000000000102,Denmark,Avedoerevaerket,1,MAW,PT60M,2,2019-01-17 23:00:00+01:00
2019-01-21 13:05:23+01:00,413,DK_2,Unplanned outage,A03,,2019-01-21 12:45:00+01:00,TCe4KTzGk2NeiJQkYhaFTw,565.0,Biomass,45W0000000000102,Denmark,Avedoerevaerket,1,MAW,PT1M,1,2019-01-21 12:43:00+01:00
2019-02-09 11:17:35+01:00,413,DK_2,Unplanned outage,A03,,2019-02-09 15:00:00+01:00,0NW2OcEJf367TEtW459wNg,565.0,Biomass,45W0000000000102,Denmark,Avedoerevaerket,1,MAW,PT60M,4,2019-02-09 04:00:00+01:00
2019-02-13 16:58:02+01:00,413,DK_2,Unplanned outage,A03,,2019-02-09 23:15:00+01:00,sGwQzwQpY9EP6G8ba_wLBA,565.0,Biomass,45W0000000000102,Denmark,Avedoerevaerket,1,MAW,PT1M,2,2019-02-09 23:07:00+01:00
2019-02-15 07:22:12+01:00,385,DK_2,Unplanned outage,A03,,2019-02-15 07:00:00+01:00,lZ_HXw7mhFPLTgNKTZVWLw,565.0,Biomass,45W0000000000102,Denmark,Avedoerevaerket,1,MAW,PT1M,2,2019-02-15 06:58:00+01:00
2019-02-20 08:56:19+01:00,408,DK_2,Unplanned outage,A03,,2019-02-20 08:48:00+01:00,IUlpe6bYBUwqBZq5lx7mgg,565.0,Biomass,45W0000000000102,Denmark,Avedoerevaerket,1,MAW,PT1M,2,2019-02-20 08:45:00+01:00
2019-02-27 18:04:07+01:00,438,DK_2,Unplanned outage,A03,,2019-02-27 18:00:00+01:00,vJCWjj4nUpDrVTcCkDNCZg,565.0,Biomass,45W0000000000102,Denmark,Avedoerevaerket,1,MAW,PT60M,6,2019-02-25 17:00:00+01:00
2019-03-06 00:03:11+01:00,420,DK_2,Unplanned outage,A03,,2019-03-05 23:59:00+01:00,991u_ZZAzc5PqLkKplZ7bw,565.0,Biomass,45W0000000000102,Denmark,Avedoerevaerket,1,MAW,PT1M,2,2019-03-05 23:45:00+01:00
2019-03-10 07:58:14+01:00,0,DK_2,Unplanned outage,A03,,2019-03-10 01:45:00+01:00,elBdh2Wuwpn8ORaabWL0kA,250.0,Biomass,45W0000000000102,Denmark,Avedoerevaerket,1,MAW,PT1M,4,2019-03-10 01:32:00+01:00
2019-03-11 15:23:04+01:00,0,DK_2,Unplanned outage,A03,,2019-03-07 00:00:00+01:00,adjbx7wGt5nYcF4QGmeQCQ,565.0,Biomass,45W0000000000102,Denmark,Avedoerevaerket,1,MAW,PT1M,5,2019-03-06 23:59:00+01:00
2019-03-15 19:07:51+01:00,0,DK_2,Unplanned outage,A03,,2019-03-16 07:00:00+01:00,2npoc9exWK1IP8JmdLsfXQ,250.0,Fossil Hard coal,45W000000000013X,Denmark,Amagervaerket,1,MAW,PT60M,2,2019-03-14 11:00:00+01:00
2019-03-28 17:28:19+01:00,0,DK_2,Unplanned outage,A03,,2019-03-28 17:00:00+01:00,CM0KmHTbIF9AbMwht3iIow,250.0,Biomass,45W0000000000102,Denmark,Avedoerevaerket,1,MAW,PT60M,2,2019-03-28 12:00:00+01:00
2019-04-02 08:33:49+02:00,0,DK_2,Unplanned outage,A03,,2019-04-02 08:30:00+02:00,OrAJv9Gv6Zlu8Ozx-2T_PA,250.0,Fossil Hard coal,45W000000000013X,Denmark,Amagervaerket,1,MAW,PT30M,2,2019-04-02 08:00:00+02:00
2019-04-03 17:57:53+02:00,0,DK_2,Unplanned outage,A03,,2019-04-03 18:00:00+02:00,Czg5b2RbRxaeObhnw2Y1HA,250.0,Fossil Hard coal,45W000000000013X,Denmark,Amagervaerket,1,MAW,PT60M,4,2019-04-02 23:00:00+02:00
2019-04-09 02:51:39+02:00,0,DK_2,Unplanned outage,A03,,2019-04-08 23:15:00+02:00,NEJ3YTS_076Ca0U1BrNbmQ,250.0,Biomass,45W0000000000102,Denmark,Avedoerevaerket,1,MAW,PT1M,3,2019-04-08 23:10:00+02:00
2019-04-11 10:35:22+02:00,270,DK_2,Unplanned outage,A03,,2019-04-11 11:15:00+02:00,E4Q30IaYQXToxYaxgwPvhw,565.0,Biomass,45W0000000000102,Denmark,Avedoerevaerket,1,MAW,PT15M,13,2019-04-11 11:00:00+02:00
2019-04-11 13:39:41+02:00,388,DK_2,Unplanned outage,A03,,2019-04-11 13:34:00+02:00,JYnpZfnWueBOwinD383kig,565.0,Biomass,45W0000000000102,Denmark,Avedoerevaerket,1,MAW,PT1M,2,2019-04-11 13:30:00+02:00
2019-04-12 22:31:09+02:00,438,DK_2,Unplanned outage,A03,,2019-04-12 20:30:00+02:00,MRSUGJ_9Gi1vIqkcKP_C4w,565.0,Biomass,45W0000000000102,Denmark,Avedoerevaerket,1,MAW,PT1M,2,2019-04-12 20:23:00+02:00
2019-04-24 14:33:09+02:00,0,DK_2,Unplanned outage,A03,,2019-04-15 03:00:00+02:00,xUuw0quh19_kvrGcqOHCDQ,250.0,Fossil Hard coal,45W000000000013X,Denmark,Amagervaerket,1,MAW,PT1M,4,2019-04-15 02:59:00+02:00
2019-05-17 13:01:09+02:00,0,DK_2,Unplanned outage,A03,,2019-05-17 12:55:00+02:00,bIt_1yxpZ_6Yf_zWcve_fA,260.0,Fossil Oil,45W000000000009O,Denmark,Kyndbyvaerket,1,MAW,PT1M,3,2019-05-17 12:45:00+02:00
2019-06-04 10:59:01+02:00,0,DK_2,Unplanned outage,A03,,2019-06-03 10:45:00+02:00,SBsm3uqt-kweBgJjo1RCtw,565.0,Biomass,45W0000000000102,Denmark,Avedoerevaerket,1,MAW,PT1M,15,2019-06-03 10:30:00+02:00
2019-06-20 22:27:13+02:00,0,DK_2,Unplanned outage,A03,,2019-06-20 22:00:00+02:00,6DBSWx78p3bEN1PkTvlU1A,250.0,Biomass,45W0000000000102,Denmark,Avedoerevaerket,1,MAW,PT60M,2,2019-06-13 12:00:00+02:00
2019-07-14 02:25:57+02:00,0,DK_2,Unplanned outage,A03,,2019-07-14 00:30:00+02:00,7kUKm_ciFn77AtZeVbi-SA,250.0,Biomass,45W0000000000102,Denmark,Avedoerevaerket,1,MAW,PT1M,3,2019-07-14 00:16:00+02:00
2019-07-17 15:09:27+02:00,0,DK_2,Unplanned outage,A03,,2019-07-17 11:00:00+02:00,GesQs9ZsGsWaXPau_EHyfg,250.0,Biomass,45W0000000000102,Denmark,Avedoerevaerket,1,MAW,PT1M,4,2019-07-17 10:50:00+02:00
2019-07-24 21:10:49+02:00,0,DK_2,Unplanned outage,A03,,2019-07-25 02:00:00+02:00,0ahom4g6Lhd547KI3p0V5w,250.0,Biomass,45W0000000000102,Denmark,Avedoerevaerket,1,MAW,PT60M,1,2019-07-24 21:00:00+02:00
2019-08-13 12:08:36+02:00,0,DK_2,Unplanned outage,A03,,2019-08-13 12:00:00+02:00,BQt06jZHBI1wGvS0eXB0pQ,565.0,Biomass,45W0000000000102,Denmark,Avedoerevaerket,1,MAW,PT60M,4,2019-08-13 10:00:00+02:00
2019-08-14 11:02:55+02:00,0,DK_2,Unplanned outage,A03,,2019-08-14 09:00:00+02:00,kv7M0is8CKtgkXKw4KrD3A,565.0,Biomass,45W0000000000102,Denmark,Avedoerevaerket,1,MAW,PT15M,4,2019-08-14 08:45:00+02:00
2019-08-14 16:36:21+02:00,0,DK_2,Unplanned outage,A03,,2019-08-14 16:23:00+02:00,_PhzXWCR1oxEB7OyRdu0hA,565.0,Biomass,45W0000000000102,Denmark,Avedoerevaerket,1,MAW,PT1M,4,2019-08-14 16:15:00+02:00
2019-08-15 08:51:11+02:00,0,DK_2,Unplanned outage,A03,,2019-08-15 09:30:00+02:00,wSwcGzVnCxGxXNB1njevrA,565.0,Biomass,45W0000000000102,Denmark,Avedoerevaerket,1,MAW,PT30M,2,2019-08-15 08:30:00+02:00
2019-08-15 17:31:30+02:00,0,DK_2,Unplanned outage,A03,,2019-08-15 17:24:00+02:00,QySZQAVOYsmREUinxJCf5g,565.0,Biomass,45W0000000000102,Denmark,Avedoerevaerket,1,MAW,PT1M,4,2019-08-15 17:15:00+02:00
2019-08-15 22:32:30+02:00,0,DK_2,Unplanned outage,A03,,2019-08-15 22:27:00+02:00,UCpFxZatj0WDZdYAQbz_UA,260.0,Fossil Oil,45W000000000009O,Denmark,Kyndbyvaerket,1,MAW,PT1M,2,2019-08-15 22:15:00+02:00
2019-08-19 09:31:50+02:00,0,DK_2,Unplanned outage,A03,,2019-08-19 10:00:00+02:00,zEsHFNYeMtlq46di4Ugz0g,565.0,Biomass,45W0000000000102,Denmark,Avedoerevaerket,1,MAW,PT60M,1,2019-08-19 09:00:00+02:00
2019-08-22 15:49:34+02:00,344,DK_2,Unplanned outage,A03,,2019-08-22 16:30:00+02:00,28Cq-oapRab3UJY-nl-8MQ,565.0,Biomass,45W0000000000102,Denmark,Avedoerevaerket,1,MAW,PT30M,1,2019-08-22 15:30:00+02:00
2019-09-08 15:46:04+02:00,0,DK_2,Unplanned outage,A03,,2019-09-08 17:00:00+02:00,KBt1yIRBBqNZBOcoeEbkGQ,565.0,Biomass,45W0000000000102,Denmark,Avedoerevaerket,1,MAW,PT60M,1,2019-09-08 15:00:00+02:00
2019-09-08 19:07:14+02:00,0,DK_2,Unplanned outage,A03,,2019-09-08 18:59:00+02:00,yZnP2ObtAzVHep_03eFSww,565.0,Biomass,45W0000000000102,Denmark,Avedoerevaerket,1,MAW,PT1M,2,2019-09-08 18:45:00+02:00
2019-09-10 04:47:47+02:00,0,DK_2,Unplanned outage,A03,,2019-09-10 03:15:00+02:00,FQLfLqU56cKmCJmnt51LOg,565.0,Biomass,45W0000000000102,Denmark,Avedoerevaerket,1,MAW,PT1M,2,2019-09-10 03:04:00+02:00
2019-09-24 17:04:13+02:00,0,DK_2,Unplanned outage,A03,,2019-09-24 16:00:00+02:00,DmA9Pq4AwD49pjnMPpxq7Q,565.0,Biomass,45W0000000000102,Denmark,Avedoerevaerket,1,MAW,PT15M,2,2019-09-24 15:45:00+02:00
2019-10-08 11:09:48+02:00,0,DK_2,Unplanned outage,A03,,2019-10-08 07:00:00+02:00,0EVA8fmfhoYPSEUfAgBpzQ,565.0,Biomass,45W0000000000102,Denmark,Avedoerevaerket,1,MAW,PT1M,5,2019-10-08 06:52:00+02:00
2019-10-08 11:59:39+02:00,120,DK_2,Unplanned outage,A03,,2019-10-08 12:00:00+02:00,tejZSV1nBsBJzqtwj4o2pQ,565.0,Biomass,45W0000000000102,Denmark,Avedoerevaerket,1,MAW,PT1M,1,2019-10-08 11:55:00+02:00
2019-10-10 13:35:09+02:00,411,DK_2,Unplanned outage,A03,,2019-10-10 08:30:00+02:00,VkvBfFcZEQnhzbrN9M9_ZQ,565.0,Biomass,45W0000000000102,Denmark,Avedoerevaerket,1,MAW,PT1M,5,2019-10-10 08:29:00+02:00
2019-10-11 20:38:23+02:00,0,DK_2,Unplanned outage,A03,,2019-10-12 12:00:00+02:00,xR0kLvwULk4IegG5Bo9XIA,250.0,Biomass,45W0000000000102,Denmark,Avedoerevaerket,1,MAW,PT60M,6,2019-10-07 07:00:00+02:00
2019-10-11 22:54:26+02:00,0,DK_2,Unplanned outage,A03,,2019-10-12 10:00:00+02:00,ERw81O-Mm-XDlTXuR2I6UA,260.0,Fossil Oil,45W000000000009O,Denmark,Kyndbyvaerket,1,MAW,PT60M,3,2019-10-11 21:00:00+02:00
2019-10-31 13:03:19+01:00,411,DK_2,Unplanned outage,A03,,2019-10-31 07:00:00+01:00,6oFTkX7asAh_5RXZMNB9tg,565.0,Biomass,45W0000000000102,Denmark,Avedoerevaerket,1,MAW,PT1M,2,2019-10-31 06:50:00+01:00
2019-11-02 13:44:25+01:00,0,DK_2,Unplanned outage,A03,,2019-11-02 13:00:00+01:00,sKm6Un8ApVSHBYW9qNdK7Q,250.0,Biomass,45W0000000000102,Denmark,Avedoerevaerket,1,MAW,PT60M,3,2019-11-01 16:00:00+01:00
2019-11-02 15:03:11+01:00,438,DK_2,Unplanned outage,A03,,2019-11-02 14:00:00+01:00,9t-jOxi7Q8Tg5mM690muyA,565.0,Biomass,45W0000000000102,Denmark,Avedoerevaerket,1,MAW,PT60M,2,2019-11-02 12:00:00+01:00
2019-11-06 11:11:54+01:00,438,DK_2,Unplanned outage,A03,,2019-11-06 09:45:00+01:00,uOfI6ZFnyVPtrKqnrSj3GQ,565.0,Biomass,45W0000000000102,Denmark,Avedoerevaerket,1,MAW,PT1M,2,2019-11-06 09:43:00+01:00
2019-11-08 23:03:31+01:00,412,DK_2,Unplanned outage,A03,,2019-11-08 23:59:00+01:00,JkLwd1seAoJyvMoKerFc6A,565.0,Biomass,45W0000000000102,Denmark,Avedoerevaerket,1,MAW,PT1M,1,2019-11-08 23:45:00+01:00
2019-11-20 12:52:31+01:00,383,DK_2,Unplanned outage,A03,,2019-11-20 08:00:00+01:00,seky2OlW9iygtoJOrwQWVg,565.0,Biomass,45W0000000000102,Denmark,Avedoerevaerket,1,MAW,PT1M,4,2019-11-20 07:50:00+01:00
2019-12-03 06:49:22+01:00,383,DK_2,Unplanned outage,A03,,2019-12-03 06:00:00+01:00,QlTQDBzCRbKPkX4xU3q-SA,565.0,Biomass,45W0000000000102,Denmark,Avedoerevaerket,1,MAW,PT1M,1,2019-12-03 05:55:00+01:00
2019-12-10 10:04:10+01:00,413,DK_2,Unplanned outage,A03,,2019-12-10 09:50:00+01:00,3ZFHwcMD9cn820mlqAmFNQ,565.0,Biomass,45W0000000000102,Denmark,Avedoerevaerket,1,MAW,PT1M,2,2019-12-10 09:33:00+01:00
2019-12-10 10:37:57+01:00,413,DK_2,Unplanned outage,A03,,2019-12-10 10:15:00+01:00,QqIvA1HgW7Gb7IpkKkSmMA,565.0,Biomass,45W0000000000102,Denmark,Avedoerevaerket,1,MAW,PT1M,2,2019-12-10 10:12:00+01:00
2019-12-10 12:30:56+01:00,0,DK_2,Unplanned outage,A03,,2019-12-10 12:23:00+01:00,YWIIhveAe5rnHzcEWJF_0A,565.0,Biomass,45W0000000000102,Denmark,Avedoerevaerket,1,MAW,PT1M,2,2019-12-10 12:06:00+01:00
2019-12-23 11:21:47+01:00,0,DK_2,Unplanned outage,A03,,2019-12-23 11:13:00+01:00,JaaTk91PcsN2SUcxGu0Zeg,260.0,Fossil Oil,45W000000000009O,Denmark,Kyndbyvaerket,1,MAW,PT1M,3,2019-12-23 11:00:00+01:00
2019-12-26 18:14:14+01:00,250,DK_2,Unplanned outage,A03,,2019-12-26 18:13:00+01:00,zuInGNbaMLF05Xvke98cpA,250.0,Fossil Hard coal,45W000000000013X,Denmark,Amagervaerket,1,MAW,PT1M,9,2019-12-26 18:00:00+01:00
2020-01-12 20:08:37+01:00,0,DK_2,Unplanned outage,A03,,2020-01-15 23:30:00+01:00,diCLcMu5coGTeBu8dy6Hbg,565.0,Biomass,45W0000000000102,Denmark,Avedoerevaerket,1,MAW,PT30M,2,2020-01-15 23:00:00+01:00
2020-01-16 07:23:54+01:00,94,DK_2,Unplanned outage,A03,,2020-01-16 06:30:00+01:00,MOa5jp_-xj-SyIrh2sgPvw,565.0,Biomass,45W0000000000102,Denmark,Avedoerevaerket,1,MAW,PT1M,2,2020-01-16 06:20:00+01:00
2020-01-20 05:03:17+01:00,383,DK_2,Unplanned outage,A03,,2020-01-20 05:00:00+01:00,sIJvfOaRzLV8LLsMSkjvZw,565.0,Biomass,45W0000000000102,Denmark,Avedoerevaerket,1,MAW,PT1M,1,2020-01-20 04:53:00+01:00
2020-02-02 18:13:22+01:00,413,DK_2,Unplanned outage,A03,,2020-02-02 17:45:00+01:00,0XfTOkoFmK_ORJnXPG0UdA,565.0,Biomass,45W0000000000102,Denmark,Avedoerevaerket,1,MAW,PT15M,2,2020-02-02 17:30:00+01:00
2020-02-03 02:50:06+01:00,0,DK_2,Unplanned outage,A03,,2020-02-03 00:00:00+01:00,7dIOVLQ-7hteCnU_YLRYxw,250.0,Biomass,45W0000000000102,Denmark,Avedoerevaerket,1,MAW,PT1M,2,2020-02-02 23:52:00+01:00
2020-02-06 14:13:15+01:00,344,DK_2,Unplanned outage,A03,,2020-02-06 21:00:00+01:00,4LUvfM7mOT400sUnpoaG8Q,565.0,Biomass,45W0000000000102,Denmark,Avedoerevaerket,1,MAW,PT60M,6,2020-02-06 00:00:00+01:00
2020-02-08 16:46:19+01:00,0,DK_2,Unplanned outage,A03,,2020-02-08 10:00:00+01:00,BImCHqtXWeoK_RnNrkHRUw,250.0,Biomass,45W0000000000102,Denmark,Avedoerevaerket,1,MAW,PT1M,2,2020-02-08 09:51:00+01:00
2020-02-08 17:34:47+01:00,0,DK_2,Unplanned outage,A03,,2020-02-08 18:30:00+01:00,wIUJLLamFZfuhMUNrzSg1A,565.0,Biomass,45W0000000000102,Denmark,Avedoerevaerket,1,MAW,PT30M,2,2020-02-08 18:00:00+01:00
2020-02-08 21:55:53+01:00,412,DK_2,Unplanned outage,A03,,2020-02-08 20:00:00+01:00,8VDbSSArsMvj4hQ9zO-flg,565.0,Biomass,45W0000000000102,Denmark,Avedoerevaerket,1,MAW,PT1M,2,2020-02-08 19:54:00+01:00
2020-02-09 08:27:56+01:00,413,DK_2,Unplanned outage,A03,,2020-02-09 11:30:00+01:00,9KpMK8bXIeF1VvE4_micpQ,565.0,Biomass,45W0000000000102,Denmark,Avedoerevaerket,1,MAW,PT30M,1,2020-02-09 11:00:00+01:00
2020-02-09 15:32:45+01:00,413,DK_2,Unplanned outage,A03,,2020-02-09 15:26:00+01:00,NVyck4_59ZXN1XoZk-2dwg,565.0,Biomass,45W0000000000102,Denmark,Avedoerevaerket,1,MAW,PT1M,2,2020-02-09 15:15:00+01:00
2020-02-10 03:39:10+01:00,0,DK_2,Unplanned outage,A03,,2020-02-10 03:30:00+01:00,FxOnNg4DAIyQFlYiDlLw4g,250.0,Biomass,45W0000000000102,Denmark,Avedoerevaerket,1,MAW,PT15M,1,2020-02-10 03:15:00+01:00
2020-02-14 09:55:55+01:00,413,DK_2,Unplanned outage,A03,,2020-02-17 23:59:00+01:00,9egtivlPdvzcDcu7dBv9aw,565.0,Biomass,45W0000000000102,Denmark,Avedoerevaerket,1,MAW,PT1M,4,2020-02-17 23:45:00+01:00
2020-02-23 00:17:30+01:00,0,DK_2,Unplanned outage,A03,,2020-02-23 00:09:00+01:00,lUINxE7CKaQZL64vEoKg0g,250.0,Biomass,45W0000000000102,Denmark,Avedoerevaerket,1,MAW,PT1M,3,2020-02-23 00:00:00+01:00
2020-02-25 20:58:29+01:00,124,DK_2,Unplanned outage,A03,,2020-02-23 16:30:00+01:00,S-xuqGJsryyQr8sWmkjHfA,565.0,Biomass,45W0000000000102,Denmark,Avedoerevaerket,1,MAW,PT15M,10,2020-02-23 16:15:00+01:00
2020-02-27 12:06:46+01:00,383,DK_2,Unplanned outage,A03,,2020-02-27 12:02:00+01:00,r1HweWGLvcjI2CVt-EVNhg,565.0,Biomass,45W0000000000102,Denmark,Avedoerevaerket,1,MAW,PT1M,2,2020-02-27 12:00:00+01:00
2020-03-02 04:21:58+01:00,0,DK_2,Unplanned outage,A03,,2020-03-02 03:45:00+01:00,urHALfLJyFyN5ZcNYoeoyg,250.0,Biomass,45W0000000000102,Denmark,Avedoerevaerket,1,MAW,PT1M,2,2020-03-02 03:32:00+01:00
2020-03-12 02:16:07+01:00,448,DK_2,Unplanned outage,A03,,2020-03-12 15:00:00+01:00,GaSZordTGQ9XFREN3Xbcsw,565.0,Biomass,45W0000000000102,Denmark,Avedoerevaerket,1,MAW,PT60M,1,2020-03-12 02:00:00+01:00
2020-03-16 09:18:02+01:00,0,DK_2,Unplanned outage,A03,,2020-03-16 08:15:00+01:00,6LHtPjAaktqKG02JRaPZcg,260.0,Fossil Oil,45W000000000009O,Denmark,Kyndbyvaerket,1,MAW,PT1M,2,2020-03-16 08:11:00+01:00
2020-03-24 14:00:44+01:00,446,DK_2,Unplanned outage,A03,,2020-03-24 13:55:00+01:00,m6vaN5ZXSBrQDfQY291eCw,565.0,Biomass,45W0000000000102,Denmark,Avedoerevaerket,1,MAW,PT1M,2,2020-03-24 13:45:00+01:00
2020-03-29 18:25:22+02:00,180,DK_2,Unplanned outage,A03,,2020-03-29 23:45:00+02:00,vpN5VXyCaVwUem4ZcI-EBA,250.0,Fossil Hard coal,45W000000000013X,Denmark,Amagervaerket,1,MAW,PT15M,20,2020-03-29 23:30:00+02:00
2020-05-26 12:20:19+02:00,383,DK_2,Unplanned outage,A03,,2020-05-25 10:00:00+02:00,l8oPcKTizwJj2qQ2POlTCA,565.0,Biomass,45W0000000000102,Denmark,Avedoerevaerket,1,MAW,PT60M,20,2020-05-14 15:00:00+02:00
2020-06-03 18:28:18+02:00,340,DK_2,Unplanned outage,A03,,2020-06-03 20:00:00+02:00,-MeFkq5eBZAeH5-UULkMFQ,565.0,Biomass,45W0000000000102,Denmark,Avedoerevaerket,1,MAW,PT60M,3,2020-06-03 18:00:00+02:00
2020-06-09 12:29:39+02:00,0,DK_2,Unplanned outage,A03,,2020-06-09 14:00:00+02:00,vi7j-4fKN2sB-_4C3nCJmQ,260.0,Fossil Oil,45W000000000009O,Denmark,Kyndbyvaerket,1,MAW,PT60M,1,2020-06-09 12:00:00+02:00
2020-06-24 15:38:45+02:00,0,DK_2,Unplanned outage,A03,,2020-06-24 17:00:00+02:00,mSNEHMWWweuZ1x3euUtm9A,260.0,Fossil Oil,45W000000000009O,Denmark,Kyndbyvaerket,1,MAW,PT60M,1,2020-06-24 16:00:00+02:00
2020-06-26 09:42:36+02:00,290,DK_2,Unplanned outage,A03,,2020-06-17 10:30:00+02:00,Afh_pKji21vaswvFwkqyaA,565.0,Biomass,45W0000000000102,Denmark,Avedoerevaerket,1,MAW,PT1M,23,2020-06-17 10:15:00+02:00
2020-06-30 05:03:40+02:00,0,DK_2,Unplanned outage,A03,,2020-06-30 05:00:00+02:00,8bCfGYgWeg_EZNyW9w8lGg,250.0,Biomass,45W0000000000102,Denmark,Avedoerevaerket,1,MAW,PT1M,1,2020-06-30 04:59:00+02:00
2020-07-10 20:40:27+02:00,92,DK_2,Unplanned outage,A03,,2020-07-10 22:00:00+02:00,4RzL4VxcfKNWp-8G0Pe0ig,250.0,Biomass,45W0000000000102,Denmark,Avedoerevaerket,1,MAW,PT60M,1,2020-07-10 20:00:00+02:00
2020-07-12 08:08:11+02:00,0,DK_2,Unplanned outage,A03,,2020-07-12 05:45:00+02:00,1NpJaO8Ns3k_2XXekPFLAA,250.0,Biomass,45W0000000000102,Denmark,Avedoerevaerket,1,MAW,PT1M,3,2020-07-12 05:35:00+02:00
2020-08-12 07:27:07+02:00,128,DK_2,Unplanned outage,A03,,2020-08-12 07:24:00+02:00,lq0dBNsYwEULPt2F1OS6CA,250.0,Biomass,45W0000000000102,Denmark,Avedoerevaerket,1,MAW,PT1M,2,2020-08-12 07:15:00+02:00
2020-08-17 05:11:40+02:00,86,DK_2,Unplanned outage,A03,,2020-08-17 05:00:00+02:00,OReLVBvL9jkjiYfnYzbQ0A,250.0,Biomass,45W0000000000102,Denmark,Avedoerevaerket,1,MAW,PT30M,1,2020-08-17 04:30:00+02:00
2020-08-24 05:52:36+02:00,84,DK_2,Unplanned outage,A03,,2020-08-24 05:30:00+02:00,Ca1YEF4SbB319kAQYtUFPg,250.0,Biomass,45W0000000000102,Denmark,Avedoerevaerket,1,MAW,PT30M,2,2020-08-24 05:00:00+02:00
2020-09-06 10:03:42+02:00,0,DK_2,Unplanned outage,A03,,2020-09-06 11:00:00+02:00,qt7sA7D2UPQct30GOLvZFg,250.0,Biomass,45W0000000000102,Denmark,Avedoerevaerket,1,MAW,PT60M,1,2020-09-06 10:00:00+02:00
2020-10-21 08:01:39+02:00,260,DK_2,Unplanned outage,A03,,2020-10-21 07:30:00+02:00,58u3ouLf44Ch0KNMipBq3w,565.0,Biomass,45W0000000000102,Denmark,Avedoerevaerket,1,MAW,PT1M,2,2020-10-21 07:26:00+02:00
2020-10-21 10:01:11+02:00,0,DK_2,Unplanned outage,A03,,2020-10-21 08:30:00+02:00,1UKXz3MDNzH7is3xyE-E-g,565.0,Biomass,45W0000000000102,Denmark,Avedoerevaerket,1,MAW,PT1M,2,2020-10-21 08:27:00+02:00
2020-10-26 08:24:13+01:00,343,DK_2,Unplanned outage,A03,,2020-10-26 08:30:00+01:00,YFPOWxw2-MCf78uGJFp38A,565.0,Biomass,45W0000000000102,Denmark,Avedoerevaerket,1,MAW,PT30M,1,2020-10-26 08:00:00+01:00
2020-10-28 16:05:50+01:00,0,DK_2,Unplanned outage,A03,,2020-10-28 13:00:00+01:00,lHFNu5lZEPK7W-3ZJoizBQ,565.0,Biomass,45W0000000000102,Denmark,Avedoerevaerket,1,MAW,PT1M,2,2020-10-28 12:48:00+01:00
2020-11-10 20:48:02+01:00,411,DK_2,Unplanned outage,A03,,2020-11-10 22:15:00+01:00,4K9zkNTYo847XUheEGIAww,565.0,Biomass,45W0000000000102,Denmark,Avedoerevaerket,1,MAW,PT15M,1,2020-11-10 22:00:00+01:00
2020-11-11 21:28:53+01:00,411,DK_2,Unplanned outage,A03,,2020-11-12 15:00:00+01:00,EhLvLpykk8jRwSr47_B7fw,565.0,Biomass,45W0000000000102,Denmark,Avedoerevaerket,1,MAW,PT60M,2,2020-11-11 21:00:00+01:00
2020-11-13 15:23:15+01:00,0,DK_2,Unplanned outage,A03,,2020-11-13 12:15:00+01:00,fVVuKAzxHUawUNbhk3kc-w,565.0,Biomass,45W0000000000102,Denmark,Avedoerevaerket,1,MAW,PT1M,3,2020-11-13 12:02:00+01:00
2020-11-13 18:26:48+01:00,0,DK_2,Unplanned outage,A03,,2020-11-13 20:38:00+01:00,B7MTvQUp_LNpiv3UZ_-U0g,565.0,Biomass,45W0000000000102,Denmark,Avedoerevaerket,1,MAW,PT1M,2,2020-11-13 20:30:00+01:00
2020-11-14 11:57:13+01:00,343,DK_2,Unplanned outage,A03,,2020-11-14 13:45:00+01:00,b0qF-aXbjrrQsHUvzJYJrA,565.0,Biomass,45W0000000000102,Denmark,Avedoerevaerket,1,MAW,PT15M,1,2020-11-14 13:30:00+01:00
2020-11-14 17:35:47+01:00,411,DK_2,Unplanned outage,A03,,2020-11-14 17:30:00+01:00,tNXnjbS5iOTqNzoEpoP4QQ,565.0,Biomass,45W0000000000102,Denmark,Avedoerevaerket,1,MAW,PT1M,2,2020-11-14 17:06:00+01:00
2020-11-16 10:06:41+01:00,411,DK_2,Unplanned outage,A03,,2020-11-16 11:00:00+01:00,uzQkb_MlPFwLXQGzc8q4CQ,565.0,Biomass,45W0000000000102,Denmark,Avedoerevaerket,1,MAW,PT60M,1,2020-11-16 10:00:00+01:00
2020-11-18 12:06:45+01:00,344,DK_2,Unplanned outage,A03,,2020-11-18 09:15:00+01:00,2BEjAGDK-2DA3pdFA5cJLw,565.0,Biomass,45W0000000000102,Denmark,Avedoerevaerket,1,MAW,PT1M,3,2020-11-18 09:11:00+01:00
2020-11-20 19:57:14+01:00,411,DK_2,Unplanned outage,A03,,2020-11-23 06:00:00+01:00,bW7Xs9Yd2BGYJmoFb8oXGw,565.0,Biomass,45W0000000000102,Denmark,Avedoerevaerket,1,MAW,PT60M,4,2020-11-20 21:00:00+01:00
2020-11-26 14:43:37+01:00,411,DK_2,Unplanned outage,A03,,2020-11-25 10:30:00+01:00,KUF6G7GL8pWjTxAiJ9SEXA,565.0,Biomass,45W0000000000102,Denmark,Avedoerevaerket,1,MAW,PT1M,3,2020-11-25 10:29:00+01:00
2020-12-01 16:13:14+01:00,413,DK_2,Unplanned outage,A03,,2020-12-01 16:00:00+01:00,TJ6WVAMtrnhb7eWk5CM1Zg,565.0,Biomass,45W0000000000102,Denmark,Avedoerevaerket,1,MAW,PT60M,6,2020-11-27 19:00:00+01:00
2020-12-01 18:24:46+01:00,413,DK_2,Unplanned outage,A03,,2020-12-01 18:00:00+01:00,ztlXOfqLoQ7-DYKiUUsHoA,565.0,Biomass,45W0000000000102,Denmark,Avedoerevaerket,1,MAW,PT1M,2,2020-12-01 17:51:00+01:00
2020-12-03 17:19:22+01:00,0,DK_2,Unplanned outage,A03,,2020-12-03 19:19:00+01:00,ayzLLCol_7orXwVbuTP3LA,565.0,Biomass,45W0000000000102,Denmark,Avedoerevaerket,1,MAW,PT1M,2,2020-12-03 19:15:00+01:00
2020-12-04 00:57:24+01:00,0,DK_2,Unplanned outage,A03,,2020-12-03 23:00:00+01:00,8vxy4OCBNUBpg8jz1j-3Yg,565.0,Biomass,45W0000000000102,Denmark,Avedoerevaerket,1,MAW,PT30M,2,2020-12-03 22:30:00+01:00
2020-12-05 12:00:44+01:00,100,DK_2,Unplanned outage,A03,,2020-12-05 11:30:00+01:00,pn6XwiwNdC1HNPhsrTexLg,565.0,Biomass,45W0000000000102,Denmark,Avedoerevaerket,1,MAW,PT30M,3,2020-12-05 11:00:00+01:00
2020-12-07 15:28:16+01:00,413,DK_2,Unplanned outage,A03,,2020-12-07 14:45:00+01:00,_EsHdLpP-uCyBUTf2yiexg,565.0,Biomass,45W0000000000102,Denmark,Avedoerevaerket,1,MAW,PT1M,2,2020-12-07 14:44:00+01:00
2020-12-11 13:53:10+01:00,230,DK_2,Unplanned outage,A03,,2020-12-11 13:30:00+01:00,IhKeSDMZYXiwUWgouxBoyw,565.0,Biomass,45W0000000000102,Denmark,Avedoerevaerket,1,MAW,PT15M,1,2020-12-11 13:15:00+01:00
2020-12-13 07:01:39+01:00,0,DK_2,Unplanned outage,A03,,2020-12-12 22:30:00+01:00,V0oYn8_RDW63aMOqIuxUYQ,565.0,Biomass,45W0000000000102,Denmark,Avedoerevaerket,1,MAW,PT1M,4,2020-12-12 22:24:00+01:00
2020-12-18 03:35:08+01:00,0,DK_2,Unplanned outage,A03,,2020-12-18 03:11:00+01:00,dIhPvx__ZhSmdfIx2JO_iA,565.0,Biomass,45W0000000000102,Denmark,Avedoerevaerket,1,MAW,PT1M,4,2020-12-18 03:00:00+01:00
2020-12-19 02:27:34+01:00,350,DK_2,Unplanned outage,A03,,2020-12-18 20:00:00+01:00,A7FYim52zQ8Tots3F3rrvg,565.0,Biomass,45W0000000000102,Denmark,Avedoerevaerket,1,MAW,PT1M,3,2020-12-18 19:55:00+01:00
2020-12-20 08:14:11+01:00,125,DK_2,Unplanned outage,A03,,2020-12-20 08:03:00+01:00,XockS_1cBvFr1axnhTiKGw,565.0,Biomass,45W0000000000102,Denmark,Avedoerevaerket,1,MAW,PT1M,5,2020-12-20 08:00:00+01:00
2020-12-23 16:43:16+01:00,0,DK_2,Unplanned outage,A03,,2020-12-23 02:30:00+01:00,JQebzSb07964qKf2aM56pg,149.0,Fossil Hard coal,45W000000000013X,Denmark,Amagervaerket,1,MAW,PT1M,4,2020-12-23 02:20:00+01:00
2020-12-24 10:05:14+01:00,440,DK_2,Unplanned outage,A03,,2020-12-26 23:59:00+01:00,NsOPPjlQ9lFLwPhBc6qe5g,565.0,Biomass,45W0000000000102,Denmark,Avedoerevaerket,1,MAW,PT1M,1,2020-12-26 23:45:00+01:00
2020-12-30 04:29:09+01:00,0,DK_2,Unplanned outage,A03,,2020-12-30 02:15:00+01:00,si_FGF9tYSbp4BINsJFeug,565.0,Biomass,45W0000000000102,Denmark,Avedoerevaerket,1,MAW,PT1M,2,2020-12-30 02:06:00+01:00
2021-01-13 02:58:26+01:00,95,DK_2,Unplanned outage,A03,,2021-01-13 01:30:00+01:00,J6SLQWwfoG8OraFeaPssXw,565.0,Biomass,45W0000000000102,Denmark,Avedoerevaerket,1,MAW,PT15M,3,2021-01-13 01:15:00+01:00
2021-01-17 01:22:26+01:00,0,DK_2,Unplanned outage,A03,,2021-01-17 01:05:00+01:00,Dy79MuN8Az_5i7cJyp0snw,149.0,Fossil Hard coal,45W000000000013X,Denmark,Amagervaerket,1,MAW,PT1M,2,2021-01-17 01:00:00+01:00
2021-01-30 12:39:44+01:00,438,DK_2,Unplanned outage,A03,,2021-01-29 04:45:00+01:00,54B5-8jkeIUSy2nXZXh8Cg,565.0,Biomass,45W0000000000102,Denmark,Avedoerevaerket,1,MAW,PT1M,7,2021-01-29 04:32:00+01:00
2021-02-02 00:17:19+01:00,398,DK_2,Unplanned outage,A03,,2021-02-01 23:30:00+01:00,_eOrqWfg7tBXlVJcB6acbg,565.0,Biomass,45W0000000000102,Denmark,Avedoerevaerket,1,MAW,PT1M,2,2021-02-01 23:20:00+01:00
2021-02-10 13:51:48+01:00,413,DK_2,Unplanned outage,A03,,2021-02-10 08:30:00+01:00,h3uPMZEU0NVN9jSfLY-CnQ,565.0,Biomass,45W0000000000102,Denmark,Avedoerevaerket,1,MAW,PT15M,2,2021-02-10 08:15:00+01:00
2021-02-11 13:12:44+01:00,413,DK_2,Unplanned outage,A03,,2021-02-11 06:30:00+01:00,94l0fTVdJaGgbxgblKxK8w,565.0,Biomass,45W0000000000102,Denmark,Avedoerevaerket,1,MAW,PT1M,3,2021-02-11 06:18:00+01:00
2021-02-14 12:26:13+01:00,413,DK_2,Unplanned outage,A03,,2021-02-14 12:21:00+01:00,rmGLGPHi4Hsp7Rc22hZ6Kg,565.0,Biomass,45W0000000000102,Denmark,Avedoerevaerket,1,MAW,PT1M,5,2021-02-14 12:15:00+01:00
2021-02-14 21:12:58+01:00,413,DK_2,Unplanned outage,A03,,2021-02-14 15:15:00+01:00,O2a5Dhj9VKEPzeWxRnXbHg,565.0,Biomass,45W0000000000102,Denmark,Avedoerevaerket,1,MAW,PT1M,3,2021-02-14 15:08:00+01:00
2021-02-15 09:33:26+01:00,438,DK_2,Unplanned outage,A03,,2021-02-15 08:45:00+01:00,QN4DZNJF69C4liaMB79SPw,565.0,Biomass,45W0000000000102,Denmark,Avedoerevaerket,1,MAW,PT1M,2,2021-02-15 08:37:00+01:00
2021-02-19 21:21:55+01:00,438,DK_2,Unplanned outage,A03,,2021-02-19 21:10:00+01:00,4Sl8ZORX5o83QFVPb-NAsQ,565.0,Biomass,45W0000000000102,Denmark,Avedoerevaerket,1,MAW,PT1M,3,2021-02-19 21:00:00+01:00
2021-03-01 08:24:13+01:00,438,DK_2,Unplanned outage,A03,,2021-03-01 08:15:00+01:00,kJuXHjObMbTyEgXlvEZHxQ,565.0,Biomass,45W0000000000102,Denmark,Avedoerevaerket,1,MAW,PT1M,1,2021-03-01 08:05:00+01:00
2021-03-01 20:39:56+01:00,413,DK_2,Unplanned outage,A03,,2021-03-01 20:25:00+01:00,7Yn1h6NmjiZNFEQY0fwo0g,565.0,Biomass,45W0000000000102,Denmark,Avedoerevaerket,1,MAW,PT1M,2,2021-03-01 20:15:00+01:00
2021-03-05 19:56:00+01:00,0,DK_2,Unplanned outage,A03,,2021-03-05 14:00:00+01:00,z1OnX-KUEvM6_UUQIbpmdQ,565.0,Biomass,45W0000000000102,Denmark,Avedoerevaerket,1,MAW,PT15M,4,2021-03-05 13:45:00+01:00
2021-03-07 01:40:49+01:00,438,DK_2,Unplanned outage,A03,,2021-03-07 03:15:00+01:00,0EwF5SUq1lsPFFPpyJYQRA,565.0,Biomass,45W0000000000102,Denmark,Avedoerevaerket,1,MAW,PT15M,1,2021-03-07 03:00:00+01:00
2021-04-02 09:24:43+02:00,394,DK_2,Unplanned outage,A03,,2021-04-02 10:00:00+02:00,bMR4tKi1BtwBZ6hnduzMVg,565.0,Biomass,45W0000000000102,Denmark,Avedoerevaerket,1,MAW,PT60M,1,2021-04-02 09:00:00+02:00
2021-04-06 04:46:09+02:00,0,DK_2,Unplanned outage,A03,,2021-04-06 07:15:00+02:00,uco2Des21MqiXElxn0H4hQ,565.0,Biomass,45W0000000000102,Denmark,Avedoerevaerket,1,MAW,PT15M,1,2021-04-06 07:00:00+02:00
2021-04-14 19:34:22+02:00,0,DK_2,Unplanned outage,A03,,2021-04-14 16:00:00+02:00,Of8TwX4Wad0JgpZBby267Q,149.0,Fossil Hard coal,45W000000000013X,Denmark,Amagervaerket,1,MAW,PT1M,2,2021-04-14 15:50:00+02:00
2021-04-17 23:10:59+02:00,413,DK_2,Unplanned outage,A03,,2021-04-17 23:06:00+02:00,TOt0wjkNNKKfKB7pjuQWVg,565.0,Biomass,45W0000000000102,Denmark,Avedoerevaerket,1,MAW,PT1M,2,2021-04-17 23:00:00+02:00
2021-04-20 22:11:28+02:00,0,DK_2,Unplanned outage,A03,,2021-04-20 21:45:00+02:00,4W2o7YV7NPzHeiu70QeWYA,260.0,Fossil Oil,45W000000000009O,Denmark,Kyndbyvaerket,1,MAW,PT15M,8,2021-04-20 21:30:00+02:00
2021-04-23 08:25:43+02:00,413,DK_2,Unplanned outage,A03,,2021-04-23 08:00:00+02:00,D7KCsyOyEVlxTtFrlpvehg,565.0,Biomass,45W0000000000102,Denmark,Avedoerevaerket,1,MAW,PT30M,1,2021-04-23 07:30:00+02:00
2021-05-05 15:01:45+02:00,0,DK_2,Unplanned outage,A03,,2021-05-05 15:00:00+02:00,yi8eBw2IEGjEWlDK0BqyIA,260.0,Fossil Oil,45W000000000009O,Denmark,Kyndbyvaerket,1,MAW,PT60M,4,2021-04-24 19:00:00+02:00
2021-05-11 00:39:51+02:00,0,DK_2,Unplanned outage,A03,,2021-05-11 04:15:00+02:00,YLCd5-9IXDa0qpUtooJY8A,250.0,Biomass,45W0000000000102,Denmark,Avedoerevaerket,1,MAW,PT15M,1,2021-05-11 04:00:00+02:00
2021-05-12 13:30:49+02:00,410,DK_2,Unplanned outage,A03,,2021-05-14 23:59:00+02:00,dZPoAhZT61KdZOBHJfCDKg,565.0,Biomass,45W0000000000102,Denmark,Avedoerevaerket,1,MAW,PT1M,2,2021-05-14 23:45:00+02:00
2021-05-23 20:19:51+02:00,0,DK_2,Unplanned outage,A03,,2021-05-23 19:00:00+02:00,HW8WhtIm3D_TpcC1259ABw,250.0,Biomass,45W0000000000102,Denmark,Avedoerevaerket,1,MAW,PT1M,2,2021-05-23 18:58:00+02:00
2021-06-01 11:45:47+02:00,0,DK_2,Unplanned outage,A03,,2021-06-01 11:40:00+02:00,YELdaDuo53kzwnd7l_VsRw,149.0,Fossil Hard coal,45W000000000013X,Denmark,Amagervaerket,1,MAW,PT1M,2,2021-06-01 11:30:00+02:00
2021-06-01 17:10:20+02:00,0,DK_2,Unplanned outage,A03,,2021-06-01 16:55:00+02:00,DKNmKYghcHfOdJA2Ym8Tmg,250.0,Biomass,45W0000000000102,Denmark,Avedoerevaerket,1,MAW,PT1M,7,2021-06-01 16:45:00+02:00
2021-06-02 13:48:21+02:00,0,DK_2,Unplanned outage,A03,,2021-06-02 15:38:00+02:00,8bCT-EcnPgNjmsNK6hi7jw,565.0,Biomass,45W0000000000102,Denmark,Avedoerevaerket,1,MAW,PT1M,1,2021-06-02 15:30:00+02:00
2021-06-02 16:56:21+02:00,437,DK_2,Unplanned outage,A03,,2021-06-02 15:45:00+02:00,dpuSgz1jPPSfkQH-OXe_hQ,565.0,Biomass,45W0000000000102,Denmark,Avedoerevaerket,1,MAW,PT1M,2,2021-06-02 15:42:00+02:00
2021-06-06 03:23:42+02:00,410,DK_2,Unplanned outage,A03,,2021-06-06 05:00:00+02:00,VLvETXID7DAGGcdT4CYqLA,565.0,Biomass,45W0000000000102,Denmark,Avedoerevaerket,1,MAW,PT60M,1,2021-06-06 04:00:00+02:00
2021-06-07 16:36:35+02:00,439,DK_2,Unplanned outage,A03,,2021-06-07 11:00:00+02:00,JMy2E_8O37ZKzq2bVlwlVg,565.0,Biomass,45W0000000000102,Denmark,Avedoerevaerket,1,MAW,PT30M,3,2021-06-07 10:30:00+02:00
2021-06-22 17:24:30+02:00,0,DK_2,Unplanned outage,A03,,2021-06-22 17:00:00+02:00,yLBVAyaxBhHH9QezPRMB7w,260.0,Fossil Oil,45W000000000009O,Denmark,Kyndbyvaerket,1,MAW,PT60M,3,2021-06-22 14:00:00+02:00
2021-06-25 23:19:56+02:00,300,DK_2,Unplanned outage,A03,,2021-06-20 16:00:00+02:00,H8rJSIrxRkNjhu3_-5SOvw,565.0,Biomass,45W0000000000102,Denmark,Avedoerevaerket,1,MAW,PT60M,6,2021-06-19 05:00:00+02:00
2021-08-15 17:24:17+02:00,0,DK_2,Unplanned outage,A03,,2021-08-15 11:30:00+02:00,LhA9JTxRXpl7nNV4wO7BNQ,565.0,Biomass,45W0000000000102,Denmark,Avedoerevaerket,1,MAW,PT1M,3,2021-08-15 11:21:00+02:00
2021-08-16 05:31:40+02:00,0,DK_2,Unplanned outage,A03,,2021-08-16 05:15:00+02:00,GQDtsEGzyko5Wn-Z_dhhbw,565.0,Biomass,45W0000000000102,Denmark,Avedoerevaerket,1,MAW,PT15M,5,2021-08-16 05:00:00+02:00
2021-08-17 15:58:23+02:00,410,DK_2,Unplanned outage,A03,,2021-08-17 09:30:00+02:00,LrSoQW-ZM42oOMP7TNZR6A,565.0,Biomass,45W0000000000102,Denmark,Avedoerevaerket,1,MAW,PT15M,3,2021-08-17 09:15:00+02:00
2021-08-23 11:22:14+02:00,0,DK_2,Unplanned outage,A03,,2021-08-23 11:15:00+02:00,_g3KQL_LE3LdDkyp0yOdkg,565.0,Biomass,45W0000000000102,Denmark,Avedoerevaerket,1,MAW,PT1M,1,2021-08-23 11:11:00+02:00
2021-08-27 00:35:04+02:00,438,DK_2,Unplanned outage,A03,,2021-08-26 16:00:00+02:00,AYZMLUvIgbZzM_6lpSYrzA,565.0,Biomass,45W0000000000102,Denmark,Avedoerevaerket,1,MAW,PT30M,5,2021-08-26 15:30:00+02:00
2021-09-22 13:00:42+02:00,0,DK_2,Unplanned outage,A03,,2021-09-22 13:00:00+02:00,RLvq3Whc5OlqQRk0CszE6A,149.0,Fossil Hard coal,45W000000000013X,Denmark,Amagervaerket,1,MAW,PT60M,9,2021-09-21 00:00:00+02:00
2021-09-26 17:31:24+02:00,350,DK_2,Unplanned outage,A03,,2021-09-26 02:00:00+02:00,I9cSTlsttMgYlRhBzvLd-A,565.0,Biomass,45W0000000000102,Denmark,Avedoerevaerket,1,MAW,PT30M,5,2021-09-26 01:30:00+02:00
2021-10-05 09:20:16+02:00,0,DK_2,Unplanned outage,A03,,2021-10-05 09:04:00+02:00,Pa55-GzgKepm18gIUCpqBw,565.0,Biomass,45W0000000000102,Denmark,Avedoerevaerket,1,MAW,PT1M,2,2021-10-05 09:00:00+02:00
2021-10-12 09:52:13+02:00,400,DK_2,Unplanned outage,A03,,2021-10-12 10:30:00+02:00,e5uEyBg_Y3iNe_ijGc9lEw,565.0,Biomass,45W0000000000102,Denmark,Avedoerevaerket,1,MAW,PT30M,1,2021-10-12 09:30:00+02:00
2021-10-18 01:04:50+02:00,0,DK_2,Unplanned outage,A03,,2021-10-17 22:00:00+02:00,eMAhJN3UxVlyrOquN1vAlA,565.0,Biomass,45W0000000000102,Denmark,Avedoerevaerket,1,MAW,PT30M,2,2021-10-17 21:30:00+02:00
2021-10-29 15:26:50+02:00,0,DK_2,Unplanned outage,A03,,2021-10-29 15:20:00+02:00,rjAJXue7bsqSHbcpEedESg,149.0,Fossil Hard coal,45W000000000013X,Denmark,Amagervaerket,1,MAW,PT1M,2,2021-10-29 15:15:00+02:00
2021-11-06 14:18:21+01:00,0,DK_2,Unplanned outage,A03,,2021-11-06 10:00:00+01:00,zTUUAXoUtBubK2LIa2uDbQ,565.0,Biomass,45W0000000000102,Denmark,Avedoerevaerket,1,MAW,PT1M,2,2021-11-06 09:52:00+01:00
2021-11-07 16:52:08+01:00,0,DK_2,Unplanned outage,A03,,2021-11-07 15:45:00+01:00,3qPGQusSMXBI_nCNlGJLqQ,565.0,Biomass,45W0000000000102,Denmark,Avedoerevaerket,1,MAW,PT1M,2,2021-11-07 15:39:00+01:00
2021-11-30 20:12:01+01:00,0,DK_2,Unplanned outage,A03,,2021-11-29 21:00:00+01:00,dZtem5tqoU6P8G9qgbXwJg,250.0,Biomass,45W0000000000102,Denmark,Avedoerevaerket,1,MAW,PT1M,5,2021-11-29 20:49:00+01:00
2021-12-08 10:46:12+01:00,0,DK_2,Unplanned outage,A03,,2021-12-08 12:40:00+01:00,dQ-cENi3ZL4jv8dhDgCWNQ,565.0,Biomass,45W0000000000102,Denmark,Avedoerevaerket,1,MAW,PT1M,1,2021-12-08 12:30:00+01:00
2021-12-09 15:38:14+01:00,409,DK_2,Unplanned outage,A03,,2021-12-09 03:00:00+01:00,i7bQr9iEQIpxI49uDSq1PA,565.0,Biomass,45W0000000000102,Denmark,Avedoerevaerket,1,MAW,PT1M,4,2021-12-09 02:55:00+01:00
2021-12-20 12:53:14+01:00,0,DK_2,Unplanned outage,A03,,2021-12-20 09:45:00+01:00,Ab_XQJAPdyHle8ooV_5w0g,260.0,Fossil Oil,45W000000000009O,Denmark,Kyndbyvaerket,1,MAW,PT1M,2,2021-12-20 09:40:00+01:00
2021-12-21 23:22:15+01:00,0,DK_2,Unplanned outage,A03,,2021-12-21 23:00:00+01:00,lbXRkdvMiX3ZCdwq_apujQ,260.0,Fossil Oil,45W000000000009O,Denmark,Kyndbyvaerket,1,MAW,PT60M,3,2021-12-21 15:00:00+01:00
2022-01-04 09:00:16+01:00,421,DK_2,Unplanned outage,A03,,2022-01-04 13:00:00+01:00,kenG-JmIV2Ln7LZr8fOUSg,565.0,Biomass,45W0000000000102,Denmark,Avedoerevaerket,1,MAW,PT60M,1,2022-01-04 09:00:00+01:00
2022-01-05 13:19:45+01:00,0,DK_2,Unplanned outage,A03,,2022-01-05 15:00:00+01:00,gjLqUF_g_DppIS06nslLeQ,149.0,Fossil Hard coal,45W000000000013X,Denmark,Amagervaerket,1,MAW,PT60M,2,2022-01-05 09:00:00+01:00
2022-01-10 08:24:12+01:00,413,DK_2,Unplanned outage,A03,,2022-01-10 08:00:00+01:00,pZUnkwsTacD2Vjps8Iq61Q,565.0,Biomass,45W0000000000102,Denmark,Avedoerevaerket,1,MAW,PT1M,2,2022-01-10 07:52:00+01:00
2022-01-10 12:14:47+01:00,415,DK_2,Unplanned outage,A03,,2022-01-10 12:12:00+01:00,g5BCm9yliJkC1uoao_75HQ,565.0,Biomass,45W0000000000102,Denmark,Avedoerevaerket,1,MAW,PT1M,2,2022-01-10 12:00:00+01:00
2022-01-17 13:19:21+01:00,0,DK_2,Unplanned outage,A03,,2022-01-17 13:15:00+01:00,6ItdMGsRSmXDpVFYtkeluA,149.0,Fossil Hard coal,45W000000000013X,Denmark,Amagervaerket,1,MAW,PT15M,2,2022-01-17 13:00:00+01:00
2022-01-28 13:44:06+01:00,150,DK_2,Unplanned outage,A03,,2022-01-28 13:37:00+01:00,VCGwAx2X_MTMGpH2nPpiRA,250.0,Biomass,45W0000000000102,Denmark,Avedoerevaerket,1,MAW,PT1M,8,2022-01-28 13:30:00+01:00
2022-01-31 13:58:08+01:00,80,DK_2,Unplanned outage,A03,,2022-01-31 20:00:00+01:00,LjyfNS9kwn9f5loX9_qtTw,565.0,Biomass,45W0000000000102,Denmark,Avedoerevaerket,1,MAW,PT60M,3,2022-01-31 06:00:00+01:00
2022-01-31 15:58:07+01:00,0,DK_2,Unplanned outage,A03,,2022-01-27 06:00:00+01:00,bJ2DH9uOZ1xRVqocJv5d0g,149.0,Fossil Hard coal,45W000000000013X,Denmark,Amagervaerket,1,MAW,PT1M,5,2022-01-27 05:55:00+01:00
2022-02-23 15:25:42+01:00,140,DK_2,Unplanned outage,A03,,2022-02-23 16:00:00+01:00,RyBaC8lCKxmgA6n7ABYLIA,565.0,Biomass,45W0000000000102,Denmark,Avedoerevaerket,1,MAW,PT30M,8,2022-02-23 15:30:00+01:00
2022-03-13 15:03:10+01:00,0,DK_2,Unplanned outage,A03,,2022-03-13 14:30:00+01:00,1fhcbKo8NM1XNXU2E97XFg,149.0,Fossil Hard coal,45W000000000013X,Denmark,Amagervaerket,1,MAW,PT30M,7,2022-03-13 14:00:00+01:00
2022-03-16 19:58:19+01:00,429,DK_2,Unplanned outage,A03,,2022-03-17 15:00:00+01:00,9sy7MG1p979vaicuQY7MBw,565.0,Biomass,45W0000000000102,Denmark,Avedoerevaerket,1,MAW,PT60M,3,2022-03-16 10:00:00+01:00
2022-03-24 10:10:19+01:00,0,DK_2,Unplanned outage,A03,,2022-03-24 08:00:00+01:00,TrEEsGibf9jo3x5eHRNHnA,260.0,Fossil Oil,45W000000000009O,Denmark,Kyndbyvaerket,1,MAW,PT1M,2,2022-03-24 07:54:00+01:00
2022-04-01 21:52:36+02:00,0,DK_2,Unplanned outage,A03,,2022-03-19 16:45:00+01:00,fh1TQLIhNo2f4qLwTEZE9g,565.0,Biomass,45W0000000000102,Denmark,Avedoerevaerket,1,MAW,PT1M,8,2022-03-19 16:43:00+01:00
2022-04-11 11:11:44+02:00,0,DK_2,Unplanned outage,A03,,2022-04-11 09:00:00+02:00,YXMKUr7Ot_3VGBiUurrOxA,260.0,Fossil Oil,45W000000000009O,Denmark,Kyndbyvaerket,1,MAW,PT1M,4,2022-04-11 08:46:00+02:00
2022-04-12 15:49:21+02:00,0,DK_2,Unplanned outage,A03,,2022-04-13 23:30:00+02:00,Gj8UJPFDk2y3GG_coBtf7Q,149.0,Fossil Hard coal,45W000000000013X,Denmark,Amagervaerket,1,MAW,PT30M,19,2022-04-13 23:00:00+02:00
2022-04-21 10:46:42+02:00,0,DK_2,Unplanned outage,A03,,2022-04-21 06:00:00+02:00,xoYvbzcFypmlkwWK5POXKQ,260.0,Fossil Oil,45W000000000009O,Denmark,Kyndbyvaerket,1,MAW,PT30M,3,2022-04-21 05:30:00+02:00
2022-04-23 01:51:49+02:00,20,DK_2,Unplanned outage,A03,,2022-04-23 02:00:00+02:00,jz46VVN3_4_98nGnOHUARA,149.0,Fossil Hard coal,45W000000000013X,Denmark,Amagervaerket,1,MAW,PT1M,1,2022-04-23 01:46:00+02:00
2022-07-10 16:12:47+02:00,60,DK_2,Unplanned outage,A03,,2022-04-26 11:00:00+02:00,-u20guDEmjzsqbvXI8Ab_w,250.0,Biomass,45W0000000000102,Denmark,Avedoerevaerket,1,MAW,PT60M,41,2022-04-26 09:00:00+02:00
