2014-12-24 07:09:13+01:00,0,NO_2,Unplanned outage,A03,,2014-12-24 12:00:00+01:00,aRXDyHDyLitiVl2jce5bjQ,240.0,Hydro Water Reservoir,50WP00000000063B,Blafal.V,Blafal.V,1,MAW,PT1M,1,2014-12-24 06:10:00+01:00
2014-12-28 17:02:30+01:00,200,NO_2,Unplanned outage,A03,,2014-12-28 18:00:00+01:00,uxP_chfUy4sZp5ULz0Me5g,309.0,Hydro Water Reservoir,50WP00000000822U,Vinje,Vinje,1,MAW,PT1M,1,2014-12-28 16:15:00+01:00
2014-12-29 02:55:24+01:00,200,NO_2,Unplanned outage,A03,,2014-12-29 02:50:00+01:00,fGB3EdB9u6SgDF-HI7rF2A,309.0,Hydro Water Reservoir,50WP00000000822U,Vinje,Vinje,1,MAW,PT1M,3,2014-12-29 01:00:00+01:00
2015-01-01 11:22:13+01:00,200,NO_2,Unplanned outage,A03,,2015-01-01 11:15:00+01:00,1clGyPXlbmz8C7BoDaXrnQ,309.0,Hydro Water Reservoir,50WP00000000822U,Vinje,Vinje,1,MAW,PT1M,2,2014-12-31 22:15:00+01:00
2015-01-10 16:58:27+01:00,200,NO_2,Unplanned outage,A03,,2015-01-10 19:00:00+01:00,n5GrQO1We2ZyAfIMp4s3FQ,309.0,Hydro Water Reservoir,50WP00000000822U,Vinje,Vinje,1,MAW,PT1M,1,2015-01-10 16:20:00+01:00
2015-01-18 12:37:13+01:00,930,NO_2,Unplanned outage,A03,,2015-01-18 12:32:00+01:00,eILVMwXlCR0uOcSUtV1mmw,1244.2,Hydro Water Reservoir,50WP00000000389I,Kvilldal,Kvilldal,1,MAW,PT1M,2,2015-01-18 09:39:00+01:00
2015-01-27 12:49:14+01:00,930,NO_2,Unplanned outage,A03,,2015-01-27 12:45:00+01:00,HeMZBQvNaGGgiXo4_JB05w,1244.2,Hydro Water Reservoir,50WP00000000389I,Kvilldal,Kvilldal,1,MAW,PT1M,4,2015-01-25 10:40:00+01:00
2015-01-28 15:33:59+01:00,930,NO_2,Unplanned outage,A03,,2015-01-28 15:31:00+01:00,FDOGKPZy9Vnkne0cySfW_A,1244.2,Hydro Water Reservoir,50WP00000000389I,Kvilldal,Kvilldal,1,MAW,PT1M,4,2015-01-28 07:35:00+01:00
2015-02-02 21:24:08+01:00,101,NO_2,Unplanned outage,A03,,2015-02-02 19:04:00+01:00,x8_KwmwrO-kGq5NcLmhxiQ,204.0,Hydro Water Reservoir,50WP00000000807Q,Vemork,Vemork,1,MAW,PT1M,3,2015-02-02 18:06:00+01:00
2015-02-14 12:11:24+01:00,800,NO_2,Unplanned outage,A03,,2015-02-14 12:30:00+01:00,leC7UHHKzksMGEt6k_Dgzw,960.0,Hydro Water Reservoir,50WP00000000747I,Tonstad,Tonstad,1,MAW,PT1M,2,2015-02-14 03:15:00+01:00
2015-02-18 09:49:12+01:00,200,NO_2,Unplanned outage,A03,,2015-02-18 11:00:00+01:00,mlk8J_4D0tiXC6o6UAEXug,309.0,Hydro Water Reservoir,50WP00000000822U,Vinje,Vinje,1,MAW,PT1M,2,2015-02-18 07:38:00+01:00
2015-02-18 22:41:22+01:00,930,NO_2,Unplanned outage,A03,,2015-02-18 22:35:00+01:00,koWjQLmA5Cx8WfGYl6nSGQ,1244.2,Hydro Water Reservoir,50WP00000000389I,Kvilldal,Kvilldal,1,MAW,PT1M,2,2015-02-18 21:45:00+01:00
2015-02-19 14:53:22+01:00,800,NO_2,Unplanned outage,A03,,2015-02-20 15:00:00+01:00,zygvvye4vPmx1Czq5LmSIA,960.0,Hydro Water Reservoir,50WP00000000747I,Tonstad,Tonstad,1,MAW,PT1M,1,2015-02-19 14:30:00+01:00
2015-02-21 13:25:22+01:00,930,NO_2,Unplanned outage,A03,,2015-02-21 14:30:00+01:00,CaCQ_Vv1tOU5lUbJHc7U4g,1244.2,Hydro Water Reservoir,50WP00000000389I,Kvilldal,Kvilldal,1,MAW,PT1M,1,2015-02-21 12:30:00+01:00
2015-02-23 23:42:09+01:00,200,NO_2,Unplanned outage,A03,,2015-02-24 08:00:00+01:00,orRjW22yHYSb6qtafzORbA,309.0,Hydro Water Reservoir,50WP00000000822U,Vinje,Vinje,1,MAW,PT1M,1,2015-02-23 23:36:00+01:00
2015-03-04 00:40:04+01:00,200,NO_2,Unplanned outage,A03,,2015-03-04 08:00:00+01:00,geBclO4wrFmmYSdN1d16ug,309.0,Hydro Water Reservoir,50WP00000000822U,Vinje,Vinje,1,MAW,PT1M,1,2015-03-04 00:30:00+01:00
2015-03-04 06:54:25+01:00,220,NO_2,Unplanned outage,A03,,2015-03-04 06:47:00+01:00,6BlBEvo40m__-U2RAz3oxw,415.0,Hydro Water Reservoir,50WP000000002811,Holen,Holen,1,MAW,PT1M,2,2015-03-04 06:00:00+01:00
2015-03-25 13:45:12+01:00,106,NO_2,Unplanned outage,A03,,2015-03-25 13:40:00+01:00,OQ0_CxvpQmil_fScNb6x9w,275.0,Hydro Water Reservoir,50WP00000000718P,Sonna,Sonna,1,MAW,PT1M,3,2015-03-25 11:00:00+01:00
2015-04-25 08:35:17+02:00,480,NO_2,Unplanned outage,A03,,2015-04-25 08:30:00+02:00,3tfRwnrMjH3mR8Iu1zD97w,673.6,Hydro Pumped Storage,50WP00000000607Y,Saurdal,Saurdal,1,MAW,PT1M,2,2015-04-25 04:20:00+02:00
2015-04-26 08:59:14+02:00,480,NO_2,Unplanned outage,A03,,2015-04-26 09:00:00+02:00,ECOV5qkF32onOjfqJlKaaA,673.6,Hydro Pumped Storage,50WP00000000607Y,Saurdal,Saurdal,1,MAW,PT1M,2,2015-04-26 08:00:00+02:00
2015-05-01 08:39:24+02:00,480,NO_2,Unplanned outage,A03,,2015-05-01 08:35:00+02:00,2IjqKKEYq4MVr_RbWpp6HA,673.6,Hydro Pumped Storage,50WP00000000607Y,Saurdal,Saurdal,1,MAW,PT1M,2,2015-05-01 07:30:00+02:00
2015-05-04 07:14:14+02:00,275,NO_2,Unplanned outage,A03,,2015-05-04 07:08:00+02:00,F-rbn0Tj0PKG9g86iCo_ew,415.0,Hydro Water Reservoir,50WP000000002811,Holen,Holen,1,MAW,PT1M,2,2015-05-04 06:11:00+02:00
2015-05-05 06:21:45+02:00,275,NO_2,Unplanned outage,A03,,2015-05-08 15:00:00+02:00,TY-nl0PeusIsOyoU2FBc9g,460.0,Hydro Water Reservoir,50WP000000002811,50WP000000002811,50WP000000002811,1,MAW,PT1M,1,2015-05-05 06:19:00+02:00
2015-05-06 10:59:22+02:00,800,NO_2,Unplanned outage,A03,,2015-05-07 00:00:00+02:00,2S6-iE1XO4Y8xjT5AEf4cw,1130.0,Hydro Water Reservoir,50WP00000000747I,50WP00000000747I,50WP00000000747I,1,MAW,PT1M,2,2015-05-05 17:00:00+02:00
2015-05-17 21:39:36+02:00,930,NO_2,Unplanned outage,A03,,2015-05-17 23:59:00+02:00,u5eQLpdowv0YlNkX4NrQiA,1444.2,Hydro Water Reservoir,50WP00000000389I,50WP00000000389I,50WP00000000389I,1,MAW,PT1M,1,2015-05-17 20:45:00+02:00
2015-05-23 02:55:34+02:00,101,NO_2,Unplanned outage,A03,,2015-05-24 00:00:00+02:00,KD9r74g4tosRhh2eGQ0mNg,224.0,Hydro Water Reservoir,50WP00000000807Q,50WP00000000807Q,50WP00000000807Q,1,MAW,PT1M,1,2015-05-23 02:06:00+02:00
2015-06-01 23:56:27+02:00,930,NO_2,Unplanned outage,A03,,2015-06-02 01:00:00+02:00,kbshq6VthgAhQ6Vp6UiQ-A,1444.2,Hydro Water Reservoir,50WP00000000389I,50WP00000000389I,50WP00000000389I,1,MAW,PT1M,1,2015-06-01 23:00:00+02:00
2015-06-02 08:58:24+02:00,101,NO_2,Unplanned outage,A03,,2015-06-02 10:00:00+02:00,SIrZb9JV_uZsA8YOmEMAaw,224.0,Hydro Water Reservoir,50WP00000000807Q,50WP00000000807Q,50WP00000000807Q,1,MAW,PT1M,1,2015-06-02 08:05:00+02:00
2015-06-08 06:50:17+02:00,200,NO_2,Unplanned outage,A03,,2015-06-08 08:00:00+02:00,8GpSesosGbXFnCGCff9fSw,375.0,Hydro Water Reservoir,50WP00000000822U,50WP00000000822U,50WP00000000822U,1,MAW,PT1M,1,2015-06-08 06:05:00+02:00
2015-06-10 10:05:12+02:00,200,NO_2,Unplanned outage,A03,,2015-06-12 15:00:00+02:00,R3o72akIQFeK-8cVTChHPg,375.0,Hydro Water Reservoir,50WP00000000822U,50WP00000000822U,50WP00000000822U,1,MAW,PT1M,3,2015-06-10 05:10:00+02:00
2015-06-14 09:24:07+02:00,330,NO_2,Unplanned outage,A03,,2015-06-14 09:15:00+02:00,kR3UixCS4ydeOgmjSVjNqg,480.0,Hydro Water Reservoir,50WP00000000745M,50WP00000000745M,50WP00000000745M,1,MAW,PT1M,2,2015-06-14 07:45:00+02:00
2015-06-17 20:17:52+02:00,930,NO_2,Unplanned outage,A03,,2015-06-17 21:00:00+02:00,C_W3qP7mlhUvYIuf6y3yHw,1444.2,Hydro Water Reservoir,50WP00000000389I,50WP00000000389I,50WP00000000389I,1,MAW,PT1M,1,2015-06-17 19:40:00+02:00
2015-06-18 09:26:11+02:00,275,NO_2,Unplanned outage,A03,,2015-06-18 15:00:00+02:00,n44fdjgoswFKsP2bLmknqw,460.0,Hydro Water Reservoir,50WP000000002811,50WP000000002811,50WP000000002811,1,MAW,PT1M,1,2015-06-18 08:30:00+02:00
2015-06-19 04:54:10+02:00,0,NO_2,Unplanned outage,A03,,2015-06-19 07:00:00+02:00,tTfQH3oChcVNZUub94l8rw,1444.2,Hydro Water Reservoir,50WP00000000389I,50WP00000000389I,50WP00000000389I,1,MAW,PT1M,1,2015-06-19 04:40:00+02:00
2015-06-23 07:57:12+02:00,0,NO_2,Unplanned outage,A03,,2015-06-23 09:00:00+02:00,O4nUr-HzeXLNON9rjQge9A,673.6,Hydro Pumped Storage,50WP00000000607Y,Saurdal,Saurdal,1,MAW,PT1M,1,2015-06-23 07:20:00+02:00
2015-06-25 08:50:24+02:00,800,NO_2,Unplanned outage,A03,,2015-06-26 15:00:00+02:00,O2X6fvEyMgBXwHoJ-iPE3w,1130.0,Hydro Water Reservoir,50WP00000000747I,50WP00000000747I,50WP00000000747I,1,MAW,PT1M,2,2015-06-24 23:00:00+02:00
2015-06-25 09:42:31+02:00,930,NO_2,Unplanned outage,A03,,2015-06-25 10:00:00+02:00,MwBlYMKeIhR00-fBSNTwZA,1444.2,Hydro Water Reservoir,50WP00000000389I,50WP00000000389I,50WP00000000389I,1,MAW,PT1M,2,2015-06-25 06:40:00+02:00
2015-07-06 07:45:10+02:00,110,NO_2,Unplanned outage,A03,,2015-07-06 09:00:00+02:00,Jjumb8RJ9HOyGtOykWBPqw,258.0,Hydro Water Reservoir,50WP00000000775D,Tysso 2,Tysso 2,1,MAW,PT1M,1,2015-07-06 07:05:00+02:00
2015-09-09 12:02:20+02:00,800,NO_2,Unplanned outage,A03,,2015-09-18 15:00:00+02:00,hmjFyj1N_46E3Pv7vOVs-Q,1130.0,Hydro Water Reservoir,50WP00000000747I,50WP00000000747I,50WP00000000747I,1,MAW,PT1M,8,2015-06-24 13:30:00+02:00
2015-03-10 15:14:31+01:00,0,NO_2,Unplanned outage,A03,,2015-09-18 07:00:00+02:00,JXWIYHuWn8GBsEdv9JjLig,375.0,Hydro Water Reservoir,50WP00000000822U,Vinje,Vinje,1,MAW,PT1M,1,2015-09-07 07:00:00+02:00
2015-07-14 09:56:24+02:00,800,NO_2,Unplanned outage,A03,,2015-07-14 10:00:00+02:00,wv8xA8-ppIvHNJm6ISUqHQ,1130.0,Hydro Water Reservoir,50WP00000000747I,Tonstad,Tonstad,1,MAW,PT1M,3,2015-07-11 23:00:00+02:00
2015-07-17 05:55:11+02:00,330,NO_2,Unplanned outage,A03,,2015-07-17 08:00:00+02:00,hKaa2WJykSbmGqUtU_DiHw,480.0,Hydro Water Reservoir,50WP00000000745M,Tokke,Tokke,1,MAW,PT1M,1,2015-07-17 05:45:00+02:00
2015-07-20 07:46:11+02:00,930,NO_2,Unplanned outage,A03,,2015-07-20 07:40:00+02:00,I9z1qAkNUi0rOjwNL9Qt-w,1444.2,Hydro Water Reservoir,50WP00000000389I,Kvilldal,Kvilldal,1,MAW,PT1M,2,2015-07-20 00:00:00+02:00
2015-07-21 10:10:45+02:00,330,NO_2,Unplanned outage,A03,,2015-07-27 07:00:00+02:00,f5DYWeAvvwYUJDRLOPlpAA,480.0,Hydro Water Reservoir,50WP00000000745M,Tokke,Tokke,1,MAW,PT1M,3,2015-07-20 06:00:00+02:00
2015-07-22 07:38:11+02:00,320,NO_2,Unplanned outage,A03,,2015-07-22 09:00:00+02:00,Ysd46yZKfLDxEQwKx1JMxw,673.6,Hydro Pumped Storage,50WP00000000607Y,Saurdal,Saurdal,1,MAW,PT1M,1,2015-07-22 07:30:00+02:00
2015-07-27 00:04:15+02:00,330,NO_2,Unplanned outage,A03,,2015-07-27 07:00:00+02:00,2LDkDNAHz7uohpuLa3m2NA,480.0,Hydro Water Reservoir,50WP00000000745M,Tokke,Tokke,1,MAW,PT1M,1,2015-07-27 00:00:00+02:00
2015-08-03 10:31:22+02:00,480,NO_2,Unplanned outage,A03,,2015-08-03 15:00:00+02:00,UVQwSdICoQMbvapyt9txgg,673.6,Hydro Pumped Storage,50WP00000000607Y,Saurdal,Saurdal,1,MAW,PT1M,2,2015-08-01 14:00:00+02:00
2015-08-03 14:10:04+02:00,800,NO_2,Unplanned outage,A03,,2015-08-03 15:00:00+02:00,CVUY4osVvaNjg32asswnCw,1130.0,Hydro Water Reservoir,50WP00000000747I,Tonstad,Tonstad,1,MAW,PT1M,4,2015-08-01 01:00:00+02:00
2015-08-03 16:28:22+02:00,480,NO_2,Unplanned outage,A03,,2015-08-03 17:00:00+02:00,DtRZfuH4xj6U8ZLwARaqTQ,673.6,Hydro Pumped Storage,50WP00000000607Y,Saurdal,Saurdal,1,MAW,PT1M,1,2015-08-03 16:00:00+02:00
2015-08-07 04:55:11+02:00,330,NO_2,Unplanned outage,A03,,2015-08-07 08:00:00+02:00,SDt4ViJHOCvLvEIrQBk1vg,480.0,Hydro Water Reservoir,50WP00000000745M,Tokke,Tokke,1,MAW,PT1M,1,2015-08-07 04:45:00+02:00
2015-08-12 13:38:56+02:00,255,NO_2,Unplanned outage,A03,,2015-08-12 13:35:00+02:00,4zJTbhc-skmutMfeuYld5w,443.3,Hydro Water Reservoir,50WP000000000827,Brokke,Brokke,1,MAW,PT1M,2,2015-08-12 10:45:00+02:00
2015-08-12 19:14:28+02:00,0,NO_2,Unplanned outage,A03,,2015-08-13 15:00:00+02:00,c2ekdHXW6-Gx5QtM_3FG_Q,200.0,Hydro Pumped Storage,50WP00000000119A,Duge,Duge,1,MAW,PT1M,2,2015-08-10 07:00:00+02:00
2015-08-12 19:46:20+02:00,101,NO_2,Unplanned outage,A03,,2015-08-12 21:00:00+02:00,W71AO38WO3wKoKRH9mOPWg,224.0,Hydro Water Reservoir,50WP00000000807Q,Vemork,Vemork,1,MAW,PT1M,2,2015-08-12 19:35:00+02:00
2015-08-17 10:42:26+02:00,0,NO_2,Unplanned outage,A03,,2015-08-17 13:00:00+02:00,GuOo7NHbwAr0pDmCSPa_Xw,240.0,Hydro Water Reservoir,50WP000000005330,Oksla,Oksla,1,MAW,PT1M,2,2015-08-17 08:00:00+02:00
2015-08-17 16:29:20+02:00,330,NO_2,Unplanned outage,A03,,2015-08-17 18:00:00+02:00,DJTE6zAPuMavwc5XkB53Bw,480.0,Hydro Water Reservoir,50WP00000000745M,Tokke,Tokke,1,MAW,PT1M,1,2015-08-17 16:15:00+02:00
2015-08-18 22:13:59+02:00,100,NO_2,Unplanned outage,A03,,2015-08-19 15:00:00+02:00,LHCCBh2JCP2PG9Yj0pE0yw,250.0,Hydro Water Reservoir,50WP00000000653R,Solhom,Solhom,1,MAW,PT1M,1,2015-08-18 22:00:00+02:00
2015-08-23 09:38:13+02:00,0,NO_2,Unplanned outage,A03,,2015-08-24 21:00:00+02:00,BS9uR7JSD1em0Xi1jUelow,200.0,Hydro Pumped Storage,50WP00000000119A,Duge,Duge,1,MAW,PT1M,1,2015-08-24 09:00:00+02:00
2015-09-15 06:31:51+02:00,330,NO_2,Unplanned outage,A03,,2015-09-15 01:30:00+02:00,MOZDHvCG-r1wTP2PH4_zIg,480.0,Hydro Water Reservoir,50WP00000000745M,Tokke,Tokke,1,MAW,PT1M,1,2015-09-15 00:22:00+02:00
2015-09-15 10:25:11+02:00,110,NO_2,Unplanned outage,A03,,2015-09-15 09:40:00+02:00,aXVHYH5srgju-eABQI7FQQ,258.0,Hydro Water Reservoir,50WP00000000775D,Tysso 2,Tysso 2,1,MAW,PT1M,3,2015-09-15 07:09:00+02:00
2015-09-15 16:13:40+02:00,0,NO_2,Unplanned outage,A03,,2015-09-15 09:50:00+02:00,y_ZeOKZ5ZY-Wv8kC7fVS8g,240.0,Hydro Water Reservoir,50WP000000005330,Oksla,Oksla,1,MAW,PT1M,2,2015-09-14 21:30:00+02:00
2015-09-16 09:55:31+02:00,200,NO_2,Unplanned outage,A03,,2015-09-16 01:00:00+02:00,qw2l0P-8S8BMj10VR4NJDA,375.0,Hydro Water Reservoir,50WP00000000822U,Vinje,Vinje,1,MAW,PT1M,2,2015-09-15 15:00:00+02:00
2015-09-16 14:10:07+02:00,255,NO_2,Unplanned outage,A03,,2015-09-15 21:52:00+02:00,vz7VJeRubgvnt6N9R50pJQ,443.3,Hydro Water Reservoir,50WP000000000827,Brokke,Brokke,1,MAW,PT1M,2,2015-09-15 20:10:00+02:00
2015-09-21 10:58:56+02:00,200,NO_2,Unplanned outage,A03,,2015-09-21 18:00:00+02:00,NFqnxNh1YoeULtVNSMLA6w,375.0,Hydro Water Reservoir,50WP00000000822U,Vinje,Vinje,1,MAW,PT1M,1,2015-09-21 10:45:00+02:00
2015-09-21 11:19:11+02:00,330,NO_2,Unplanned outage,A03,,2015-09-21 15:00:00+02:00,10OKPVoOopraK1RRumGTpg,480.0,Hydro Water Reservoir,50WP00000000745M,Tokke,Tokke,1,MAW,PT1M,1,2015-09-21 11:00:00+02:00
2015-09-25 13:28:50+02:00,330,NO_2,Unplanned outage,A03,,2015-09-25 13:05:00+02:00,AitR7SLcEKKAuTY8fIjwSA,480.0,Hydro Water Reservoir,50WP00000000745M,Tokke,Tokke,1,MAW,PT1M,3,2015-09-21 10:30:00+02:00
2015-09-25 20:14:39+02:00,0,NO_2,Unplanned outage,A03,,2015-09-25 20:08:00+02:00,X8MXEYULywEJuXF-pr4vIg,240.0,Hydro Water Reservoir,50WP000000005330,Oksla,Oksla,1,MAW,PT1M,2,2015-09-25 19:05:00+02:00
2015-10-01 19:13:49+02:00,200,NO_2,Unplanned outage,A03,,2015-10-01 19:10:00+02:00,685ZjPeaDJ8qKY4ZmdlZAA,375.0,Hydro Water Reservoir,50WP00000000822U,Vinje,Vinje,1,MAW,PT1M,2,2015-10-01 19:00:00+02:00
2015-10-02 18:02:22+02:00,0,NO_2,Unplanned outage,A03,,2015-10-02 18:00:00+02:00,utMR3TgocCNmNgF1LbfcWg,240.0,Hydro Water Reservoir,50WP000000005330,Oksla,Oksla,1,MAW,PT1M,2,2015-10-02 17:00:00+02:00
2015-10-05 10:26:15+02:00,930,NO_2,Unplanned outage,A03,,2015-10-05 10:23:00+02:00,YdXTg0pq6F99zgAZVHTBhg,1444.2,Hydro Water Reservoir,50WP00000000389I,Kvilldal,Kvilldal,1,MAW,PT1M,2,2015-10-05 09:35:00+02:00
2015-10-11 09:20:17+02:00,101,NO_2,Unplanned outage,A03,,2015-10-11 09:09:00+02:00,n-vmXrKGLJg5xuwQjsZMcw,224.0,Hydro Water Reservoir,50WP00000000807Q,Vemork,Vemork,1,MAW,PT1M,2,2015-10-11 08:14:00+02:00
2015-10-12 08:43:11+02:00,100,NO_2,Unplanned outage,A03,,2015-10-12 08:43:00+02:00,tD-v-TTAUiD0lUIjerzVQQ,200.0,Hydro Pumped Storage,50WP00000000119A,Duge,Duge,1,MAW,PT1M,2,2015-10-12 08:00:00+02:00
2015-10-12 11:55:12+02:00,800,NO_2,Unplanned outage,A03,,2015-10-12 15:00:00+02:00,1z7qlChWWtdjMLwZSsMBPQ,1130.0,Hydro Water Reservoir,50WP00000000747I,Tonstad,Tonstad,1,MAW,PT1M,4,2015-10-09 08:00:00+02:00
2015-10-15 12:48:25+02:00,100,NO_2,Unplanned outage,A03,,2015-10-15 13:00:00+02:00,LgeJSf9pU1pKyxF8rnRrlw,200.0,Hydro Pumped Storage,50WP00000000119A,Duge,Duge,1,MAW,PT1M,3,2015-10-15 07:10:00+02:00
2015-10-30 13:23:32+01:00,930,NO_2,Unplanned outage,A03,,2015-10-30 13:15:00+01:00,Y_5HI6CghSsOxjVUrVfUUQ,1444.2,Hydro Water Reservoir,50WP00000000389I,Kvilldal,Kvilldal,1,MAW,PT1M,3,2015-10-13 10:40:00+02:00
2015-10-30 19:11:11+01:00,930,NO_2,Unplanned outage,A03,,2015-10-30 19:05:00+01:00,K2LLC2WaHn-upViOR1bT4A,1444.2,Hydro Water Reservoir,50WP00000000389I,Kvilldal,Kvilldal,1,MAW,PT1M,4,2015-10-30 15:10:00+01:00
2015-11-04 06:44:19+01:00,930,NO_2,Unplanned outage,A03,,2015-11-04 06:42:00+01:00,zn5p4z6xLGOpwVDVXRkZXw,1444.2,Hydro Water Reservoir,50WP00000000389I,Kvilldal,Kvilldal,1,MAW,PT1M,2,2015-11-04 06:30:00+01:00
2015-11-06 15:19:21+01:00,200,NO_2,Unplanned outage,A03,,2015-11-06 15:15:00+01:00,Q0K9BEEmUad7y_LM2kLHRw,375.0,Hydro Water Reservoir,50WP00000000822U,Vinje,Vinje,1,MAW,PT1M,2,2015-11-06 15:00:00+01:00
2015-11-17 05:27:11+01:00,0,NO_2,Unplanned outage,A03,,2015-11-17 05:25:00+01:00,SOdF3DbahELf5gw6KFruQA,240.0,Hydro Water Reservoir,50WP000000005330,Oksla,Oksla,1,MAW,PT1M,2,2015-11-17 04:15:00+01:00
2015-11-18 18:10:27+01:00,110,NO_2,Unplanned outage,A03,,2015-11-18 20:00:00+01:00,1ttl9DdWYcjD0kZqAJqrTQ,258.0,Hydro Water Reservoir,50WP00000000775D,Tysso 2,Tysso 2,1,MAW,PT1M,1,2015-11-18 17:15:00+01:00
2015-11-23 00:41:22+01:00,930,NO_2,Unplanned outage,A03,,2015-11-23 02:00:00+01:00,poHBYUpNnVCGARn2qzlkUA,1444.2,Hydro Water Reservoir,50WP00000000389I,Kvilldal,Kvilldal,1,MAW,PT1M,1,2015-11-23 00:00:00+01:00
2015-11-24 00:19:11+01:00,930,NO_2,Unplanned outage,A03,,2015-11-24 08:00:00+01:00,yDOWeVIIv53HLdzz4nswlQ,1444.2,Hydro Water Reservoir,50WP00000000389I,Kvilldal,Kvilldal,1,MAW,PT1M,1,2015-11-24 00:00:00+01:00
2015-12-06 11:50:12+01:00,640,NO_2,Unplanned outage,A03,,2015-12-06 12:00:00+01:00,SMEC9ecM4RHwdyiYCrZmkQ,1130.0,Hydro Water Reservoir,50WP00000000747I,Tonstad,Tonstad,1,MAW,PT1M,2,2015-12-06 09:30:00+01:00
2015-12-07 07:20:25+01:00,480,NO_2,Unplanned outage,A03,,2015-12-07 08:00:00+01:00,H71mKZdW3EmYC7bA6w-f5g,673.6,Hydro Pumped Storage,50WP00000000607Y,Saurdal,Saurdal,1,MAW,PT1M,1,2015-12-07 06:30:00+01:00
2015-12-09 04:48:17+01:00,930,NO_2,Unplanned outage,A03,,2015-12-09 08:00:00+01:00,FMCiDj6lK8_LEfdnRyo4ew,1444.2,Hydro Water Reservoir,50WP00000000389I,Kvilldal,Kvilldal,1,MAW,PT1M,1,2015-12-09 04:45:00+01:00
2015-12-09 22:14:34+01:00,930,NO_2,Unplanned outage,A03,,2015-12-09 22:10:00+01:00,I1Sac_IidY6FL1YljXNrOw,1444.2,Hydro Water Reservoir,50WP00000000389I,Kvilldal,Kvilldal,1,MAW,PT1M,2,2015-12-09 21:00:00+01:00
2015-12-21 14:59:41+01:00,0,NO_2,Unplanned outage,A03,,2015-12-21 16:00:00+01:00,fBpG0MRJ6Qn4WOnF-UBW7A,258.0,Hydro Water Reservoir,50WP00000000775D,Tysso 2,Tysso 2,1,MAW,PT1M,2,2015-12-21 13:32:00+01:00
2015-12-23 13:14:17+01:00,220,NO_2,Unplanned outage,A03,,2015-12-23 13:00:00+01:00,mfGZ9Mq32OJJGzNl0uNhVA,460.0,Hydro Water Reservoir,50WP000000002811,Holen,Holen,1,MAW,PT1M,4,2015-12-10 10:57:00+01:00
2015-12-25 11:04:21+01:00,800,NO_2,Unplanned outage,A03,,2015-12-25 11:05:00+01:00,tXwux4J5dBRYCuPmftCn4A,1130.0,Hydro Water Reservoir,50WP00000000747I,Tonstad,Tonstad,1,MAW,PT1M,2,2015-12-25 04:30:00+01:00
2015-12-25 12:00:11+01:00,110,NO_2,Unplanned outage,A03,,2015-12-25 11:58:00+01:00,w4vPMB9tggA5ZKreYlNdHw,258.0,Hydro Water Reservoir,50WP00000000775D,Tysso 2,Tysso 2,1,MAW,PT1M,3,2015-12-25 09:00:00+01:00
2016-01-18 10:32:14+01:00,100,NO_2,Unplanned outage,A03,,2016-01-18 10:05:00+01:00,3mEH8y0nz1XfsU1SsuS1GQ,200.0,Hydro Pumped Storage,50WP00000000119A,Duge,Duge,1,MAW,PT1M,4,2016-01-18 07:00:00+01:00
2016-02-10 04:17:33+01:00,200,NO_2,Unplanned outage,A03,,2016-02-10 08:00:00+01:00,PlEqH_MjPjfVwnofMT0msA,375.0,Hydro Water Reservoir,50WP00000000822U,Vinje,Vinje,1,MAW,PT1M,1,2016-02-10 04:00:00+01:00
2016-02-14 09:12:51+01:00,100,NO_2,Unplanned outage,A03,,2016-02-14 16:00:00+01:00,Y3Yo_DpWMmONgtogXAghFQ,200.0,Hydro Pumped Storage,50WP00000000119A,Duge,Duge,1,MAW,PT1M,2,2016-02-12 13:21:00+01:00
2016-02-18 23:39:56+01:00,200,NO_2,Unplanned outage,A03,,2016-02-18 23:59:00+01:00,nrnbwh1VaG1r8Lyw4ncALA,375.0,Hydro Water Reservoir,50WP00000000822U,Vinje,Vinje,1,MAW,PT1M,1,2016-02-18 22:55:00+01:00
2016-03-10 20:58:31+01:00,101,NO_2,Unplanned outage,A03,,2016-03-10 21:00:00+01:00,RfOCO-AiIdtH3t_UmrTHbg,224.0,Hydro Water Reservoir,50WP00000000807Q,Vemork,Vemork,1,MAW,PT1M,2,2016-03-10 19:55:00+01:00
2016-03-22 06:52:18+01:00,200,NO_2,Unplanned outage,A03,,2016-03-22 05:55:00+01:00,2t8ibItfUqaXbTdpVLrkqA,375.0,Hydro Water Reservoir,50WP00000000822U,Vinje,Vinje,1,MAW,PT1M,2,2016-03-22 04:20:00+01:00
2016-03-27 08:03:11+02:00,330,NO_2,Unplanned outage,A03,,2016-03-27 08:00:00+02:00,C2fXLWuvX6OHauLE7oEbXQ,480.0,Hydro Water Reservoir,50WP00000000745M,Tokke,Tokke,1,MAW,PT1M,2,2016-03-27 05:45:00+02:00
2016-03-29 05:41:36+02:00,330,NO_2,Unplanned outage,A03,,2016-03-29 08:00:00+02:00,SAJe4mlCoL2n3QfbmeWofg,480.0,Hydro Water Reservoir,50WP00000000745M,Tokke,Tokke,1,MAW,PT1M,1,2016-03-29 05:35:00+02:00
2016-03-30 06:43:12+02:00,480,NO_2,Unplanned outage,A03,,2016-03-30 06:40:00+02:00,p6NVR546bZXkl7s-tNSLEg,673.6,Hydro Pumped Storage,50WP00000000607Y,Saurdal,Saurdal,1,MAW,PT1M,2,2016-03-30 05:15:00+02:00
2016-04-06 09:21:24+02:00,100,NO_2,Unplanned outage,A03,,2016-04-08 08:00:00+02:00,Cy-gVfY21Ej8fvZ9wW7Neg,200.0,Hydro Pumped Storage,50WP00000000119A,Duge,Duge,1,MAW,PT1M,4,2016-04-02 06:00:00+02:00
2016-04-09 10:53:13+02:00,930,NO_2,Unplanned outage,A03,,2016-04-09 10:45:00+02:00,eN-JLqVi-8U83trsfkPVWQ,1444.2,Hydro Water Reservoir,50WP00000000389I,Kvilldal,Kvilldal,1,MAW,PT1M,2,2016-04-09 09:10:00+02:00
2016-04-10 18:37:13+02:00,200,NO_2,Unplanned outage,A03,,2016-04-10 21:00:00+02:00,pcFovf1PDUe3xIVNEL8QCA,375.0,Hydro Water Reservoir,50WP00000000822U,Vinje,Vinje,1,MAW,PT1M,2,2016-04-10 18:11:00+02:00
2016-04-15 06:51:13+02:00,0,NO_2,Unplanned outage,A03,,2016-04-15 08:00:00+02:00,-U-sraSACPXHXhnCWPYPmw,1444.2,Hydro Water Reservoir,50WP00000000389I,Kvilldal,Kvilldal,1,MAW,PT1M,1,2016-04-15 06:45:00+02:00
2016-04-21 05:53:11+02:00,275,NO_2,Unplanned outage,A03,,2016-04-21 05:47:00+02:00,9XX45q6y4j-GIhg8wE90Kg,460.0,Hydro Water Reservoir,50WP000000002811,Holen,Holen,1,MAW,PT1M,2,2016-04-21 05:00:00+02:00
2016-04-25 08:01:21+02:00,930,NO_2,Unplanned outage,A03,,2016-04-25 08:00:00+02:00,fXUGhTVLK64Ta_u6bGFryw,1444.2,Hydro Water Reservoir,50WP00000000389I,Kvilldal,Kvilldal,1,MAW,PT1M,2,2016-04-25 06:45:00+02:00
2016-05-08 10:09:53+02:00,200,NO_2,Unplanned outage,A03,,2016-05-09 07:00:00+02:00,5T7OU8K2Ld-cJpUf8NkSjQ,375.0,Hydro Water Reservoir,50WP00000000822U,Vinje,Vinje,1,MAW,PT1M,1,2016-05-08 09:40:00+02:00
2016-05-15 18:25:20+02:00,200,NO_2,Unplanned outage,A03,,2016-05-15 20:00:00+02:00,I49bfKi-EJCHyBleQNx61w,375.0,Hydro Water Reservoir,50WP00000000822U,Vinje,Vinje,1,MAW,PT1M,1,2016-05-15 18:00:00+02:00
2016-05-23 08:27:22+02:00,200,NO_2,Unplanned outage,A03,,2016-05-23 10:00:00+02:00,9Jb7BcVZKWebTQRn9-JKpA,375.0,Hydro Water Reservoir,50WP00000000822U,Vinje,Vinje,1,MAW,PT1M,1,2016-05-23 05:00:00+02:00
2016-06-05 09:56:11+02:00,255,NO_2,Unplanned outage,A03,,2016-06-05 10:00:00+02:00,juQbS4t2DPLzAb250Taq9Q,443.3,Hydro Water Reservoir,50WP000000000827,Brokke,Brokke,1,MAW,PT1M,2,2016-06-05 09:00:00+02:00
2016-06-09 08:08:47+02:00,480,NO_2,Unplanned outage,A03,,2016-06-09 08:05:00+02:00,oRjaMRHwBv0ct8U0-lqGww,673.6,Hydro Pumped Storage,50WP00000000607Y,Saurdal,Saurdal,1,MAW,PT1M,2,2016-06-09 01:00:00+02:00
2016-06-13 06:51:54+02:00,200,NO_2,Unplanned outage,A03,,2016-06-13 08:00:00+02:00,rTOWAwPInbCIEnVADr1-GA,375.0,Hydro Water Reservoir,50WP00000000822U,Vinje,Vinje,1,MAW,PT1M,1,2016-06-13 06:20:00+02:00
2016-06-16 12:33:37+02:00,200,NO_2,Unplanned outage,A03,,2016-06-20 07:00:00+02:00,yPPXuCJnx8xZYJGBUTpPFQ,375.0,Hydro Water Reservoir,50WP00000000822U,Vinje,Vinje,1,MAW,PT1M,1,2016-06-16 06:00:00+02:00
2016-06-22 12:59:58+02:00,101,NO_2,Unplanned outage,A03,,2016-06-22 21:00:00+02:00,WKm9IFDZEFhljtWiRi8y_Q,224.0,Hydro Water Reservoir,50WP00000000807Q,Vemork,Vemork,1,MAW,PT1M,1,2016-06-22 12:00:00+02:00
2016-07-05 11:59:11+02:00,255,NO_2,Unplanned outage,A03,,2016-07-05 11:55:00+02:00,vwBt7cSZ3-dKfYtGwcMJWw,443.3,Hydro Water Reservoir,50WP000000000827,Brokke,Brokke,1,MAW,PT1M,2,2016-07-05 07:33:00+02:00
2016-09-29 10:45:24+02:00,0,NO_2,Unplanned outage,A03,,2016-09-30 00:00:00+02:00,941TulWd_9XClYVzd7W3rg,275.0,Hydro Water Reservoir,50WP00000000063B,Blafal.V,Blafal.V,1,MAW,PT1M,14,2015-09-01 03:29:00+02:00
2016-07-09 19:36:27+02:00,200,NO_2,Unplanned outage,A03,,2016-07-10 17:00:00+02:00,Y5I3daxw7_J814y-oxQpJw,375.0,Hydro Water Reservoir,50WP00000000822U,Vinje,Vinje,1,MAW,PT1M,3,2016-07-09 18:00:00+02:00
2016-07-16 02:58:21+02:00,480,NO_2,Unplanned outage,A03,,2016-07-16 04:00:00+02:00,_qIUsi_uDYy-ZrB-Z_rB7A,673.6,Hydro Pumped Storage,50WP00000000607Y,Saurdal,Saurdal,1,MAW,PT1M,1,2016-07-16 02:35:00+02:00
2016-07-23 20:38:22+02:00,330,NO_2,Unplanned outage,A03,,2016-07-23 20:30:00+02:00,t3yiI-LCu3K2q630UY77zA,480.0,Hydro Water Reservoir,50WP00000000745M,Tokke,Tokke,1,MAW,PT1M,2,2016-07-22 22:20:00+02:00
2016-07-29 12:59:11+02:00,330,NO_2,Unplanned outage,A03,,2016-07-29 13:00:00+02:00,V7oTTmYmQ2evKJu2-8t7AA,480.0,Hydro Water Reservoir,50WP00000000745M,Tokke,Tokke,1,MAW,PT1M,2,2016-07-29 04:20:00+02:00
2016-08-01 17:03:25+02:00,330,NO_2,Unplanned outage,A03,,2016-08-01 18:00:00+02:00,i19U6UxivhyOp36sDNviAQ,480.0,Hydro Water Reservoir,50WP00000000745M,Tokke,Tokke,1,MAW,PT1M,6,2016-07-30 13:45:00+02:00
2016-08-04 15:49:23+02:00,110,NO_2,Unplanned outage,A03,,2016-08-05 12:00:00+02:00,y3_L0Cb9w31uHmtLlTj_mQ,258.0,Hydro Water Reservoir,50WP00000000775D,Tysso 2,Tysso 2,1,MAW,PT1M,1,2016-08-04 15:38:00+02:00
2016-08-08 10:07:36+02:00,110,NO_2,Unplanned outage,A03,,2016-08-09 12:00:00+02:00,mdpk_tSk28F8HOA-bw1vXg,258.0,Hydro Water Reservoir,50WP00000000775D,Tysso 2,Tysso 2,1,MAW,PT1M,2,2016-08-06 16:35:00+02:00
2016-08-10 12:10:54+02:00,0,NO_2,Unplanned outage,A03,,2016-08-10 12:30:00+02:00,svQHmKQTHwEEpZDO8AAkQw,258.0,Hydro Water Reservoir,50WP00000000775D,Tysso 2,Tysso 2,1,MAW,PT1M,1,2016-08-10 07:30:00+02:00
2016-08-11 10:31:11+02:00,110,NO_2,Unplanned outage,A03,,2016-08-11 10:15:00+02:00,POmgqq7zTUKoIzFqF88lHQ,258.0,Hydro Water Reservoir,50WP00000000775D,Tysso 2,Tysso 2,1,MAW,PT1M,2,2016-08-10 21:20:00+02:00
2016-08-18 13:46:46+02:00,101,NO_2,Unplanned outage,A03,,2016-08-18 13:40:00+02:00,E7s6pJV1mXm8aa-9qFjGYQ,224.0,Hydro Water Reservoir,50WP00000000807Q,Vemork,Vemork,1,MAW,PT1M,2,2016-08-18 04:14:00+02:00
2016-09-02 13:32:55+02:00,930,NO_2,Unplanned outage,A03,,2016-09-05 15:00:00+02:00,hlQBjAtPEpo_QZ8P9plSng,1444.2,Hydro Water Reservoir,50WP00000000389I,Kvilldal,Kvilldal,1,MAW,PT1M,5,2016-07-31 18:07:00+02:00
2016-09-12 10:12:36+02:00,106,NO_2,Unplanned outage,A03,,2016-09-12 10:07:00+02:00,fdO9ewnr8WlsU9hfaVDWpQ,310.0,Hydro Water Reservoir,50WP00000000718P,Sonna,Sonna,1,MAW,PT1M,2,2016-09-12 07:10:00+02:00
2016-09-14 05:49:11+02:00,200,NO_2,Unplanned outage,A03,,2016-09-14 08:00:00+02:00,U2pfmiHbWDC2VKqXNQMOaw,375.0,Hydro Water Reservoir,50WP00000000822U,Vinje,Vinje,1,MAW,PT1M,1,2016-09-14 05:45:00+02:00
2016-09-15 08:38:35+02:00,165,NO_2,Unplanned outage,A03,,2016-09-15 09:00:00+02:00,1A8XmK45SFYFqX25HAsOpQ,460.0,Hydro Water Reservoir,50WP000000002811,Holen,Holen,1,MAW,PT1M,2,2016-09-13 18:40:00+02:00
2016-09-17 16:45:23+02:00,110,NO_2,Unplanned outage,A03,,2016-09-17 15:30:00+02:00,TBMx72UjsfelDgkLDDeGRA,258.0,Hydro Water Reservoir,50WP00000000775D,Tysso 2,Tysso 2,1,MAW,PT1M,3,2016-09-16 22:31:00+02:00
2016-09-17 22:15:35+02:00,0,NO_2,Unplanned outage,A03,,2016-09-17 19:25:00+02:00,fqEMpPhnOBGzqekWUNRJmQ,240.0,Hydro Water Reservoir,50WP000000005330,Oksla,Oksla,1,MAW,PT1M,1,2016-09-17 18:17:00+02:00
2016-09-18 12:16:04+02:00,0,NO_2,Unplanned outage,A03,,2016-09-18 12:00:00+02:00,zkk3wB54ICg3W-oZVzlEWw,240.0,Hydro Water Reservoir,50WP000000005330,Oksla,Oksla,1,MAW,PT1M,2,2016-09-17 22:18:00+02:00
2016-10-09 07:21:25+02:00,480,NO_2,Unplanned outage,A03,,2016-10-09 10:00:00+02:00,xmdV2WrWtF4nTSqJp9cS5g,673.6,Hydro Pumped Storage,50WP00000000607Y,Saurdal,Saurdal,1,MAW,PT1M,1,2016-10-09 06:03:00+02:00
2016-10-11 05:32:12+02:00,0,NO_2,Unplanned outage,A03,,2016-10-11 09:00:00+02:00,9WXFmXpgwfZmh-kZZ0k3Tw,240.0,Hydro Water Reservoir,50WP000000005330,Oksla,Oksla,1,MAW,PT1M,1,2016-10-11 05:25:00+02:00
2016-10-15 06:14:45+02:00,330,NO_2,Unplanned outage,A03,,2016-10-15 10:00:00+02:00,waQtKVPyiTp2LMrUmlcP-A,480.0,Hydro Water Reservoir,50WP00000000745M,Tokke,Tokke,1,MAW,PT1M,1,2016-10-15 06:05:00+02:00
2016-10-25 15:54:24+02:00,220,NO_2,Unplanned outage,A03,,2016-10-25 15:00:00+02:00,u5zT0Ur7ZBHkKn26xoOjqQ,460.0,Hydro Water Reservoir,50WP000000002811,Holen,Holen,1,MAW,PT1M,3,2016-10-21 13:30:00+02:00
2016-10-26 12:28:12+02:00,110,NO_2,Unplanned outage,A03,,2016-10-26 12:10:00+02:00,YVl8ScU1UNcQEF6IK4qtPQ,258.0,Hydro Water Reservoir,50WP00000000775D,Tysso 2,Tysso 2,1,MAW,PT1M,3,2016-10-25 23:04:00+02:00
2016-10-26 19:27:17+02:00,640,NO_2,Unplanned outage,A03,,2016-10-26 22:00:00+02:00,NAFwwkxmLvZT7UHqKX2AKA,1130.0,Hydro Water Reservoir,50WP00000000747I,Tonstad,Tonstad,1,MAW,PT1M,2,2016-10-26 12:45:00+02:00
2016-10-28 14:30:47+02:00,480,NO_2,Unplanned outage,A03,,2016-10-28 12:20:00+02:00,7dGpmujXVyNHJuYw5_moZQ,673.6,Hydro Pumped Storage,50WP00000000607Y,Saurdal,Saurdal,1,MAW,PT1M,5,2016-10-28 01:15:00+02:00
2016-11-16 10:30:04+01:00,640,NO_2,Unplanned outage,A03,,2016-11-16 23:59:00+01:00,xP1wFFADHBiUoiA3HOBZ0w,1130.0,Hydro Water Reservoir,50WP00000000747I,Tonstad,Tonstad,1,MAW,PT1M,3,2016-11-15 11:43:00+01:00
2016-11-20 20:16:34+01:00,930,NO_2,Unplanned outage,A03,,2016-11-20 20:10:00+01:00,WV9eHmoCVV49AqRR8Rj7fA,1444.2,Hydro Water Reservoir,50WP00000000389I,Kvilldal,Kvilldal,1,MAW,PT1M,3,2016-11-20 17:15:00+01:00
2016-12-01 10:52:46+01:00,255,NO_2,Unplanned outage,A03,,2016-12-01 10:37:00+01:00,U4Q3HEODBXRMAzdpuFxd3g,443.3,Hydro Water Reservoir,50WP000000000827,Brokke,Brokke,1,MAW,PT1M,2,2016-12-01 07:00:00+01:00
2016-12-03 06:55:34+01:00,200,NO_2,Unplanned outage,A03,,2016-12-03 08:00:00+01:00,veFOeNy7hdNn5sGc4lasRw,375.0,Hydro Water Reservoir,50WP00000000822U,Vinje,Vinje,1,MAW,PT1M,1,2016-12-03 06:15:00+01:00
2016-12-14 10:26:15+01:00,800,NO_2,Unplanned outage,A03,,2016-12-14 12:00:00+01:00,NhlCrDp7Cb9x_jksWDfjsw,960.0,Hydro Water Reservoir,50WP00000000747I,Tonstad,Tonstad,1,MAW,PT1M,3,2016-12-14 01:30:00+01:00
2016-12-22 13:38:52+01:00,333,NO_2,Unplanned outage,A03,,2016-12-22 13:20:00+01:00,8dtBsyX3nxaO1oR5qgO9Ig,433.0,Hydro Water Reservoir,50WP00000000745M,Tokke,Tokke,1,MAW,PT1M,3,2016-12-22 07:00:00+01:00
2017-01-23 00:59:22+01:00,330,NO_2,Unplanned outage,A03,,2017-01-23 08:00:00+01:00,DpHfETGBuQtKr4fVRaLtFw,433.0,Hydro Water Reservoir,50WP00000000745M,Tokke,Tokke,1,MAW,PT1M,1,2017-01-23 00:00:00+01:00
2017-01-25 20:16:52+01:00,200,NO_2,Unplanned outage,A03,,2017-01-25 20:15:00+01:00,c9gmZk0km3PVLu5q8wuMAw,309.0,Hydro Water Reservoir,50WP00000000822U,Vinje,Vinje,1,MAW,PT1M,2,2017-01-25 19:15:00+01:00
2017-02-08 04:51:32+01:00,330,NO_2,Unplanned outage,A03,,2017-02-08 06:00:00+01:00,Q0QDVWYCnkNSiVKfpZstCg,433.0,Hydro Water Reservoir,50WP00000000745M,Tokke,Tokke,1,MAW,PT1M,1,2017-02-08 04:45:00+01:00
2017-02-25 15:03:56+01:00,0,NO_2,Unplanned outage,A03,,2017-02-25 17:00:00+01:00,Hv77TzDj-ex9poS8SMLTnw,240.0,Hydro Water Reservoir,50WP00000000063B,Blafal.V,Blafal.V,1,MAW,PT1M,1,2017-02-25 15:00:00+01:00
2017-02-27 08:19:15+01:00,0,NO_2,Unplanned outage,A03,,2017-02-27 08:15:00+01:00,NXizuh1zC76ckFbTM4z5fw,204.0,Hydro Water Reservoir,50WP00000000807Q,Vemork,Vemork,1,MAW,PT1M,2,2017-02-27 06:48:00+01:00
2017-03-27 05:34:35+02:00,930,NO_2,Unplanned outage,A03,,2017-03-27 06:15:00+02:00,RboXxuFjC3Q_7UX9iQ5puw,1240.0,Hydro Water Reservoir,50WP00000000389I,Kvilldal,Kvilldal,1,MAW,PT1M,1,2017-03-27 05:15:00+02:00
2017-04-01 09:08:59+02:00,106,NO_2,Unplanned outage,A03,,2017-04-02 09:05:00+02:00,hSqtfka8DuDmojil35umkA,275.0,Hydro Water Reservoir,50WP00000000718P,Sonna,Sonna,1,MAW,PT1M,2,2017-04-01 07:45:00+02:00
2017-04-04 07:27:24+02:00,0,NO_2,Unplanned outage,A03,,2017-04-04 07:15:00+02:00,u_FBhE9mHC0exsLlF6TcpA,240.0,Hydro Water Reservoir,50WP00000000063B,Blafal.V,Blafal.V,1,MAW,PT1M,3,2017-04-04 06:50:00+02:00
2017-05-15 01:17:24+02:00,0,NO_2,Unplanned outage,A03,,2017-05-15 08:00:00+02:00,LOpSDJaOU33VULEzvycfvg,240.0,Hydro Water Reservoir,50WP00000000063B,Blafal.V,Blafal.V,1,MAW,PT1M,1,2017-05-15 01:10:00+02:00
2017-05-23 05:50:25+02:00,200,NO_2,Unplanned outage,A03,,2017-05-23 08:00:00+02:00,6y4wgEtUl3W7IczsEfMesA,309.0,Hydro Water Reservoir,50WP00000000822U,Vinje,Vinje,1,MAW,PT1M,1,2017-05-23 05:45:00+02:00
2017-05-23 05:53:36+02:00,930,NO_2,Unplanned outage,A03,,2017-05-23 07:00:00+02:00,TIDQP-zoPPotw6oJVZ5zrQ,1240.0,Hydro Water Reservoir,50WP00000000389I,Kvilldal,Kvilldal,1,MAW,PT1M,1,2017-05-23 05:50:00+02:00
2017-06-06 09:04:05+02:00,165,NO_2,Unplanned outage,A03,,2017-06-16 15:00:00+02:00,ByaCZU8tEaalyw4Z_O0xPg,415.0,Hydro Water Reservoir,50WP000000002811,Holen,Holen,1,MAW,PT1M,1,2017-06-09 15:00:00+02:00
2017-06-30 13:22:13+02:00,330,NO_2,Unplanned outage,A03,,2017-06-30 13:16:00+02:00,82dVrOlIuax0A4bfhdHIUg,433.0,Hydro Water Reservoir,50WP00000000745M,Tokke,Tokke,1,MAW,PT1M,6,2017-06-27 00:15:00+02:00
2017-07-31 06:34:38+02:00,0,NO_2,Unplanned outage,A03,,2017-07-31 07:15:00+02:00,pmJcZTQENx4a_bw9PcqxnQ,240.0,Hydro Water Reservoir,50WP00000000063B,Blafal.V,Blafal.V,1,MAW,PT1M,1,2017-07-31 06:15:00+02:00
2017-10-20 01:42:05+02:00,0,NO_2,Unplanned outage,A03,,2017-10-20 01:45:00+02:00,-MMFS1QNZz6_PICR3IgGlA,220.0,Hydro Water Reservoir,50WP000000005330,Oksla,Oksla,1,MAW,PT1M,2,2017-10-20 00:15:00+02:00
2017-10-23 06:13:37+02:00,320,NO_2,Unplanned outage,A03,,2017-10-23 12:00:00+02:00,zVpsgMIwnlhScKNDCaEBRw,640.0,Hydro Water Reservoir,50WP00000000607Y,Saurdal,Saurdal,1,MAW,PT1M,1,2017-10-23 05:45:00+02:00
2017-10-30 07:00:39+01:00,106,NO_2,Unplanned outage,A03,,2017-10-30 12:00:00+01:00,yukFg2p1yUOYOTO7zzHIhw,275.0,Hydro Water Reservoir,50WP00000000718P,Sonna,Sonna,1,MAW,PT1M,1,2017-10-30 07:00:00+01:00
2017-11-13 07:37:29+01:00,106,NO_2,Unplanned outage,A03,,2017-11-13 07:30:00+01:00,i2uXlEZOrlBZKZulyT1eHg,275.0,Hydro Water Reservoir,50WP00000000718P,Sonna,Sonna,1,MAW,PT1M,2,2017-11-13 05:45:00+01:00
2017-11-22 15:52:00+01:00,480,NO_2,Unplanned outage,A03,,2017-11-22 15:40:00+01:00,cqhakzcVB3y7QiPB54M6lw,640.0,Hydro Water Reservoir,50WP00000000607Y,Saurdal,Saurdal,1,MAW,PT1M,2,2017-11-22 14:20:00+01:00
2017-11-23 09:52:39+01:00,0,NO_2,Unplanned outage,A03,,2017-11-23 09:16:00+01:00,S3OXombopJYeHBfskTu1uQ,275.0,Hydro Water Reservoir,50WP00000000718P,Sonna,Sonna,1,MAW,PT1M,1,2017-11-23 08:23:00+01:00
2017-11-23 11:03:57+01:00,106,NO_2,Unplanned outage,A03,,2017-11-23 11:20:00+01:00,xmMG-gxVdCwMd2JQtXN6Ig,275.0,Hydro Water Reservoir,50WP00000000718P,Sonna,Sonna,1,MAW,PT1M,1,2017-11-23 10:01:00+01:00
2017-12-05 10:36:30+01:00,165,NO_2,Unplanned outage,A03,,2017-12-07 20:00:00+01:00,9f1c5u_qTNwkb_8-RAMLMg,415.0,Hydro Water Reservoir,50WP000000002811,Holen,Holen,1,MAW,PT1M,1,2017-12-07 08:00:00+01:00
2018-01-08 08:09:02+01:00,0,NO_2,Unplanned outage,A03,,2018-01-08 06:00:00+01:00,--aTrDrQXP8UQj-lsvelrw,220.0,Hydro Water Reservoir,50WP000000005330,Oksla,Oksla,1,MAW,PT30M,2,2018-01-08 05:30:00+01:00
2018-01-13 13:34:03+01:00,0,NO_2,Unplanned outage,A03,,2017-10-08 20:15:00+02:00,wC4gpq87zbEqLIU3R3vRiQ,220.0,Hydro Water Reservoir,50WP00000000775D,Tysso 2,Tysso 2,1,MAW,PT15M,17,2017-10-08 20:00:00+02:00
2018-01-16 07:26:59+01:00,265,NO_2,Unplanned outage,A03,,2018-01-16 07:15:00+01:00,AWTmcu_IQEo74Pl0ZsED1Q,415.0,Hydro Water Reservoir,50WP000000002811,Holen,Holen,1,MAW,PT15M,2,2018-01-16 07:00:00+01:00
2018-01-25 00:23:38+01:00,0,NO_2,Unplanned outage,A03,,2018-01-24 22:30:00+01:00,JD-kj6CGD2ZdjQEznXAw5w,204.0,Hydro Water Reservoir,50WP00000000807Q,Vemork,Vemork,1,MAW,PT1M,2,2018-01-24 22:28:00+01:00
2018-01-25 07:35:49+01:00,270,NO_2,Unplanned outage,A03,,2018-01-25 07:29:00+01:00,V3LLg_JL2YZCiux8y3o6mw,415.0,Hydro Water Reservoir,50WP000000002811,Holen,Holen,1,MAW,PT1M,2,2018-01-25 07:15:00+01:00
2018-03-13 14:10:49+01:00,275,NO_2,Unplanned outage,A03,,2018-03-16 14:00:00+01:00,TqS063EFpPuZ_v-cxE5_og,415.0,Hydro Water Reservoir,50WP000000002811,Holen,Holen,1,MAW,PT60M,1,2018-03-16 10:00:00+01:00
2018-05-24 09:51:51+02:00,0,NO_2,Unplanned outage,A03,,2018-04-27 13:00:00+02:00,bSzrHhhVaOTkbPsALS3A4A,370.0,Hydro Water Reservoir,50WP00000000880G,Lysebotn,Lysebotn 2,1,MAW,PT60M,2,2018-04-27 05:00:00+02:00
2018-05-24 09:54:43+02:00,0,NO_2,Unplanned outage,A03,,2018-05-07 06:30:00+02:00,Pq5W7Hn6v6O4awjyZDCGRg,370.0,Hydro Water Reservoir,50WP00000000880G,Lysebotn,Lysebotn 2,1,MAW,PT1M,2,2018-05-07 06:20:00+02:00
2018-05-24 09:57:30+02:00,0,NO_2,Unplanned outage,A03,,2018-05-15 08:00:00+02:00,45__D0033zSPaRmhczaR7Q,370.0,Hydro Water Reservoir,50WP00000000880G,Lysebotn,Lysebotn 2,1,MAW,PT60M,4,2018-05-11 12:00:00+02:00
2018-06-19 10:17:25+02:00,255,NO_2,Unplanned outage,A03,,2018-06-20 15:00:00+02:00,soq-D2zxkZj3I3ilxd68Fw,379.0,Hydro Water Reservoir,50WP000000000827,Brokke,Brokke,1,MAW,PT60M,1,2018-06-20 12:00:00+02:00
2018-06-28 15:31:38+02:00,255,NO_2,Unplanned outage,A03,,2018-07-03 20:00:00+02:00,CldFLh124gPo6Ok0zsF6fg,379.0,Hydro Water Reservoir,50WP000000000827,Brokke,Brokke,1,MAW,PT60M,1,2018-07-02 12:00:00+02:00
2018-07-01 06:18:34+02:00,0,NO_2,Unplanned outage,A03,,2018-07-01 10:00:00+02:00,rTGiPBa59_HWdfN_-RhUjg,370.0,Hydro Water Reservoir,50WP00000000880G,Lysebotn,Lysebotn 2,1,MAW,PT60M,1,2018-07-01 06:00:00+02:00
2018-07-01 08:06:56+02:00,0,NO_2,Unplanned outage,A03,,2018-07-01 08:05:00+02:00,u6IkHtQ_1SVYCxYxsbhzHQ,370.0,Hydro Water Reservoir,50WP00000000880G,Lysebotn,Lysebotn 2,1,MAW,PT1M,1,2018-07-01 08:00:00+02:00
2018-07-24 00:40:45+02:00,0,NO_2,Unplanned outage,A03,,2018-07-24 00:15:00+02:00,ObEwsaX1ewLy9baEueWQIg,309.0,Hydro Water Reservoir,50WP00000000822U,Vinje,Vinje,1,MAW,PT1M,1,2018-07-24 00:08:00+02:00
2018-07-24 06:38:05+02:00,0,NO_2,Unplanned outage,A03,,2018-07-24 06:15:00+02:00,LixmyAp5mEjg1S24cmF0bw,240.0,Hydro Water Reservoir,50WP00000000063B,Blafal.V,Blafal.V,1,MAW,PT1M,1,2018-07-24 06:10:00+02:00
2018-09-02 14:48:44+02:00,0,NO_2,Unplanned outage,A03,,2018-09-01 19:00:00+02:00,hOlnczxMeblsRS064Ikaqg,220.0,Hydro Water Reservoir,50WP000000005330,Oksla,Oksla,1,MAW,PT1M,8,2018-09-01 18:55:00+02:00
2018-09-06 08:23:44+02:00,0,NO_2,Unplanned outage,A03,,2018-09-06 05:15:00+02:00,FNB38iW_Ey6XrncpLXPdng,220.0,Hydro Water Reservoir,50WP000000005330,Oksla,Oksla,1,MAW,PT1M,2,2018-09-06 05:02:00+02:00
2018-09-08 02:20:15+02:00,0,NO_2,Unplanned outage,A03,,2018-09-08 04:00:00+02:00,IgRRNwY6p4MZ6-eI4S0hYA,220.0,Hydro Water Reservoir,50WP000000005330,Oksla,Oksla,1,MAW,PT60M,1,2018-09-08 02:00:00+02:00
2018-09-08 09:47:45+02:00,0,NO_2,Unplanned outage,A03,,2018-09-08 04:45:00+02:00,GwkdYV3cvwCJFE8FziRTTA,220.0,Hydro Water Reservoir,50WP000000005330,Oksla,Oksla,1,MAW,PT1M,2,2018-09-08 04:35:00+02:00
2018-09-08 21:25:37+02:00,0,NO_2,Unplanned outage,A03,,2018-09-08 21:30:00+02:00,QpleDOovVpg_49-Ty8bpww,220.0,Hydro Water Reservoir,50WP000000005330,Oksla,Oksla,1,MAW,PT15M,1,2018-09-08 21:15:00+02:00
2018-09-09 10:00:07+02:00,0,NO_2,Unplanned outage,A03,,2018-09-09 05:30:00+02:00,kNbloxh9WtXIda-5DWSXQw,220.0,Hydro Water Reservoir,50WP000000005330,Oksla,Oksla,1,MAW,PT1M,2,2018-09-09 05:20:00+02:00
2018-09-10 13:00:49+02:00,0,NO_2,Unplanned outage,A03,,2018-09-09 12:00:00+02:00,7rHczida6Hn0SwRSzMtgHw,220.0,Hydro Water Reservoir,50WP000000005330,Oksla,Oksla,1,MAW,PT30M,3,2018-09-09 11:30:00+02:00
2018-09-22 13:53:34+02:00,0,NO_2,Unplanned outage,A03,,2018-09-22 07:15:00+02:00,7ZODKK0kpHuSN9uwcrXcpg,220.0,Hydro Water Reservoir,50WP000000005330,Oksla,Oksla,1,MAW,PT1M,2,2018-09-22 07:10:00+02:00
2018-10-15 12:19:01+02:00,200,NO_2,Unplanned outage,A03,,2018-10-15 18:00:00+02:00,obMQPWCXlwLphAUQ7inmIA,440.0,Hydro Water Reservoir,50WP00000000745M,Tokke,Tokke,1,MAW,PT60M,1,2018-10-15 14:00:00+02:00
2018-10-16 11:17:58+02:00,255,NO_2,Unplanned outage,A03,,2018-10-24 15:00:00+02:00,FygNCBskK0UuFslGrz4Y_Q,379.0,Hydro Water Reservoir,50WP000000000827,Brokke,Brokke,1,MAW,PT60M,1,2018-10-24 09:00:00+02:00
2018-11-06 09:01:13+01:00,0,NO_2,Unplanned outage,A03,,2018-11-06 08:00:00+01:00,UxC5N9Htg8I1qc9k7dkWpA,220.0,Hydro Water Reservoir,50WP000000005330,Oksla,Oksla,1,MAW,PT60M,4,2018-11-05 16:00:00+01:00
2018-11-06 18:47:09+01:00,0,NO_2,Unplanned outage,A03,,2018-11-06 18:00:00+01:00,uRlDqaV0AdCsGT2qvxDbGg,220.0,Hydro Water Reservoir,50WP000000005330,Oksla,Oksla,1,MAW,PT1M,1,2018-11-06 17:50:00+01:00
2019-01-08 13:29:28+01:00,220,NO_2,Unplanned outage,A03,,2019-01-11 14:00:00+01:00,PqQw9ZQa7qgnGZIwPdOAaQ,415.0,Hydro Water Reservoir,50WP000000002811,Holen,Holen,1,MAW,PT60M,1,2019-01-11 10:00:00+01:00
2019-01-21 18:41:58+01:00,185,NO_2,Unplanned outage,A03,,2019-01-20 00:00:00+01:00,qfH47jtc6YE2WhPZ_4aXgA,370.0,Hydro Water Reservoir,50WP00000000880G,Lysebotn,Lysebotn 2,1,MAW,PT30M,5,2019-01-19 23:30:00+01:00
2019-02-19 08:55:10+01:00,0,NO_2,Unplanned outage,A03,,2019-02-19 09:00:00+01:00,KQrMLbYHnd6p2buA4FNaHQ,440.0,Hydro Water Reservoir,50WP00000000745M,Tokke,Tokke,1,MAW,PT1M,1,2019-02-19 08:50:00+01:00
2019-03-01 13:09:57+01:00,275,NO_2,Unplanned outage,A03,,2019-03-01 07:00:00+01:00,8A1-0Jfwm-xekCmImlEPaQ,415.0,Hydro Water Reservoir,50WP000000002811,Holen,Holen,1,MAW,PT30M,3,2019-03-01 06:30:00+01:00
2019-03-06 10:40:25+01:00,275,NO_2,Unplanned outage,A03,,2019-03-14 15:00:00+01:00,9wPgDG0VWZ2Zen2arTD9Lw,415.0,Hydro Water Reservoir,50WP000000002811,Holen,Holen,1,MAW,PT60M,1,2019-03-13 08:00:00+01:00
2019-03-13 23:32:57+01:00,0,NO_2,Unplanned outage,A03,,2019-03-13 22:45:00+01:00,imvc_Ca8P6PsB2zW7nt0Ug,204.0,Hydro Water Reservoir,50WP00000000807Q,Vemork,Vemork,1,MAW,PT1M,1,2019-03-13 22:33:00+01:00
2019-04-09 13:11:33+02:00,104,NO_2,Unplanned outage,A03,,2019-04-09 13:00:00+02:00,50qOzAM5PKsx6f9C5__3Uw,104.0,Hydro Water Reservoir,50WP00000000632Z,Skjerka,Skjerka,1,MAW,PT60M,4,2019-04-05 22:00:00+02:00
2019-05-06 07:29:13+02:00,0,NO_2,Unplanned outage,A03,,2019-05-06 06:30:00+02:00,iYtBHlHmYUcH4-5gcIKQmA,104.0,Hydro Water Reservoir,50WP00000000632Z,Skjerka,Skjerka,1,MAW,PT15M,2,2019-05-06 06:15:00+02:00
2019-05-07 09:20:28+02:00,104,NO_2,Unplanned outage,A03,,2019-05-07 06:00:00+02:00,SrSYFCsl6v4bvOyzd2MCGA,104.0,Hydro Water Reservoir,50WP00000000632Z,Skjerka,Skjerka,1,MAW,PT15M,3,2019-05-07 05:45:00+02:00
2019-05-07 11:14:25+02:00,255,NO_2,Unplanned outage,A03,,2019-05-07 11:15:00+02:00,NXU21aDN-6XdQNi1eEIXOQ,379.0,Hydro Water Reservoir,50WP000000000827,Brokke,Brokke,1,MAW,PT1M,2,2019-05-07 11:10:00+02:00
2019-05-08 09:10:16+02:00,255,NO_2,Unplanned outage,A03,,2019-05-08 07:30:00+02:00,BpEEhR2zDTLCYk43uXb_nA,379.0,Hydro Water Reservoir,50WP000000000827,Brokke,Brokke,1,MAW,PT15M,2,2019-05-08 07:15:00+02:00
2019-05-09 11:02:29+02:00,110,NO_2,Unplanned outage,A03,,2019-05-09 18:00:00+02:00,fFWjG9NhNjSh5vo43VWWgQ,220.0,Hydro Water Reservoir,50WP00000000775D,Tysso 2,Tysso 2,1,MAW,PT60M,3,2019-05-08 18:00:00+02:00
2019-05-21 07:51:28+02:00,104,NO_2,Unplanned outage,A03,,2019-05-21 06:30:00+02:00,7v1wStqt3sjCQXllZTIltw,104.0,Hydro Water Reservoir,50WP00000000632Z,Skjerka,Skjerka,1,MAW,PT1M,2,2019-05-21 06:20:00+02:00
2019-05-28 06:55:24+02:00,0,NO_2,Unplanned outage,A03,,2019-05-28 05:45:00+02:00,OkvUdIE8R-fV2AXx1ojc6Q,104.0,Hydro Water Reservoir,50WP00000000632Z,Skjerka,Skjerka,1,MAW,PT1M,2,2019-05-28 05:40:00+02:00
2019-06-11 08:00:15+02:00,104,NO_2,Unplanned outage,A03,,2019-06-11 05:45:00+02:00,nXca-xAOLAQQxLLcSM-pPw,104.0,Hydro Water Reservoir,50WP00000000632Z,Skjerka,Skjerka,1,MAW,PT1M,4,2019-06-11 05:35:00+02:00
2019-06-11 14:01:13+02:00,104,NO_2,Unplanned outage,A03,,2019-06-11 12:15:00+02:00,Zn4T_WlLrisjzxBAdug8PQ,104.0,Hydro Water Reservoir,50WP00000000632Z,Skjerka,Skjerka,1,MAW,PT1M,3,2019-06-11 12:07:00+02:00
2019-06-24 08:28:24+02:00,104,NO_2,Unplanned outage,A03,,2019-06-24 08:00:00+02:00,wVCTT-gZ2ks3O9Qb9vsGDQ,104.0,Hydro Water Reservoir,50WP00000000632Z,Skjerka,Skjerka,1,MAW,PT60M,2,2019-06-24 07:00:00+02:00
2019-06-25 13:38:06+02:00,104,NO_2,Unplanned outage,A03,,2019-06-25 11:30:00+02:00,hc5ZSBoaCkc7jtLh5V_L8Q,104.0,Hydro Water Reservoir,50WP00000000632Z,Skjerka,Skjerka,1,MAW,PT1M,2,2019-06-25 11:24:00+02:00
2019-07-13 08:12:58+02:00,0,NO_2,Unplanned outage,A03,,2019-07-13 03:15:00+02:00,d70JezUAJ-FkcvakTGGL7g,220.0,Hydro Water Reservoir,50WP000000005330,Oksla,Oksla,1,MAW,PT1M,3,2019-07-13 03:05:00+02:00
2019-07-14 01:22:15+02:00,0,NO_2,Unplanned outage,A03,,2019-07-14 01:30:00+02:00,DecA7ZoZ8ieeVq6dnMdFGA,220.0,Hydro Water Reservoir,50WP000000005330,Oksla,Oksla,1,MAW,PT1M,1,2019-07-14 01:20:00+02:00
2019-07-15 07:50:37+02:00,0,NO_2,Unplanned outage,A03,,2019-07-15 10:00:00+02:00,oplQ7DNdsD96yxoavoi2gw,220.0,Hydro Water Reservoir,50WP000000005330,Oksla,Oksla,1,MAW,PT60M,2,2019-07-14 09:00:00+02:00
2019-07-29 14:52:28+02:00,263,NO_2,Unplanned outage,A03,,2019-07-29 14:00:00+02:00,yB1F61egSsQwKubnkM-wtQ,379.0,Hydro Water Reservoir,50WP000000000827,Brokke,Brokke,1,MAW,PT60M,3,2019-07-29 08:00:00+02:00
2019-08-08 21:17:51+02:00,104,NO_2,Unplanned outage,A03,,2019-08-08 19:00:00+02:00,CtPVfQ2PIRdUQtz7KMMmTQ,104.0,Hydro Water Reservoir,50WP00000000632Z,Skjerka,Skjerka,1,MAW,PT1M,2,2019-08-08 18:51:00+02:00
2019-09-26 15:16:15+02:00,220,NO_2,Unplanned outage,A03,,2019-09-26 15:00:00+02:00,Ny-fhlSdXFgWWegWT4notA,415.0,Hydro Water Reservoir,50WP000000002811,Holen,Holen,1,MAW,PT60M,1,2019-09-26 10:00:00+02:00
2019-10-23 18:04:53+02:00,0,NO_2,Unplanned outage,A03,,2019-10-23 19:00:00+02:00,bEA8suIrn9NstCl924p1ew,640.0,Hydro Water Reservoir,50WP00000000607Y,Saurdal,Saurdal,1,MAW,PT60M,1,2019-10-23 18:00:00+02:00
2019-10-23 20:40:27+02:00,0,NO_2,Unplanned outage,A03,,2019-10-23 20:00:00+02:00,zMkNL0ZWe792iSCgu1SuKQ,640.0,Hydro Water Reservoir,50WP00000000607Y,Saurdal,Saurdal,1,MAW,PT15M,2,2019-10-23 19:45:00+02:00
2019-11-28 08:05:43+01:00,0,NO_2,Unplanned outage,A03,,2019-11-28 14:00:00+01:00,OPmBf5O7DPHTW13Rg28HOA,370.0,Hydro Water Reservoir,50WP00000000880G,Lysebotn,Lysebotn 2,1,MAW,PT60M,1,2019-11-28 08:00:00+01:00
2019-12-02 12:42:36+01:00,105,NO_2,Unplanned outage,A03,,2019-12-02 11:30:00+01:00,K7zeYV-0xHJj7glngQzFRw,104.0,Hydro Water Reservoir,50WP00000000632Z,Skjerka,Skjerka,1,MAW,PT1M,2,2019-12-02 11:18:00+01:00
2019-12-06 10:10:32+01:00,273,NO_2,Unplanned outage,A03,,2019-12-06 10:00:00+01:00,4LY1COxm08s81Mm2uthu9Q,415.0,Hydro Water Reservoir,50WP000000002811,Holen,Holen,1,MAW,PT60M,2,2019-12-05 22:00:00+01:00
2019-12-19 15:54:30+01:00,275,NO_2,Unplanned outage,A03,,2019-12-19 18:00:00+01:00,aPhHSEEGEqGZ4UeCueTEeQ,415.0,Hydro Water Reservoir,50WP000000002811,Holen,Holen,1,MAW,PT60M,3,2019-12-18 09:00:00+01:00
2020-01-03 09:45:42+01:00,265,NO_2,Unplanned outage,A03,,2019-12-24 00:15:00+01:00,_cQFfC2GDV5oLnQvPjPs6w,379.0,Hydro Water Reservoir,50WP000000000827,Brokke,Brokke,1,MAW,PT1M,4,2019-12-24 00:03:00+01:00
2020-01-17 08:11:20+01:00,104,NO_2,Unplanned outage,A03,,2020-01-17 07:00:00+01:00,-ZPuK2f9fmCkSySh1xKBhQ,104.0,Hydro Water Reservoir,50WP00000000632Z,Skjerka,Skjerka,1,MAW,PT30M,2,2020-01-17 06:30:00+01:00
2020-01-19 20:33:52+01:00,103,NO_2,Unplanned outage,A03,,2020-01-19 21:00:00+01:00,JdMBHiy6a4jW6NFXRLw4hA,104.0,Hydro Water Reservoir,50WP00000000632Z,Skjerka,Skjerka,1,MAW,PT30M,1,2020-01-19 20:30:00+01:00
2020-01-23 08:34:25+01:00,0,NO_2,Unplanned outage,A03,,2020-01-22 17:00:00+01:00,G_yHf31ZBhAYVPo2rnc0RA,640.0,Hydro Water Reservoir,50WP00000000607Y,Saurdal,Saurdal,1,MAW,PT1M,2,2020-01-22 16:50:00+01:00
2020-01-28 15:16:11+01:00,0,NO_2,Unplanned outage,A03,,2020-01-28 15:10:00+01:00,t9sMOTF6RoKruO7ALmi3rA,220.0,Hydro Water Reservoir,50WP000000005330,Oksla,Oksla,1,MAW,PT1M,2,2020-01-28 14:48:00+01:00
2020-01-31 10:58:45+01:00,0,NO_2,Unplanned outage,A03,,2020-01-31 13:00:00+01:00,Ia9m2Ydgu-SKARL1t1-VQQ,104.0,Hydro Water Reservoir,50WP00000000632Z,Skjerka,Skjerka,1,MAW,PT60M,1,2020-01-31 12:00:00+01:00
2020-02-09 07:37:40+01:00,0,NO_2,Unplanned outage,A03,,2020-02-09 07:00:00+01:00,ArI7uwu_kn8MIR0KUNyjLg,370.0,Hydro Water Reservoir,50WP00000000880G,Lysebotn,Lysebotn 2,1,MAW,PT60M,2,2020-02-09 03:00:00+01:00
2020-02-16 17:40:30+01:00,0,NO_2,Unplanned outage,A03,,2020-02-16 17:00:00+01:00,mDxXzAgOS2a2iGIeG_aCvw,220.0,Hydro Water Reservoir,50WP000000005330,Oksla,Oksla,1,MAW,PT1M,2,2020-02-16 16:50:00+01:00
2020-03-16 13:45:19+01:00,0,NO_2,Unplanned outage,A03,,2020-03-15 08:15:00+01:00,b2IuiKi85z3y0L7mQAmlhQ,640.0,Hydro Water Reservoir,50WP00000000607Y,Saurdal,Saurdal,1,MAW,PT1M,5,2020-03-15 08:13:00+01:00
2020-03-18 09:49:40+01:00,104,NO_2,Unplanned outage,A03,,2020-03-20 20:00:00+01:00,jNiVBWlO7vDfXBGrw4NnkA,104.0,Hydro Water Reservoir,50WP00000000632Z,Skjerka,Skjerka,1,MAW,PT60M,1,2020-03-20 08:00:00+01:00
2020-03-25 08:55:25+01:00,104,NO_2,Unplanned outage,A03,,2020-03-25 08:00:00+01:00,IAH53Ut6SMdOWnCcXoQRtg,104.0,Hydro Water Reservoir,50WP00000000632Z,Skjerka,Skjerka,1,MAW,PT60M,2,2020-03-25 06:00:00+01:00
2020-04-07 06:09:51+02:00,0,NO_2,Unplanned outage,A03,,2020-04-07 05:45:00+02:00,xiEA2q-ACOK-iOWho2NeTA,440.0,Hydro Water Reservoir,50WP00000000745M,Tokke,Tokke,1,MAW,PT1M,1,2020-04-07 05:35:00+02:00
2020-04-13 06:25:13+02:00,0,NO_2,Unplanned outage,A03,,2020-04-13 04:30:00+02:00,7Qkryoq5_XeR6suE9n80Yw,440.0,Hydro Water Reservoir,50WP00000000745M,Tokke,Tokke,1,MAW,PT1M,2,2020-04-13 04:25:00+02:00
2020-05-08 23:24:54+02:00,104,NO_2,Unplanned outage,A03,,2020-05-08 22:15:00+02:00,gwVTJ9qhcGlFTc6Hu13xHA,104.0,Hydro Water Reservoir,50WP00000000632Z,Skjerka,Skjerka,1,MAW,PT1M,3,2020-05-08 22:02:00+02:00
2020-05-15 15:39:12+02:00,0,NO_2,Unplanned outage,A03,,2020-05-15 06:30:00+02:00,xrwkGEVT-VfoONOKS86tLg,1240.0,Hydro Water Reservoir,50WP00000000389I,Kvilldal,Kvilldal,1,MAW,PT15M,3,2020-05-15 06:15:00+02:00
2020-06-05 13:42:14+02:00,0,NO_2,Unplanned outage,A03,,2020-06-05 14:00:00+02:00,PJmLfS7nVHNnpdqcBswicQ,240.0,Hydro Water Reservoir,50WP00000000063B,Blafal.V,Blafal.V,1,MAW,PT60M,3,2020-06-02 10:00:00+02:00
2020-06-08 11:20:53+02:00,0,NO_2,Unplanned outage,A03,,2020-06-08 02:00:00+02:00,0cJ4yOyEHU5SK7EgYx1YNQ,220.0,Hydro Water Reservoir,50WP000000005330,Oksla,Oksla,1,MAW,PT1M,2,2020-06-08 01:50:00+02:00
2020-07-01 14:23:47+02:00,0,NO_2,Unplanned outage,A03,,2020-07-01 14:00:00+02:00,iS5KsW1-MzZOINfmdzzUzQ,370.0,Hydro Water Reservoir,50WP00000000880G,Lysebotn,Lysebotn 2,1,MAW,PT60M,2,2020-07-01 09:00:00+02:00
2020-07-06 08:14:12+02:00,220,NO_2,Unplanned outage,A03,,2020-07-04 21:00:00+02:00,OczcFzh3dUzHShp0nzLz9A,440.0,Hydro Water Reservoir,50WP00000000745M,Tokke,Tokke,1,MAW,PT1M,4,2020-07-04 20:50:00+02:00
2020-08-07 21:34:56+02:00,104,NO_2,Unplanned outage,A03,,2020-08-07 21:30:00+02:00,bX-evo1ah_3unZexdHHtQA,104.0,Hydro Water Reservoir,50WP00000000632Z,Skjerka,Skjerka,1,MAW,PT1M,1,2020-08-07 21:20:00+02:00
2020-08-28 10:43:13+02:00,220,NO_2,Unplanned outage,A03,,2020-08-27 09:30:00+02:00,cfsQQ_cwcyh04gZ-qDFYMw,415.0,Hydro Water Reservoir,50WP000000002811,Holen,Holen,1,MAW,PT1M,2,2020-08-27 09:20:00+02:00
2020-09-01 11:06:09+02:00,106,NO_2,Unplanned outage,A03,,2020-09-02 11:00:00+02:00,gAiqMZeRA1RFX91mXPc5mA,275.0,Hydro Water Reservoir,50WP00000000718P,Sonna,Sonna,1,MAW,PT60M,1,2020-09-02 07:00:00+02:00
2020-09-07 10:15:11+02:00,0,NO_2,Unplanned outage,A03,,2020-09-07 09:45:00+02:00,tWZBzrKMDRMT1jjEKSK89Q,370.0,Hydro Water Reservoir,50WP00000000880G,Lysebotn,Lysebotn 2,1,MAW,PT1M,2,2020-09-07 09:36:00+02:00
2020-10-08 08:41:10+02:00,310,NO_2,Unplanned outage,A03,,2020-10-08 08:40:00+02:00,BFAShC2euY1b4w-P5zHQKQ,1240.0,Hydro Water Reservoir,50WP00000000389I,Kvilldal,Kvilldal,1,MAW,PT1M,2,2020-10-08 08:30:00+02:00
2020-10-19 11:06:42+02:00,94,NO_2,Unplanned outage,A03,,2020-10-18 08:30:00+02:00,bimsvk8IJ_3LBOdICEvvFA,104.0,Hydro Water Reservoir,50WP00000000632Z,Skjerka,Skjerka,1,MAW,PT1M,2,2020-10-18 08:20:00+02:00
2020-11-15 17:23:47+01:00,160,NO_2,Unplanned outage,A03,,2020-11-15 16:30:00+01:00,ZcuEedfF2KiBE4Mh_ZCHOw,640.0,Hydro Water Reservoir,50WP00000000607Y,Saurdal,Saurdal,1,MAW,PT1M,2,2020-11-15 16:20:00+01:00
2020-11-17 13:33:19+01:00,0,NO_2,Unplanned outage,A03,,2020-11-18 05:45:00+01:00,Q6PVjL6SpYFM_iAPcJBO5Q,370.0,Hydro Water Reservoir,50WP00000000880G,Lysebotn,Lysebotn 2,1,MAW,PT15M,1,2020-11-18 05:30:00+01:00
2020-12-14 14:49:23+01:00,275,NO_2,Unplanned outage,A03,,2020-12-07 14:00:00+01:00,HGfDSoRru-dcPTk162Eikg,415.0,Hydro Water Reservoir,50WP000000002811,Holen,Holen,1,MAW,PT15M,9,2020-12-07 13:45:00+01:00
2020-12-17 07:43:09+01:00,165,NO_2,Unplanned outage,A03,,2020-12-17 07:00:00+01:00,ypMdQnPCx26VPvn5L35-gw,415.0,Hydro Water Reservoir,50WP000000002811,Holen,Holen,1,MAW,PT60M,2,2020-12-17 06:00:00+01:00
2020-12-23 12:38:05+01:00,104,NO_2,Unplanned outage,A03,,2020-12-23 12:24:00+01:00,EpK6YikPhBAizO-4nxKalQ,104.0,Hydro Water Reservoir,50WP00000000632Z,Skjerka,Skjerka,1,MAW,PT1M,3,2020-12-23 12:15:00+01:00
2021-01-20 13:47:25+01:00,480,NO_2,Unplanned outage,A03,,2021-01-20 13:42:00+01:00,Luqw0smjK7SUXBdeSH9oWA,640.0,Hydro Water Reservoir,50WP00000000607Y,Saurdal,Saurdal,1,MAW,PT1M,2,2021-01-20 13:30:00+01:00
2021-03-14 00:28:23+01:00,185,NO_2,Unplanned outage,A03,,2021-03-14 01:00:00+01:00,eVBK2L7E8E0pysAFuV5hRA,370.0,Hydro Water Reservoir,50WP00000000880G,Lysebotn,Lysebotn 2,1,MAW,PT30M,1,2021-03-14 00:30:00+01:00
2021-03-28 21:59:53+02:00,185,NO_2,Unplanned outage,A03,,2021-03-28 21:45:00+02:00,E8GF1VxALq_RwWe6CvAFEA,370.0,Hydro Water Reservoir,50WP00000000880G,Lysebotn,Lysebotn 2,1,MAW,PT15M,2,2021-03-28 21:30:00+02:00
2021-09-16 16:34:14+02:00,220,NO_2,Unplanned outage,A03,,2021-06-25 11:00:00+02:00,7GP2EqgVXa9Fya3N3f_mVw,415.0,Hydro Water Reservoir,50WP000000002811,Holen,Holen,1,MAW,PT30M,11,2021-06-25 10:30:00+02:00
2021-07-28 08:27:12+02:00,0,NO_2,Unplanned outage,A03,,2021-07-28 01:30:00+02:00,cxwAGDkMl6oCmOcn6yxnnQ,220.0,Hydro Water Reservoir,50WP000000005330,Oksla,Oksla,1,MAW,PT1M,3,2021-07-28 01:28:00+02:00
2021-08-26 10:04:42+02:00,0,NO_2,Unplanned outage,A03,,2021-08-25 16:45:00+02:00,xyfFtWcdQaRHXBzXrDDmSQ,220.0,Hydro Water Reservoir,50WP000000005330,Oksla,Oksla,1,MAW,PT1M,3,2021-08-25 16:40:00+02:00
2021-09-07 08:44:39+02:00,104,NO_2,Unplanned outage,A03,,2021-09-08 14:00:00+02:00,z0FGJ6BqyZPG79_vTp3saQ,104.0,Hydro Water Reservoir,50WP00000000632Z,Skjerka,Skjerka,1,MAW,PT60M,1,2021-09-08 12:00:00+02:00
2021-09-14 09:38:40+02:00,104,NO_2,Unplanned outage,A03,,2021-09-14 13:00:00+02:00,qOYOcvEg4-VCAlgjxDluMg,104.0,Hydro Water Reservoir,50WP00000000632Z,Skjerka,Skjerka,1,MAW,PT60M,2,2021-09-14 10:00:00+02:00
2021-09-19 12:16:45+02:00,160,NO_2,Unplanned outage,A03,,2021-09-19 15:00:00+02:00,y5Wg9xxOFxvpeHluyidtuQ,640.0,Hydro Water Reservoir,50WP00000000607Y,Saurdal,Saurdal,1,MAW,PT60M,1,2021-09-19 12:00:00+02:00
2021-10-07 10:33:10+02:00,110,NO_2,Unplanned outage,A03,,2021-10-07 10:15:00+02:00,EIGBLLtU_NOmDe7CJzVGlw,440.0,Hydro Water Reservoir,50WP00000000745M,Tokke,Tokke,1,MAW,PT15M,4,2021-10-07 10:00:00+02:00
2021-11-08 05:05:55+01:00,0,NO_2,Unplanned outage,A03,,2021-11-08 09:00:00+01:00,RIdCNQCnmfUAsN7LlGkkrQ,220.0,Hydro Water Reservoir,50WP000000005330,Oksla,Oksla,1,MAW,PT60M,1,2021-11-08 05:00:00+01:00
2021-11-08 09:30:25+01:00,275,NO_2,Unplanned outage,A03,,2021-11-09 14:00:00+01:00,-zYcGaEG81MbSdxW4Ucqmw,415.0,Hydro Water Reservoir,50WP000000002811,Holen,Holen,1,MAW,PT60M,1,2021-11-09 09:00:00+01:00
2021-11-09 11:03:17+01:00,104,NO_2,Unplanned outage,A03,,2021-11-16 18:00:00+01:00,Gav8GdQsMshPKdSJZJGO3A,104.0,Hydro Water Reservoir,50WP00000000632Z,Skjerka,Skjerka,1,MAW,PT60M,1,2021-11-15 14:00:00+01:00
2021-11-29 15:11:29+01:00,275,NO_2,Unplanned outage,A03,,2021-11-28 12:30:00+01:00,6lr-KUKF_jhxCFj_G_ZLLA,415.0,Hydro Water Reservoir,50WP000000002811,Holen,Holen,1,MAW,PT1M,4,2021-11-28 12:26:00+01:00
2021-11-29 16:14:31+01:00,0,NO_2,Unplanned outage,A03,,2021-12-03 07:00:00+01:00,2mFcl0S-kma9vZK0mr3kHA,379.0,Hydro Water Reservoir,50WP000000000827,Brokke,Brokke,1,MAW,PT60M,3,2021-11-29 06:00:00+01:00
2021-12-08 09:18:11+01:00,104,NO_2,Unplanned outage,A03,,2021-12-08 07:45:00+01:00,3R-trLGrouVczfUmXqi3Qw,104.0,Hydro Water Reservoir,50WP00000000632Z,Skjerka,Skjerka,1,MAW,PT1M,2,2021-12-08 07:40:00+01:00
2021-12-17 13:11:45+01:00,275,NO_2,Unplanned outage,A03,,2021-12-17 15:00:00+01:00,ZfGEkcYSxUZ5whuEcuwojA,415.0,Hydro Water Reservoir,50WP000000002811,Holen,Holen,1,MAW,PT60M,1,2021-12-17 14:00:00+01:00
2021-12-30 09:41:14+01:00,0,NO_2,Unplanned outage,A03,,2021-12-30 11:00:00+01:00,XMRjIcc0YMS9sltAkUFggA,220.0,Hydro Water Reservoir,50WP000000005330,Oksla,Oksla,1,MAW,PT60M,2,2021-12-30 08:00:00+01:00
2022-01-24 08:26:55+01:00,480,NO_2,Unplanned outage,A03,,2022-01-24 12:00:00+01:00,BvmnwnrD8kmDpd2c1Bad4A,640.0,Hydro Water Reservoir,50WP00000000607Y,Saurdal,Saurdal,1,MAW,PT60M,2,2022-01-24 09:00:00+01:00
2022-02-02 07:35:40+01:00,150,NO_2,Unplanned outage,A03,,2022-02-02 07:30:00+01:00,Kc0wqQFRNDIOF1Lo0tLr4Q,640.0,Hydro Water Reservoir,50WP00000000607Y,Saurdal,Saurdal,1,MAW,PT30M,2,2022-02-02 06:30:00+01:00
2022-02-10 14:59:21+01:00,280,NO_2,Unplanned outage,A03,,2022-02-18 15:00:00+01:00,OPVJNSDMOIADsB97dMbQRg,379.0,Hydro Water Reservoir,50WP000000000827,Brokke,Brokke,1,MAW,PT60M,1,2022-02-17 08:00:00+01:00
2022-02-15 21:05:08+01:00,275,NO_2,Unplanned outage,A03,,2022-02-18 12:00:00+01:00,0B42w-L2Jv-uRI_jMeDOGw,415.0,Hydro Water Reservoir,50WP000000002811,Holen,Holen,1,MAW,PT60M,1,2022-02-18 09:00:00+01:00
2022-03-29 09:10:45+02:00,104,NO_2,Unplanned outage,A03,,2022-03-31 20:00:00+02:00,bxfcBMOAEpiBP0dLpJU7MA,104.0,Hydro Water Reservoir,50WP00000000632Z,Skjerka,Skjerka,1,MAW,PT60M,1,2022-03-31 11:00:00+02:00
2022-04-02 19:01:21+02:00,0,NO_2,Unplanned outage,A03,,2022-04-02 17:30:00+02:00,glvt2zpyzApH2jC4ojySDg,220.0,Hydro Water Reservoir,50WP000000005330,Oksla,Oksla,1,MAW,PT15M,2,2022-04-02 17:15:00+02:00
2022-04-13 01:46:42+02:00,0,NO_2,Unplanned outage,A03,,2022-04-13 00:30:00+02:00,YLKpzWFAR-APq195Hz3v3A,204.0,Hydro Water Reservoir,50WP00000000807Q,Vemork,Vemork,1,MAW,PT1M,2,2022-04-13 00:20:00+02:00
2022-04-17 18:55:50+02:00,0,NO_2,Unplanned outage,A03,,2022-04-17 18:55:00+02:00,z9xyigeeNZyAizmVrw1V1g,220.0,Hydro Water Reservoir,50WP000000005330,Oksla,Oksla,1,MAW,PT1M,2,2022-04-17 18:45:00+02:00
2022-04-28 10:30:12+02:00,220,NO_2,Unplanned outage,A03,,2022-04-29 15:00:00+02:00,-Jj7mI95-FgJF9Bl8jFkFw,415.0,Hydro Water Reservoir,50WP000000002811,Holen,Holen,1,MAW,PT60M,1,2022-04-29 08:00:00+02:00
2022-05-07 10:12:42+02:00,0,NO_2,Unplanned outage,A03,,2022-05-06 23:00:00+02:00,zXECDBDpelxh-uaJa4OZVw,104.0,Hydro Water Reservoir,50WP00000000632Z,Skjerka,Skjerka,1,MAW,PT15M,2,2022-05-06 22:45:00+02:00
2022-05-11 19:06:27+02:00,0,NO_2,Unplanned outage,A03,,2022-05-11 19:15:00+02:00,UxcKVYDMBjeLXyucdrfhiA,220.0,Hydro Water Reservoir,50WP000000005330,Oksla,Oksla,1,MAW,PT1M,1,2022-05-11 19:05:00+02:00
2022-05-12 12:15:16+02:00,320,NO_2,Unplanned outage,A03,,2022-05-14 16:00:00+02:00,X0gXyeeWcmCPOUuy5p8V8Q,960.0,Hydro Water Reservoir,50WP00000000747I,Tonstad,Tonstad,1,MAW,PT60M,4,2022-05-09 07:00:00+02:00
2022-05-12 13:29:47+02:00,220,NO_2,Unplanned outage,A03,,2022-05-18 08:00:00+02:00,YVyIIA-XUlZQWglwGXNbjA,415.0,Hydro Water Reservoir,50WP000000002811,Holen,Holen,1,MAW,PT60M,2,2022-05-01 00:00:00+02:00
2022-05-12 13:34:19+02:00,185,NO_2,Unplanned outage,A03,,2022-05-12 13:00:00+02:00,M0qmOzicIjBSqZVbKc3G_Q,370.0,Hydro Water Reservoir,50WP00000000880G,Lysebotn,Lysebotn 2,1,MAW,PT60M,2,2022-05-11 11:00:00+02:00
2022-06-23 11:07:43+02:00,275,NO_2,Unplanned outage,A03,,2022-06-29 17:00:00+02:00,VE_pRQr0arDeM-TIEZjeKg,415.0,Hydro Water Reservoir,50WP000000002811,Holen,Holen,1,MAW,PT60M,1,2022-06-29 08:00:00+02:00
