2015-04-21 08:29:14+02:00,224,NO_1,Unplanned outage,A03,,2015-04-21 08:00:00+02:00,faKx_Hi4mSR2yRl7jF3jIA,332.0,Hydro Water Reservoir,50WP000000005039,Nedre Vinstra,Nedre Vinstra,1,MAW,PT1M,2,2015-04-14 06:25:00+02:00
2015-04-24 10:50:24+02:00,224,NO_1,Unplanned outage,A03,,2015-04-30 15:00:00+02:00,d1_5s-EfRBxLUMYE-KHVYQ,332.0,Hydro Water Reservoir,50WP000000005039,Nedre Vinstra,Nedre Vinstra,1,MAW,PT1M,2,2015-04-24 06:15:00+02:00
2016-05-23 04:01:14+02:00,214,NO_1,Unplanned outage,A03,,2016-05-23 12:00:00+02:00,uqzFrSpNffZ_XKbf-rkq3Q,342.5,Hydro Water Reservoir,50WP000000005039,Nedre Vinstra,Nedre Vinstra,1,MAW,PT1M,2,2016-05-22 14:45:00+02:00
2016-12-07 10:01:25+01:00,210,NO_1,Unplanned outage,A03,,2017-03-01 08:00:00+01:00,ZT3OALZ0XwC-27p4_nM_UA,342.5,Hydro Water Reservoir,50WP000000005039,Nedre Vinstra,Nedre Vinstra,1,MAW,PT1M,2,2016-10-25 16:20:00+02:00
2018-08-22 14:52:45+02:00,214,NO_1,Unplanned outage,A03,,2018-08-22 14:00:00+02:00,PdAegrvcugavnzvffUKjyQ,344.0,Hydro Water Reservoir,50WP000000005039,Nedre Vinstra,Nedre Vinstra,1,MAW,PT60M,2,2018-08-20 08:00:00+02:00
2019-01-13 10:38:17+01:00,224,NO_1,Unplanned outage,A03,,2019-01-13 10:45:00+01:00,WVSMG1yU5uXBXa2ZbSOfTQ,344.0,Hydro Water Reservoir,50WP000000005039,Nedre Vinstra,Nedre Vinstra,1,MAW,PT1M,1,2019-01-13 10:35:00+01:00
2019-02-09 07:34:51+01:00,202,NO_1,Unplanned outage,A03,,2019-02-09 07:15:00+01:00,KxrRMa5EEM3dz1NPeX0qSA,344.0,Hydro Water Reservoir,50WP000000005039,Nedre Vinstra,Nedre Vinstra,1,MAW,PT1M,2,2019-02-09 07:04:00+01:00
2019-09-09 10:21:24+02:00,255,NO_1,Unplanned outage,A03,,2019-09-11 12:00:00+02:00,D0QPna6Ux5aApoCONyQTfw,213.0,Hydro Run-of-river and poundage,50WP000000007957,Vamma,Vamma,1,MAW,PT60M,2,2019-09-07 20:00:00+02:00
2019-10-21 10:57:56+02:00,220,NO_1,Unplanned outage,A03,,2019-09-16 15:00:00+02:00,Cn_1hGUi3aj1Eyl5vTX3qw,213.0,Hydro Run-of-river and poundage,50WP000000007957,Vamma,Vamma,1,MAW,PT1M,4,2019-09-16 14:50:00+02:00
2020-01-03 13:40:21+01:00,223,NO_1,Unplanned outage,A03,,2020-01-02 09:00:00+01:00,KkJpjVvsj8tuo-bT4XIJQw,344.0,Hydro Water Reservoir,50WP000000005039,Nedre Vinstra,Nedre Vinstra,1,MAW,PT1M,2,2020-01-02 08:53:00+01:00
2020-03-20 14:48:46+01:00,225,NO_1,Unplanned outage,A03,,2020-03-27 15:00:00+01:00,UtqZuCgTv3zcWZB4FSfduA,213.0,Hydro Run-of-river and poundage,50WP000000007957,Vamma,Vamma,1,MAW,PT60M,2,2020-03-24 08:00:00+01:00
2022-05-18 08:08:28+02:00,230,NO_1,Unplanned outage,A03,,2022-05-18 15:00:00+02:00,q6qiNN_tJFUGRk5zF4LnrQ,344.0,Hydro Water Reservoir,50WP000000005039,Nedre Vinstra,Nedre Vinstra,1,MAW,PT60M,2,2022-05-17 08:00:00+02:00
