2015-06-24 06:26:50+02:00,68.8,AT,Unplanned outage,A03,,2015-05-29 00:00:00+02:00,V5rm_aVxM3wWaoHJWMdEug,216.8,Fossil Gas,14WLSG-MITTE---U,intra_zonal,FHKW Linz Mitte,1,MAW,PT1M,28,2015-04-17 00:00:00+02:00
2015-12-08 11:25:13+01:00,68.8,AT,Unplanned outage,A03,,2015-05-29 00:00:00+02:00,wjgrT1M3LfzXPhpc2UpggQ,216.8,Fossil Gas,14WLSG-MITTE---U,intra_zonal,FHKW Linz Mitte,1,MAW,PT1M,1,2015-04-17 00:00:00+02:00
2016-01-19 18:24:50+01:00,73.8,AT,Unplanned outage,A03,,2016-01-19 18:06:00+01:00,g86Ml8S4IQCe7oIkpXaaNA,216.8,Fossil Gas,14WLSG-MITTE---U,intra_zonal,FHKW Linz Mitte,1,MAW,PT1M,2,2016-01-19 15:33:00+01:00
2016-10-16 03:01:34+02:00,78.8,AT,Unplanned outage,A03,,2016-10-16 00:00:00+02:00,4ZPPMLfeiZNGZ5rnYsN6pA,216.8,Fossil Gas,14WLSG-MITTE---U,intra_zonal,FHKW Linz Mitte,1,MAW,PT1M,1,2016-10-15 00:00:00+02:00
2018-03-10 03:05:47+01:00,78.8,AT,Unplanned outage,A03,,2018-03-05 06:07:00+01:00,buFK4S1T8tLa5ouiCwr3cw,216.8,Fossil Gas,14WLSG-MITTE---U,intra_zonal,FHKW Linz Mitte,1,MAW,PT1M,1,2018-03-05 05:47:00+01:00
2018-05-29 08:56:14+02:00,73.8,AT,Unplanned outage,A03,,2018-05-23 06:45:00+02:00,BfO-9o10NcC3tjV3O2XNxg,216.8,Fossil Gas,14WLSG-MITTE---U,intra_zonal,FHKW Linz Mitte,1,MAW,PT1M,1,2018-05-23 06:36:00+02:00
2019-03-20 07:11:53+01:00,68.8,AT,Unplanned outage,A03,,2019-01-03 12:15:00+01:00,7SXQXDTarGvXrHeyzA7S6Q,216.8,Fossil Gas,14WLSG-MITTE---U,intra_zonal,FHKW Linz Mitte,1,MAW,PT15M,1,2019-01-03 10:45:00+01:00
2019-03-20 07:12:15+01:00,78.8,AT,Unplanned outage,A03,,2019-03-01 04:45:00+01:00,Rm4yxuk9NW0kLqtwmGUCsw,216.8,Fossil Gas,14WLSG-MITTE---U,intra_zonal,FHKW Linz Mitte,1,MAW,PT1M,1,2019-03-01 04:38:00+01:00
2019-03-20 07:13:24+01:00,50.8,AT,Unplanned outage,A03,,2019-03-01 10:30:00+01:00,KqDkv7fDQSl1Uydbh0ywqQ,216.8,Fossil Gas,14WLSG-MITTE---U,intra_zonal,FHKW Linz Mitte,1,MAW,PT15M,1,2019-03-01 06:15:00+01:00
2019-04-24 18:41:25+02:00,68.8,AT,Unplanned outage,A03,,2019-01-28 06:15:00+01:00,1F-eru7T1uYWa2S8iydneg,216.8,Fossil Gas,14WLSG-MITTE---U,intra_zonal,FHKW Linz Mitte,1,MAW,PT1M,1,2019-01-28 06:05:00+01:00
2019-04-24 18:41:26+02:00,236,AT,Unplanned outage,A03,,2019-04-20 20:15:00+02:00,kGRqEbr6Da7e8Q7QtGsM8Q,392.0,Hydro Water Reservoir,11WD2KAUT0001512,intra_zonal,KW Kaunertal,1,MAW,PT1M,1,2019-04-20 20:13:00+02:00
2019-04-24 18:41:45+02:00,22.8,AT,Unplanned outage,A03,,2019-01-25 12:09:00+01:00,WmL9h7_76LgoA_vm7lCzxg,216.8,Fossil Gas,14WLSG-MITTE---U,intra_zonal,FHKW Linz Mitte,1,MAW,PT1M,1,2019-01-25 12:00:00+01:00
2019-04-24 18:42:29+02:00,0,AT,Unplanned outage,A03,,2019-04-26 00:00:00+02:00,fP4GNEz7KhW7BADMbEPaSQ,216.8,Fossil Gas,14WLSG-MITTE---U,intra_zonal,FHKW Linz Mitte,1,MAW,PT15M,1,2019-04-16 00:00:00+02:00
2019-06-14 16:47:13+02:00,105.8,AT,Unplanned outage,A03,,2019-06-14 14:00:00+02:00,v50Df6C9nu-kuX8xJHXZ_g,216.8,Fossil Gas,14WLSG-MITTE---U,intra_zonal,FHKW Linz Mitte,1,MAW,PT15M,1,2019-06-14 08:30:00+02:00
2019-07-18 14:51:58+02:00,105.8,AT,Unplanned outage,A03,,2019-07-18 09:00:00+02:00,Xecj_kHX9CLcrsFYcPOSUQ,216.8,Fossil Gas,14WLSG-MITTE---U,intra_zonal,FHKW Linz Mitte,1,MAW,PT1M,1,2019-07-18 08:46:00+02:00
2019-07-22 08:57:59+02:00,105.8,AT,Unplanned outage,A03,,2019-07-22 08:00:00+02:00,8ns58W8-JUIXcFKd-s1ydw,216.8,Fossil Gas,14WLSG-MITTE---U,intra_zonal,FHKW Linz Mitte,1,MAW,PT1M,2,2019-07-22 07:57:00+02:00
2019-07-23 08:01:58+02:00,105.8,AT,Unplanned outage,A03,,2019-07-22 15:30:00+02:00,zWp3Ye-p6PjsMbRDRUQ1QQ,216.8,Fossil Gas,14WLSG-MITTE---U,intra_zonal,FHKW Linz Mitte,1,MAW,PT1M,2,2019-07-22 15:18:00+02:00
2019-08-12 09:43:08+02:00,105.8,AT,Unplanned outage,A03,,2019-08-12 06:00:00+02:00,0PU-Z50pD7dzL0HCO45qcA,216.8,Fossil Gas,14WLSG-MITTE---U,intra_zonal,FHKW Linz Mitte,1,MAW,PT1M,2,2019-08-12 05:58:00+02:00
2019-09-19 16:58:07+02:00,236,AT,Unplanned outage,A03,,2019-09-19 16:56:00+02:00,uQ6kA_zvIohhfuigsVY1aQ,392.0,Hydro Water Reservoir,11WD2KAUT0001512,intra_zonal,KW Kaunertal,1,MAW,PT1M,2,2019-09-19 16:41:00+02:00
2019-10-16 11:57:56+02:00,236,AT,Unplanned outage,A03,,2019-10-16 11:30:00+02:00,lLP4iOLqpMFXIpsSiVvUxw,392.0,Hydro Water Reservoir,11WD2KAUT0001512,intra_zonal,KW Kaunertal,1,MAW,PT1M,2,2019-10-16 11:29:00+02:00
2020-03-13 14:45:57+01:00,22.8,AT,Unplanned outage,A03,,2020-03-08 08:00:00+01:00,laRX3h0fT7ulZ4FcFNrOng,216.8,Fossil Gas,14WLSG-MITTE---U,intra_zonal,FHKW Linz Mitte,1,MAW,PT15M,5,2020-03-08 00:00:00+01:00
2020-06-29 15:05:59+02:00,105.8,AT,Unplanned outage,A03,,2020-06-28 18:15:00+02:00,yFx-8LBtxoY9no64s-iCXA,216.8,Fossil Gas,14WLSG-MITTE---U,intra_zonal,FHKW Linz Mitte,1,MAW,PT1M,2,2020-06-28 18:10:00+02:00
2020-12-01 18:16:08+01:00,105.8,AT,Unplanned outage,A03,,2020-12-01 16:00:00+01:00,4XqS9_WCVIvZ-eeHi0CM-w,216.8,Fossil Gas,14WLSG-MITTE---U,intra_zonal,FHKW Linz Mitte,1,MAW,PT1M,1,2020-12-01 15:59:00+01:00
2020-12-06 04:07:39+01:00,1.99999999999994,AT,Unplanned outage,A03,,2020-12-06 01:30:00+01:00,_VJD_nyvDyJvp_vKAh0Xbg,392.0,Hydro Water Reservoir,11WD2KAUT0001512,intra_zonal,KW Kaunertal,1,MAW,PT1M,2,2020-12-06 01:28:00+01:00
2020-12-17 11:35:55+01:00,105.8,AT,Unplanned outage,A03,,2020-12-17 10:45:00+01:00,hMYF3OziPKzGksjt3AEw0Q,216.8,Fossil Gas,14WLSG-MITTE---U,intra_zonal,FHKW Linz Mitte,1,MAW,PT1M,1,2020-12-17 10:33:00+01:00
2021-01-12 08:00:55+01:00,105.8,AT,Unplanned outage,A03,,2021-01-13 00:00:00+01:00,tHA28gKG7I30f65HupKlcA,216.8,Fossil Gas,14WLSG-MITTE---U,intra_zonal,FHKW Linz Mitte,1,MAW,PT15M,1,2021-01-12 00:00:00+01:00
2021-01-25 08:56:54+01:00,105.8,AT,Unplanned outage,A03,,2021-01-23 00:00:00+01:00,Hbr3MSRdyREMiQhMY1BZTA,216.8,Fossil Gas,14WLSG-MITTE---U,intra_zonal,FHKW Linz Mitte,1,MAW,PT15M,1,2021-01-20 00:00:00+01:00
2021-02-03 14:51:20+01:00,105.8,AT,Unplanned outage,A03,,2021-02-03 12:45:00+01:00,W0hGaPaJOM8Z-wlvj0Bafw,216.8,Fossil Gas,14WLSG-MITTE---U,intra_zonal,FHKW Linz Mitte,1,MAW,PT1M,2,2021-02-03 12:38:00+01:00
2021-04-07 07:40:43+02:00,105.8,AT,Unplanned outage,A03,,2021-04-26 00:00:00+02:00,DSJD9VUZgLxYrYEGlplbpg,216.8,Fossil Gas,14WLSG-MITTE---U,intra_zonal,FHKW Linz Mitte,1,MAW,PT15M,2,2021-04-05 00:00:00+02:00
2021-06-28 19:31:12+02:00,105.8,AT,Unplanned outage,A03,,2021-06-28 18:30:00+02:00,zyPs5bMqzq9lTuLPSgMB8g,216.8,Fossil Gas,14WLSG-MITTE---U,intra_zonal,FHKW Linz Mitte,1,MAW,PT1M,2,2021-06-28 18:28:00+02:00
2021-09-21 16:47:03+02:00,105.8,AT,Unplanned outage,A03,,2021-09-20 08:00:00+02:00,-7MUEtsqT1Tk9_ke7Gy0RA,216.8,Fossil Gas,14WLSG-MITTE---U,intra_zonal,FHKW Linz Mitte,1,MAW,PT1M,2,2021-09-20 07:55:00+02:00
2021-10-20 19:30:50+02:00,105.8,AT,Unplanned outage,A03,,2021-10-20 18:30:00+02:00,kfBNmJZaDMLUCszWBaHUbw,216.8,Fossil Gas,14WLSG-MITTE---U,intra_zonal,FHKW Linz Mitte,1,MAW,PT1M,2,2021-10-20 18:24:00+02:00
2021-11-11 16:06:54+01:00,236,AT,Unplanned outage,A03,,2021-11-11 15:59:00+01:00,lZ-C7SERuvNVWmD2IJXfuQ,392.0,Hydro Water Reservoir,11WD2KAUT0001512,intra_zonal,KW Kaunertal,1,MAW,PT1M,2,2021-11-11 15:44:00+01:00
2022-01-07 09:11:06+01:00,105.8,AT,Unplanned outage,A03,,2022-01-07 07:30:00+01:00,k0MpzW20pPseJ5q3-rBwKA,216.8,Fossil Gas,14WLSG-MITTE---U,intra_zonal,FHKW Linz Mitte,1,MAW,PT1M,2,2022-01-07 07:24:00+01:00
2022-03-30 15:41:12+02:00,8.80000000000001,AT,Unplanned outage,A03,,2022-03-30 14:30:00+02:00,_pYwoqgfFuevUpjOBQC7Pw,216.8,Fossil Gas,14WLSG-MITTE---U,intra_zonal,FHKW Linz Mitte,1,MAW,PT1M,2,2022-03-30 14:19:00+02:00
