2015-01-05 13:19:15+01:00,248,SI,Unplanned outage,A03,,2015-01-11 00:00:00+01:00,MazYvQxZ_ETS3XGEA8waPg,248.0,Fossil Brown coal/Lignite,28W-G-000000080M,Šoštanj,TE Šoštanj,1,MAW,PT1M,1,2014-12-30 23:47:00+01:00
2015-01-09 14:35:00+01:00,248,SI,Unplanned outage,A03,,2015-01-12 09:00:00+01:00,VuYThaK3zRCc1QpOzHu-IQ,248.0,Fossil Brown coal/Lignite,28W-G-000000080M,Šoštanj,TE Šoštanj,1,MAW,PT1M,1,2014-12-30 23:47:00+01:00
2015-01-09 14:35:44+01:00,305,SI,Unplanned outage,A03,,2015-01-19 00:00:00+01:00,izGYl9HUhPp7STriGhpTlg,305.0,Fossil Brown coal/Lignite,28W-G-000000080M,Šoštanj,TE Šoštanj,1,MAW,PT1M,1,2015-01-12 11:00:00+01:00
2015-01-12 07:27:39+01:00,248,SI,Unplanned outage,A03,,2015-01-14 07:17:00+01:00,kLT2PgbTYBo7ODBwMBsiTg,248.0,Fossil Brown coal/Lignite,28W-G-000000080M,Šoštanj,TE Šoštanj,1,MAW,PT1M,1,2015-01-12 08:00:00+01:00
2015-01-12 10:28:24+01:00,248,SI,Unplanned outage,A03,,2015-01-12 09:35:00+01:00,vKwa2YFSpXuYOVCpUYKb6g,248.0,Fossil Brown coal/Lignite,28W-G-000000080M,Šoštanj,TE Šoštanj,1,MAW,PT1M,1,2015-01-12 08:00:00+01:00
2015-01-14 00:30:34+01:00,546,SI,Unplanned outage,A03,,2015-01-14 04:00:00+01:00,Sl6ORXl9fdo5bAqXf1PIDg,,,,,,1,MAW,PT1M,1,2015-01-13 23:09:00+01:00
2015-01-14 00:30:44+01:00,546,SI,Unplanned outage,A03,,2015-01-14 04:00:00+01:00,u-UU3F9xYflC_hrVR0oFjw,,,,,,1,MAW,PT1M,1,2015-01-13 23:09:00+01:00
2015-01-25 15:53:47+01:00,248,SI,Unplanned outage,A03,,2015-02-02 00:00:00+01:00,MbvUfqwqDcCdd4CFZ3jDZA,248.0,Fossil Brown coal/Lignite,28W-G-000000080M,Šoštanj,TE Šoštanj,1,MAW,PT1M,1,2015-01-24 22:28:00+01:00
2015-01-28 10:25:20+01:00,248,SI,Unplanned outage,A03,,2015-02-04 14:00:00+01:00,sXIBpuy7pLNSPPqoTmEj2A,248.0,Fossil Brown coal/Lignite,28W-G-000000080M,Šoštanj,TE Šoštanj,1,MAW,PT1M,1,2015-01-28 10:00:00+01:00
2015-02-15 19:39:10+01:00,248,SI,Unplanned outage,A03,,2015-02-16 06:00:00+01:00,JlgkyqeT5rAVn5IprVhDHg,248.0,Fossil Brown coal/Lignite,28W-G-000000080M,Šoštanj,TE Šoštanj,1,MAW,PT1M,1,2015-02-08 18:11:00+01:00
2015-02-17 14:58:52+01:00,305,SI,Unplanned outage,A03,,2015-03-02 00:00:00+01:00,Ib7TJt8Maec4z5nOyMnApQ,305.0,Fossil Brown coal/Lignite,28W-G-000000080M,Šoštanj,TE Šoštanj,1,MAW,PT1M,1,2015-02-17 22:00:00+01:00
2015-02-23 10:38:53+01:00,248,SI,Unplanned outage,A03,,2015-02-23 13:00:00+01:00,J1R0GpP4NZSY3cU-AwuUEQ,248.0,Fossil Brown coal/Lignite,28W-G-000000080M,Šoštanj,TE Šoštanj,1,MAW,PT1M,1,2015-02-23 10:26:00+01:00
2015-02-24 07:57:09+01:00,545.5,SI,Unplanned outage,A03,,2015-02-28 00:00:00+01:00,WGEvq1XMoxR6D-mwr1Yb8A,,,,,,1,MAW,PT1M,1,2015-02-24 07:00:00+01:00
2015-02-27 10:58:57+01:00,545.5,SI,Unplanned outage,A03,,2015-03-08 00:00:00+01:00,7aLy4V4ZtACV6u1kpGBiuA,,,,,,1,MAW,PT1M,1,2015-02-24 07:00:00+01:00
2015-03-02 12:06:05+01:00,248,SI,Unplanned outage,A03,,2015-03-03 01:00:00+01:00,glGGMCLWLsnfk5HQe9U7cA,248.0,Fossil Brown coal/Lignite,28W-G-000000080M,Šoštanj,TE Šoštanj,1,MAW,PT1M,1,2015-03-01 12:00:00+01:00
2015-03-06 12:13:14+01:00,305,SI,Unplanned outage,A03,,2015-03-08 10:00:00+01:00,UjWX3ep1cpzhPMAdy1QsLg,305.0,Fossil Brown coal/Lignite,28W-G-000000080M,Šoštanj,TE Šoštanj,1,MAW,PT1M,1,2015-03-06 22:00:00+01:00
2015-03-06 12:13:23+01:00,305,SI,Unplanned outage,A03,,2015-03-09 04:00:00+01:00,oP9KRWEwxKeDfFlQNdoYAQ,305.0,Fossil Brown coal/Lignite,28W-G-000000080M,Šoštanj,TE Šoštanj,1,MAW,PT1M,1,2015-03-08 20:00:00+01:00
2015-03-06 12:13:34+01:00,305,SI,Unplanned outage,A03,,2015-03-08 20:00:00+01:00,hhv1WU-oxblhWMMfcYXRKA,305.0,Fossil Brown coal/Lignite,28W-G-000000080M,Šoštanj,TE Šoštanj,1,MAW,PT1M,1,2015-03-08 10:00:00+01:00
2015-03-23 09:53:25+01:00,305,SI,Unplanned outage,A03,,2015-03-26 22:00:00+01:00,FWB3s6hUOr6R8iDWfSgjRg,305.0,Fossil Brown coal/Lignite,28W-G-000000080M,Šoštanj,TE Šoštanj,1,MAW,PT1M,1,2015-03-24 07:00:00+01:00
2015-04-20 01:18:28+02:00,248,SI,Unplanned outage,A03,,2015-04-21 22:00:00+02:00,WnE8p-v-LfnrkXaVtRPgjA,248.0,Fossil Brown coal/Lignite,28W-G-000000080M,Šoštanj,TE Šoštanj,1,MAW,PT1M,1,2015-04-19 20:51:00+02:00
2015-04-20 01:20:24+02:00,248,SI,Unplanned outage,A03,,2015-04-21 22:00:00+02:00,Mpap62W_b1g9lLHfHXe_Ug,248.0,Fossil Brown coal/Lignite,28W-G-000000080M,Šoštanj,TE Šoštanj,1,MAW,PT1M,1,2015-04-19 20:51:00+02:00
2015-04-29 15:37:23+02:00,545.5,SI,Unplanned outage,A03,,2015-04-30 10:00:00+02:00,VVukxsGUmAldyPxTbQC-bQ,,,,,,1,MAW,PT1M,1,2015-04-30 01:00:00+02:00
2015-04-29 15:37:30+02:00,545.5,SI,Unplanned outage,A03,,2015-05-04 08:00:00+02:00,c_bV_slg_SRJRwu_mL6M4A,,,,,,1,MAW,PT1M,1,2015-04-30 14:00:00+02:00
2015-05-13 23:28:46+02:00,545.5,SI,Unplanned outage,A03,,2015-05-18 06:00:00+02:00,iCBaePPyftl-poFe1OKb9A,,,,,,1,MAW,PT1M,1,2015-05-13 23:15:00+02:00
2015-05-24 01:07:29+02:00,545.5,SI,Unplanned outage,A03,,2015-05-25 08:00:00+02:00,Yjj8VOKB0OUz4wLD6KMTRg,,,,,,1,MAW,PT1M,1,2015-05-23 02:34:00+02:00
2015-05-29 16:36:08+02:00,305,SI,Unplanned outage,A03,,2015-06-15 16:34:00+02:00,RwyGmpZHrAPVbE9Bz3jH1w,305.0,Fossil Brown coal/Lignite,28W-G-000000080M,Šoštanj,TE Šoštanj,1,MAW,PT1M,1,2015-05-29 19:00:00+02:00
2017-12-12 15:44:20+01:00,0,SI,Unplanned outage,A03,,2016-09-05 06:50:00+02:00,War7gAiKhCCJ4-X9DGdJNg,248.0,Fossil Brown coal/Lignite,28W-G-000000080M,Šoštanj,TE Šoštanj,1,MAW,PT1M,1,2014-12-11 13:20:00+01:00
2019-08-26 10:30:18+02:00,0,SI,Unplanned outage,A03,,2014-12-19 10:30:00+01:00,7MHAXd6TM1z5AQmjh0AhgA,,,,,,1,MAW,PT30M,1,2014-12-19 09:30:00+01:00
2015-07-29 13:58:23+02:00,696,SI,Unplanned outage,A03,,2015-07-20 00:00:00+02:00,HzWIuZxP8w-cL0oe_ZBBng,696.0,Nuclear,28W-G-000000119L,Krško,NE Krško,1,MAW,PT1M,1,2015-07-17 02:55:00+02:00
2015-07-31 23:25:57+02:00,545.5,SI,Unplanned outage,A03,,2015-08-17 03:00:00+02:00,aenCzTtcXqfCqZdVnPE38A,,,,,,1,MAW,PT1M,1,2015-07-31 23:12:00+02:00
2015-08-04 15:59:38+02:00,248,SI,Unplanned outage,A03,,2015-08-23 15:57:00+02:00,jkpHUwMH1yMmbULlq6fyyQ,248.0,Fossil Brown coal/Lignite,28W-G-000000080M,Šoštanj,TE Šoštanj,1,MAW,PT1M,1,2015-08-04 15:53:00+02:00
2015-08-07 11:30:34+02:00,248,SI,Unplanned outage,A03,,2015-08-10 06:00:00+02:00,CmHnJTe0ZEus8nClujLONg,248.0,Fossil Brown coal/Lignite,28W-G-000000080M,Šoštanj,TE Šoštanj,1,MAW,PT1M,1,2015-08-04 15:53:00+02:00
2015-08-15 08:11:31+02:00,305,SI,Unplanned outage,A03,,2015-09-30 02:00:00+02:00,ms5RvixshIM7XasMmJKZhw,305.0,Fossil Brown coal/Lignite,28W-G-000000080M,Šoštanj,TE Šoštanj,1,MAW,PT1M,1,2015-08-15 03:38:00+02:00
2015-08-21 03:23:57+02:00,545.5,SI,Unplanned outage,A03,,2015-08-21 13:00:00+02:00,LTKb1--8n8s70WHWz57V0g,,,,,,1,MAW,PT1M,1,2015-08-21 02:40:00+02:00
2015-08-21 17:25:46+02:00,545.5,SI,Unplanned outage,A03,,2015-08-21 19:05:00+02:00,rfT6GkC9EFA8A0xC8ToPjg,,,,,,1,MAW,PT1M,1,2015-08-21 02:40:00+02:00
2015-09-05 01:01:36+02:00,248,SI,Unplanned outage,A03,,2015-09-07 04:00:00+02:00,45PK6HPkNsJZz5EAHNzs6Q,248.0,Fossil Brown coal/Lignite,28W-G-000000080M,Šoštanj,TE Šoštanj,1,MAW,PT1M,1,2015-09-04 23:43:00+02:00
2015-10-05 10:08:22+02:00,545.5,SI,Unplanned outage,A03,,2015-10-05 10:02:00+02:00,NRode5Fpi5sXo43k3ud_4A,,,,,,1,MAW,PT1M,1,2015-10-05 09:58:00+02:00
2015-10-05 16:50:19+02:00,0,SI,Unplanned outage,A03,,2015-10-05 20:45:00+02:00,EAoV7m2fQ5Yz3Yczzyl7wg,,,,,,1,MAW,PT1M,1,2015-10-05 08:02:00+02:00
2015-10-07 13:01:09+02:00,545.5,SI,Unplanned outage,A03,,2015-10-09 12:52:00+02:00,-ntorNfNoNCVzuJDNA51Ew,,,,,,1,MAW,PT1M,1,2015-10-07 12:48:00+02:00
2015-10-07 13:02:31+02:00,0,SI,Unplanned outage,A03,,2015-10-09 12:52:00+02:00,vq7xWdS0xgcwISSnmGt8Vg,,,,,,1,MAW,PT1M,1,2015-10-07 12:48:00+02:00
2015-10-10 03:20:16+02:00,0,SI,Unplanned outage,A03,,2015-10-09 12:52:00+02:00,KvoxCSc4dcSpDAds0wDGdA,,,,,,1,MAW,PT1M,1,2015-10-07 12:48:00+02:00
2015-10-10 09:49:03+02:00,0,SI,Unplanned outage,A03,,2015-10-10 07:07:00+02:00,nvmUQFo-U1l-2DZynaGqEw,,,,,,1,MAW,PT1M,1,2015-10-10 06:48:00+02:00
2015-10-19 08:42:41+02:00,0,SI,Unplanned outage,A03,,2015-10-19 06:29:00+02:00,QVjVdWQotAdNBTOsOpBdsg,,,,,,1,MAW,PT1M,1,2015-10-19 05:55:00+02:00
2015-12-01 16:14:17+01:00,0,SI,Unplanned outage,A03,,2015-12-01 14:48:00+01:00,QcMe6AAbaVPow4cuJqRw4Q,248.0,Fossil Brown coal/Lignite,28W-G-000000080M,Šoštanj,TE Šoštanj,1,MAW,PT1M,1,2015-11-12 15:00:00+01:00
2015-12-02 06:35:51+01:00,0,SI,Unplanned outage,A03,,2015-12-02 07:28:00+01:00,M5c3TaNpgb9dh_DSHkvU2A,,,,,,1,MAW,PT1M,1,2015-12-01 02:26:00+01:00
2015-12-07 11:14:28+01:00,0,SI,Unplanned outage,A03,,2015-12-28 06:00:00+01:00,07gdg2ho9h63njuRhY6_Fw,,,,,,1,MAW,PT1M,1,2015-12-19 00:00:00+01:00
2015-12-19 06:34:06+01:00,0,SI,Unplanned outage,A03,,2015-12-28 06:00:00+01:00,2Qbebf4etb2gUG6Z_brjvg,,,,,,1,MAW,PT1M,1,2015-12-19 06:17:00+01:00
2015-12-24 18:25:18+01:00,0,SI,Unplanned outage,A03,,2015-12-28 03:00:00+01:00,MXU4VptAswSWByhkOav-Gw,248.0,Fossil Brown coal/Lignite,28W-G-000000080M,Šoštanj,TE Šoštanj,1,MAW,PT1M,1,2015-12-25 03:00:00+01:00
2015-12-29 11:03:20+01:00,0,SI,Unplanned outage,A03,,2015-12-29 15:59:00+01:00,PX7pvW7FpHLgwbVOBx2URg,248.0,Fossil Brown coal/Lignite,28W-G-000000080M,Šoštanj,TE Šoštanj,1,MAW,PT1M,1,2015-12-29 10:57:00+01:00
2015-12-29 16:32:39+01:00,0,SI,Unplanned outage,A03,,2015-12-29 15:59:00+01:00,QrQI2e3xJgWHiWi1u04D7A,,,,,,1,MAW,PT1M,1,2015-12-29 10:57:00+01:00
2016-03-05 23:37:06+01:00,0,SI,Unplanned outage,A03,,2016-03-06 05:00:00+01:00,RkCNZNbm4zkjnkUBNtyPhQ,,,,,,1,MAW,PT1M,1,2016-03-05 23:17:00+01:00
2016-04-07 15:07:35+02:00,0,SI,Unplanned outage,A03,,2016-04-07 22:42:00+02:00,nX-QRa91P-TmYHWHOLLYjA,,,,,,1,MAW,PT1M,1,2016-04-07 14:20:00+02:00
2016-05-08 18:30:36+02:00,0,SI,Unplanned outage,A03,,2016-05-08 23:26:00+02:00,1ZwTWmkcfRxiz_Dpy57ljg,,,,,,1,MAW,PT1M,1,2016-05-08 17:31:00+02:00
2016-06-03 12:44:25+02:00,250,SI,Unplanned outage,A03,,2016-06-04 04:00:00+02:00,t5a3tqjt1siF1elfoq8wlA,248.0,Fossil Brown coal/Lignite,28W-G-000000080M,Šoštanj,TE Šoštanj,1,MAW,PT1M,1,2016-06-04 03:00:00+02:00
2016-06-03 14:17:09+02:00,0,SI,Unplanned outage,A03,,2016-06-04 04:00:00+02:00,lNllIhmmBLhll6k-yKLueA,248.0,Fossil Brown coal/Lignite,28W-G-000000080M,Šoštanj,TE Šoštanj,1,MAW,PT1M,1,2016-06-04 03:00:00+02:00
2016-06-10 03:10:40+02:00,114,SI,Unplanned outage,A03,,2016-05-20 10:57:00+02:00,54MJjPNtPwRAaPUyR0npxA,114.0,Fossil Gas,28W-G-000000122W,Brestanica,PE Brestanica,1,MAW,PT1M,1,2016-05-09 18:00:00+02:00
2016-06-13 10:35:39+02:00,0,SI,Unplanned outage,A03,,2016-06-10 16:00:00+02:00,eL-Qcg-5pyWGmgROdwfaBw,114.0,Fossil Gas,28W-G-000000122W,Brestanica,PE Brestanica,1,MAW,PT1M,1,2016-05-30 07:00:00+02:00
2016-07-03 22:18:34+02:00,0,SI,Unplanned outage,A03,,2016-07-04 13:00:00+02:00,11XnrIwAPE4Ld3yAuQdqoQ,248.0,Fossil Brown coal/Lignite,28W-G-000000080M,Šoštanj,TE Šoštanj,1,MAW,PT1M,1,2016-07-03 21:01:00+02:00
2016-07-12 03:16:38+02:00,0,SI,Unplanned outage,A03,,2016-07-12 02:26:00+02:00,STcz-KwoN30ka8tT5Hacnw,248.0,Fossil Brown coal/Lignite,28W-G-000000080M,Šoštanj ,TE Šoštanj,1,MAW,PT1M,1,2016-07-11 19:13:00+02:00
2016-07-15 23:39:26+02:00,248,SI,Unplanned outage,A03,,2016-07-18 03:00:00+02:00,K2AstreNTlf8v7SFREB2pg,248.0,Fossil Brown coal/Lignite,28W-G-000000080M,Šoštanj ,TE Šoštanj,1,MAW,PT1M,1,2016-07-15 23:22:00+02:00
2016-07-17 17:16:56+02:00,0,SI,Unplanned outage,A03,,2016-07-18 16:35:00+02:00,hyAM2jwo-9mLzuzMnfXmlw,248.0,Fossil Brown coal/Lignite,28W-G-000000080M,Šoštanj ,TE Šoštanj,1,MAW,PT1M,1,2016-07-17 16:35:00+02:00
2016-08-26 01:53:07+02:00,0,SI,Unplanned outage,A03,,2016-08-26 01:29:00+02:00,RW71uW_XyXDHLQWAri0ABg,539.0,Fossil Brown coal/Lignite,28W-G-000000080M,Šoštanj ,TE Šoštanj,1,MAW,PT1M,1,2016-08-25 18:25:00+02:00
2016-08-26 01:53:22+02:00,0,SI,Unplanned outage,A03,,2016-08-26 01:29:00+02:00,1yGARIUU179cMAQ7hstEzA,539.0,Fossil Brown coal/Lignite,28W-G-000000080M,Šoštanj ,TE Šoštanj,1,MAW,PT1M,1,2016-08-25 18:25:00+02:00
2016-08-26 01:53:35+02:00,0,SI,Unplanned outage,A03,,2016-08-26 01:29:00+02:00,gmKFaxVo411MckB4AdhBzQ,539.0,Fossil Brown coal/Lignite,28W-G-000000080M,Šoštanj ,TE Šoštanj,1,MAW,PT1M,1,2016-08-25 18:25:00+02:00
2016-09-02 08:13:16+02:00,0,SI,Unplanned outage,A03,,2016-09-04 00:00:00+02:00,2crs7fvnRUvwoQ31a6-tnw,248.0,Fossil Brown coal/Lignite,28W-G-000000080M,Šoštanj ,TE Šoštanj,1,MAW,PT1M,1,2016-08-29 05:04:00+02:00
2016-09-20 04:26:07+02:00,0,SI,Unplanned outage,A03,,2016-09-20 03:04:00+02:00,Srk_yDR4Gge4RNtsgez8Mg,539.0,Fossil Brown coal/Lignite,28W-G-000000080M,Šoštanj ,TE Šoštanj,1,MAW,PT1M,1,2016-09-19 02:22:00+02:00
2016-10-14 13:44:05+02:00,380,SI,Unplanned outage,A03,,2016-10-14 15:00:00+02:00,XZgJ8E8kBQhcgTCm879Rjw,539.0,Fossil Brown coal/Lignite,28W-G-000000080M,Šoštanj ,TE Šoštanj,1,MAW,PT1M,1,2016-10-14 08:00:00+02:00
2017-03-28 09:11:35+02:00,0,SI,Unplanned outage,A03,,2017-03-27 08:14:00+02:00,nLEcON6AkE4aLjB_TXTmhg,539.0,Fossil Brown coal/Lignite,28W-G-000000080M,Šoštanj ,TE Šoštanj,1,MAW,PT1M,1,2017-03-25 23:06:00+01:00
2017-03-28 09:13:33+02:00,0,SI,Unplanned outage,A03,,2017-02-14 16:00:00+01:00,V2_vqPqwMkISL4PxpMq4kA,248.0,Fossil Brown coal/Lignite,28W-G-000000080M,Šoštanj ,TE Šoštanj,1,MAW,PT1M,1,2017-02-09 20:43:00+01:00
2017-03-28 09:13:41+02:00,0,SI,Unplanned outage,A03,,2016-12-31 20:00:00+01:00,1Bg50_cm2JRrj82aGbuBmg,248.0,Fossil Brown coal/Lignite,28W-G-000000080M,Šoštanj ,TE Šoštanj,1,MAW,PT1M,1,2016-12-26 09:24:00+01:00
2017-03-28 09:13:43+02:00,0,SI,Unplanned outage,A03,,2017-01-17 04:00:00+01:00,2cz0Q8pWckeHPPrrOeL0cw,248.0,Fossil Brown coal/Lignite,28W-G-000000080M,Šoštanj ,TE Šoštanj,1,MAW,PT1M,1,2017-01-15 17:04:00+01:00
2017-03-28 09:26:23+02:00,0,SI,Unplanned outage,A03,,2016-11-07 00:50:00+01:00,jOJtSUTKzIYQEeqR2mqDPQ,,,,,,1,MAW,PT1M,1,2016-11-06 00:19:00+01:00
2017-04-06 13:51:09+02:00,0,SI,Unplanned outage,A03,,2017-01-06 02:00:00+01:00,MPRAHrsc6Rf8R27e_4EBRg,248.0,Fossil Brown coal/Lignite,28W-G-000000080M,Šoštanj ,TE Šoštanj,1,MAW,PT1M,1,2017-01-05 14:40:00+01:00
2017-04-06 13:58:58+02:00,0,SI,Unplanned outage,A03,,2017-01-08 18:51:00+01:00,H6Ctze7vcX2xAuSIEBgBLQ,248.0,Fossil Brown coal/Lignite,28W-G-000000080M,Šoštanj ,TE Šoštanj,1,MAW,PT1M,1,2017-01-07 12:56:00+01:00
2017-04-06 13:59:19+02:00,0,SI,Unplanned outage,A03,,2017-01-09 01:08:00+01:00,AnrzuPamNDKEEjT2SqS_Lw,248.0,Fossil Brown coal/Lignite,28W-G-000000080M,Šoštanj ,TE Šoštanj,1,MAW,PT1M,1,2017-01-08 18:51:00+01:00
2017-04-06 14:02:57+02:00,0,SI,Unplanned outage,A03,,2017-01-17 22:00:00+01:00,B8htXPoSdZtjcmiqgcyi9g,248.0,Fossil Brown coal/Lignite,28W-G-000000080M,Šoštanj ,TE Šoštanj,1,MAW,PT1M,1,2017-01-15 17:04:00+01:00
2017-04-06 14:10:51+02:00,0,SI,Unplanned outage,A03,,2017-02-14 20:08:00+01:00,cBdzJdpbM6ERmjDtni5mtg,248.0,Fossil Brown coal/Lignite,28W-G-000000080M,Šoštanj ,TE Šoštanj,1,MAW,PT1M,1,2017-02-14 15:00:00+01:00
2017-04-06 14:11:38+02:00,0,SI,Unplanned outage,A03,,2017-02-15 04:13:00+01:00,W5FIqVIp-7DXjjPZOVqDdw,248.0,Fossil Brown coal/Lignite,28W-G-000000080M,Šoštanj ,TE Šoštanj,1,MAW,PT1M,1,2017-02-14 20:08:00+01:00
2017-04-06 14:11:48+02:00,0,SI,Unplanned outage,A03,,2017-02-27 03:46:00+01:00,z1RKxlmblEmHfIRfF4R44g,248.0,Fossil Brown coal/Lignite,28W-G-000000080M,Šoštanj ,TE Šoštanj,1,MAW,PT1M,1,2017-02-24 00:27:00+01:00
2017-04-06 14:11:50+02:00,0,SI,Unplanned outage,A03,,2017-03-06 02:46:00+01:00,Mpq6PKfpyBCtbXEeUHSXSQ,248.0,Fossil Brown coal/Lignite,28W-G-000000080M,Šoštanj ,TE Šoštanj,1,MAW,PT1M,1,2017-03-04 00:32:00+01:00
2017-04-06 14:16:33+02:00,0,SI,Unplanned outage,A03,,2017-03-13 04:07:00+01:00,46gc2L-3Mg8QB5N_Xi-s_g,248.0,Fossil Brown coal/Lignite,28W-G-000000080M,Šoštanj ,TE Šoštanj,1,MAW,PT1M,1,2017-03-10 21:55:00+01:00
2017-04-06 14:16:58+02:00,0,SI,Unplanned outage,A03,,2017-03-16 15:57:00+01:00,EN9RngbRWPEo3LxOickbVw,248.0,Fossil Brown coal/Lignite,28W-G-000000080M,Šoštanj ,TE Šoštanj,1,MAW,PT1M,1,2017-03-15 23:48:00+01:00
2017-04-06 14:17:21+02:00,0,SI,Unplanned outage,A03,,2017-03-20 04:52:00+01:00,wNhGRCtBxM_0pdyRFmJDKQ,248.0,Fossil Brown coal/Lignite,28W-G-000000080M,Šoštanj ,TE Šoštanj,1,MAW,PT1M,1,2017-03-16 15:57:00+01:00
2017-04-06 14:17:28+02:00,0,SI,Unplanned outage,A03,,2017-03-21 07:03:00+01:00,rulAbVzuDmjdbqn97xVQQg,248.0,Fossil Brown coal/Lignite,28W-G-000000080M,Šoštanj ,TE Šoštanj,1,MAW,PT1M,1,2017-03-20 19:21:00+01:00
2017-04-06 14:19:21+02:00,0,SI,Unplanned outage,A03,,2017-04-05 05:39:00+02:00,KOnzAxE6shZvkmIVV5DL9Q,248.0,Fossil Brown coal/Lignite,28W-G-000000080M,Šoštanj ,TE Šoštanj,1,MAW,PT1M,1,2017-03-31 23:54:00+02:00
2017-04-06 14:37:22+02:00,436,SI,Unplanned outage,A03,,2017-01-02 07:44:00+01:00,cbSzkPueBc5GgZ8VL7s1Bw,539.0,Fossil Brown coal/Lignite,28W-G-000000080M,Šoštanj ,TE Šoštanj,1,MAW,PT1M,1,2017-01-02 07:00:00+01:00
2017-04-06 14:37:36+02:00,436,SI,Unplanned outage,A03,,2017-01-02 14:45:00+01:00,7TbEw63td8yAD-L1-CpMfw,539.0,Fossil Brown coal/Lignite,28W-G-000000080M,Šoštanj ,TE Šoštanj,1,MAW,PT1M,1,2017-01-02 14:00:00+01:00
2017-04-06 14:39:08+02:00,430,SI,Unplanned outage,A03,,2017-01-21 21:29:00+01:00,rHiUOvnib32EA1SAkU_Q6Q,539.0,Fossil Brown coal/Lignite,28W-G-000000080M,Šoštanj ,TE Šoštanj,1,MAW,PT1M,1,2017-01-21 20:45:00+01:00
2017-04-06 15:08:51+02:00,431,SI,Unplanned outage,A03,,2017-01-23 08:35:00+01:00,XEmIWLh_XIZt7OF7WVA8Kg,539.0,Fossil Brown coal/Lignite,28W-G-000000080M,Šoštanj ,TE Šoštanj,1,MAW,PT1M,1,2017-01-23 05:58:00+01:00
2017-04-06 15:28:53+02:00,440,SI,Unplanned outage,A03,,2017-01-23 09:24:00+01:00,UludL65ekntKtnRTaT23fw,539.0,Fossil Brown coal/Lignite,28W-G-000000080M,Šoštanj ,TE Šoštanj,1,MAW,PT1M,1,2017-01-23 08:35:00+01:00
2017-04-06 15:35:23+02:00,0,SI,Unplanned outage,A03,,2017-01-24 15:41:00+01:00,9zBp0wCC483aatQT8V6sZA,539.0,Fossil Brown coal/Lignite,28W-G-000000080M,Šoštanj ,TE Šoštanj,1,MAW,PT1M,1,2017-01-24 08:22:00+01:00
2017-04-06 15:39:59+02:00,270,SI,Unplanned outage,A03,,2017-01-24 16:57:00+01:00,HJVwF88LTM4akbqOWuFUgA,539.0,Fossil Brown coal/Lignite,28W-G-000000080M,Šoštanj ,TE Šoštanj,1,MAW,PT1M,1,2017-01-24 16:45:00+01:00
2017-04-06 15:41:29+02:00,330,SI,Unplanned outage,A03,,2017-01-24 19:30:00+01:00,e-iwDF8dUIaXbzus81GjwQ,539.0,Fossil Brown coal/Lignite,28W-G-000000080M,Šoštanj ,TE Šoštanj,1,MAW,PT1M,1,2017-01-24 16:58:00+01:00
2017-04-06 15:41:59+02:00,0,SI,Unplanned outage,A03,,2017-01-26 15:21:00+01:00,rARMc7cbFzNHJ4CK-_si5Q,539.0,Fossil Brown coal/Lignite,28W-G-000000080M,Šoštanj ,TE Šoštanj,1,MAW,PT1M,1,2017-01-26 07:02:00+01:00
2017-04-06 15:44:06+02:00,430,SI,Unplanned outage,A03,,2017-02-01 16:46:00+01:00,U0xd1fP-lh4Dnb9MSiZQqA,539.0,Fossil Brown coal/Lignite,28W-G-000000080M,Šoštanj ,TE Šoštanj,1,MAW,PT1M,1,2017-02-01 16:22:00+01:00
2017-04-06 15:44:23+02:00,360,SI,Unplanned outage,A03,,2017-03-19 19:47:00+01:00,ii-LVOkXY7hASyeFvGt1NA,539.0,Fossil Brown coal/Lignite,28W-G-000000080M,Šoštanj ,TE Šoštanj,1,MAW,PT1M,1,2017-03-19 18:52:00+01:00
2017-04-06 15:57:54+02:00,0,SI,Unplanned outage,A03,,2017-03-01 08:00:00+01:00,C0g--xB2bwAUwrsgzLUZ6A,,,,,,1,MAW,PT1M,1,2017-03-01 07:00:00+01:00
2017-04-06 16:00:09+02:00,-160,SI,Unplanned outage,A03,,2017-03-05 10:15:00+01:00,F2K08tyeyVM3wnWH4DE0Uw,,,,,,1,MAW,PT1M,1,2017-03-05 07:45:00+01:00
2017-04-06 16:00:21+02:00,-145,SI,Unplanned outage,A03,,2017-03-05 12:15:00+01:00,6csYFYJWtTlev5JkIMw6Aw,,,,,,1,MAW,PT1M,1,2017-03-05 10:15:00+01:00
2017-04-06 16:00:32+02:00,-140,SI,Unplanned outage,A03,,2017-03-05 14:02:00+01:00,Vwe87k5pTbfxtlLYVUUUww,,,,,,1,MAW,PT1M,1,2017-03-05 12:15:00+01:00
2017-04-06 16:02:55+02:00,0,SI,Unplanned outage,A03,,2017-03-05 15:00:00+01:00,F7jxnYm9jh7BHagpJ8vi7g,,,,,,1,MAW,PT1M,1,2017-03-05 14:02:00+01:00
2017-04-06 16:04:20+02:00,-140,SI,Unplanned outage,A03,,2017-03-06 11:54:00+01:00,5hz0GRI0Ca0Bt2I3465cxA,,,,,,1,MAW,PT1M,1,2017-03-05 15:00:00+01:00
2017-04-06 16:09:10+02:00,0,SI,Unplanned outage,A03,,2017-03-19 15:54:00+01:00,6ytUXI_hDg7AEbO43Fs2dg,,,,,,1,MAW,PT1M,1,2017-03-19 13:59:00+01:00
2017-04-06 19:14:01+02:00,0,SI,Unplanned outage,A03,,2017-03-06 02:46:00+01:00,Dn-Ft17u68PQulgostiNDw,248.0,Fossil Brown coal/Lignite,28W-G-000000080M,Šoštanj ,TE Šoštanj,1,MAW,PT1M,1,2017-03-04 00:32:00+01:00
2017-04-07 08:56:11+02:00,0,SI,Unplanned outage,A03,,2016-12-06 20:05:00+01:00,jU7jIATYqPMcBd1V-o1BTg,248.0,Fossil Brown coal/Lignite,28W-G-000000080M,Šoštanj ,TE Šoštanj,1,MAW,PT1M,1,2016-12-05 03:00:00+01:00
2017-04-07 09:04:08+02:00,436,SI,Unplanned outage,A03,,2016-12-12 12:18:00+01:00,LJWrzOQ8RSOek6pnsSNwQg,539.0,Fossil Brown coal/Lignite,28W-G-000000080M,Šoštanj ,TE Šoštanj,1,MAW,PT1M,1,2016-12-12 09:26:00+01:00
2017-04-07 09:04:28+02:00,436,SI,Unplanned outage,A03,,2016-12-14 23:05:00+01:00,o2LE87jxvwj6p0JHJvJftQ,539.0,Fossil Brown coal/Lignite,28W-G-000000080M,Šoštanj ,TE Šoštanj,1,MAW,PT1M,1,2016-12-14 22:00:00+01:00
2017-04-07 09:21:12+02:00,0,SI,Unplanned outage,A03,,2016-11-07 08:37:00+01:00,tRWcU5R_53o1tD_skdyMFQ,539.0,Fossil Brown coal/Lignite,28W-G-000000080M,Šoštanj ,TE Šoštanj,1,MAW,PT1M,1,2016-11-07 01:33:00+01:00
2017-04-07 09:27:10+02:00,0,SI,Unplanned outage,A03,,2016-11-18 23:20:00+01:00,_Spdm8TR6raTo8Ew7Zio5A,539.0,Fossil Brown coal/Lignite,28W-G-000000080M,Šoštanj ,TE Šoštanj,1,MAW,PT1M,1,2016-11-18 22:25:00+01:00
2017-04-07 09:28:13+02:00,0,SI,Unplanned outage,A03,,2016-11-22 01:25:00+01:00,Y5Po30qfu3nRmXqJXpQniA,539.0,Fossil Brown coal/Lignite,28W-G-000000080M,Šoštanj ,TE Šoštanj,1,MAW,PT1M,1,2016-11-22 00:25:00+01:00
2017-04-07 09:29:16+02:00,427,SI,Unplanned outage,A03,,2016-11-28 13:39:00+01:00,dp_4_t1atu5IKh0iegYxcQ,539.0,Fossil Brown coal/Lignite,28W-G-000000080M,Šoštanj ,TE Šoštanj,1,MAW,PT1M,1,2016-11-28 11:16:00+01:00
2017-04-07 09:35:48+02:00,0,SI,Unplanned outage,A03,,2016-11-19 19:00:00+01:00,sVgoX2hYiV35vP6XaR4Plg,,,,,,1,MAW,PT1M,1,2016-11-19 14:50:00+01:00
2017-04-07 10:19:18+02:00,0,SI,Unplanned outage,A03,,2016-10-05 08:53:00+02:00,eMnby91Hdq6OE5z5b13MkQ,248.0,Fossil Brown coal/Lignite,28W-G-000000080M,Šoštanj ,TE Šoštanj,1,MAW,PT1M,1,2016-10-04 02:29:00+02:00
2017-04-07 10:20:21+02:00,0,SI,Unplanned outage,A03,,2016-10-10 04:58:00+02:00,MkG-vORKL3BCKawHIAbgRw,248.0,Fossil Brown coal/Lignite,28W-G-000000080M,Šoštanj ,TE Šoštanj,1,MAW,PT1M,1,2016-10-09 16:56:00+02:00
2017-04-07 10:21:18+02:00,0,SI,Unplanned outage,A03,,2016-10-11 01:29:00+02:00,a7athhy9KlUqq6Vt0Pa7OA,248.0,Fossil Brown coal/Lignite,28W-G-000000080M,Šoštanj ,TE Šoštanj,1,MAW,PT1M,1,2016-10-10 13:14:00+02:00
2017-04-07 10:33:20+02:00,436,SI,Unplanned outage,A03,,2016-10-06 04:35:00+02:00,3g9TZ3F5eco8H48VqcrG1A,539.0,Fossil Brown coal/Lignite,28W-G-000000080M,Šoštanj ,TE Šoštanj,1,MAW,PT1M,1,2016-10-06 04:05:00+02:00
2017-04-07 12:07:11+02:00,436,SI,Unplanned outage,A03,,2016-10-06 05:55:00+02:00,H6xuA13vFFuxs-hM0AkuEA,539.0,Fossil Brown coal/Lignite,28W-G-000000080M,Šoštanj ,TE Šoštanj,1,MAW,PT1M,1,2016-10-06 04:03:00+02:00
2017-04-07 12:09:14+02:00,436,SI,Unplanned outage,A03,,2016-10-06 06:55:00+02:00,YxrtXq_y9BHoynquvJt9eg,539.0,Fossil Brown coal/Lignite,28W-G-000000080M,Šoštanj ,TE Šoštanj,1,MAW,PT1M,1,2016-10-06 05:03:00+02:00
2017-04-07 12:11:08+02:00,436,SI,Unplanned outage,A03,,2016-10-06 06:55:00+02:00,j-LTxMkAKw_VSONlQRGAuQ,539.0,Fossil Brown coal/Lignite,28W-G-000000080M,Šoštanj ,TE Šoštanj,1,MAW,PT1M,1,2016-10-06 05:03:00+02:00
2017-04-07 12:11:11+02:00,439,SI,Unplanned outage,A03,,2016-10-23 23:43:00+02:00,Q88uZkXAS7CQObwm6AcnqA,539.0,Fossil Brown coal/Lignite,28W-G-000000080M,Šoštanj ,TE Šoštanj,1,MAW,PT1M,1,2016-10-23 23:26:00+02:00
2017-04-07 12:13:08+02:00,439,SI,Unplanned outage,A03,,2016-10-23 23:43:00+02:00,r5ShzYqSprRtigy-2Q-bSA,539.0,Fossil Brown coal/Lignite,28W-G-000000080M,Šoštanj ,TE Šoštanj,1,MAW,PT1M,1,2016-10-23 23:26:00+02:00
2017-04-07 12:29:16+02:00,265,SI,Unplanned outage,A03,,2016-10-14 07:00:00+02:00,_OTV_VlC-fUf_KlK15amGA,539.0,Fossil Brown coal/Lignite,28W-G-000000080M,Šoštanj ,TE Šoštanj,1,MAW,PT1M,1,2016-10-14 04:00:00+02:00
2017-04-07 12:30:19+02:00,439,SI,Unplanned outage,A03,,2016-10-23 23:43:00+02:00,pxu1NULyAKC22eopHcXARw,539.0,Fossil Brown coal/Lignite,28W-G-000000080M,Šoštanj ,TE Šoštanj,1,MAW,PT1M,1,2016-10-23 23:26:00+02:00
2017-04-07 12:31:15+02:00,435,SI,Unplanned outage,A03,,2016-10-29 14:53:00+02:00,HiJM69h90AWAbfZqFhM5Mw,539.0,Fossil Brown coal/Lignite,28W-G-000000080M,Šoštanj ,TE Šoštanj,1,MAW,PT1M,1,2016-10-29 13:41:00+02:00
2017-04-07 13:24:07+02:00,435,SI,Unplanned outage,A03,,2016-10-29 18:25:00+02:00,2zisVNAxqmrvpeBSkewMlg,539.0,Fossil Brown coal/Lignite,28W-G-000000080M,Šoštanj ,TE Šoštanj,1,MAW,PT1M,1,2016-10-29 16:16:00+02:00
2017-04-07 13:24:13+02:00,435,SI,Unplanned outage,A03,,2016-10-30 05:00:00+01:00,VYIaM-TO-lj1d6m6sf2uBg,539.0,Fossil Brown coal/Lignite,28W-G-000000080M,Šoštanj ,TE Šoštanj,1,MAW,PT1M,1,2016-10-30 02:50:00+01:00
2017-04-07 13:24:48+02:00,125,SI,Unplanned outage,A03,,2016-09-14 02:00:00+02:00,zT4AWR__n0o3wAOTpyLyJA,248.0,Fossil Brown coal/Lignite,28W-G-000000080M,Šoštanj ,TE Šoštanj,1,MAW,PT1M,1,2016-09-13 21:38:00+02:00
2017-04-07 13:24:55+02:00,125,SI,Unplanned outage,A03,,2016-09-19 07:35:00+02:00,k5hNysWOfc7ss69Q81mawg,248.0,Fossil Brown coal/Lignite,28W-G-000000080M,Šoštanj ,TE Šoštanj,1,MAW,PT1M,1,2016-09-16 15:29:00+02:00
2017-04-07 13:25:31+02:00,435,SI,Unplanned outage,A03,,2016-09-01 06:28:00+02:00,Vc3Eiq3JgOZRbTTsrNSWKQ,539.0,Fossil Brown coal/Lignite,28W-G-000000080M,Šoštanj ,TE Šoštanj,1,MAW,PT1M,1,2016-08-31 23:55:00+02:00
2017-04-07 13:25:37+02:00,400,SI,Unplanned outage,A03,,2016-09-01 07:40:00+02:00,69BFiZdLbMw_cAtcwLM0Ww,539.0,Fossil Brown coal/Lignite,28W-G-000000080M,Šoštanj ,TE Šoštanj,1,MAW,PT1M,1,2016-09-01 07:10:00+02:00
2017-04-07 13:25:51+02:00,429,SI,Unplanned outage,A03,,2016-09-29 12:22:00+02:00,UlEZpRAlhpX7ZwOUHZAu1A,539.0,Fossil Brown coal/Lignite,28W-G-000000080M,Šoštanj ,TE Šoštanj,1,MAW,PT1M,1,2016-09-29 11:18:00+02:00
2017-04-07 13:27:09+02:00,0,SI,Unplanned outage,A03,,2016-09-01 07:05:00+02:00,I0Dt0PfmVKyc8LSeB8iehg,,,,,,1,MAW,PT1M,1,2016-09-01 06:18:00+02:00
2017-04-07 13:27:23+02:00,0,SI,Unplanned outage,A03,,2016-09-03 06:17:00+02:00,jtlaq2fivae60AB89MkDXQ,,,,,,1,MAW,PT1M,1,2016-09-03 05:26:00+02:00
2017-04-07 13:27:43+02:00,0,SI,Unplanned outage,A03,,2016-08-29 06:04:00+02:00,svC0sraWjKkzYhlHHKepAQ,248.0,Fossil Brown coal/Lignite,28W-G-000000080M,Šoštanj ,TE Šoštanj,1,MAW,PT1M,1,2016-08-22 05:43:00+02:00
2017-04-09 19:24:05+02:00,0,SI,Unplanned outage,A03,,2017-04-09 23:59:00+02:00,Jo55Ijxbjes6MQjod6nlpQ,,,,,,1,MAW,PT1M,1,2017-04-09 17:00:00+02:00
2017-04-18 09:46:21+02:00,404,SI,Unplanned outage,A03,,2017-04-27 00:00:00+02:00,nP2xBPyCrYUoMPQoZCugzQ,539.0,Fossil Brown coal/Lignite,28W-G-000000080M,Šoštanj ,TE Šoštanj,1,MAW,PT1M,1,2017-04-18 07:24:00+02:00
2017-04-23 06:49:52+02:00,0,SI,Unplanned outage,A03,,2017-04-23 08:29:00+02:00,2Hh8pCt8z2Zt8wo5RM17kA,180.0,Hydro Pumped Storage,28W-G-0000000009,Avče,ČHE Avče elektrarna,1,MAW,PT1M,1,2017-04-23 06:21:00+02:00
2017-04-26 11:24:12+02:00,0,SI,Unplanned outage,A03,,2017-04-22 11:55:00+02:00,FaII0oiKRgb-p8gRdgc39w,696.0,Nuclear,28W-G-000000119L,Krško,NE Krško,1,MAW,PT1M,1,2017-04-21 12:55:00+02:00
2017-04-28 13:33:44+02:00,0,SI,Unplanned outage,A03,,2017-04-28 13:20:00+02:00,HipOF2nArHJgrxhB2qOMpg,180.0,Hydro Pumped Storage,28W-G-0000000009,Avče,ČHE Avče elektrarna,1,MAW,PT1M,1,2017-04-28 07:00:00+02:00
2017-05-11 18:14:50+02:00,0,SI,Unplanned outage,A03,,2017-05-13 00:00:00+02:00,7JkSmZULx9ByjuFOTHHa2g,248.0,Fossil Brown coal/Lignite,28W-G-000000080M,Šoštanj ,TE Šoštanj,1,MAW,PT1M,1,2017-05-11 11:13:00+02:00
2017-06-07 18:43:52+02:00,248,SI,Unplanned outage,A03,,2017-06-21 06:00:00+02:00,_JKwnCU6UbhApnKFOsBmwA,125.0,Fossil Brown coal/Lignite,28W-G-0000000797,Trbovlje,TET,1,MAW,PT1M,1,2017-06-07 14:11:00+02:00
2017-06-13 06:59:00+02:00,-180,SI,Unplanned outage,A03,,2017-06-13 00:50:00+02:00,t_9fYxK8iVYrrqe4oKbZ2A,180.0,Hydro Pumped Storage,28W-G-0000000009,Avče,ČHE Avče elektrarna,1,MAW,PT1M,1,2017-06-13 00:04:00+02:00
2017-06-13 11:03:56+02:00,0,SI,Unplanned outage,A03,,2017-06-13 10:00:00+02:00,tM4Kie-Cj5f-663BvM7YjA,180.0,Hydro Pumped Storage,28W-G-0000000009,Avče,ČHE Avče elektrarna,1,MAW,PT1M,1,2017-06-13 09:12:00+02:00
2017-06-20 17:42:21+02:00,0,SI,Unplanned outage,A03,,2017-06-23 15:00:00+02:00,qdhR-ckVBkMan1Y-yGytwA,539.0,Fossil Brown coal/Lignite,28W-G-000000080M,Šoštanj ,TE Šoštanj,1,MAW,PT1M,1,2017-06-09 00:00:00+02:00
2019-09-13 17:04:52+02:00,0,SI,Unplanned outage,A03,,2016-09-01 00:00:00+02:00,7FCCRo1odTqbCUhLlM-uLw,539.0,Fossil Brown coal/Lignite,28W-G-000000080M,Šoštanj ,TE Šoštanj,1,MAW,PT1M,1,2016-08-31 23:55:00+02:00
2017-07-08 18:12:21+02:00,0,SI,Unplanned outage,A03,,2017-07-09 15:00:00+02:00,8lg5Qxi3bZZCCkCWnTcV1A,539.0,Fossil Brown coal/Lignite,28W-G-000000080M,Šoštanj ,TE Šoštanj,1,MAW,PT1M,1,2017-07-08 14:54:00+02:00
2017-07-25 16:27:42+02:00,0,SI,Unplanned outage,A03,,2017-07-28 15:00:00+02:00,YDpX0FJLqroUmTavg_ZKvw,180.0,Hydro Pumped Storage,28W-G-0000000009,Avče,ČHE Avče elektrarna,1,MAW,PT1M,1,2017-07-24 21:00:00+02:00
2017-08-20 04:52:07+02:00,0,SI,Unplanned outage,A03,,2017-08-20 23:59:00+02:00,lCjxIXOvU9gUS0AM827Xfg,180.0,Hydro Pumped Storage,28W-G-0000000009,Avče,ČHE Avče elektrarna,1,MAW,PT1M,1,2017-08-20 00:01:00+02:00
2017-09-12 12:53:05+02:00,0,SI,Unplanned outage,A03,,2017-09-12 12:00:00+02:00,Ht2OCqxiWHjGdm5GvwCn_g,539.0,Fossil Brown coal/Lignite,28W-G-000000080M,Šoštanj ,TE Šoštanj,1,MAW,PT1M,1,2017-09-12 08:35:00+02:00
2017-12-13 06:50:32+01:00,0,SI,Unplanned outage,A03,,2017-12-12 09:00:00+01:00,aSkgio4vFN1HVuJdIa_GfA,180.0,Hydro Pumped Storage,28W-G-0000000009,Avče,ČHE Avče elektrarna,1,MAW,PT1M,1,2017-12-12 02:49:00+01:00
2017-12-13 06:50:53+01:00,0,SI,Unplanned outage,A03,,2017-12-15 06:00:00+01:00,Dg5LIB9XAw6BzP5oT1S71g,248.0,Fossil Brown coal/Lignite,28W-G-000000080M,Šoštanj ,TE Šoštanj,1,MAW,PT1M,1,2017-12-08 17:27:00+01:00
2017-12-13 06:51:22+01:00,0,SI,Unplanned outage,A03,,2017-12-04 15:34:00+01:00,lqpNIh26e4Ii3PFGf_Q_gA,539.0,Fossil Brown coal/Lignite,28W-G-000000080M,Šoštanj ,TE Šoštanj,1,MAW,PT1M,1,2017-12-04 07:52:00+01:00
2017-12-13 06:51:50+01:00,0,SI,Unplanned outage,A03,,2017-12-02 09:21:00+01:00,wyDoPcs9aHLwhoZqvfDd-w,539.0,Fossil Brown coal/Lignite,28W-G-000000080M,Šoštanj ,TE Šoštanj,1,MAW,PT1M,1,2017-11-29 17:31:00+01:00
2017-12-13 06:52:04+01:00,0,SI,Unplanned outage,A03,,2017-11-18 00:57:00+01:00,sGh5qnrNa5pXdt0CPP-swA,180.0,Hydro Pumped Storage,28W-G-0000000009,Avče,ČHE Avče elektrarna,1,MAW,PT1M,1,2017-11-18 00:00:00+01:00
2017-12-13 06:52:11+01:00,0,SI,Unplanned outage,A03,,2017-11-26 10:00:00+01:00,Uy1nRf4gaZze8C5ys6KduQ,180.0,Hydro Pumped Storage,28W-G-0000000009,Avče,ČHE Avče elektrarna,1,MAW,PT1M,1,2017-11-26 03:09:00+01:00
2017-12-13 06:52:31+01:00,0,SI,Unplanned outage,A03,,2017-11-08 07:00:00+01:00,HQcJ0mDlqlfeOwB4OJChzg,539.0,Fossil Brown coal/Lignite,28W-G-000000080M,Šoštanj ,TE Šoštanj,1,MAW,PT1M,1,2017-10-27 23:54:00+02:00
2018-01-06 08:28:10+01:00,0,SI,Unplanned outage,A03,,2018-01-06 01:45:00+01:00,SAoXZwiEnCwtV_X2jRb-IA,180.0,Hydro Pumped Storage,28W-G-0000000009,Avče,ČHE Avče elektrarna,1,MAW,PT1M,1,2018-01-06 01:39:00+01:00
2018-01-14 09:09:13+01:00,0,SI,Unplanned outage,A03,,2018-01-20 08:00:00+01:00,1TosvLLl3tjJWzCjUQZirA,180.0,Hydro Pumped Storage,28W-G-0000000009,Avče,ČHE Avče elektrarna,1,MAW,PT60M,1,2018-01-14 09:00:00+01:00
2018-02-05 03:01:27+01:00,0,SI,Unplanned outage,A03,,2018-02-05 00:00:00+01:00,T5BeXPNgM45RxTl2kyHsNg,248.0,Fossil Brown coal/Lignite,28W-G-000000080M,Šoštanj ,TE Šoštanj,1,MAW,PT30M,1,2018-02-04 23:30:00+01:00
2018-02-13 06:57:29+01:00,0,SI,Unplanned outage,A03,,2018-02-13 06:45:00+01:00,Bxefy04LCJEn8t9kgqgRUQ,248.0,Fossil Brown coal/Lignite,28W-G-000000080M,Šoštanj ,TE Šoštanj,1,MAW,PT15M,1,2018-02-13 06:30:00+01:00
2018-02-27 19:10:35+01:00,0,SI,Unplanned outage,A03,,2018-02-28 18:00:00+01:00,2K2hj6kw5w4hlR0aAoTbUQ,248.0,Fossil Brown coal/Lignite,28W-G-000000080M,Šoštanj ,TE Šoštanj,1,MAW,PT60M,1,2018-02-27 19:00:00+01:00
2018-10-20 16:04:58+02:00,0,SI,Unplanned outage,A03,,2018-02-27 19:00:00+01:00,UIHw3G8vqJe2Ftjyyi4mlg,248.0,Fossil Brown coal/Lignite,28W-G-000000080M,Šoštanj ,TE Šoštanj,1,MAW,PT30M,1,2018-02-27 18:30:00+01:00
2018-10-20 16:05:12+02:00,0,SI,Unplanned outage,A03,,2018-02-13 06:00:00+01:00,CqUgY7oURuPTflFo36k4Ww,248.0,Fossil Brown coal/Lignite,28W-G-000000080M,Šoštanj ,TE Šoštanj,1,MAW,PT60M,1,2018-02-12 09:00:00+01:00
2018-10-20 16:05:33+02:00,0,SI,Unplanned outage,A03,,2018-02-05 00:00:00+01:00,NAQtLidk8dMMvZ7SsYkRdg,248.0,Fossil Brown coal/Lignite,28W-G-000000080M,Šoštanj ,TE Šoštanj,1,MAW,PT30M,1,2018-02-04 23:30:00+01:00
2018-10-20 16:05:42+02:00,0,SI,Unplanned outage,A03,,2018-02-05 06:17:00+01:00,d5Ie-lkdH9_pg8Y5KNHb3Q,539.0,Fossil Brown coal/Lignite,28W-G-000000080M,Šoštanj ,TE Šoštanj,1,MAW,PT1M,1,2018-02-05 06:15:00+01:00
2018-10-15 07:07:52+02:00,0,SI,Unplanned outage,A03,,2018-10-15 05:00:00+02:00,9Ri7diZHCdf93UEF_Ai8CA,305.0,Fossil Brown coal/Lignite,28W-G-000000080M,Šoštanj,TE Šoštanj,1,MAW,PT60M,1,2018-10-12 15:00:00+02:00
2018-10-20 16:04:53+02:00,0,SI,Unplanned outage,A03,,2018-07-22 13:45:00+02:00,TXRDyV3LMHC0R-t0qcZA1w,180.0,Hydro Pumped Storage,28W-G-0000000009,Avče,ČHE Avče elektrarna,1,MAW,PT1M,1,2018-07-22 13:40:00+02:00
2018-10-20 18:28:33+02:00,225,SI,Unplanned outage,A03,,2018-10-20 19:00:00+02:00,fS-KRSCUYlY_hItME_9Jsg,305.0,Fossil Brown coal/Lignite,28W-G-000000080M,Šoštanj,TE Šoštanj,1,MAW,PT60M,1,2018-10-20 14:00:00+02:00
2018-10-24 11:34:48+02:00,421,SI,Unplanned outage,A03,,2018-10-24 12:30:00+02:00,be940beev2YStJZInql_Ig,539.0,Fossil Brown coal/Lignite,28W-G-000000080M,Šoštanj,TE Šoštanj,1,MAW,PT30M,1,2018-10-24 11:30:00+02:00
2018-11-19 07:08:17+01:00,280,SI,Unplanned outage,A03,,2018-11-17 06:00:00+01:00,yasI5LBIiji6NZIcC5i8LA,539.0,Fossil Brown coal/Lignite,28W-G-000000080M,Šoštanj,TE Šoštanj,1,MAW,PT60M,1,2018-11-17 04:00:00+01:00
2018-11-19 07:36:55+01:00,280,SI,Unplanned outage,A03,,2018-11-18 06:15:00+01:00,TiYbpE87lmXzNfy1jQwDzQ,539.0,Fossil Brown coal/Lignite,28W-G-000000080M,Šoštanj,TE Šoštanj,1,MAW,PT15M,1,2018-11-18 06:00:00+01:00
2018-12-14 23:32:15+01:00,0,SI,Unplanned outage,A03,,2018-12-18 05:00:00+01:00,9aITvR8Vb1-LIzNpL_97VQ,305.0,Fossil Brown coal/Lignite,28W-G-000000080M,Šoštanj,TE Šoštanj,1,MAW,PT60M,1,2018-12-14 23:00:00+01:00
2018-12-19 09:48:58+01:00,180,SI,Unplanned outage,A03,,2018-12-22 07:00:00+01:00,92g9f5B0PMt3tk5Te5fj6A,305.0,Fossil Brown coal/Lignite,28W-G-000000080M,Šoštanj,TE Šoštanj,1,MAW,PT60M,1,2018-12-21 23:00:00+01:00
2019-01-03 01:29:33+01:00,0,SI,Unplanned outage,A03,,2018-12-16 03:00:00+01:00,lr3_UhU59_Z9xTHgye6sCw,539.0,Fossil Brown coal/Lignite,28W-G-000000080M,Šoštanj,TE Šoštanj,1,MAW,PT15M,1,2018-12-16 02:45:00+01:00
2019-01-04 07:09:44+01:00,0,SI,Unplanned outage,A03,,2019-01-04 07:04:00+01:00,sawKCXdR-FdxL1TG6k1mTg,539.0,Fossil Brown coal/Lignite,28W-G-000000080M,Šoštanj,TE Šoštanj,1,MAW,PT1M,1,2019-01-04 07:00:00+01:00
2019-01-04 13:25:55+01:00,0,SI,Unplanned outage,A03,,2019-01-07 06:00:00+01:00,vNtLDDY2kV3emfwFGWYVrQ,305.0,Fossil Brown coal/Lignite,28W-G-000000080M,Šoštanj,TE Šoštanj,1,MAW,PT60M,1,2019-01-04 23:00:00+01:00
2019-01-04 14:57:57+01:00,0,SI,Unplanned outage,A03,,2019-01-04 16:00:00+01:00,qX8wINQdMBz8mYaOQ5esYQ,539.0,Fossil Brown coal/Lignite,28W-G-000000080M,Šoštanj,TE Šoštanj,1,MAW,PT60M,1,2019-01-04 15:00:00+01:00
2019-01-18 15:57:22+01:00,0,SI,Unplanned outage,A03,,2019-01-18 19:00:00+01:00,7JNz13btVXjlGPBRdq0LqA,539.0,Fossil Brown coal/Lignite,28W-G-000000080M,Šoštanj,TE Šoštanj,1,MAW,PT60M,1,2019-01-18 10:00:00+01:00
2019-01-24 08:30:07+01:00,0,SI,Unplanned outage,A03,,2019-01-19 02:00:00+01:00,KCwPEWjWsApjuVJ3Lls83A,539.0,Fossil Brown coal/Lignite,28W-G-000000080M,Šoštanj,TE Šoštanj,1,MAW,PT15M,1,2019-01-19 01:45:00+01:00
2019-01-28 13:21:29+01:00,0,SI,Unplanned outage,A03,,2019-01-28 14:30:00+01:00,ho8q8VGW999__PDzNgJwBw,305.0,Fossil Brown coal/Lignite,28W-G-000000080M,Šoštanj,TE Šoštanj,1,MAW,PT1M,1,2019-01-28 14:18:00+01:00
2019-02-01 04:18:44+01:00,432,SI,Unplanned outage,A03,,2019-02-01 08:00:00+01:00,Vv7pIM8ZGm5Kw4c9zwnl9w,539.0,Fossil Brown coal/Lignite,28W-G-000000080M,Šoštanj,TE Šoštanj,1,MAW,PT60M,1,2019-02-01 04:00:00+01:00
2019-03-06 11:56:19+01:00,0,SI,Unplanned outage,A03,,2019-02-06 23:00:00+01:00,gR945qL9IjaoL2ssVkSpSg,539.0,Fossil Brown coal/Lignite,28W-G-000000080M,Šoštanj,TE Šoštanj,1,MAW,PT60M,2,2019-02-06 15:00:00+01:00
2019-03-06 13:30:54+01:00,285,SI,Unplanned outage,A03,,2018-10-20 21:00:00+02:00,_NJc3TUhMuT3tOZGnx6YHQ,305.0,Fossil Brown coal/Lignite,28W-G-000000080M,Šoštanj,TE Šoštanj,1,MAW,PT60M,2,2018-10-20 20:00:00+02:00
2019-03-07 09:31:30+01:00,0,SI,Unplanned outage,A03,,2019-01-16 06:00:00+01:00,dEoaxc3-zgSMckG5FX7hLg,305.0,Fossil Brown coal/Lignite,28W-G-000000080M,Šoštanj,TE Šoštanj,1,MAW,PT60M,2,2019-01-11 22:00:00+01:00
2019-03-07 11:28:30+01:00,-185,SI,Unplanned outage,A03,,2018-11-05 00:00:00+01:00,9vJ64N5knqRJEm4rR18OgA,180.0,Hydro Pumped Storage,28W-G-0000000009,Avče,ČHE Avče elektrarna,1,MAW,PT60M,2,2018-11-02 05:00:00+01:00
2019-03-18 08:53:59+01:00,0,SI,Unplanned outage,A03,,2018-12-10 05:00:00+01:00,Otb9eqy0HBL0x4IThwpMpQ,305.0,Fossil Brown coal/Lignite,28W-G-000000080M,Šoštanj,TE Šoštanj,1,MAW,PT60M,3,2018-12-04 05:00:00+01:00
2019-03-18 09:02:17+01:00,0,SI,Unplanned outage,A03,,2019-01-28 14:18:00+01:00,0z0vwvUL1sV0WKtp2ThasA,305.0,Fossil Brown coal/Lignite,28W-G-000000080M,Šoštanj,TE Šoštanj,1,MAW,PT1M,2,2019-01-28 14:15:00+01:00
2019-03-18 09:25:27+01:00,0,SI,Unplanned outage,A03,,2018-10-12 15:00:00+02:00,AbIFnOQihp_6NYts51ixaw,305.0,Fossil Brown coal/Lignite,28W-G-000000080M,Šoštanj,TE Šoštanj,1,MAW,PT60M,2,2018-10-11 05:00:00+02:00
2019-04-01 12:20:07+02:00,0,SI,Unplanned outage,A03,,2019-01-24 09:00:00+01:00,i3SpMei_734-fp7_bwrVjQ,539.0,Fossil Brown coal/Lignite,28W-G-000000080M,Šoštanj,TE Šoštanj,1,MAW,PT30M,1,2019-01-24 08:30:00+01:00
2019-04-01 23:08:34+02:00,432,SI,Unplanned outage,A03,,2019-04-01 23:00:00+02:00,k6L-Tdb2Qw7x_CTpBSCkFQ,539.0,Fossil Brown coal/Lignite,28W-G-000000080M,Šoštanj,TE Šoštanj,1,MAW,PT60M,1,2019-04-01 12:00:00+02:00
2019-04-12 09:59:32+02:00,430,SI,Unplanned outage,A03,,2019-04-08 07:00:00+02:00,58j96vc9NCDikbsWzkbtSA,539.0,Fossil Brown coal/Lignite,28W-G-000000080M,Šoštanj,TE Šoštanj,1,MAW,PT1M,1,2019-04-08 06:50:00+02:00
2019-04-15 11:42:26+02:00,0,SI,Unplanned outage,A03,,2019-04-23 08:00:00+02:00,_gr3FAijekajopOFQl-VKA,305.0,Fossil Brown coal/Lignite,28W-G-000000080M,Šoštanj,TE Šoštanj,1,MAW,PT60M,1,2019-02-22 22:00:00+01:00
2019-04-18 20:55:48+02:00,410,SI,Unplanned outage,A03,,2019-04-18 20:45:00+02:00,l-T_mCM88TyBMDSnig3QJQ,539.0,Fossil Brown coal/Lignite,28W-G-000000080M,Šoštanj,TE Šoštanj,1,MAW,PT1M,1,2019-04-18 20:41:00+02:00
2019-04-18 20:57:52+02:00,410,SI,Unplanned outage,A03,,2019-04-19 12:00:00+02:00,xBQxAPsUy0-Jq4zGJbnsCg,539.0,Fossil Brown coal/Lignite,28W-G-000000080M,Šoštanj,TE Šoštanj,1,MAW,PT60M,1,2019-04-18 21:00:00+02:00
2019-04-23 05:59:25+02:00,0,SI,Unplanned outage,A03,,2019-02-22 21:45:00+01:00,DRGYm-56iCSSY7vCr0GcVQ,305.0,Fossil Brown coal/Lignite,28W-G-000000080M,Šoštanj,TE Šoštanj,1,MAW,PT1M,1,2019-02-22 21:32:00+01:00
2019-04-23 09:33:12+02:00,0,SI,Unplanned outage,A03,,2019-04-23 05:30:00+02:00,erB5G5GB8KqBL09On5UfhQ,305.0,Fossil Brown coal/Lignite,28W-G-000000080M,Šoštanj,TE Šoštanj,1,MAW,PT30M,1,2019-04-23 05:00:00+02:00
2019-04-23 09:34:27+02:00,0,SI,Unplanned outage,A03,,2019-02-04 06:36:00+01:00,hiiXAbhXNR63Ya0aHJUWfQ,305.0,Fossil Brown coal/Lignite,28W-G-000000080M,Šoštanj,TE Šoštanj,1,MAW,PT1M,1,2019-02-04 06:30:00+01:00
2019-06-06 23:27:08+02:00,436,SI,Unplanned outage,A03,,2019-06-06 20:15:00+02:00,x6UveULbDjLAfTEU0EoUdQ,539.0,Fossil Brown coal/Lignite,28W-G-000000080M,Šoštanj,TE Šoštanj,1,MAW,PT1M,1,2019-06-06 20:10:00+02:00
2019-07-06 13:26:59+02:00,0,SI,Unplanned outage,A03,,2019-07-06 13:23:00+02:00,JvpHWxz168vZPJbS7zPlKQ,180.0,Hydro Pumped Storage,28W-G-0000000009,Avče,ČHE Avče elektrarna,1,MAW,PT1M,1,2019-07-06 13:01:00+02:00
2019-07-06 15:58:26+02:00,0,SI,Unplanned outage,A03,,2019-07-06 17:00:00+02:00,d0AD_2cLcZbWjNchcthfXQ,180.0,Hydro Pumped Storage,28W-G-0000000009,Avče,ČHE Avče elektrarna,1,MAW,PT60M,1,2019-07-06 16:00:00+02:00
2019-07-06 16:25:08+02:00,0,SI,Unplanned outage,A03,,2019-07-06 19:00:00+02:00,QuUGfgGITPqXg49aLF2oHQ,180.0,Hydro Pumped Storage,28W-G-0000000009,Avče,ČHE Avče elektrarna,1,MAW,PT60M,1,2019-07-06 17:00:00+02:00
2019-07-07 10:06:48+02:00,420,SI,Unplanned outage,A03,,2019-07-07 09:50:00+02:00,0yUl-yyffdCm0fMOACHRLw,539.0,Fossil Brown coal/Lignite,28W-G-000000080M,Šoštanj,TE Šoštanj,1,MAW,PT1M,1,2019-07-07 09:36:00+02:00
2019-11-06 10:35:56+01:00,0,SI,Unplanned outage,A03,,2019-07-06 13:23:00+02:00,hVMjMobioNyTNxXiR4oS9w,180.0,Hydro Pumped Storage,28W-G-0000000009,Avče,ČHE Avče elektrarna,1,MAW,PT1M,55,2019-07-06 13:01:00+02:00
2019-07-10 02:25:04+02:00,0,SI,Unplanned outage,A03,,2019-07-10 02:30:00+02:00,ri6UigLO-Orojwelf1B8_A,539.0,Fossil Brown coal/Lignite,28W-G-000000080M,Šoštanj,TE Šoštanj,1,MAW,PT1M,1,2019-07-10 02:20:00+02:00
2019-07-10 05:03:11+02:00,0,SI,Unplanned outage,A03,,2019-07-10 02:30:00+02:00,dM3u1H1WNMSjhrRilOahNA,539.0,Fossil Brown coal/Lignite,28W-G-000000080M,Šoštanj,TE Šoštanj,1,MAW,PT1M,1,2019-07-10 02:20:00+02:00
2019-07-12 13:04:57+02:00,297,SI,Unplanned outage,A03,,2019-07-11 06:00:00+02:00,eb2qiwxAa88JF2bY6USloA,305.0,Fossil Brown coal/Lignite,28W-G-000000080M,Šoštanj,TE Šoštanj,1,MAW,PT60M,1,2019-07-11 02:00:00+02:00
2019-07-12 23:18:30+02:00,0,SI,Unplanned outage,A03,,2019-07-12 23:15:00+02:00,FBZrZ1DF-7DPgTGXJerssw,305.0,Fossil Brown coal/Lignite,28W-G-000000080M,Šoštanj,TE Šoštanj,1,MAW,PT1M,1,2019-07-12 23:07:00+02:00
2019-07-13 11:52:27+02:00,297,SI,Unplanned outage,A03,,2019-07-14 06:00:00+02:00,xWFWYBwuAcxNTuaxOCuGlg,539.0,Fossil Brown coal/Lignite,28W-G-000000080M,Šoštanj,TE Šoštanj,1,MAW,PT60M,1,2019-07-14 01:00:00+02:00
2019-08-16 22:09:20+02:00,0,SI,Unplanned outage,A03,,2019-08-19 21:45:00+02:00,9gnaFiyZNwUD_Q4tDbrlfQ,539.0,Fossil Brown coal/Lignite,28W-G-000000080M,Šoštanj,TE Šoštanj,1,MAW,PT15M,1,2019-08-19 21:30:00+02:00
2019-08-18 11:14:28+02:00,0,SI,Unplanned outage,A03,,2019-08-18 12:00:00+02:00,pYdTiMZuctWlUuJky6tbYQ,539.0,Fossil Brown coal/Lignite,28W-G-000000080M,Šoštanj,TE Šoštanj,1,MAW,PT30M,1,2019-08-18 11:30:00+02:00
2019-08-19 13:10:23+02:00,0,SI,Unplanned outage,A03,,2019-08-19 12:45:00+02:00,elRLnk9cidtlxvJEMymvWA,180.0,Hydro Pumped Storage,28W-G-0000000009,Avče,ČHE Avče elektrarna,1,MAW,PT15M,3,2019-08-19 12:30:00+02:00
2019-08-26 10:22:38+02:00,0,SI,Unplanned outage,A03,,2019-08-25 10:15:00+02:00,kkgrIkELmNNPHKvh-Uqtlg,305.0,Fossil Brown coal/Lignite,28W-G-000000080M,Šoštanj,TE Šoštanj,1,MAW,PT1M,1,2019-08-25 10:08:00+02:00
2019-08-26 10:30:59+02:00,0,SI,Unplanned outage,A03,,2019-08-25 10:15:00+02:00,H_tJRpyzR68qu69K-4UFsQ,305.0,Fossil Brown coal/Lignite,28W-G-000000080M,Šoštanj,TE Šoštanj,1,MAW,PT1M,1,2019-08-25 10:08:00+02:00
2019-08-26 10:41:39+02:00,0,SI,Unplanned outage,A03,,2019-08-26 11:00:00+02:00,GXo_dTmEN7mqYs7HPjM1fQ,180.0,Hydro Pumped Storage,28W-G-0000000009,Avče,ČHE Avče elektrarna,1,MAW,PT15M,1,2019-08-26 10:45:00+02:00
2019-08-26 10:54:27+02:00,0,SI,Unplanned outage,A03,,2019-08-26 10:45:00+02:00,NJZ6dtxwVzxAZgcbaiiAFA,180.0,Hydro Pumped Storage,28W-G-0000000009,Avče,ČHE Avče elektrarna,1,MAW,PT1M,1,2019-08-26 10:34:00+02:00
2019-09-05 15:01:16+02:00,180,SI,Unplanned outage,A03,,2019-09-06 14:00:00+02:00,YDeZZ11jgV3Sv2nwWNSc9A,180.0,Hydro Pumped Storage,28W-G-0000000009,Avče,ČHE Avče elektrarna,1,MAW,PT60M,1,2019-09-06 12:00:00+02:00
2019-09-27 14:55:41+02:00,0,SI,Unplanned outage,A03,,2019-09-30 06:00:00+02:00,zqROlYHtTJsTJSanHcE3aQ,305.0,Fossil Brown coal/Lignite,28W-G-000000080M,Šoštanj,TE Šoštanj,1,MAW,PT60M,2,2019-09-20 00:00:00+02:00
2019-10-12 00:52:49+02:00,305,SI,Unplanned outage,A03,,2019-10-12 01:00:00+02:00,JpjsTx_1y9e0bPAV3G_5-w,305.0,Fossil Brown coal/Lignite,28W-G-000000080M,Šoštanj,TE Šoštanj,1,MAW,PT15M,2,2019-10-12 00:45:00+02:00
2019-10-12 07:18:38+02:00,0,SI,Unplanned outage,A03,,2019-10-12 02:23:00+02:00,oRwKZEyj9vyOlKAgDNgwtA,539.0,Fossil Brown coal/Lignite,28W-G-000000080M,Šoštanj,TE Šoštanj,1,MAW,PT1M,2,2019-10-12 02:15:00+02:00
2019-10-13 05:24:15+02:00,0,SI,Unplanned outage,A03,,2019-10-13 00:30:00+02:00,6TxZW2fJpDV5re8xEQkRqg,180.0,Hydro Pumped Storage,28W-G-0000000009,Avče,ČHE Avče elektrarna,1,MAW,PT15M,2,2019-10-13 00:15:00+02:00
2019-10-18 17:53:06+02:00,0,SI,Unplanned outage,A03,,2019-10-04 20:00:00+02:00,tRPxEVqetWo7kTbIjpnTVg,180.0,Hydro Pumped Storage,28W-G-0000000009,Avče,ČHE Avče elektrarna,1,MAW,PT60M,2,2019-09-28 07:00:00+02:00
2019-10-18 17:53:24+02:00,0,SI,Unplanned outage,A03,,2019-10-18 16:39:00+02:00,hPiJONBfWka7vXtH4FgqqA,180.0,Hydro Pumped Storage,28W-G-0000000009,Avče,ČHE Avče elektrarna,1,MAW,PT1M,1,2019-10-18 16:34:00+02:00
2019-10-22 04:43:43+02:00,0,SI,Unplanned outage,A03,,2019-10-22 01:00:00+02:00,hi6aCiqLtVfz5Yla-p7BeA,180.0,Hydro Pumped Storage,28W-G-0000000009,Avče,ČHE Avče elektrarna,1,MAW,PT1M,3,2019-10-22 00:55:00+02:00
2019-11-06 10:36:35+01:00,0,SI,Unplanned outage,A03,,2019-08-26 10:45:00+02:00,y7KwtK4uG761k26QX0NLDA,180.0,Hydro Pumped Storage,28W-G-0000000009,Avče,ČHE Avče elektrarna,1,MAW,PT1M,41,2019-08-26 10:34:00+02:00
2019-11-06 10:39:53+01:00,0,SI,Unplanned outage,A03,,2019-11-04 04:30:00+01:00,NZizNUhheNx3Lw-DnVWOaQ,180.0,Hydro Pumped Storage,28W-G-0000000009,Avče,ČHE Avče elektrarna,1,MAW,PT1M,2,2019-11-04 04:16:00+01:00
2019-11-13 07:12:59+01:00,436,SI,Unplanned outage,A03,,2019-11-12 22:55:00+01:00,AMykOhKguy9LAeuUoPdhFA,539.0,Fossil Brown coal/Lignite,28W-G-000000080M,Šoštanj,TE Šoštanj,1,MAW,PT1M,1,2019-11-12 22:45:00+01:00
2019-11-26 20:17:26+01:00,380,SI,Unplanned outage,A03,,2019-09-28 01:00:00+02:00,lszmptn1Xm6jCak8JOGTeQ,539.0,Fossil Brown coal/Lignite,28W-G-000000080M,Šoštanj,TE Šoštanj,1,MAW,PT1M,2,2019-09-28 00:58:00+02:00
2019-11-29 10:52:44+01:00,466,SI,Unplanned outage,A03,,2019-11-27 10:00:00+01:00,7QTeUqGDQHNfTEOfZayWWA,539.0,Fossil Brown coal/Lignite,28W-G-000000080M,Šoštanj,TE Šoštanj,1,MAW,PT60M,5,2019-11-26 20:00:00+01:00
2019-12-04 09:27:53+01:00,436,SI,Unplanned outage,A03,,2019-12-03 15:00:00+01:00,r2v3sLnfSRkt-WQ6JcBJxg,539.0,Fossil Brown coal/Lignite,28W-G-000000080M,Šoštanj,TE Šoštanj,1,MAW,PT60M,3,2019-12-03 14:00:00+01:00
2019-12-10 17:46:21+01:00,0,SI,Unplanned outage,A03,,2019-12-10 16:30:00+01:00,E9uB3oKK4nTKEnNJhgFJBQ,180.0,Hydro Pumped Storage,28W-G-0000000009,Avče,ČHE Avče elektrarna,1,MAW,PT30M,2,2019-12-10 16:00:00+01:00
2019-12-18 15:45:25+01:00,0,SI,Unplanned outage,A03,,2019-12-18 13:00:00+01:00,c-OrW6FfcydCnaHBdxD6xw,305.0,Fossil Brown coal/Lignite,28W-G-000000080M,Šoštanj,TE Šoštanj,1,MAW,PT60M,4,2019-12-18 04:00:00+01:00
2019-12-19 07:48:54+01:00,0,SI,Unplanned outage,A03,,2019-12-18 16:04:00+01:00,tU_J4x1nlsHTyVcDAA0d6A,539.0,Fossil Brown coal/Lignite,28W-G-000000080M,Šoštanj,TE Šoštanj,1,MAW,PT1M,1,2019-12-18 16:00:00+01:00
2019-12-19 07:49:35+01:00,430,SI,Unplanned outage,A03,,2019-12-18 17:30:00+01:00,IH7kueczhLIm3nRRfOSasA,539.0,Fossil Brown coal/Lignite,28W-G-000000080M,Šoštanj,TE Šoštanj,1,MAW,PT30M,3,2019-12-18 16:30:00+01:00
2019-12-20 09:52:57+01:00,0,SI,Unplanned outage,A03,,2019-12-20 09:00:00+01:00,s80ptCej5jarPQMYGplh5g,539.0,Fossil Brown coal/Lignite,28W-G-000000080M,Šoštanj,TE Šoštanj,1,MAW,PT15M,1,2019-12-20 08:45:00+01:00
2019-12-20 10:09:00+01:00,0,SI,Unplanned outage,A03,,2019-12-20 09:00:00+01:00,Z2cyXXhC7wrh9tYLHrrQEQ,539.0,Fossil Brown coal/Lignite,28W-G-000000080M,Šoštanj,TE Šoštanj,1,MAW,PT60M,1,2019-12-20 07:00:00+01:00
2019-12-28 22:33:28+01:00,0,SI,Unplanned outage,A03,,2019-12-28 22:15:00+01:00,5c49TdzfWdc3C7iWN7cI_A,180.0,Hydro Pumped Storage,28W-G-0000000009,Avče,ČHE Avče elektrarna,1,MAW,PT15M,2,2019-12-28 22:00:00+01:00
2020-01-06 17:27:53+01:00,432,SI,Unplanned outage,A03,,2020-01-06 16:40:00+01:00,joNdxSDClOi-FG6eIJu-dg,539.0,Fossil Brown coal/Lignite,28W-G-000000080M,Šoštanj,TE Šoštanj,1,MAW,PT1M,4,2020-01-06 16:30:00+01:00
2020-01-09 02:17:47+01:00,420,SI,Unplanned outage,A03,,2020-01-09 02:00:00+01:00,ClXmsqb4CN-HpaddumgPqA,539.0,Fossil Brown coal/Lignite,28W-G-000000080M,Šoštanj,TE Šoštanj,1,MAW,PT30M,2,2020-01-09 01:30:00+01:00
2020-01-17 12:32:07+01:00,0,SI,Unplanned outage,A03,,2020-01-10 16:00:00+01:00,c0cLEyfIKSsxsBDzZxHQFg,539.0,Fossil Brown coal/Lignite,28W-G-000000080M,Šoštanj,TE Šoštanj,1,MAW,PT15M,11,2020-01-10 15:45:00+01:00
2020-01-19 20:10:50+01:00,0,SI,Unplanned outage,A03,,2020-01-18 03:45:00+01:00,trIvdf93EQJ6or7YPkgjBQ,180.0,Hydro Pumped Storage,28W-G-0000000009,Avče,ČHE Avče elektrarna,1,MAW,PT15M,1,2020-01-18 03:15:00+01:00
2020-01-21 17:27:14+01:00,240,SI,Unplanned outage,A03,,2020-01-21 17:00:00+01:00,xRSlUplAYn_vw15fZtDNHw,539.0,Fossil Brown coal/Lignite,28W-G-000000080M,Šoštanj,TE Šoštanj,1,MAW,PT30M,2,2020-01-21 16:30:00+01:00
2020-01-24 04:43:19+01:00,240,SI,Unplanned outage,A03,,2019-12-28 23:52:00+01:00,dFx3mYEhf-CgB0XQ7iW9Hw,305.0,Fossil Brown coal/Lignite,28W-G-000000080M,Šoštanj,TE Šoštanj,1,MAW,PT1M,12,2019-12-28 23:45:00+01:00
2020-01-24 07:07:53+01:00,240,SI,Unplanned outage,A03,,2020-01-23 15:45:00+01:00,i2U2eXsTy0jJh0nWaoOIbg,539.0,Fossil Brown coal/Lignite,28W-G-000000080M,Šoštanj,TE Šoštanj,1,MAW,PT1M,9,2020-01-23 15:35:00+01:00
2020-01-28 22:09:01+01:00,539,SI,Unplanned outage,A03,,2020-01-28 21:00:00+01:00,j4gd_CAdh0vuCZ-9--nyQg,539.0,Fossil Brown coal/Lignite,28W-G-000000080M,Šoštanj,TE Šoštanj,1,MAW,PT60M,4,2020-01-28 19:00:00+01:00
2020-01-30 19:51:52+01:00,260,SI,Unplanned outage,A03,,2020-01-30 17:00:00+01:00,UgZ-3VjGdPdMKexQi59vNg,539.0,Fossil Brown coal/Lignite,28W-G-000000080M,Šoštanj,TE Šoštanj,1,MAW,PT30M,3,2020-01-30 16:30:00+01:00
2020-02-01 00:03:08+01:00,225,SI,Unplanned outage,A03,,2020-01-30 16:30:00+01:00,Fv00mHGKhOATZ1h6kdQvlw,539.0,Fossil Brown coal/Lignite,28W-G-000000080M,Šoštanj,TE Šoštanj,1,MAW,PT1M,5,2020-01-30 16:21:00+01:00
2020-02-07 10:10:51+01:00,240,SI,Unplanned outage,A03,,2020-01-24 04:30:00+01:00,dlTyaZRuKEXHgcfp5V4FYQ,539.0,Fossil Brown coal/Lignite,28W-G-000000080M,Šoštanj,TE Šoštanj,1,MAW,PT30M,1,2020-01-24 04:00:00+01:00
2020-02-16 11:59:46+01:00,0,SI,Unplanned outage,A03,,2020-02-16 11:36:00+01:00,bVgF46OS6omL0jaEScwtdg,180.0,Hydro Pumped Storage,28W-G-0000000009,Avče,ČHE Avče elektrarna,1,MAW,PT1M,3,2020-02-16 11:30:00+01:00
2020-03-08 02:44:21+01:00,0,SI,Unplanned outage,A03,,2020-03-08 00:00:00+01:00,J_GNsL88R4Q2FmEAhUqzfw,180.0,Hydro Pumped Storage,28W-G-0000000009,Avče,ČHE Avče elektrarna,1,MAW,PT1M,2,2020-03-07 23:59:00+01:00
2020-03-24 08:34:43+01:00,436,SI,Unplanned outage,A03,,2020-03-24 08:15:00+01:00,exYxx5Y3eSk_nr_sIiOWHg,539.0,Fossil Brown coal/Lignite,28W-G-000000080M,Šoštanj,TE Šoštanj,1,MAW,PT15M,4,2020-03-24 08:00:00+01:00
2020-04-05 00:38:42+02:00,0,SI,Unplanned outage,A03,,2020-04-05 23:00:00+02:00,Ha7t2zOYRJRM4GzuKPYgng,539.0,Fossil Brown coal/Lignite,28W-G-000000080M,Šoštanj,TE Šoštanj,1,MAW,PT60M,3,2020-04-05 01:00:00+02:00
2020-04-18 19:47:26+02:00,0,SI,Unplanned outage,A03,,2020-04-18 19:00:00+02:00,MD84MJsU2TeGa5sPizzIjQ,180.0,Hydro Pumped Storage,28W-G-0000000009,Avče,ČHE Avče elektrarna,1,MAW,PT60M,2,2020-04-18 18:00:00+02:00
2020-04-24 14:48:41+02:00,0,SI,Unplanned outage,A03,,2020-04-24 14:00:00+02:00,Ng-joYmKjfzvXfOErSBSiw,180.0,Hydro Pumped Storage,28W-G-0000000009,Avče,ČHE Avče elektrarna,1,MAW,PT60M,2,2020-04-24 13:00:00+02:00
2020-05-12 08:49:25+02:00,0,SI,Unplanned outage,A03,,2020-05-12 02:00:00+02:00,MxJPf3iOtBRHY3lc_H5vUg,180.0,Hydro Pumped Storage,28W-G-0000000009,Avče,ČHE Avče elektrarna,1,MAW,PT30M,1,2020-05-12 01:30:00+02:00
2020-05-12 12:23:52+02:00,0,SI,Unplanned outage,A03,,2020-05-12 11:30:00+02:00,h4A37TXAlaAfihwgLjokFg,180.0,Hydro Pumped Storage,28W-G-0000000009,Avče,ČHE Avče elektrarna,1,MAW,PT30M,5,2020-05-12 11:00:00+02:00
2020-05-14 10:55:41+02:00,0,SI,Unplanned outage,A03,,2020-05-14 11:00:00+02:00,DCngdwf0VhcteJWDKLYCGA,180.0,Hydro Pumped Storage,28W-G-0000000009,Avče,ČHE Avče elektrarna,1,MAW,PT60M,2,2020-05-14 09:00:00+02:00
2020-05-15 07:41:38+02:00,0,SI,Unplanned outage,A03,,2020-05-07 09:00:00+02:00,wPfWg7uIEPXYGjOW1tu58A,305.0,Fossil Brown coal/Lignite,28W-G-000000080M,Šoštanj,TE Šoštanj,1,MAW,PT30M,8,2020-05-07 08:30:00+02:00
2020-06-03 23:57:17+02:00,0,SI,Unplanned outage,A03,,2020-05-13 09:53:00+02:00,PAnqVY2iJ4p0vjwJj-GzxQ,539.0,Fossil Brown coal/Lignite,28W-G-000000080M,Šoštanj,TE Šoštanj,1,MAW,PT1M,7,2020-05-13 09:45:00+02:00
2020-06-03 23:57:35+02:00,0,SI,Unplanned outage,A03,,2020-06-03 23:15:00+02:00,6BLBr-yS-qcgGzAYIBiG0g,180.0,Hydro Pumped Storage,28W-G-0000000009,Avče,ČHE Avče elektrarna,1,MAW,PT1M,2,2020-06-03 23:01:00+02:00
2020-06-22 11:12:05+02:00,0,SI,Unplanned outage,A03,,2020-06-24 12:00:00+02:00,FPoNvI5jHMWhEB0j8btRPA,180.0,Hydro Pumped Storage,28W-G-0000000009,Avče,ČHE Avče elektrarna,1,MAW,PT60M,4,2020-06-15 01:00:00+02:00
2020-10-29 16:22:56+01:00,430,SI,Unplanned outage,A03,,2019-12-18 03:15:00+01:00,heEsLTnVeYQDLDAFrv6r6g,539.0,Fossil Brown coal/Lignite,28W-G-000000080M,Šoštanj,TE Šoštanj,1,MAW,PT1M,11,2019-12-18 03:04:00+01:00
2020-07-13 14:12:31+02:00,0,SI,Unplanned outage,A03,,2020-07-13 09:50:00+02:00,cEeXq1LSPN4t-jaQX-y25g,305.0,Fossil Brown coal/Lignite,28W-G-000000080M,Šoštanj,TE Šoštanj,1,MAW,PT1M,2,2020-07-13 09:45:00+02:00
2020-07-18 17:13:45+02:00,0,SI,Unplanned outage,A03,,2020-07-18 17:00:00+02:00,CwZIkecaW1Qmw4l1nc8-gg,305.0,Fossil Brown coal/Lignite,28W-G-000000080M,Šoštanj,TE Šoštanj,1,MAW,PT60M,4,2020-07-15 22:00:00+02:00
2020-07-19 23:06:08+02:00,0,SI,Unplanned outage,A03,,2020-07-19 22:15:00+02:00,gQIJK8JyIN7528bhOxyV2g,180.0,Hydro Pumped Storage,28W-G-0000000009,Avče,ČHE Avče elektrarna,1,MAW,PT1M,2,2020-07-19 22:04:00+02:00
2020-07-20 07:13:14+02:00,0,SI,Unplanned outage,A03,,2020-07-18 13:15:00+02:00,3AVx1kQMe7jF168Dkto8cA,180.0,Hydro Pumped Storage,28W-G-0000000009,Avče,ČHE Avče elektrarna,1,MAW,PT1M,1,2020-07-18 13:01:00+02:00
2020-07-24 16:00:05+02:00,333,SI,Unplanned outage,A03,,2020-07-24 12:00:00+02:00,o6zKSAH85D9TGGvaH_kQfw,539.0,Fossil Brown coal/Lignite,28W-G-000000080M,Šoštanj,TE Šoštanj,1,MAW,PT15M,2,2020-07-24 11:45:00+02:00
2020-07-27 21:53:44+02:00,333,SI,Unplanned outage,A03,,2020-07-27 16:00:00+02:00,AE47YPESdyfhUG5fWIK8yg,539.0,Fossil Brown coal/Lignite,28W-G-000000080M,Šoštanj,TE Šoštanj,1,MAW,PT30M,2,2020-07-27 15:30:00+02:00
2020-07-31 15:11:01+02:00,0,SI,Unplanned outage,A03,,2020-07-29 14:15:00+02:00,vtptMr01QCTqgfOkcv5DUw,305.0,Fossil Brown coal/Lignite,28W-G-000000080M,Šoštanj,TE Šoštanj,1,MAW,PT1M,4,2020-07-29 14:10:00+02:00
2020-08-03 16:00:25+02:00,145,SI,Unplanned outage,A03,,2020-08-03 14:30:00+02:00,oe1jOlwEizqFw1wcu423rw,305.0,Fossil Brown coal/Lignite,28W-G-000000080M,Šoštanj,TE Šoštanj,1,MAW,PT15M,5,2020-08-03 14:15:00+02:00
2020-08-04 04:50:44+02:00,0,SI,Unplanned outage,A03,,2020-08-04 04:38:00+02:00,iPBhLk7E03-Fptn9y9uaHw,180.0,Hydro Pumped Storage,28W-G-0000000009,Avče,ČHE Avče elektrarna,1,MAW,PT1M,3,2020-08-04 04:30:00+02:00
2020-08-21 20:59:56+02:00,0,SI,Unplanned outage,A03,,2020-08-17 13:45:00+02:00,RAGil08JwCURGnI-r_0Mfw,180.0,Hydro Pumped Storage,28W-G-0000000009,Avče,ČHE Avče elektrarna,1,MAW,PT1M,4,2020-08-17 13:40:00+02:00
2020-08-22 09:59:50+02:00,0,SI,Unplanned outage,A03,,2020-08-22 09:52:00+02:00,IfX2bXnoFpFp1ZbzomBc6A,305.0,Fossil Brown coal/Lignite,28W-G-000000080M,Šoštanj,TE Šoštanj,1,MAW,PT1M,3,2020-08-22 09:45:00+02:00
2020-08-24 07:48:19+02:00,0,SI,Unplanned outage,A03,,2020-08-21 20:00:00+02:00,oU8Z_KFrlzJGVC3KBLSrNg,539.0,Fossil Brown coal/Lignite,28W-G-000000080M,Šoštanj,TE Šoštanj,1,MAW,PT1M,2,2020-08-21 19:55:00+02:00
2020-08-26 18:41:22+02:00,0,SI,Unplanned outage,A03,,2020-08-26 18:00:00+02:00,gDHYJTAHa75oRWfuabveoQ,305.0,Fossil Brown coal/Lignite,28W-G-000000080M,Šoštanj,TE Šoštanj,1,MAW,PT60M,5,2020-08-26 12:00:00+02:00
2020-08-30 05:10:29+02:00,0,SI,Unplanned outage,A03,,2020-08-30 04:30:00+02:00,7gkYwI2g54etgvp-xdMYeQ,305.0,Fossil Brown coal/Lignite,28W-G-000000080M,Šoštanj,TE Šoštanj,1,MAW,PT30M,4,2020-08-30 04:00:00+02:00
2020-09-05 20:27:14+02:00,390,SI,Unplanned outage,A03,,2020-09-05 17:00:00+02:00,VAFv9Kh7CUNeVTrKIEuNEg,539.0,Fossil Brown coal/Lignite,28W-G-000000080M,Šoštanj,TE Šoštanj,1,MAW,PT1M,3,2020-09-05 16:59:00+02:00
2020-09-07 20:19:47+02:00,240,SI,Unplanned outage,A03,,2020-09-07 19:30:00+02:00,F325pIpXJeCGCxaOsdU98w,539.0,Fossil Brown coal/Lignite,28W-G-000000080M,Šoštanj,TE Šoštanj,1,MAW,PT30M,2,2020-09-07 19:00:00+02:00
2020-09-18 03:57:54+02:00,242,SI,Unplanned outage,A03,,2020-09-17 23:45:00+02:00,A8gKkGFeYG7CdKie-CRTaw,539.0,Fossil Brown coal/Lignite,28W-G-000000080M,Šoštanj,TE Šoštanj,1,MAW,PT1M,4,2020-09-17 23:42:00+02:00
2020-09-21 11:17:37+02:00,0,SI,Unplanned outage,A03,,2020-09-21 06:45:00+02:00,wo1XZ88kK-NBR85ulqBbQA,305.0,Fossil Brown coal/Lignite,28W-G-000000080M,Šoštanj,TE Šoštanj,1,MAW,PT15M,1,2020-09-21 06:30:00+02:00
2020-09-21 14:51:02+02:00,0,SI,Unplanned outage,A03,,2020-09-21 13:00:00+02:00,7UZKqhcllw5dIorLMiGfcg,305.0,Fossil Brown coal/Lignite,28W-G-000000080M,Šoštanj,TE Šoštanj,1,MAW,PT1M,1,2020-09-21 12:51:00+02:00
2020-09-21 23:22:19+02:00,294,SI,Unplanned outage,A03,,2020-09-21 11:45:00+02:00,d5UwACk5C0-h76bBy_gJ1g,539.0,Fossil Brown coal/Lignite,28W-G-000000080M,Šoštanj,TE Šoštanj,1,MAW,PT15M,6,2020-09-21 11:15:00+02:00
2020-09-21 23:28:04+02:00,260,SI,Unplanned outage,A03,,2020-09-21 12:00:00+02:00,VKozpbHOfxXDN-wc0cHC7A,539.0,Fossil Brown coal/Lignite,28W-G-000000080M,Šoštanj,TE Šoštanj,1,MAW,PT1M,2,2020-09-21 11:55:00+02:00
2020-09-22 09:53:04+02:00,294,SI,Unplanned outage,A03,,2020-09-17 23:30:00+02:00,O6gC-CQhGp7FlvDOBztNCg,539.0,Fossil Brown coal/Lignite,28W-G-000000080M,Šoštanj,TE Šoštanj,1,MAW,PT30M,2,2020-09-17 23:00:00+02:00
2020-09-29 19:03:02+02:00,260,SI,Unplanned outage,A03,,2020-09-29 18:50:00+02:00,qHutqW5y2QLdDzuAKaGY3A,539.0,Fossil Brown coal/Lignite,28W-G-000000080M,Šoštanj,TE Šoštanj,1,MAW,PT1M,2,2020-09-29 18:45:00+02:00
2020-10-11 18:23:23+02:00,0,SI,Unplanned outage,A03,,2020-10-11 14:30:00+02:00,g-goRDNUDPQphJXw8PXEjw,180.0,Hydro Pumped Storage,28W-G-0000000009,Avče,ČHE Avče elektrarna,1,MAW,PT1M,2,2020-10-11 14:29:00+02:00
2020-10-15 22:05:33+02:00,436,SI,Unplanned outage,A03,,2020-10-15 21:40:00+02:00,eXP8cG3baoySBeDyfMxMrA,539.0,Fossil Brown coal/Lignite,28W-G-000000080M,Šoštanj,TE Šoštanj,1,MAW,PT1M,3,2020-10-15 21:30:00+02:00
2020-10-16 16:48:12+02:00,0,SI,Unplanned outage,A03,,2020-10-16 17:00:00+02:00,QHNZqNg3lHqEyVengTciCg,180.0,Hydro Pumped Storage,28W-G-0000000009,Avče,ČHE Avče elektrarna,1,MAW,PT60M,2,2020-10-16 14:00:00+02:00
2020-10-17 10:05:47+02:00,0,SI,Unplanned outage,A03,,2020-10-17 08:00:00+02:00,Rhmtnhczl3c6a4c-BbWiPA,180.0,Hydro Pumped Storage,28W-G-0000000009,Avče,ČHE Avče elektrarna,1,MAW,PT1M,2,2020-10-17 07:50:00+02:00
2020-10-19 18:34:29+02:00,436,SI,Unplanned outage,A03,,2020-10-19 14:00:00+02:00,-u_ltrnhpJ9P2-E2RR6rew,539.0,Fossil Brown coal/Lignite,28W-G-000000080M,Šoštanj,TE Šoštanj,1,MAW,PT1M,2,2020-10-19 13:46:00+02:00
2020-10-23 10:18:31+02:00,240,SI,Unplanned outage,A03,,2020-10-22 22:15:00+02:00,DQcOZKERAHZWblb68PS_vA,539.0,Fossil Brown coal/Lignite,28W-G-000000080M,Šoštanj,TE Šoštanj,1,MAW,PT1M,3,2020-10-22 22:01:00+02:00
2020-10-29 16:17:47+01:00,430,SI,Unplanned outage,A03,,2020-10-29 15:15:00+01:00,5a_9W-1js9vzYXDPmWWmGg,539.0,Fossil Brown coal/Lignite,28W-G-000000080M,Šoštanj,TE Šoštanj,1,MAW,PT1M,2,2020-10-29 15:02:00+01:00
2020-11-02 17:06:23+01:00,0,SI,Unplanned outage,A03,,2020-11-02 10:45:00+01:00,r-NOjW1LjKLdF4jhk3cF8w,539.0,Fossil Brown coal/Lignite,28W-G-000000080M,Šoštanj,TE Šoštanj,1,MAW,PT1M,2,2020-11-02 10:39:00+01:00
2020-11-16 10:30:26+01:00,380,SI,Unplanned outage,A03,,2020-11-16 08:00:00+01:00,UZw8xkNVtWuWCz6EW9PPSQ,539.0,Fossil Brown coal/Lignite,28W-G-000000080M,Šoštanj,TE Šoštanj,1,MAW,PT60M,6,2020-11-15 10:00:00+01:00
2020-11-16 17:11:21+01:00,320,SI,Unplanned outage,A03,,2020-11-16 13:45:00+01:00,gEYywznajz3jWGnSN_MBcA,539.0,Fossil Brown coal/Lignite,28W-G-000000080M,Šoštanj,TE Šoštanj,1,MAW,PT1M,1,2020-11-16 13:32:00+01:00
2020-11-23 00:32:11+01:00,0,SI,Unplanned outage,A03,,2020-11-23 00:15:00+01:00,WT05PsB-8JgNIcGw9OXHEg,305.0,Fossil Brown coal/Lignite,28W-G-000000080M,Šoštanj,TE Šoštanj,1,MAW,PT15M,5,2020-11-23 00:00:00+01:00
2020-11-24 14:56:01+01:00,0,SI,Unplanned outage,A03,,2020-11-23 10:00:00+01:00,qZM1Z5qPkR1c5Vpw2uF_cw,305.0,Fossil Brown coal/Lignite,28W-G-000000080M,Šoštanj,TE Šoštanj,1,MAW,PT1M,6,2020-11-23 09:51:00+01:00
2020-11-30 18:41:00+01:00,250,SI,Unplanned outage,A03,,2020-11-30 10:00:00+01:00,CYh30Da9UpWLfB-0kBlarA,539.0,Fossil Brown coal/Lignite,28W-G-000000080M,Šoštanj,TE Šoštanj,1,MAW,PT15M,3,2020-11-30 09:45:00+01:00
2020-12-16 07:53:08+01:00,250,SI,Unplanned outage,A03,,2020-12-15 21:30:00+01:00,4c36maWd_TKQPPWFdv_5jA,539.0,Fossil Brown coal/Lignite,28W-G-000000080M,Šoštanj,TE Šoštanj,1,MAW,PT15M,1,2020-12-15 21:15:00+01:00
2020-12-16 21:42:37+01:00,0,SI,Unplanned outage,A03,,2020-12-16 21:00:00+01:00,SpwHiw-Wq2PKbJr04hrwvg,539.0,Fossil Brown coal/Lignite,28W-G-000000080M,Šoštanj,TE Šoštanj,1,MAW,PT60M,9,2020-12-15 23:00:00+01:00
2020-12-23 00:04:37+01:00,436,SI,Unplanned outage,A03,,2020-12-22 23:47:00+01:00,0lZPjJMtfZl7moa7bgwI3A,539.0,Fossil Brown coal/Lignite,28W-G-000000080M,Šoštanj ,TE Šoštanj,1,MAW,PT1M,2,2020-12-22 23:45:00+01:00
2021-01-04 18:20:18+01:00,0,SI,Unplanned outage,A03,,2020-12-30 23:35:00+01:00,zk2Xo3_-ysa4ux3HY0pCHQ,696.0,Nuclear,28W-G-000000119L,Krško,NE Krško,1,MAW,PT1M,1,2020-12-30 23:30:00+01:00
2021-01-04 22:20:00+01:00,0,SI,Unplanned outage,A03,,2021-01-04 21:53:00+01:00,tGJOcDoauS-e9qswxg7KHA,180.0,Hydro Pumped Storage,28W-G-0000000009,Avče,ČHE Avče elektrarna,1,MAW,PT1M,4,2021-01-04 21:45:00+01:00
2021-01-10 06:28:25+01:00,0,SI,Unplanned outage,A03,,2021-01-10 02:00:00+01:00,radZ1szMnmlI7l0zt136fw,180.0,Hydro Pumped Storage,28W-G-0000000009,Avče,ČHE Avče elektrarna,1,MAW,PT1M,3,2021-01-10 01:59:00+01:00
2021-01-13 11:55:48+01:00,230,SI,Unplanned outage,A03,,2021-01-13 02:15:00+01:00,8PHvlRHKlIx-Lmmq2iQSmw,539.0,Fossil Brown coal/Lignite,28W-G-000000080M,Šoštanj ,TE Šoštanj,1,MAW,PT1M,2,2021-01-13 02:05:00+01:00
2021-01-14 16:56:37+01:00,436,SI,Unplanned outage,A03,,2021-01-14 16:30:00+01:00,40Kowx_fkGsV_uaUL6MlTw,539.0,Fossil Brown coal/Lignite,28W-G-000000080M,Šoštanj ,TE Šoštanj,1,MAW,PT30M,2,2021-01-14 16:00:00+01:00
2021-01-18 00:05:39+01:00,230,SI,Unplanned outage,A03,,2021-01-17 23:45:00+01:00,qLO7iqUebxpaMaPeXBOBkQ,539.0,Fossil Brown coal/Lignite,28W-G-000000080M,Šoštanj ,TE Šoštanj,1,MAW,PT15M,2,2021-01-17 23:30:00+01:00
2021-01-25 12:03:36+01:00,436,SI,Unplanned outage,A03,,2021-01-25 11:30:00+01:00,YiR3iYsPv_kmDyra_e7u2w,539.0,Fossil Brown coal/Lignite,28W-G-000000080M,Šoštanj ,TE Šoštanj,1,MAW,PT30M,2,2021-01-25 11:00:00+01:00
2021-02-01 15:11:09+01:00,0,SI,Unplanned outage,A03,,2021-02-01 06:00:00+01:00,p11DolSmcGGUqlDOx8aREw,539.0,Fossil Brown coal/Lignite,28W-G-000000080M,Šoštanj ,TE Šoštanj,1,MAW,PT1M,2,2021-02-01 05:59:00+01:00
2021-02-02 19:46:21+01:00,430,SI,Unplanned outage,A03,,2021-02-02 19:00:00+01:00,YUPNdB2vyFZ8lVs79LuEZw,539.0,Fossil Brown coal/Lignite,28W-G-000000080M,Šoštanj ,TE Šoštanj,1,MAW,PT60M,3,2021-02-02 13:00:00+01:00
2021-03-04 16:43:20+01:00,436,SI,Unplanned outage,A03,,2021-03-04 16:30:00+01:00,O4j_pkpCwwrIVPTAfssGfQ,539.0,Fossil Brown coal/Lignite,28W-G-000000080M,Šoštanj ,TE Šoštanj,1,MAW,PT30M,2,2021-03-04 16:00:00+01:00
2021-03-12 11:56:28+01:00,0,SI,Unplanned outage,A03,,2021-03-12 15:00:00+01:00,6HgTtKw-n6GkLyKwSy7SvA,180.0,Hydro Pumped Storage,28W-G-0000000009,Avče,ČHE Avče elektrarna,1,MAW,PT60M,1,2021-03-12 13:00:00+01:00
2021-03-25 20:11:53+01:00,0,SI,Unplanned outage,A03,,2021-03-25 23:00:00+01:00,VxJ1SE6vb2vQ8idRtVZ3ig,180.0,Hydro Pumped Storage,28W-G-0000000009,Avče,ČHE Avče elektrarna,1,MAW,PT60M,1,2021-03-25 22:00:00+01:00
2021-04-10 15:03:06+02:00,0,SI,Unplanned outage,A03,,2020-09-21 06:00:00+02:00,HmLfLn9ToLaoh7ygEHivcg,305.0,Fossil Brown coal/Lignite,28W-G-000000080M,Šoštanj,TE Šoštanj,1,MAW,PT60M,66,2020-09-05 15:00:00+02:00
2021-04-10 16:07:42+02:00,0,SI,Unplanned outage,A03,,2021-04-10 13:30:00+02:00,27EUacMtfGH3yEI5uBX3wg,180.0,Hydro Pumped Storage,28W-G-0000000009,Avče,ČHE Avče elektrarna,1,MAW,PT1M,2,2021-04-10 13:29:00+02:00
2021-05-03 11:36:17+02:00,0,SI,Unplanned outage,A03,,2021-05-02 06:15:00+02:00,z2Rh1p-TrfAArrjo6v1UHA,180.0,Hydro Pumped Storage,28W-G-0000000009,Avče,ČHE Avče elektrarna,1,MAW,PT1M,2,2021-05-02 06:04:00+02:00
2021-05-06 08:33:19+02:00,260,SI,Unplanned outage,A03,,2021-05-06 04:14:00+02:00,eC9JmfptTXP1yBKAIB8beg,539.0,Fossil Brown coal/Lignite,28W-G-000000080M,Šoštanj ,TE Šoštanj,1,MAW,PT1M,3,2021-05-06 04:00:00+02:00
2021-05-07 22:48:18+02:00,165,SI,Unplanned outage,A03,,2021-05-07 10:30:00+02:00,NicgWQAmyOOzed4tYhzDuA,305.0,Fossil Brown coal/Lignite,28W-G-000000080M,Šoštanj ,TE Šoštanj,1,MAW,PT1M,3,2021-05-07 10:25:00+02:00
2021-05-18 01:42:52+02:00,145,SI,Unplanned outage,A03,,2021-05-18 01:23:00+02:00,3QhePp-kS2fRp8zRv9CsRg,305.0,Fossil Brown coal/Lignite,28W-G-000000080M,Šoštanj ,TE Šoštanj,1,MAW,PT1M,2,2021-05-18 01:08:00+02:00
2021-05-21 09:20:44+02:00,145,SI,Unplanned outage,A03,,2021-05-20 14:00:00+02:00,9Er0DEeLRiGWN7DqfY8goA,305.0,Fossil Brown coal/Lignite,28W-G-000000080M,Šoštanj ,TE Šoštanj,1,MAW,PT60M,5,2021-05-18 15:00:00+02:00
2021-06-12 14:08:09+02:00,0,SI,Unplanned outage,A03,,2021-06-12 13:00:00+02:00,bD97Vh5TdBrWGG9kvMZBNQ,180.0,Hydro Pumped Storage,28W-G-0000000009,Avče,ČHE Avče elektrarna,1,MAW,PT1M,2,2021-06-12 12:55:00+02:00
2021-06-17 01:24:37+02:00,0,SI,Unplanned outage,A03,,2021-06-17 00:32:00+02:00,UReby3-iRSTpLeetpe4dnQ,180.0,Hydro Pumped Storage,28W-G-0000000009,Avče,ČHE Avče elektrarna,1,MAW,PT1M,2,2021-06-17 00:30:00+02:00
2021-06-17 10:39:27+02:00,145,SI,Unplanned outage,A03,,2021-06-17 00:00:00+02:00,EPQZQWDOPYBHrLAuZYBE2A,305.0,Fossil Brown coal/Lignite,28W-G-000000080M,Šoštanj ,TE Šoštanj,1,MAW,PT30M,1,2021-06-16 23:30:00+02:00
2021-06-17 10:39:45+02:00,170,SI,Unplanned outage,A03,,2021-06-17 08:30:00+02:00,QXL3jASxAApPEUJXFWa04Q,305.0,Fossil Brown coal/Lignite,28W-G-000000080M,Šoštanj ,TE Šoštanj,1,MAW,PT30M,1,2021-06-17 07:30:00+02:00
2021-06-19 06:07:53+02:00,180,SI,Unplanned outage,A03,,2021-06-17 09:00:00+02:00,NrYAw-fMtim7IyH-zUSP6Q,305.0,Fossil Brown coal/Lignite,28W-G-000000080M,Šoštanj ,TE Šoštanj,1,MAW,PT30M,5,2021-06-17 08:30:00+02:00
2021-06-22 09:44:31+02:00,0,SI,Unplanned outage,A03,,2021-06-22 09:22:00+02:00,O79-2SVYtRtG5oBSW8kWiQ,180.0,Hydro Pumped Storage,28W-G-0000000009,Avče,ČHE Avče elektrarna,1,MAW,PT1M,1,2021-06-22 09:03:00+02:00
2021-06-23 16:12:10+02:00,145,SI,Unplanned outage,A03,,2021-06-23 15:30:00+02:00,w4zETzeoYbnAMBkrGGQ7Wg,305.0,Fossil Brown coal/Lignite,28W-G-000000080M,Šoštanj ,TE Šoštanj,1,MAW,PT30M,2,2021-06-23 14:30:00+02:00
2021-07-12 10:48:34+02:00,0,SI,Unplanned outage,A03,,2021-07-11 00:30:00+02:00,zx0VUwEW_n1CXpIA-vXRyA,305.0,Fossil Brown coal/Lignite,28W-G-000000080M,Šoštanj ,TE Šoštanj,1,MAW,PT1M,5,2021-07-11 00:23:00+02:00
2021-07-26 09:57:12+02:00,0,SI,Unplanned outage,A03,,2021-07-25 21:00:00+02:00,8AOfzM7BfoA1xPcBZ_oZlg,180.0,Hydro Pumped Storage,28W-G-0000000009,Avče,ČHE Avče elektrarna,1,MAW,PT1M,3,2021-07-25 20:54:00+02:00
2021-07-29 19:30:13+02:00,0,SI,Unplanned outage,A03,,2021-07-29 16:30:00+02:00,ayna8geUMga4p63vWvaZxw,539.0,Fossil Brown coal/Lignite,28W-G-000000080M,Šoštanj ,TE Šoštanj,1,MAW,PT1M,2,2021-07-29 16:17:00+02:00
2021-07-31 07:24:43+02:00,0,SI,Unplanned outage,A03,,2021-07-31 07:19:00+02:00,wdEL2IUR-u1WVdMwSiBi7w,539.0,Fossil Brown coal/Lignite,28W-G-000000080M,Šoštanj ,TE Šoštanj,1,MAW,PT1M,4,2021-07-31 07:15:00+02:00
2021-07-31 23:50:05+02:00,0,SI,Unplanned outage,A03,,2021-07-31 14:00:00+02:00,EKWfTa92XOqpQAOZtUFwSQ,539.0,Fossil Brown coal/Lignite,28W-G-000000080M,Šoštanj ,TE Šoštanj,1,MAW,PT15M,3,2021-07-31 13:45:00+02:00
2021-08-09 14:58:24+02:00,145,SI,Unplanned outage,A03,,2021-08-10 04:00:00+02:00,gTU_ZdGPxEbd4OCheP-1TQ,305.0,Fossil Brown coal/Lignite,28W-G-000000080M,Šoštanj ,TE Šoštanj,1,MAW,PT60M,1,2021-08-10 02:00:00+02:00
2021-08-14 20:50:41+02:00,0,SI,Unplanned outage,A03,,2021-08-07 00:00:00+02:00,CHJhuFvNfoNBCpMuykYEfA,539.0,Fossil Brown coal/Lignite,28W-G-000000080M,Šoštanj ,TE Šoštanj,1,MAW,PT1M,4,2021-08-06 23:59:00+02:00
2021-08-15 20:57:49+02:00,250,SI,Unplanned outage,A03,,2021-08-15 15:00:00+02:00,y94CKOfgNJEf6SHytkGvMQ,539.0,Fossil Brown coal/Lignite,28W-G-000000080M,Šoštanj ,TE Šoštanj,1,MAW,PT30M,4,2021-08-15 14:30:00+02:00
2021-08-19 11:36:13+02:00,0,SI,Unplanned outage,A03,,2021-08-19 11:30:00+02:00,MVgQNgDHlS3VeM90cL7toQ,539.0,Fossil Brown coal/Lignite,28W-G-000000080M,Šoštanj ,TE Šoštanj,1,MAW,PT30M,4,2021-08-19 11:00:00+02:00
2021-09-20 22:46:22+02:00,435,SI,Unplanned outage,A03,,2021-09-20 23:00:00+02:00,9wdX_GweCWQjHvEY5IWixA,539.0,Fossil Brown coal/Lignite,28W-G-000000080M,Šoštanj ,TE Šoštanj,1,MAW,PT15M,1,2021-09-20 22:45:00+02:00
2021-09-23 22:46:08+02:00,382,SI,Unplanned outage,A03,,2021-09-23 21:00:00+02:00,2sIw3rYsk61ULKjajwzxAQ,539.0,Fossil Brown coal/Lignite,28W-G-000000080M,Šoštanj ,TE Šoštanj,1,MAW,PT1M,4,2021-09-23 20:48:00+02:00
2021-09-25 06:20:29+02:00,0,SI,Unplanned outage,A03,,2021-09-25 06:00:00+02:00,Z3ERNpxya9Vb04Q7NrGSUw,305.0,Fossil Brown coal/Lignite,28W-G-000000080M,Šoštanj ,TE Šoštanj,1,MAW,PT60M,3,2021-09-25 05:00:00+02:00
2021-09-25 12:13:04+02:00,260,SI,Unplanned outage,A03,,2021-09-25 11:00:00+02:00,eW9Teo0-YZ7cNgF85OiqwQ,539.0,Fossil Brown coal/Lignite,28W-G-000000080M,Šoštanj ,TE Šoštanj,1,MAW,PT60M,3,2021-09-23 23:00:00+02:00
2021-09-27 17:44:20+02:00,0,SI,Unplanned outage,A03,,2021-09-28 02:00:00+02:00,rR9yDpHs2bXtE5cLE6iuBg,539.0,Fossil Brown coal/Lignite,28W-G-000000080M,Šoštanj ,TE Šoštanj,1,MAW,PT60M,3,2021-09-25 12:00:00+02:00
2021-10-04 09:04:39+02:00,420,SI,Unplanned outage,A03,,2021-10-04 08:00:00+02:00,96jMraGBJ-_zuCTfrmThlw,539.0,Fossil Brown coal/Lignite,28W-G-000000080M,Šoštanj ,TE Šoštanj,1,MAW,PT15M,2,2021-10-04 07:45:00+02:00
2021-10-04 18:32:18+02:00,432,SI,Unplanned outage,A03,,2021-10-04 22:00:00+02:00,ELd_iaMpE2eb8tlvedQiwA,539.0,Fossil Brown coal/Lignite,28W-G-000000080M,Šoštanj ,TE Šoštanj,1,MAW,PT60M,1,2021-10-04 19:00:00+02:00
2021-10-10 14:03:40+02:00,0,SI,Unplanned outage,A03,,2021-10-10 10:00:00+02:00,v7PXRodx1VFrS9tkCRNogA,180.0,Hydro Pumped Storage,28W-G-0000000009,Avče,ČHE Avče elektrarna,1,MAW,PT1M,3,2021-10-10 09:57:00+02:00
2021-10-12 22:08:07+02:00,315,SI,Unplanned outage,A03,,2021-10-12 21:00:00+02:00,mUaVwpe0USmywB5P8cvfAw,539.0,Fossil Brown coal/Lignite,28W-G-000000080M,Šoštanj ,TE Šoštanj,1,MAW,PT1M,2,2021-10-12 20:50:00+02:00
2021-10-13 00:43:57+02:00,225,SI,Unplanned outage,A03,,2021-10-13 00:25:00+02:00,B_bXK52guj8031iUDjP7Mw,539.0,Fossil Brown coal/Lignite,28W-G-000000080M,Šoštanj ,TE Šoštanj,1,MAW,PT1M,2,2021-10-13 00:15:00+02:00
2021-10-15 23:59:52+02:00,240,SI,Unplanned outage,A03,,2021-10-13 06:30:00+02:00,1YUL8FghEQ96Nd93Y2XHNw,539.0,Fossil Brown coal/Lignite,28W-G-000000080M,Šoštanj ,TE Šoštanj,1,MAW,PT15M,5,2021-10-13 06:15:00+02:00
2021-10-21 08:49:29+02:00,0,SI,Unplanned outage,A03,,2021-10-21 08:41:00+02:00,gQwqadJpA6LHTrxozeoMjw,539.0,Fossil Brown coal/Lignite,28W-G-000000080M,Šoštanj ,TE Šoštanj,1,MAW,PT1M,3,2021-10-21 08:30:00+02:00
2021-10-21 09:26:37+02:00,0,SI,Unplanned outage,A03,,2021-10-21 05:15:00+02:00,QDS0QQS4cBkmTGBL2s5PaQ,539.0,Fossil Brown coal/Lignite,28W-G-000000080M,Šoštanj ,TE Šoštanj,1,MAW,PT15M,4,2021-10-21 05:00:00+02:00
2021-11-13 00:16:03+01:00,329,SI,Unplanned outage,A03,,2021-11-12 22:15:00+01:00,dpG5jQo2affSl77eIazrNg,539.0,Fossil Brown coal/Lignite,28W-G-000000080M,Šoštanj ,TE Šoštanj,1,MAW,PT1M,2,2021-11-12 22:10:00+01:00
2021-11-17 12:24:50+01:00,310,SI,Unplanned outage,A03,,2021-11-16 19:30:00+01:00,6d8bMrTauqxQ1T_otO5uYw,539.0,Fossil Brown coal/Lignite,28W-G-000000080M,Šoštanj ,TE Šoštanj,1,MAW,PT30M,4,2021-11-16 19:00:00+01:00
2021-11-18 09:49:21+01:00,430,SI,Unplanned outage,A03,,2021-11-18 09:35:00+01:00,vvbLMtRY1_t4UbIpY_j6IQ,539.0,Fossil Brown coal/Lignite,28W-G-000000080M,Šoštanj ,TE Šoštanj,1,MAW,PT1M,2,2021-11-18 09:30:00+01:00
2021-11-29 11:40:28+01:00,200,SI,Unplanned outage,A03,,2021-11-29 11:32:00+01:00,KVesnJeIVhF0BdgBT7l8Gw,305.0,Fossil Brown coal/Lignite,28W-G-000000080M,Šoštanj ,TE Šoštanj,1,MAW,PT1M,2,2021-11-29 11:30:00+01:00
2021-11-29 17:16:14+01:00,240,SI,Unplanned outage,A03,,2021-11-29 16:30:00+01:00,_vSlLsjhHBNitZPosNexSQ,539.0,Fossil Brown coal/Lignite,28W-G-000000080M,Šoštanj ,TE Šoštanj,1,MAW,PT15M,2,2021-11-29 16:15:00+01:00
2021-11-30 02:38:27+01:00,225,SI,Unplanned outage,A03,,2021-11-29 17:15:00+01:00,Jai6PFxcNCkUvmGIh-Tbjg,539.0,Fossil Brown coal/Lignite,28W-G-000000080M,Šoštanj ,TE Šoštanj,1,MAW,PT1M,2,2021-11-29 17:05:00+01:00
2021-12-08 14:55:47+01:00,436,SI,Unplanned outage,A03,,2021-12-08 14:45:00+01:00,ydtcU7Vp7VII0qVUNOH7QQ,539.0,Fossil Brown coal/Lignite,28W-G-000000080M,Šoštanj ,TE Šoštanj,1,MAW,PT1M,1,2021-12-08 14:42:00+01:00
2021-12-11 07:42:19+01:00,0,SI,Unplanned outage,A03,,2021-12-11 07:00:00+01:00,ofyXqkOe5y0oclV13OzoGg,180.0,Hydro Pumped Storage,28W-G-0000000009,Avče,ČHE Avče elektrarna,1,MAW,PT1M,2,2021-12-11 06:50:00+01:00
2021-12-28 13:58:44+01:00,0,SI,Unplanned outage,A03,,2021-12-29 14:00:00+01:00,sKsXdixCTqjkFZ96MVQYHw,180.0,Hydro Pumped Storage,28W-G-0000000009,Avče,ČHE Avče elektrarna,1,MAW,PT60M,1,2021-12-29 12:00:00+01:00
2021-12-31 06:32:54+01:00,145,SI,Unplanned outage,A03,,2021-12-31 06:00:00+01:00,bWT00vs784PTpyYLDhWxCw,305.0,Fossil Brown coal/Lignite,28W-G-000000080M,Šoštanj ,TE Šoštanj,1,MAW,PT60M,2,2021-12-31 04:00:00+01:00
2022-01-05 08:51:58+01:00,0,SI,Unplanned outage,A03,,2022-01-05 14:00:00+01:00,Z2btcWqDNBH1fyDJJptO-A,180.0,Hydro Pumped Storage,28W-G-0000000009,Avče,ČHE Avče elektrarna,1,MAW,PT60M,1,2022-01-05 12:00:00+01:00
2022-01-08 08:30:18+01:00,420,SI,Unplanned outage,A03,,2022-01-08 08:25:00+01:00,FoBWS1ABz4loPl5IP8nLvg,539.0,Fossil Brown coal/Lignite,28W-G-000000080M,Šoštanj ,TE Šoštanj,1,MAW,PT1M,2,2022-01-08 08:05:00+01:00
2022-01-23 20:11:01+01:00,0,SI,Unplanned outage,A03,,2022-01-23 20:00:00+01:00,N51uDb-GmW8I-WtGQK1TzA,305.0,Fossil Brown coal/Lignite,28W-G-000000080M,Šoštanj ,TE Šoštanj,1,MAW,PT60M,2,2022-01-20 21:00:00+01:00
2022-01-24 15:56:22+01:00,225,SI,Unplanned outage,A03,,2022-01-26 06:00:00+01:00,aS7zPWfmb47joxr6elTLNA,539.0,Fossil Brown coal/Lignite,28W-G-000000080M,Šoštanj ,TE Šoštanj,1,MAW,PT60M,1,2022-01-26 00:00:00+01:00
2022-01-26 10:28:08+01:00,225,SI,Unplanned outage,A03,,2022-01-28 06:00:00+01:00,R9IVR8r3bN9Udpv1YLE28g,539.0,Fossil Brown coal/Lignite,28W-G-000000080M,Šoštanj ,TE Šoštanj,1,MAW,PT60M,1,2022-01-28 00:00:00+01:00
2022-01-26 20:12:26+01:00,333,SI,Unplanned outage,A03,,2022-01-26 15:00:00+01:00,NuDBZfg_9SJGJse5NoB24Q,539.0,Fossil Brown coal/Lignite,28W-G-000000080M,Šoštanj ,TE Šoštanj,1,MAW,PT30M,3,2022-01-26 14:30:00+01:00
2022-02-01 08:00:47+01:00,0,SI,Unplanned outage,A03,,2022-02-01 06:52:00+01:00,bYREcHtzYp-zYdzX5tA8fQ,539.0,Fossil Brown coal/Lignite,28W-G-000000080M,Šoštanj ,TE Šoštanj,1,MAW,PT1M,3,2022-02-01 06:45:00+01:00
2022-02-05 18:31:08+01:00,0,SI,Unplanned outage,A03,,2022-02-03 05:45:00+01:00,zKA1kczAwVC3XX1j8IcmJQ,305.0,Fossil Brown coal/Lignite,28W-G-000000080M,Šoštanj ,TE Šoštanj,1,MAW,PT1M,2,2022-02-03 05:40:00+01:00
2022-03-01 08:05:04+01:00,245,SI,Unplanned outage,A03,,2022-03-04 06:00:00+01:00,FvhvcEdsSeVZbMCwCEyWAA,539.0,Fossil Brown coal/Lignite,28W-G-000000080M,Šoštanj ,TE Šoštanj,1,MAW,PT60M,1,2022-03-04 00:00:00+01:00
2022-03-01 08:05:19+01:00,245,SI,Unplanned outage,A03,,2022-03-02 06:00:00+01:00,q7PBtMgnczZEuvYn3AchTQ,539.0,Fossil Brown coal/Lignite,28W-G-000000080M,Šoštanj ,TE Šoštanj,1,MAW,PT60M,1,2022-03-02 00:00:00+01:00
2022-03-02 09:54:46+01:00,245,SI,Unplanned outage,A03,,2022-03-03 06:00:00+01:00,AHTjUh7L0awIKHBik0IqZQ,539.0,Fossil Brown coal/Lignite,28W-G-000000080M,Šoštanj ,TE Šoštanj,1,MAW,PT60M,1,2022-03-03 00:00:00+01:00
2022-03-04 09:55:18+01:00,245,SI,Unplanned outage,A03,,2022-03-05 16:00:00+01:00,vRcYKoXWqxFfx9RVR33qRg,539.0,Fossil Brown coal/Lignite,28W-G-000000080M,Šoštanj ,TE Šoštanj,1,MAW,PT60M,1,2022-03-05 10:00:00+01:00
2022-03-04 09:55:28+01:00,245,SI,Unplanned outage,A03,,2022-03-07 05:00:00+01:00,TOg_CEkn47DHIhaGHXMHYw,539.0,Fossil Brown coal/Lignite,28W-G-000000080M,Šoštanj ,TE Šoštanj,1,MAW,PT60M,1,2022-03-06 23:00:00+01:00
2022-03-04 09:56:13+01:00,245,SI,Unplanned outage,A03,,2022-03-06 15:00:00+01:00,plll_lzdIfPD_h30vTv0sw,539.0,Fossil Brown coal/Lignite,28W-G-000000080M,Šoštanj ,TE Šoštanj,1,MAW,PT60M,1,2022-03-06 09:00:00+01:00
2022-03-05 19:00:32+01:00,380,SI,Unplanned outage,A03,,2022-03-05 18:17:00+01:00,7KkeVTJcM1CALNfbyp0uTw,539.0,Fossil Brown coal/Lignite,28W-G-000000080M,Šoštanj ,TE Šoštanj,1,MAW,PT1M,1,2022-03-05 18:15:00+01:00
2022-03-07 11:21:50+01:00,245,SI,Unplanned outage,A03,,2022-03-08 04:00:00+01:00,Ps3Y5NpLugM19PfhofGfyA,539.0,Fossil Brown coal/Lignite,28W-G-000000080M,Šoštanj ,TE Šoštanj,1,MAW,PT60M,1,2022-03-07 22:00:00+01:00
2022-03-08 11:40:34+01:00,245,SI,Unplanned outage,A03,,2022-03-09 05:00:00+01:00,JZT4Zs6hSx-6YtY9W0D1Tw,539.0,Fossil Brown coal/Lignite,28W-G-000000080M,Šoštanj ,TE Šoštanj,1,MAW,PT60M,1,2022-03-08 23:00:00+01:00
2022-03-09 10:58:47+01:00,245,SI,Unplanned outage,A03,,2022-03-10 06:00:00+01:00,ms8Pzbjz2hddIh8-lbR4EQ,539.0,Fossil Brown coal/Lignite,28W-G-000000080M,Šoštanj ,TE Šoštanj,1,MAW,PT60M,1,2022-03-10 00:00:00+01:00
2022-03-10 12:56:44+01:00,245,SI,Unplanned outage,A03,,2022-03-11 05:00:00+01:00,xOe8hFhSYqmJVgY2R_vSBg,539.0,Fossil Brown coal/Lignite,28W-G-000000080M,Šoštanj ,TE Šoštanj,1,MAW,PT60M,1,2022-03-10 23:00:00+01:00
2022-03-11 11:35:35+01:00,245,SI,Unplanned outage,A03,,2022-03-12 07:00:00+01:00,ufL36hIl9Z-E_rpbOB-sfA,539.0,Fossil Brown coal/Lignite,28W-G-000000080M,Šoštanj ,TE Šoštanj,1,MAW,PT60M,1,2022-03-12 01:00:00+01:00
2022-03-11 12:43:46+01:00,245,SI,Unplanned outage,A03,,2022-03-13 07:00:00+01:00,q7vvBWtLAGegqIbMtt__Ig,539.0,Fossil Brown coal/Lignite,28W-G-000000080M,Šoštanj ,TE Šoštanj,1,MAW,PT60M,1,2022-03-13 01:00:00+01:00
2022-03-11 12:45:35+01:00,245,SI,Unplanned outage,A03,,2022-03-14 04:00:00+01:00,LrMQdsWLgwiHqYzSp2VnSQ,539.0,Fossil Brown coal/Lignite,28W-G-000000080M,Šoštanj ,TE Šoštanj,1,MAW,PT60M,1,2022-03-13 22:00:00+01:00
2022-03-14 17:18:43+01:00,260,SI,Unplanned outage,A03,,2022-03-15 00:00:00+01:00,_QQeD1_ZNvYVpxXpZdLBrA,539.0,Fossil Brown coal/Lignite,28W-G-000000080M,Šoštanj ,TE Šoštanj,1,MAW,PT30M,2,2022-03-14 23:30:00+01:00
2022-03-15 14:15:58+01:00,435,SI,Unplanned outage,A03,,2022-03-15 23:00:00+01:00,AFl-yAySzjj07x45yY_S8w,539.0,Fossil Brown coal/Lignite,28W-G-000000080M,Šoštanj ,TE Šoštanj,1,MAW,PT60M,2,2022-03-15 08:00:00+01:00
2022-03-15 14:26:45+01:00,260,SI,Unplanned outage,A03,,2022-03-16 05:00:00+01:00,k7ey4A4z2jgxBb1OOnSAqg,539.0,Fossil Brown coal/Lignite,28W-G-000000080M,Šoštanj ,TE Šoštanj,1,MAW,PT60M,1,2022-03-15 23:00:00+01:00
2022-03-15 23:07:06+01:00,0,SI,Unplanned outage,A03,,2022-03-15 23:00:00+01:00,74ma_hqPXA6a6XbRFqm6DQ,305.0,Fossil Brown coal/Lignite,28W-G-000000080M,Šoštanj ,TE Šoštanj,1,MAW,PT60M,3,2022-03-14 21:00:00+01:00
2022-03-16 10:27:05+01:00,260,SI,Unplanned outage,A03,,2022-03-17 05:00:00+01:00,o-V4Z3pXzoTgU51R_FC1dQ,539.0,Fossil Brown coal/Lignite,28W-G-000000080M,Šoštanj ,TE Šoštanj,1,MAW,PT60M,1,2022-03-16 23:00:00+01:00
2022-03-17 09:47:21+01:00,260,SI,Unplanned outage,A03,,2022-03-18 06:00:00+01:00,ZJ3HsOhY0O8so5ohBQeS-g,539.0,Fossil Brown coal/Lignite,28W-G-000000080M,Šoštanj ,TE Šoštanj,1,MAW,PT60M,1,2022-03-18 00:00:00+01:00
2022-03-17 22:05:56+01:00,160,SI,Unplanned outage,A03,,2022-03-17 22:00:00+01:00,78Tdb-MwQcAJ8q6_kru4hw,305.0,Fossil Brown coal/Lignite,28W-G-000000080M,Šoštanj ,TE Šoštanj,1,MAW,PT60M,3,2022-03-16 02:00:00+01:00
2022-03-18 13:02:43+01:00,435,SI,Unplanned outage,A03,,2022-03-19 01:00:00+01:00,0k_MOevKHCetHP-L2wkutQ,539.0,Fossil Brown coal/Lignite,28W-G-000000080M,Šoštanj ,TE Šoštanj,1,MAW,PT60M,4,2022-03-18 08:00:00+01:00
2022-03-18 13:08:11+01:00,260,SI,Unplanned outage,A03,,2022-03-19 07:00:00+01:00,GfOJbBWltdB5X_6ZLfUxPQ,539.0,Fossil Brown coal/Lignite,28W-G-000000080M,Šoštanj ,TE Šoštanj,1,MAW,PT60M,1,2022-03-19 01:00:00+01:00
2022-03-18 13:13:32+01:00,260,SI,Unplanned outage,A03,,2022-03-20 06:00:00+01:00,5Ekn__JE4QxRqqrStF76VA,539.0,Fossil Brown coal/Lignite,28W-G-000000080M,Šoštanj ,TE Šoštanj,1,MAW,PT60M,1,2022-03-20 00:00:00+01:00
2022-03-18 13:13:40+01:00,260,SI,Unplanned outage,A03,,2022-03-21 05:00:00+01:00,WbYDGkmvSBz9MfY1AxO1MQ,539.0,Fossil Brown coal/Lignite,28W-G-000000080M,Šoštanj ,TE Šoštanj,1,MAW,PT60M,1,2022-03-20 23:00:00+01:00
2022-03-18 13:18:54+01:00,435,SI,Unplanned outage,A03,,2022-03-20 00:00:00+01:00,-KhOuxwnSdUsHrtOWGPT9A,539.0,Fossil Brown coal/Lignite,28W-G-000000080M,Šoštanj ,TE Šoštanj,1,MAW,PT60M,1,2022-03-19 07:00:00+01:00
2022-03-18 13:23:14+01:00,435,SI,Unplanned outage,A03,,2022-03-20 23:00:00+01:00,MOn_cmbmpAyWRuACg4EwUQ,539.0,Fossil Brown coal/Lignite,28W-G-000000080M,Šoštanj ,TE Šoštanj,1,MAW,PT60M,1,2022-03-20 06:00:00+01:00
2022-03-18 13:27:46+01:00,435,SI,Unplanned outage,A03,,2022-03-21 10:00:00+01:00,TnSZt-mlN5U8BTPvfBAYoQ,539.0,Fossil Brown coal/Lignite,28W-G-000000080M,Šoštanj ,TE Šoštanj,1,MAW,PT60M,1,2022-03-21 05:00:00+01:00
2022-03-21 10:57:45+01:00,260,SI,Unplanned outage,A03,,2022-03-22 05:00:00+01:00,ZX6e_b1-SMh_2Zcce1SAvw,539.0,Fossil Brown coal/Lignite,28W-G-000000080M,Šoštanj ,TE Šoštanj,1,MAW,PT60M,1,2022-03-21 23:00:00+01:00
2022-03-22 09:55:19+01:00,260,SI,Unplanned outage,A03,,2022-03-23 05:00:00+01:00,uL15nz7wY8BRPnAMXkqcxQ,539.0,Fossil Brown coal/Lignite,28W-G-000000080M,Šoštanj ,TE Šoštanj,1,MAW,PT60M,1,2022-03-22 23:00:00+01:00
2022-03-23 12:44:45+01:00,260,SI,Unplanned outage,A03,,2022-03-24 05:00:00+01:00,qJfdi6-OCfXNiJHyowYuIA,539.0,Fossil Brown coal/Lignite,28W-G-000000080M,Šoštanj ,TE Šoštanj,1,MAW,PT60M,1,2022-03-23 23:00:00+01:00
2022-03-24 12:05:27+01:00,260,SI,Unplanned outage,A03,,2022-03-25 05:00:00+01:00,dwtLyG6wekk8xyfOuKEQKw,539.0,Fossil Brown coal/Lignite,28W-G-000000080M,Šoštanj ,TE Šoštanj,1,MAW,PT60M,1,2022-03-24 23:00:00+01:00
2022-03-25 11:09:21+01:00,260,SI,Unplanned outage,A03,,2022-03-26 15:00:00+01:00,nhHK2EtrA7dj3rRSg2Il1A,539.0,Fossil Brown coal/Lignite,28W-G-000000080M,Šoštanj ,TE Šoštanj,1,MAW,PT60M,1,2022-03-26 09:00:00+01:00
2022-03-25 15:03:25+01:00,260,SI,Unplanned outage,A03,,2022-03-28 17:00:00+02:00,Hpbq8qReotO1cooM28M7kg,539.0,Fossil Brown coal/Lignite,28W-G-000000080M,Šoštanj ,TE Šoštanj,1,MAW,PT60M,2,2022-03-28 11:00:00+02:00
2022-03-25 15:03:54+01:00,260,SI,Unplanned outage,A03,,2022-03-27 16:00:00+02:00,_AhgD5Nj-FTsBe42IQHXrg,539.0,Fossil Brown coal/Lignite,28W-G-000000080M,Šoštanj ,TE Šoštanj,1,MAW,PT60M,2,2022-03-27 10:00:00+02:00
2022-03-28 12:34:43+02:00,260,SI,Unplanned outage,A03,,2022-03-29 05:00:00+02:00,37Zjdj8tP11ul5rMzO-xYQ,539.0,Fossil Brown coal/Lignite,28W-G-000000080M,Šoštanj ,TE Šoštanj,1,MAW,PT60M,1,2022-03-28 23:00:00+02:00
2022-03-29 12:12:40+02:00,260,SI,Unplanned outage,A03,,2022-03-30 05:00:00+02:00,ZSe7n4cKVYUkJiOVkQeTow,539.0,Fossil Brown coal/Lignite,28W-G-000000080M,Šoštanj ,TE Šoštanj,1,MAW,PT60M,1,2022-03-29 23:00:00+02:00
2022-03-30 12:12:01+02:00,330,SI,Unplanned outage,A03,,2022-03-30 11:45:00+02:00,_7JqWqyt4nY__KFQsxhVcA,539.0,Fossil Brown coal/Lignite,28W-G-000000080M,Šoštanj ,TE Šoštanj,1,MAW,PT1M,1,2022-03-30 11:38:00+02:00
2022-03-30 15:00:10+02:00,360,SI,Unplanned outage,A03,,2022-03-30 14:30:00+02:00,Ee3BpF85bwNYgd5i2YTtzA,539.0,Fossil Brown coal/Lignite,28W-G-000000080M,Šoštanj ,TE Šoštanj,1,MAW,PT30M,3,2022-03-30 14:00:00+02:00
2022-03-31 11:06:41+02:00,260,SI,Unplanned outage,A03,,2022-04-02 06:00:00+02:00,tbSMBlsTTjqUE41MyHcpoA,539.0,Fossil Brown coal/Lignite,28W-G-000000080M,Šoštanj ,TE Šoštanj,1,MAW,PT60M,1,2022-04-02 00:00:00+02:00
2022-04-01 01:01:13+02:00,0,SI,Unplanned outage,A03,,2022-04-01 00:00:00+02:00,-G8YK37RbGrGvbRpC56ZjQ,539.0,Fossil Brown coal/Lignite,28W-G-000000080M,Šoštanj ,TE Šoštanj,1,MAW,PT60M,4,2022-03-30 15:00:00+02:00
2022-04-01 13:33:15+02:00,260,SI,Unplanned outage,A03,,2022-04-03 16:00:00+02:00,BKzmPClQo9s0l4rztwtpVQ,539.0,Fossil Brown coal/Lignite,28W-G-000000080M,Šoštanj ,TE Šoštanj,1,MAW,PT60M,1,2022-04-03 10:00:00+02:00
2022-04-01 13:34:10+02:00,260,SI,Unplanned outage,A03,,2022-04-04 05:00:00+02:00,cITN6vHMWVfhysWckU0Svw,539.0,Fossil Brown coal/Lignite,28W-G-000000080M,Šoštanj ,TE Šoštanj,1,MAW,PT60M,1,2022-04-03 23:00:00+02:00
2022-04-01 20:01:42+02:00,415,SI,Unplanned outage,A03,,2022-04-01 23:00:00+02:00,A-SaNZalyOnfa5zT5K-RdQ,539.0,Fossil Brown coal/Lignite,28W-G-000000080M,Šoštanj ,TE Šoštanj,1,MAW,PT60M,1,2022-04-01 20:00:00+02:00
2022-04-01 20:07:11+02:00,440,SI,Unplanned outage,A03,,2022-04-02 06:15:00+02:00,F_QHeaC6eHH2_yWH-6TRLQ,539.0,Fossil Brown coal/Lignite,28W-G-000000080M,Šoštanj ,TE Šoštanj,1,MAW,PT1M,1,2022-04-02 06:00:00+02:00
2022-04-01 20:08:48+02:00,440,SI,Unplanned outage,A03,,2022-04-03 16:15:00+02:00,g5LAZCiAX0L5P7mJcAklcA,539.0,Fossil Brown coal/Lignite,28W-G-000000080M,Šoštanj ,TE Šoštanj,1,MAW,PT1M,1,2022-04-03 16:00:00+02:00
2022-04-04 12:00:02+02:00,260,SI,Unplanned outage,A03,,2022-04-05 05:00:00+02:00,4fC8Kn2MRlvG5_xdsGvxkA,539.0,Fossil Brown coal/Lignite,28W-G-000000080M,Šoštanj ,TE Šoštanj,1,MAW,PT60M,1,2022-04-04 23:00:00+02:00
2022-04-04 12:00:24+02:00,415,SI,Unplanned outage,A03,,2022-04-04 23:00:00+02:00,NN0znOgIS90tGsrKLBga7Q,539.0,Fossil Brown coal/Lignite,28W-G-000000080M,Šoštanj ,TE Šoštanj,1,MAW,PT60M,2,2022-04-04 06:00:00+02:00
2022-04-05 08:30:44+02:00,415,SI,Unplanned outage,A03,,2022-04-05 08:00:00+02:00,m1qgwpz2IXnShN11_9RD0g,539.0,Fossil Brown coal/Lignite,28W-G-000000080M,Šoštanj ,TE Šoštanj,1,MAW,PT60M,7,2022-04-05 05:00:00+02:00
2022-04-05 11:01:32+02:00,425,SI,Unplanned outage,A03,,2022-04-05 23:00:00+02:00,uPMoBSYeYjF_-nHkx8yoHw,539.0,Fossil Brown coal/Lignite,28W-G-000000080M,Šoštanj ,TE Šoštanj,1,MAW,PT60M,2,2022-04-05 08:00:00+02:00
2022-04-05 11:11:39+02:00,260,SI,Unplanned outage,A03,,2022-04-06 05:00:00+02:00,ex6nEu2C54mx9SWAijx-zQ,539.0,Fossil Brown coal/Lignite,28W-G-000000080M,Šoštanj ,TE Šoštanj,1,MAW,PT60M,1,2022-04-05 23:00:00+02:00
2022-04-06 12:05:59+02:00,435,SI,Unplanned outage,A03,,2022-04-06 22:00:00+02:00,uurOOi-KnoMufrqbFpY3lg,539.0,Fossil Brown coal/Lignite,28W-G-000000080M,Šoštanj ,TE Šoštanj,1,MAW,PT60M,4,2022-04-06 08:00:00+02:00
2022-04-07 06:10:29+02:00,435,SI,Unplanned outage,A03,,2022-04-07 06:00:00+02:00,nVpR68BQd5FPxn1LkjS5uw,539.0,Fossil Brown coal/Lignite,28W-G-000000080M,Šoštanj ,TE Šoštanj,1,MAW,PT60M,2,2022-04-07 05:00:00+02:00
2022-04-08 11:50:45+02:00,260,SI,Unplanned outage,A03,,2022-04-09 06:00:00+02:00,yYWdTC0BLR2BrjrRSwT3NA,539.0,Fossil Brown coal/Lignite,28W-G-000000080M,Šoštanj ,TE Šoštanj,1,MAW,PT60M,1,2022-04-09 03:00:00+02:00
2022-04-08 11:55:39+02:00,260,SI,Unplanned outage,A03,,2022-04-09 16:00:00+02:00,ShxUThzy0C6Tj82QlT-6_A,539.0,Fossil Brown coal/Lignite,28W-G-000000080M,Šoštanj ,TE Šoštanj,1,MAW,PT60M,1,2022-04-09 13:00:00+02:00
2022-04-08 13:27:49+02:00,260,SI,Unplanned outage,A03,,2022-04-10 07:00:00+02:00,Gqrju_mr_RnD_swRM57B-A,539.0,Fossil Brown coal/Lignite,28W-G-000000080M,Šoštanj ,TE Šoštanj,1,MAW,PT60M,1,2022-04-10 01:00:00+02:00
2022-04-10 19:03:29+02:00,260,SI,Unplanned outage,A03,,2022-04-11 17:00:00+02:00,WKzY8fS9SVSp1gsts3A3EA,539.0,Fossil Brown coal/Lignite,28W-G-000000080M,Šoštanj ,TE Šoštanj,1,MAW,PT60M,5,2022-04-11 11:00:00+02:00
2022-04-11 13:46:29+02:00,260,SI,Unplanned outage,A03,,2022-04-12 16:00:00+02:00,yyicgsRgw_CxcpZChyUhsQ,539.0,Fossil Brown coal/Lignite,28W-G-000000080M,Šoštanj ,TE Šoštanj,1,MAW,PT60M,1,2022-04-12 10:00:00+02:00
2022-04-12 11:41:58+02:00,260,SI,Unplanned outage,A03,,2022-04-13 05:00:00+02:00,oTCO6ivASL6PoaGr9r_xzw,539.0,Fossil Brown coal/Lignite,28W-G-000000080M,Šoštanj ,TE Šoštanj,1,MAW,PT60M,1,2022-04-12 23:00:00+02:00
2022-04-13 11:16:46+02:00,260,SI,Unplanned outage,A03,,2022-04-14 17:00:00+02:00,NRazreFZDWEBHgVi7Duf8w,539.0,Fossil Brown coal/Lignite,28W-G-000000080M,Šoštanj ,TE Šoštanj,1,MAW,PT60M,1,2022-04-14 11:00:00+02:00
2022-04-13 12:59:46+02:00,0,SI,Unplanned outage,A03,,2022-04-14 17:00:00+02:00,5m4iEpw3yeeMzcw0UNpVWA,180.0,Hydro Pumped Storage,28W-G-0000000009,Avče,ČHE Avče elektrarna,1,MAW,PT60M,1,2022-04-14 11:00:00+02:00
2022-04-14 11:26:47+02:00,260,SI,Unplanned outage,A03,,2022-04-15 16:00:00+02:00,XIQGrlVrADa60cR4SytZ4g,539.0,Fossil Brown coal/Lignite,28W-G-000000080M,Šoštanj ,TE Šoštanj,1,MAW,PT60M,1,2022-04-15 10:00:00+02:00
2022-04-15 12:20:26+02:00,260,SI,Unplanned outage,A03,,2022-04-16 05:00:00+02:00,eUdaLL7HMVnIuDgL6YR2zw,539.0,Fossil Brown coal/Lignite,28W-G-000000080M,Šoštanj ,TE Šoštanj,1,MAW,PT60M,1,2022-04-16 02:00:00+02:00
2022-04-15 12:26:15+02:00,260,SI,Unplanned outage,A03,,2022-04-16 16:00:00+02:00,caB8V85iiKq4zo04OXaNAA,539.0,Fossil Brown coal/Lignite,28W-G-000000080M,Šoštanj ,TE Šoštanj,1,MAW,PT60M,1,2022-04-16 13:00:00+02:00
2022-04-15 12:31:16+02:00,260,SI,Unplanned outage,A03,,2022-04-17 17:00:00+02:00,7edVSPpNcrnNjhh4AhduCw,539.0,Fossil Brown coal/Lignite,28W-G-000000080M,Šoštanj ,TE Šoštanj,1,MAW,PT60M,1,2022-04-17 11:00:00+02:00
2022-04-15 12:34:35+02:00,260,SI,Unplanned outage,A03,,2022-04-18 17:00:00+02:00,mLmSHyjt83m-jA0serUh3w,539.0,Fossil Brown coal/Lignite,28W-G-000000080M,Šoštanj ,TE Šoštanj,1,MAW,PT60M,1,2022-04-18 11:00:00+02:00
2022-04-15 12:37:06+02:00,260,SI,Unplanned outage,A03,,2022-04-19 05:00:00+02:00,wLf2QLNm-4piz3tvIhR1Rw,539.0,Fossil Brown coal/Lignite,28W-G-000000080M,Šoštanj ,TE Šoštanj,1,MAW,PT60M,1,2022-04-18 23:00:00+02:00
2022-04-19 11:42:33+02:00,260,SI,Unplanned outage,A03,,2022-04-20 05:00:00+02:00,GsyFTbB-W8u4DjMTWWgyew,539.0,Fossil Brown coal/Lignite,28W-G-000000080M,Šoštanj ,TE Šoštanj,1,MAW,PT60M,1,2022-04-19 23:00:00+02:00
2022-04-20 11:39:43+02:00,260,SI,Unplanned outage,A03,,2022-04-21 05:00:00+02:00,M2sTfvxnRewKKm09HjGuoA,539.0,Fossil Brown coal/Lignite,28W-G-000000080M,Šoštanj ,TE Šoštanj,1,MAW,PT60M,1,2022-04-20 23:00:00+02:00
2022-04-21 12:32:51+02:00,260,SI,Unplanned outage,A03,,2022-04-22 05:00:00+02:00,eOh5r9SCH55fZy24X-arJQ,539.0,Fossil Brown coal/Lignite,28W-G-000000080M,Šoštanj ,TE Šoštanj,1,MAW,PT60M,1,2022-04-21 23:00:00+02:00
2022-04-22 11:19:31+02:00,260,SI,Unplanned outage,A03,,2022-04-23 05:00:00+02:00,kXS8k_IeOnD2kxMJFJ4P9w,539.0,Fossil Brown coal/Lignite,28W-G-000000080M,Šoštanj ,TE Šoštanj,1,MAW,PT60M,1,2022-04-22 23:00:00+02:00
2022-04-22 13:03:44+02:00,260,SI,Unplanned outage,A03,,2022-04-24 16:00:00+02:00,CHAXMxzUirft7CIc7QSOkg,539.0,Fossil Brown coal/Lignite,28W-G-000000080M,Šoštanj ,TE Šoštanj,1,MAW,PT60M,1,2022-04-24 10:00:00+02:00
2022-04-22 13:04:34+02:00,260,SI,Unplanned outage,A03,,2022-04-25 05:00:00+02:00,ZTTi2ASgF0d4gZARSHfCKg,539.0,Fossil Brown coal/Lignite,28W-G-000000080M,Šoštanj ,TE Šoštanj,1,MAW,PT60M,1,2022-04-24 23:00:00+02:00
2022-04-25 14:45:27+02:00,260,SI,Unplanned outage,A03,,2022-04-26 05:00:00+02:00,Q_FtsL8paEvR3_nxMq19fA,539.0,Fossil Brown coal/Lignite,28W-G-000000080M,Šoštanj ,TE Šoštanj,1,MAW,PT60M,1,2022-04-25 23:00:00+02:00
2022-06-01 15:08:26+02:00,0,SI,Unplanned outage,A03,,2022-06-04 10:00:00+02:00,8W8bfDUbW0XLiajFBlCraA,180.0,Hydro Pumped Storage,28W-G-0000000009,Avče,ČHE Avče elektrarna,1,MAW,PT60M,1,2022-06-04 06:00:00+02:00
2022-06-11 07:08:54+02:00,0,SI,Unplanned outage,A03,,2022-06-10 22:00:00+02:00,ZDSzxaTj40FilI7BiuDbWA,180.0,Hydro Pumped Storage,28W-G-0000000009,Avče,ČHE Avče elektrarna,1,MAW,PT15M,2,2022-06-10 21:45:00+02:00
