2015-04-21 07:36:12+03:00,0,LT,Unplanned outage,A03,,2015-04-21 09:50:00+03:00,h4s_e2gwY_E80_GcLK8Pcg,455.0,Fossil Gas,41W1023600243EL3,Elektrenai,Lietuvos elektrine,1,MAW,PT1M,1,2015-04-21 06:50:00+03:00
2015-07-22 17:29:50+03:00,0,LT,Unplanned outage,A03,,2015-07-22 22:00:00+03:00,-1cD_RDAEbN1Mv_jBtB67w,455.0,Fossil Gas,41W1023600243EL3,Elektrenai,Lietuvos elektrine,1,MAW,PT1M,4,2015-07-22 10:55:00+03:00
2015-09-09 08:11:13+03:00,0,LT,Unplanned outage,A03,,2015-09-09 14:00:00+03:00,7IJuGOocrZAN7uOSm0lFmA,455.0,Fossil Gas,41W1023600243EL3,Elektrenai,Lietuvos elektrine,1,MAW,PT1M,3,2015-09-08 22:30:00+03:00
2015-10-06 13:13:21+03:00,0,LT,Unplanned outage,A03,,2015-10-06 14:30:00+03:00,50sozkeHI4G92jJpBMGGoA,455.0,Fossil Gas,41W1023600243EL3,Elektrenai,Lietuvos elektrine,1,MAW,PT1M,3,2015-10-05 07:45:00+03:00
2015-11-23 14:16:35+02:00,0,LT,Unplanned outage,A03,,2015-11-23 18:00:00+02:00,7Df-oU0NnzTC_qSSbQriPA,455.0,Fossil Gas,41W1023600243EL3,Elektrenai,Lietuvos elektrine,1,MAW,PT1M,4,2015-11-23 07:10:00+02:00
2016-01-21 19:06:25+02:00,0,LT,Unplanned outage,A03,,2016-01-22 07:00:00+02:00,qs-Kwr8bvG39LDMtn6KS0Q,445.0,Fossil Gas,41W1023600243EL3,Elektrenai,Lietuvos elektrine,1,MAW,PT1M,2,2016-01-21 14:04:00+02:00
2016-04-25 12:15:21+03:00,0,LT,Unplanned outage,A03,,2016-04-25 14:20:00+03:00,GJ8oX5cepZlAr6seCMaIzQ,445.0,Fossil Gas,41W1023600243EL3,Elektrenai,Lietuvos elektrine,1,MAW,PT1M,4,2016-04-25 06:20:00+03:00
2016-06-09 20:14:21+03:00,0,LT,Unplanned outage,A03,,2016-06-09 20:20:00+03:00,g2CsXRvazpIO9BuYD5vmng,225.0,Hydro Pumped Storage,41W2128003453ELI,Kruonis,KruonioHAE,1,MAW,PT1M,2,2016-06-09 03:40:00+03:00
2016-09-01 01:13:30+03:00,0,LT,Unplanned outage,A03,,2016-09-01 01:10:00+03:00,KjNjlyNSf1cnVttLo4L8fQ,445.0,Fossil Gas,41W1023600243EL3,Elektrenai,Lietuvos elektrine,1,MAW,PT1M,3,2016-08-31 17:20:00+03:00
2016-11-02 22:21:19+02:00,0,LT,Unplanned outage,A03,,2016-11-02 21:38:00+02:00,N8Z3GUpcySqWB3VeVtdjEA,445.0,Fossil Gas,41W1023600243EL3,Elektrenai,Lietuvos elektrine,1,MAW,PT1M,1,2016-11-02 19:38:00+02:00
2016-11-12 15:27:12+02:00,0,LT,Unplanned outage,A03,,2016-11-12 15:18:00+02:00,WdsVeSwTXJ-Dhy9isVazJg,445.0,Fossil Gas,41W1023600243EL3,Elektrenai,Lietuvos elektrine,1,MAW,PT1M,2,2016-11-12 13:30:00+02:00
2017-06-12 19:23:53+03:00,0,LT,Unplanned outage,A03,,2017-06-12 19:00:00+03:00,SaskjbJ6_gd02vMaNuZS0g,225.0,Hydro Pumped Storage,41W2128003453ELI,Kruonis,KruonioHAE,1,MAW,PT1M,2,2017-06-11 20:00:00+03:00
2017-06-16 07:38:15+03:00,0,LT,Unplanned outage,A03,,2017-06-16 07:13:00+03:00,KwETBYLlkIehwD4X3ZnJKw,445.0,Fossil Gas,41W1023600243EL3,Elektrenai,Lietuvos elektrine,1,MAW,PT1M,2,2017-06-16 06:00:00+03:00
2017-06-21 08:14:51+03:00,0,LT,Unplanned outage,A03,,2017-06-21 08:00:00+03:00,0E7MWKKrtV9yOYII-OYvow,225.0,Hydro Pumped Storage,41W2128003453ELI,Kruonis,KruonioHAE,1,MAW,PT1M,2,2017-06-21 02:35:00+03:00
2017-08-18 13:31:40+03:00,0,LT,Unplanned outage,A03,,2017-08-18 13:20:00+03:00,n0aUEvvosP2tVPMOU6xupA,445.0,Fossil Gas,41W1023600243EL3,Elektrenai,Lietuvos elektrine,1,MAW,PT1M,5,2017-08-17 07:04:00+03:00
2017-08-22 11:53:13+03:00,280,LT,Unplanned outage,A03,,2017-08-23 03:00:00+03:00,mELUZRxYYvw1pZsyvc-j4Q,445.0,Fossil Gas,41W1023600243EL3,Elektrenai,Lietuvos elektrine,1,MAW,PT1M,2,2017-08-22 10:20:00+03:00
2018-01-09 14:47:26+02:00,0,LT,Unplanned outage,A03,,2018-01-09 14:00:00+02:00,b4q_qysjSPxNOyJSkDQebg,225.0,Hydro Pumped Storage,41W2128003453ELI,Kruonis,KruonioHAE,1,MAW,PT60M,2,2018-01-09 09:00:00+02:00
2018-01-17 00:36:59+02:00,0,LT,Unplanned outage,A03,,2018-01-16 23:00:00+02:00,eEx6GkUY-aKO04cbCsOIAw,225.0,Hydro Pumped Storage,41W2128003453ELI,Kruonis,KruonioHAE,1,MAW,PT60M,2,2018-01-16 00:00:00+02:00
2018-02-04 13:47:18+02:00,0,LT,Unplanned outage,A03,,2018-02-04 13:00:00+02:00,ChfQUdcOr8Hxvy7MhFEsNQ,225.0,Hydro Pumped Storage,41W2128003453ELI,Kruonis,KruonioHAE,1,MAW,PT60M,2,2018-02-04 09:00:00+02:00
2018-03-01 09:21:39+02:00,0,LT,Unplanned outage,A03,,2018-03-01 09:00:00+02:00,1ATFa6WBFhpaBWXKifTsEA,445.0,Fossil Gas,41W1023600243EL3,Elektrenai,Lietuvos elektrine,1,MAW,PT60M,3,2018-03-01 05:00:00+02:00
2018-09-01 13:19:06+03:00,0,LT,Unplanned outage,A03,,2018-09-01 12:00:00+03:00,CBZ-y23b2or71jQGnRG4MA,225.0,Hydro Pumped Storage,41W2128003453ELI,Kruonis,KruonioHAE,1,MAW,PT60M,2,2018-09-01 07:00:00+03:00
2018-09-01 16:08:36+03:00,0,LT,Unplanned outage,A03,,2018-08-31 15:45:00+03:00,OQj0YLnKzXNayo2xdN767w,445.0,Fossil Gas,41W1023600243EL3,Elektrenai,Lietuvos elektrine,1,MAW,PT1M,4,2018-08-31 15:40:00+03:00
2018-09-10 15:50:45+03:00,0,LT,Unplanned outage,A03,,2018-09-10 15:37:00+03:00,UBnCkEXTYm2fq4cTuwzC2A,445.0,Fossil Gas,41W1023600243EL3,Elektrenai,Lietuvos elektrine,1,MAW,PT1M,3,2018-09-10 15:30:00+03:00
2018-12-01 10:22:12+02:00,0,LT,Unplanned outage,A03,,2018-12-01 10:00:00+02:00,DSxSzdYaQBqDCksUjaUHog,225.0,Hydro Pumped Storage,41W2128003453ELI,Kruonis,KruonioHAE,1,MAW,PT60M,5,2018-11-24 19:00:00+02:00
2018-12-27 12:40:13+02:00,0,LT,Unplanned outage,A03,,2018-12-27 09:00:00+02:00,Btams5GH7iFD1W1WiIJa5w,445.0,Fossil Gas,41W1023600243EL3,Elektrenai,Lietuvos elektrine,1,MAW,PT1M,3,2018-12-27 08:49:00+02:00
2019-02-13 13:36:46+02:00,300,LT,Unplanned outage,A03,,2019-02-13 13:35:00+02:00,P5eV6NRjMAJVUNd7eutB8Q,445.0,Fossil Gas,41W1023600243EL3,Elektrenai,Lietuvos elektrine,1,MAW,PT1M,2,2019-02-13 13:30:00+02:00
2019-05-08 18:58:13+03:00,0,LT,Unplanned outage,A03,,2019-05-08 18:50:00+03:00,0ut0O0jjKXvJa6xVMFWxaA,445.0,Fossil Gas,41W1023600243EL3,Elektrenai,Lietuvos elektrine,1,MAW,PT1M,5,2019-05-08 18:45:00+03:00
2019-05-10 16:35:23+03:00,0,LT,Unplanned outage,A03,,2019-05-10 10:45:00+03:00,Sz-wvOzGAnV4nDat9MoTaA,445.0,Fossil Gas,41W1023600243EL3,Elektrenai,Lietuvos elektrine,1,MAW,PT1M,3,2019-05-10 10:34:00+03:00
2019-05-14 11:51:59+03:00,0,LT,Unplanned outage,A03,,2019-05-14 10:00:00+03:00,W2Ng4T2o6j08qx-JGbRjIA,445.0,Fossil Gas,41W1023600243EL3,Elektrenai,Lietuvos elektrine,1,MAW,PT15M,2,2019-05-14 09:45:00+03:00
2019-06-22 22:22:26+03:00,0,LT,Unplanned outage,A03,,2019-06-22 22:10:00+03:00,NL3NGqWkclon7LA10BQdeQ,225.0,Hydro Pumped Storage,41W2128003453ELI,Kruonis,KruonioHAE,1,MAW,PT1M,7,2019-06-22 22:00:00+03:00
2019-10-12 11:02:53+03:00,0,LT,Unplanned outage,A03,,2019-09-24 01:00:00+03:00,e3c8hlBfrA_YUr3ezBRH3Q,225.0,Hydro Pumped Storage,41W2128003453ELI,Kruonis,KruonioHAE,1,MAW,PT30M,7,2019-09-24 00:30:00+03:00
2019-10-22 23:03:32+03:00,0,LT,Unplanned outage,A03,,2019-10-22 03:00:00+03:00,dukRoEnKBxou3OmgT7bw_w,225.0,Hydro Pumped Storage,41W2128003453ELI,Kruonis,KruonioHAE,1,MAW,PT30M,5,2019-10-22 02:30:00+03:00
2019-10-26 12:42:59+03:00,0,LT,Unplanned outage,A03,,2019-10-26 04:00:00+03:00,bXK3o403BUlJV__7BTGOlw,225.0,Hydro Pumped Storage,41W2128003453ELI,Kruonis,KruonioHAE,1,MAW,PT1M,4,2019-10-26 03:53:00+03:00
2020-06-02 10:08:34+03:00,0,LT,Unplanned outage,A03,,2020-06-02 08:45:00+03:00,D-KSX9AWKaNKomoXkrOi5A,445.0,Fossil Gas,41W1023600243EL3,Elektrenai,Lietuvos elektrine,1,MAW,PT1M,2,2020-06-02 08:35:00+03:00
2020-07-30 20:14:49+03:00,0,LT,Unplanned outage,A03,,2020-07-30 19:00:00+03:00,Nb92I6t-LwHVwkkAgBm_yA,225.0,Hydro Pumped Storage,41W2128003453ELI,Kruonis,KruonioHAE,1,MAW,PT60M,3,2020-07-29 08:00:00+03:00
2020-10-09 12:41:43+03:00,0,LT,Unplanned outage,A03,,2020-10-09 03:00:00+03:00,Gp8YPTP9IV7rcLXg-EYxBA,300.0,Fossil Gas,41W1023600243EL3,Elektrenai,Lietuvos elektrine,1,MAW,PT30M,2,2020-10-09 02:30:00+03:00
2020-10-19 11:50:11+03:00,0,LT,Unplanned outage,A03,,2020-10-19 09:45:00+03:00,xOfBgM6sIubi6q2ajBOLlg,445.0,Fossil Gas,41W1023600243EL3,Elektrenai,Lietuvos elektrine,1,MAW,PT1M,2,2020-10-19 09:43:00+03:00
2020-10-20 11:10:41+03:00,0,LT,Unplanned outage,A03,,2020-10-20 04:00:00+03:00,dqppTDM4dPZUMsRAkc4XHA,445.0,Fossil Gas,41W1023600243EL3,Elektrenai,Lietuvos elektrine,1,MAW,PT1M,4,2020-10-20 03:53:00+03:00
2020-11-16 13:08:42+02:00,0,LT,Unplanned outage,A03,,2020-11-16 13:00:00+02:00,pypHwcKbvwQdZogeEHY5Dg,225.0,Hydro Pumped Storage,41W2128003453ELI,Kruonis,KruonioHAE,1,MAW,PT60M,2,2020-11-16 08:00:00+02:00
2020-11-17 07:49:08+02:00,305,LT,Unplanned outage,A03,,2020-11-17 07:00:00+02:00,7fgD4ZQN2DQwfM5sL5A8kw,445.0,Fossil Gas,41W1023600243EL3,Elektrenai,Lietuvos elektrine,1,MAW,PT1M,2,2020-11-17 06:54:00+02:00
2020-12-18 11:24:43+02:00,0,LT,Unplanned outage,A03,,2020-12-18 17:00:00+02:00,cIe28C_r6RFAxfod_1atWA,225.0,Hydro Pumped Storage,41W2128003453ELI,Kruonis,KruonioHAE,1,MAW,PT60M,2,2020-12-15 23:00:00+02:00
2020-12-25 16:06:43+02:00,0,LT,Unplanned outage,A03,,2020-12-25 16:00:00+02:00,JCaFpbFcgdvOnJJXbKgWuA,225.0,Hydro Pumped Storage,41W2128003453ELI,Kruonis,KruonioHAE,1,MAW,PT60M,3,2020-12-18 17:00:00+02:00
2021-01-18 12:32:43+02:00,0,LT,Unplanned outage,A03,,2021-01-18 06:00:00+02:00,pqT605rp0JOVWqHTk58-6A,445.0,Fossil Gas,41W1023600243EL3,Elektrenai,Lietuvos elektrine,1,MAW,PT1M,5,2021-01-18 05:50:00+02:00
2021-07-17 06:00:38+03:00,0,LT,Unplanned outage,A03,,2021-07-16 18:45:00+03:00,B4W3AgBmyA-ZxvHJ4V8bhw,445.0,Fossil Gas,41W1023600243EL3,Elektrenai,Lietuvos elektrine,1,MAW,PT1M,3,2021-07-16 18:44:00+03:00
2021-09-28 08:00:11+03:00,0,LT,Unplanned outage,A03,,2021-09-28 05:00:00+03:00,fSKLMRK0kicFrvoaGrOFVw,445.0,Fossil Gas,41W1023600243EL3,Elektrenai,Lietuvos elektrine,1,MAW,PT30M,3,2021-09-28 04:30:00+03:00
