2015-01-02 06:26:14+01:00,250,DK_2,Unplanned outage,A03,,2015-01-02 06:20:00+01:00,VwkTfMnKVVSx5krMTQ2FIg,815.0,Fossil Gas,45V0000000000091,Denmark,Avedoerevaerket,1,MAW,PT1M,2,2015-01-02 04:34:00+01:00
2015-01-02 11:23:58+01:00,330,DK_2,Unplanned outage,A03,,2015-01-02 15:00:00+01:00,H1UTwVg1ChEiZ43UVpnZfQ,815.0,Fossil Gas,45V0000000000091,Denmark,Avedoerevaerket,1,MAW,PT1M,2,2015-01-02 07:49:00+01:00
2015-01-11 14:45:33+01:00,70,DK_2,Unplanned outage,A03,,2015-01-12 17:00:00+01:00,AuHmQNK2IbPIG427ea7TdA,330.0,Fossil Hard coal,45V000000000012C,Denmark,Amagervaerket,1,MAW,PT1M,2,2015-01-10 03:50:00+01:00
2015-01-25 10:45:14+01:00,70,DK_2,Unplanned outage,A03,,2015-01-25 15:00:00+01:00,jR9S9zYuMot_ztgbquh4BA,330.0,Fossil Hard coal,45V000000000012C,Denmark,Amagervaerket,1,MAW,PT1M,4,2015-01-24 06:30:00+01:00
2015-02-04 02:43:02+01:00,254,DK_2,Unplanned outage,A03,,2015-02-04 04:00:00+01:00,ZzwBIf6Ge-HUFqECm9aCRg,815.0,Fossil Gas,45V0000000000091,Denmark,Avedoerevaerket,1,MAW,PT1M,5,2015-02-03 15:20:00+01:00
2015-02-06 22:49:44+01:00,254,DK_2,Unplanned outage,A03,,2015-02-06 20:00:00+01:00,zTw5GUML_wH6Jz2Yym-4nw,815.0,Fossil Gas,45V0000000000091,Denmark,Avedoerevaerket,1,MAW,PT1M,2,2015-02-06 14:44:00+01:00
2015-02-07 01:01:49+01:00,254,DK_2,Unplanned outage,A03,,2015-02-06 23:30:00+01:00,JSxwobEPV1ZXy1JK9_2e7g,815.0,Fossil Gas,45V0000000000091,Denmark,Avedoerevaerket,1,MAW,PT1M,2,2015-02-06 21:21:00+01:00
2015-02-07 01:52:43+01:00,548,DK_2,Unplanned outage,A03,,2015-02-07 01:00:00+01:00,KrKsWGzx6qjZRGePB1uR5w,815.0,Fossil Gas,45V0000000000091,Denmark,Avedoerevaerket,1,MAW,PT1M,6,2015-02-06 13:48:00+01:00
2015-02-07 02:35:10+01:00,548,DK_2,Unplanned outage,A03,,2015-02-07 05:00:00+01:00,VWoLaexqVKNpOYt5xOXS-Q,815.0,Fossil Gas,45V0000000000091,Denmark,Avedoerevaerket,1,MAW,PT1M,1,2015-02-07 02:04:00+01:00
2015-02-17 18:27:32+01:00,260,DK_2,Unplanned outage,A03,,2015-02-17 18:24:00+01:00,1wCWviJuNGjjL_LgkQjRag,664.0,Fossil Oil,45V0000000000083,Denmark,Kyndbyvaerket,1,MAW,PT1M,2,2015-02-17 12:50:00+01:00
2015-02-18 20:10:26+01:00,692,DK_2,Unplanned outage,A03,,2015-02-18 20:08:00+01:00,xX9oGSrI2kvcRceGlrgwyA,815.0,Fossil Gas,45V0000000000091,Denmark,Avedoerevaerket,1,MAW,PT1M,4,2015-02-18 11:03:00+01:00
2015-02-27 16:34:04+01:00,260,DK_2,Unplanned outage,A03,,2015-02-27 16:30:00+01:00,bCo4w-sTvG9MfTbxGJzewQ,664.0,Fossil Oil,45V0000000000083,Denmark,Kyndbyvaerket,1,MAW,PT1M,3,2015-02-27 12:53:00+01:00
2015-03-06 17:44:26+01:00,260,DK_2,Unplanned outage,A03,,2015-03-06 17:38:00+01:00,4A0oAGu6Xh4B77GYx15eyw,664.0,Fossil Oil,45V0000000000083,Denmark,Kyndbyvaerket,1,MAW,PT1M,3,2015-03-05 17:57:00+01:00
2015-04-06 15:23:24+02:00,70,DK_2,Unplanned outage,A03,,2015-04-06 21:00:00+02:00,5fmyM1m2mAn-foK3uTRJIg,330.0,Fossil Hard coal,45V000000000012C,Denmark,Amagervaerket,1,MAW,PT1M,1,2015-04-06 15:09:00+02:00
2015-04-08 08:03:28+02:00,640,DK_2,Unplanned outage,A03,,2015-04-08 09:00:00+02:00,RujSviQTqJ1OCUukoQiaaA,787.0,Fossil Hard coal,45V000000000011E,Denmark,Asnaesvaerket,1,MAW,PT1M,2,2015-04-07 14:46:00+02:00
2015-04-12 19:25:29+02:00,70,DK_2,Unplanned outage,A03,,2015-04-12 23:59:00+02:00,JHkuVDYNCk0UEVshhEGxEg,330.0,Fossil Hard coal,45V000000000012C,Denmark,Amagervaerket,1,MAW,PT1M,2,2015-04-12 18:00:00+02:00
2015-04-27 07:58:23+02:00,254,DK_2,Unplanned outage,A03,,2015-04-27 11:00:00+02:00,NGMXRBjBHHWhcmXvVb7xSw,815.0,Fossil Gas,45V0000000000091,Denmark,Avedoerevaerket,1,MAW,PT1M,1,2015-04-27 07:41:00+02:00
2015-04-27 12:39:13+02:00,254,DK_2,Unplanned outage,A03,,2015-04-27 12:37:00+02:00,MY-OT5PiBAYN3TOo8geiAw,815.0,Fossil Gas,45V0000000000091,Denmark,Avedoerevaerket,1,MAW,PT1M,2,2015-04-27 11:44:00+02:00
2015-04-27 18:09:58+02:00,254,DK_2,Unplanned outage,A03,,2015-04-27 18:06:00+02:00,Zf-QnG1IkFku9AyrZlUD6g,815.0,Fossil Gas,45V0000000000091,Denmark,Avedoerevaerket,1,MAW,PT1M,2,2015-04-27 16:22:00+02:00
2015-05-08 10:29:25+02:00,254,DK_2,Unplanned outage,A03,,2015-05-08 10:24:00+02:00,V0My8_lZTRPR67_iJleVgw,815.0,Fossil Gas,45V0000000000091,Denmark,Avedoerevaerket,1,MAW,PT1M,2,2015-05-08 07:54:00+02:00
2015-05-08 13:47:23+02:00,669,DK_2,Unplanned outage,A03,,2015-05-08 13:43:00+02:00,uiNUdJftzv5Gw7DVP8F3zQ,815.0,Fossil Gas,45V0000000000091,Denmark,Avedoerevaerket,1,MAW,PT1M,2,2015-05-08 10:24:00+02:00
2015-05-16 22:34:39+02:00,254,DK_2,Unplanned outage,A03,,2015-05-16 22:31:00+02:00,OM5UDkETdKAwzS5s0uPekg,815.0,Fossil Gas,45V0000000000091,Denmark,Avedoerevaerket,1,MAW,PT1M,3,2015-05-16 20:09:00+02:00
2015-06-01 00:12:14+02:00,70,DK_2,Unplanned outage,A03,,2015-06-01 06:00:00+02:00,exbTeC8PavNF5K9pI4py9w,330.0,Fossil Hard coal,45V000000000012C,Denmark,Amagervaerket,1,MAW,PT1M,2,2015-05-31 20:20:00+02:00
2015-06-09 04:31:14+02:00,412,DK_2,Unplanned outage,A03,,2015-06-09 04:24:00+02:00,Y6wg-AZ-cQBT3CMvWrL-aQ,787.0,Fossil Hard coal,45V000000000011E,Denmark,Asnaesvaerket,1,MAW,PT1M,2,2015-06-09 03:00:00+02:00
2015-06-12 22:36:01+02:00,254,DK_2,Unplanned outage,A03,,2015-06-12 19:48:00+02:00,l6y1Vp_Vseln7tMKii98Wg,815.0,Fossil Gas,45V0000000000091,Denmark,Avedoerevaerket,1,MAW,PT1M,2,2015-06-12 10:06:00+02:00
2015-06-17 11:05:40+02:00,610,DK_2,Unplanned outage,A03,,2015-06-22 15:00:00+02:00,u77UJWM9tk3HUg-ezeDX9Q,787.0,Fossil Hard coal,45V000000000011E,Denmark,Asnaesvaerket,1,MAW,PT1M,4,2015-06-10 21:12:00+02:00
2015-06-19 16:31:20+02:00,548,DK_2,Unplanned outage,A03,,2015-06-19 17:30:00+02:00,AmOulEldutNu4tEoZasYpQ,815.0,Fossil Gas,45V0000000000091,Denmark,Avedoerevaerket,1,MAW,PT1M,9,2015-06-15 07:40:00+02:00
2015-06-21 10:15:14+02:00,548,DK_2,Unplanned outage,A03,,2015-06-21 18:00:00+02:00,DhyUMGuD3A4M_r6ONTzS4Q,815.0,Fossil Gas,45V0000000000091,Denmark,Avedoerevaerket,1,MAW,PT1M,2,2015-06-20 13:43:00+02:00
2015-07-06 00:34:47+02:00,70,DK_2,Unplanned outage,A03,,2015-07-06 04:00:00+02:00,mTaalq1ZTKJh76tqj_iGkw,330.0,Fossil Hard coal,45V000000000012C,Denmark,Amagervaerket,1,MAW,PT1M,1,2015-07-06 00:00:00+02:00
2015-07-20 10:19:16+02:00,70,DK_2,Unplanned outage,A03,,2015-07-20 15:00:00+02:00,6OBP9Ea5NZJ1aO2i8XtroQ,330.0,Fossil Hard coal,45V000000000012C,Denmark,Amagervaerket,1,MAW,PT1M,4,2015-07-19 10:20:00+02:00
2015-07-21 10:53:12+02:00,548,DK_2,Unplanned outage,A03,,2015-07-21 10:49:00+02:00,dK6bsq2nJbHBL45Q78e1mA,815.0,Fossil Gas,45V0000000000091,Denmark,Avedoerevaerket,1,MAW,PT1M,2,2015-07-20 20:43:00+02:00
2015-07-22 14:25:21+02:00,548,DK_2,Unplanned outage,A03,,2015-07-22 18:00:00+02:00,xqIfk0PpVHdb0BDPqFBpMA,815.0,Fossil Gas,45V0000000000091,Denmark,Avedoerevaerket,1,MAW,PT1M,1,2015-07-22 14:16:00+02:00
2015-08-03 18:22:30+02:00,640,DK_2,Unplanned outage,A03,,2015-08-03 18:02:00+02:00,iWAMNEP1ETDcC3RWpwAnGw,787.0,Fossil Hard coal,45V000000000011E,Denmark,Asnaesvaerket,1,MAW,PT1M,4,2015-08-03 12:20:00+02:00
2015-08-04 23:01:54+02:00,548,DK_2,Unplanned outage,A03,,2015-08-04 23:20:00+02:00,8HFXpIkhF9ZLXorrt2vGPg,815.0,Fossil Gas,45V0000000000091,Denmark,Avedoerevaerket,1,MAW,PT1M,3,2015-08-04 06:54:00+02:00
2015-08-05 02:44:21+02:00,70,DK_2,Unplanned outage,A03,,2015-08-05 02:36:00+02:00,y9kToZLTG7az9mB5fib9NQ,330.0,Fossil Hard coal,45V000000000012C,Denmark,Amagervaerket,1,MAW,PT1M,2,2015-08-04 23:35:00+02:00
2015-08-05 07:48:11+02:00,160,DK_2,Unplanned outage,A03,,2015-08-05 07:46:00+02:00,smdjMBzsqms3bQQyZI5BCw,330.0,Fossil Hard coal,45V000000000012C,Denmark,Amagervaerket,1,MAW,PT1M,2,2015-08-05 06:20:00+02:00
2015-08-06 12:16:20+02:00,70,DK_2,Unplanned outage,A03,,2015-08-06 12:00:00+02:00,DoJF13Sf2UsvTGpzrfx4wQ,330.0,Fossil Hard coal,45V000000000012C,Denmark,Amagervaerket,1,MAW,PT1M,3,2015-08-06 06:54:00+02:00
2015-09-02 12:16:53+02:00,548,DK_2,Unplanned outage,A03,,2015-09-09 23:59:00+02:00,NtfRdyEyfa6NNkI4IuZjEw,815.0,Fossil Gas,45V0000000000091,Denmark,Avedoerevaerket,1,MAW,PT1M,4,2015-08-31 17:53:00+02:00
2015-09-10 12:02:30+02:00,254,DK_2,Unplanned outage,A03,,2015-09-10 09:02:00+02:00,LDB91rIeAMdRnn_eFFcK_w,815.0,Fossil Gas,45V0000000000091,Denmark,Avedoerevaerket,1,MAW,PT1M,2,2015-09-09 16:41:00+02:00
2015-09-21 17:56:41+02:00,658,DK_2,Unplanned outage,A03,,2015-09-21 17:50:00+02:00,Dz9zfi417PQqHfwkRQ9dQQ,815.0,Fossil Gas,45V0000000000091,Denmark,Avedoerevaerket,1,MAW,PT1M,3,2015-09-10 00:00:00+02:00
2015-09-25 00:57:23+02:00,254,DK_2,Unplanned outage,A03,,2015-09-25 00:44:00+02:00,pIP2ipEF_MlPrTNc3x-wsg,815.0,Fossil Gas,45V0000000000091,Denmark,Avedoerevaerket,1,MAW,PT1M,14,2015-09-22 21:45:00+02:00
2015-09-27 03:43:12+02:00,254,DK_2,Unplanned outage,A03,,2015-09-27 03:30:00+02:00,AGziHlmt7XUbAzg-dlmTvA,815.0,Fossil Gas,45V0000000000091,Denmark,Avedoerevaerket,1,MAW,PT1M,6,2015-09-26 00:42:00+02:00
2015-10-06 19:28:21+02:00,254,DK_2,Unplanned outage,A03,,2015-10-06 19:26:00+02:00,rPz1YwPqBqba28MmzrSfyA,815.0,Fossil Gas,45V0000000000091,Denmark,Avedoerevaerket,1,MAW,PT1M,13,2015-09-29 14:32:00+02:00
2015-10-08 11:30:11+02:00,548,DK_2,Unplanned outage,A03,,2015-10-09 15:00:00+02:00,dtH7ZHhJ6aYRxKHSox2GZw,815.0,Fossil Gas,45V0000000000091,Denmark,Avedoerevaerket,1,MAW,PT1M,1,2015-10-08 11:16:00+02:00
2015-10-11 14:53:13+02:00,638,DK_2,Unplanned outage,A03,,2015-10-11 14:50:00+02:00,jk1Vs6NRU1i_9KRGzsQWrw,815.0,Fossil Gas,45V0000000000091,Denmark,Avedoerevaerket,1,MAW,PT1M,3,2015-10-11 00:11:00+02:00
2015-10-12 07:37:11+02:00,548,DK_2,Unplanned outage,A03,,2015-10-12 07:33:00+02:00,x3Lr3i-IKWH0GuLsrcVELA,815.0,Fossil Gas,45V0000000000091,Denmark,Avedoerevaerket,1,MAW,PT1M,2,2015-10-12 05:15:00+02:00
2015-10-16 12:44:10+02:00,70,DK_2,Unplanned outage,A03,,2015-10-16 12:34:00+02:00,ZB81lrz0cH4vTubK1H42zA,330.0,Fossil Hard coal,45V000000000012C,Denmark,Amagervaerket,1,MAW,PT1M,4,2015-10-16 02:22:00+02:00
2015-10-16 18:41:21+02:00,692,DK_2,Unplanned outage,A03,,2015-10-16 18:24:00+02:00,hMerh5HhsrDERrlliJFxWw,815.0,Fossil Gas,45V0000000000091,Denmark,Avedoerevaerket,1,MAW,PT1M,2,2015-10-16 11:23:00+02:00
2015-10-16 19:21:21+02:00,70,DK_2,Unplanned outage,A03,,2015-10-16 21:00:00+02:00,jbyQXCb_qOhsiZokCsEnRQ,330.0,Fossil Hard coal,45V000000000012C,Denmark,Amagervaerket,1,MAW,PT1M,2,2015-10-16 17:50:00+02:00
2015-11-02 19:08:51+01:00,70,DK_2,Unplanned outage,A03,,2015-11-02 19:04:00+01:00,i0IrNfmZIvNVGiFvCriUDw,330.0,Fossil Hard coal,45V000000000012C,Denmark,Amagervaerket,1,MAW,PT1M,11,2015-10-23 22:40:00+02:00
2015-11-05 09:55:12+01:00,200,DK_2,Unplanned outage,A03,,2015-11-05 11:00:00+01:00,ox3xarkjiJoRh5rjwL0wNg,330.0,Fossil Hard coal,45V000000000012C,Denmark,Amagervaerket,1,MAW,PT1M,1,2015-11-05 07:00:00+01:00
2015-11-13 14:52:27+01:00,674,DK_2,Unplanned outage,A03,,2015-11-13 16:00:00+01:00,tvn1eM4da6waTcN5EVvtCw,815.0,Fossil Gas,45V0000000000091,Denmark,Avedoerevaerket,1,MAW,PT1M,3,2015-11-12 06:40:00+01:00
2015-11-14 16:10:25+01:00,548,DK_2,Unplanned outage,A03,,2015-11-14 17:00:00+01:00,CzhnEeGixQzCitlJER_tfw,815.0,Fossil Gas,45V0000000000091,Denmark,Avedoerevaerket,1,MAW,PT1M,3,2015-11-14 11:17:00+01:00
2015-11-18 23:23:29+01:00,70,DK_2,Unplanned outage,A03,,2015-11-18 23:13:00+01:00,VoY1H-lIlCUMC2HZLQJdIg,330.0,Fossil Hard coal,45V000000000012C,Denmark,Amagervaerket,1,MAW,PT1M,5,2015-11-13 02:14:00+01:00
2015-11-22 07:48:11+01:00,254,DK_2,Unplanned outage,A03,,2015-11-22 09:00:00+01:00,q8Pg7ac999auTH-LNAixWA,815.0,Fossil Gas,45V0000000000091,Denmark,Avedoerevaerket,1,MAW,PT1M,3,2015-11-22 00:20:00+01:00
2015-11-23 14:17:37+01:00,604,DK_2,Unplanned outage,A03,,2015-11-23 15:00:00+01:00,DQ_ee7c9J1Ewsl5QoOi8fA,815.0,Fossil Gas,45V0000000000091,Denmark,Avedoerevaerket,1,MAW,PT1M,2,2015-11-23 10:26:00+01:00
2015-11-28 11:49:11+01:00,254,DK_2,Unplanned outage,A03,,2015-11-28 12:00:00+01:00,yLMz1MGQYZ_RQbd1EYvN8g,815.0,Fossil Gas,45V0000000000091,Denmark,Avedoerevaerket,1,MAW,PT1M,3,2015-11-28 07:56:00+01:00
2015-11-29 23:43:31+01:00,260,DK_2,Unplanned outage,A03,,2015-11-29 23:45:00+01:00,GvpvNEf8aje98gU6K5J99A,664.0,Fossil Oil,45V0000000000083,Denmark,Kyndbyvaerket,1,MAW,PT1M,2,2015-11-29 22:48:00+01:00
2015-11-30 05:51:11+01:00,254,DK_2,Unplanned outage,A03,,2015-11-30 07:30:00+01:00,gQr8aQZ6Pg1pTVlLSWDrSA,815.0,Fossil Gas,45V0000000000091,Denmark,Avedoerevaerket,1,MAW,PT1M,4,2015-11-30 01:22:00+01:00
2015-12-03 09:58:12+01:00,674,DK_2,Unplanned outage,A03,,2015-12-03 15:00:00+01:00,sgQDMxn-tAajDNcerfE7VQ,815.0,Fossil Gas,45V0000000000091,Denmark,Avedoerevaerket,1,MAW,PT1M,3,2015-11-30 12:06:00+01:00
2015-12-12 16:23:50+01:00,70,DK_2,Unplanned outage,A03,,2015-12-12 18:59:00+01:00,MmwqmDKLRMFuN92bxEI3rg,330.0,Fossil Hard coal,45V000000000012C,Denmark,Amagervaerket,1,MAW,PT1M,2,2015-12-12 15:20:00+01:00
2015-12-15 06:43:35+01:00,254,DK_2,Unplanned outage,A03,,2015-12-15 06:33:00+01:00,E6mKGX1MO14D_FuFQGUbPg,815.0,Fossil Gas,45V0000000000091,Denmark,Avedoerevaerket,1,MAW,PT1M,4,2015-12-15 02:17:00+01:00
2015-12-22 07:46:24+01:00,689,DK_2,Unplanned outage,A03,,2015-12-22 07:44:00+01:00,DPN-KlTTkR57Qi2QQI7idw,815.0,Fossil Gas,45V0000000000091,Denmark,Avedoerevaerket,1,MAW,PT1M,3,2015-12-21 22:07:00+01:00
2015-12-24 10:50:19+01:00,254,DK_2,Unplanned outage,A03,,2015-12-24 11:00:00+01:00,1yBJt6RKrXbouhztr7WRzw,815.0,Fossil Gas,45V0000000000091,Denmark,Avedoerevaerket,1,MAW,PT1M,3,2015-12-24 05:47:00+01:00
2015-12-29 09:06:27+01:00,254,DK_2,Unplanned outage,A03,,2015-12-29 08:45:00+01:00,H6jroClWKXggMWBr2tuawg,815.0,Fossil Gas,45V0000000000091,Denmark,Avedoerevaerket,1,MAW,PT1M,4,2015-12-25 14:41:00+01:00
2016-01-13 10:49:11+01:00,70,DK_2,Unplanned outage,A03,,2016-01-13 10:28:00+01:00,k42ETTe04-MnVNlVNw94jQ,330.0,Fossil Hard coal,45V000000000012C,Denmark,Amagervaerket,1,MAW,PT1M,3,2016-01-13 04:38:00+01:00
2016-01-16 13:10:52+01:00,0,DK_2,Unplanned outage,A03,,2016-01-16 16:00:00+01:00,5Ikz9AWYbexbxnmIa3X36A,207.0,Wind Offshore,45V000000000019Z,Denmark,Roedsand 2,1,MAW,PT1M,1,2016-01-16 14:00:00+01:00
2016-01-17 08:42:26+01:00,0,DK_2,Unplanned outage,A03,,2016-01-17 08:15:00+01:00,5cx8WgDd57Q2RSE4M8ctVQ,207.0,Wind Offshore,45V000000000019Z,Denmark,Roedsand 2,1,MAW,PT1M,1,2016-01-16 16:00:00+01:00
2016-02-07 14:52:05+01:00,548,DK_2,Unplanned outage,A03,,2016-02-07 13:44:00+01:00,iPrne0yvSubyy2nuZmQqAA,815.0,Fossil Gas,45V0000000000091,Denmark,Avedoerevaerket,1,MAW,PT1M,2,2016-02-07 10:23:00+01:00
2016-02-18 09:52:33+01:00,215,DK_2,Unplanned outage,A03,,2016-02-18 10:00:00+01:00,GPPZcgWXwsGrEnEk9V-FZQ,330.0,Fossil Hard coal,45V000000000012C,Denmark,Amagervaerket,1,MAW,PT1M,2,2016-02-18 04:45:00+01:00
2016-02-21 18:19:33+01:00,254,DK_2,Unplanned outage,A03,,2016-02-21 18:20:00+01:00,bF1ZBvNtS1-UzqzEhWILtQ,815.0,Fossil Gas,45V0000000000091,Denmark,Avedoerevaerket,1,MAW,PT1M,2,2016-02-21 17:45:00+01:00
2016-03-02 18:20:11+01:00,254,DK_2,Unplanned outage,A03,,2016-03-02 18:03:00+01:00,udmskyWXPEfgPF16vUXR8g,815.0,Fossil Gas,45V0000000000091,Denmark,Avedoerevaerket,1,MAW,PT1M,4,2016-03-02 02:06:00+01:00
2016-04-07 05:24:24+02:00,70,DK_2,Unplanned outage,A03,,2016-04-07 05:17:00+02:00,JRR7PRQAH8wbSGBELfsZiw,330.0,Fossil Hard coal,45V000000000012C,Denmark,Amagervaerket,1,MAW,PT1M,3,2016-04-06 23:15:00+02:00
2016-04-19 09:02:11+02:00,254,DK_2,Unplanned outage,A03,,2016-04-19 10:00:00+02:00,KdkILyeVw_zpJ8N4JT1RFg,815.0,Fossil Gas,45V0000000000091,Denmark,Avedoerevaerket,1,MAW,PT1M,7,2016-04-18 22:05:00+02:00
2016-04-23 17:44:21+02:00,70,DK_2,Unplanned outage,A03,,2016-04-23 17:36:00+02:00,9xqKR9dz4G_b-12TvzmQWw,330.0,Fossil Hard coal,45V000000000012C,Denmark,Amagervaerket,1,MAW,PT1M,2,2016-04-23 17:00:00+02:00
2016-05-24 13:04:19+02:00,260,DK_2,Unplanned outage,A03,,2016-05-24 13:01:00+02:00,-kvv_MlsN_miqt10zlMwRg,664.0,Fossil Oil,45V0000000000083,Denmark,Kyndbyvaerket,1,MAW,PT1M,2,2016-05-24 10:55:00+02:00
2016-06-04 23:12:21+02:00,260,DK_2,Unplanned outage,A03,,2016-06-04 22:53:00+02:00,6sj5DLSteoIMCs_aJIlYJQ,664.0,Fossil Oil,45V0000000000083,Denmark,Kyndbyvaerket,1,MAW,PT1M,2,2016-06-04 17:15:00+02:00
2016-06-13 02:27:20+02:00,640,DK_2,Unplanned outage,A03,,2016-06-13 03:35:00+02:00,MsyffNufbar_1TL7W1MZ3g,787.0,Fossil Hard coal,45V000000000011E,Denmark,Asnaesvaerket,1,MAW,PT1M,2,2016-06-13 01:58:00+02:00
2016-06-16 12:18:23+02:00,260,DK_2,Unplanned outage,A03,,2016-06-16 12:03:00+02:00,eYnExXuCfqLECuc-jv3c6w,664.0,Fossil Oil,45V0000000000083,Denmark,Kyndbyvaerket,1,MAW,PT1M,2,2016-06-16 10:57:00+02:00
2016-06-16 15:57:24+02:00,254,DK_2,Unplanned outage,A03,,2016-06-16 15:30:00+02:00,ZQaTiDqL5BGE4m13okOBTw,815.0,Fossil Gas,45V0000000000091,Denmark,Avedoerevaerket,1,MAW,PT1M,4,2016-06-16 11:17:00+02:00
2016-06-16 16:45:57+02:00,354,DK_2,Unplanned outage,A03,,2016-06-16 20:00:00+02:00,8FUn3yGw9eJo2HjTXQrKfA,815.0,Fossil Gas,45V0000000000091,Denmark,Avedoerevaerket,1,MAW,PT1M,1,2016-06-16 16:22:00+02:00
2016-06-19 15:23:10+02:00,640,DK_2,Unplanned outage,A03,,2016-06-19 16:00:00+02:00,CkftAln-TuasYziTbwRGMw,787.0,Fossil Hard coal,45V000000000011E,Denmark,Asnaesvaerket,1,MAW,PT1M,9,2016-06-18 01:00:00+02:00
2016-06-21 00:40:21+02:00,254,DK_2,Unplanned outage,A03,,2016-06-21 02:00:00+02:00,mn6PwyFc6xFSRtmbbKV-uA,815.0,Fossil Gas,45V0000000000091,Denmark,Avedoerevaerket,1,MAW,PT1M,2,2016-06-20 22:37:00+02:00
2016-06-23 07:38:11+02:00,654,DK_2,Unplanned outage,A03,,2016-06-24 23:59:00+02:00,dg3kdhNGlb4-2aV0H5Bg-A,815.0,Fossil Gas,45V0000000000091,Denmark,Avedoerevaerket,1,MAW,PT1M,3,2016-06-20 08:17:00+02:00
2016-06-27 08:48:21+02:00,254,DK_2,Unplanned outage,A03,,2016-06-27 10:30:00+02:00,pz1Oz11biKKRr2MWla4aGQ,815.0,Fossil Gas,45V0000000000091,Denmark,Avedoerevaerket,1,MAW,PT1M,1,2016-06-27 08:33:00+02:00
2016-07-08 10:54:11+02:00,679,DK_2,Unplanned outage,A03,,2016-07-08 10:46:00+02:00,s0eN2tAujb7IiUcYtpOhlw,815.0,Fossil Gas,45V0000000000091,Denmark,Avedoerevaerket,1,MAW,PT1M,3,2016-06-27 12:45:00+02:00
2016-07-09 00:25:21+02:00,70,DK_2,Unplanned outage,A03,,2016-07-09 06:00:00+02:00,lp3tJyCQwNQ12Y0jvLOxAQ,330.0,Fossil Hard coal,45V000000000012C,Denmark,Amagervaerket,1,MAW,PT1M,1,2016-07-09 00:15:00+02:00
2016-07-10 23:00:22+02:00,70,DK_2,Unplanned outage,A03,,2016-07-11 06:00:00+02:00,3D1MT9NOwuldDSR-2RuhBA,330.0,Fossil Hard coal,45V000000000012C,Denmark,Amagervaerket,1,MAW,PT1M,1,2016-07-10 22:40:00+02:00
2016-07-28 21:53:21+02:00,70,DK_2,Unplanned outage,A03,,2016-07-28 21:45:00+02:00,X6J6liRFt_1ivCnFimAdyg,330.0,Fossil Hard coal,45V000000000012C,Denmark,Amagervaerket,1,MAW,PT1M,10,2016-07-16 00:52:00+02:00
2016-07-31 21:39:21+02:00,70,DK_2,Unplanned outage,A03,,2016-07-31 21:32:00+02:00,Fk6IyhcPklr_-d6VXDeG6A,330.0,Fossil Hard coal,45V000000000012C,Denmark,Amagervaerket,1,MAW,PT1M,3,2016-07-31 19:25:00+02:00
2016-08-20 12:52:43+02:00,640,DK_2,Unplanned outage,A03,,2016-08-20 14:30:00+02:00,adT8TONKFooY016iT9gllQ,787.0,Fossil Hard coal,45V000000000011E,Denmark,Asnaesvaerket,1,MAW,PT1M,3,2016-08-20 00:02:00+02:00
2016-08-23 12:33:31+02:00,220,DK_2,Unplanned outage,A03,,2016-08-23 16:00:00+02:00,RmVOCScokVXlmSkaQk7fIg,330.0,Fossil Hard coal,45V000000000012C,Denmark,Amagervaerket,1,MAW,PT1M,2,2016-08-23 12:30:00+02:00
2016-08-24 14:01:43+02:00,220,DK_2,Unplanned outage,A03,,2016-08-24 14:00:00+02:00,hhjsBSYX7n91jL53dA09TA,330.0,Fossil Hard coal,45V000000000012C,Denmark,Amagervaerket,1,MAW,PT1M,2,2016-08-24 09:40:00+02:00
2016-09-13 15:30:28+02:00,70,DK_2,Unplanned outage,A03,,2016-09-13 14:59:00+02:00,9eHZ-XqtMde3U7SQox-YsA,330.0,Fossil Hard coal,45V000000000012C,Denmark,Amagervaerket,1,MAW,PT1M,4,2016-09-13 02:28:00+02:00
2016-09-24 08:18:28+02:00,254,DK_2,Unplanned outage,A03,,2016-09-24 08:10:00+02:00,HkvJUd9mtsIqFYP8aJXxpA,815.0,Fossil Gas,45V0000000000091,Denmark,Avedoerevaerket,1,MAW,PT1M,2,2016-09-24 07:16:00+02:00
2016-09-24 16:32:45+02:00,254,DK_2,Unplanned outage,A03,,2016-09-24 18:00:00+02:00,EIcV3D7li0Qtqj82YqjLnA,815.0,Fossil Gas,45V0000000000091,Denmark,Avedoerevaerket,1,MAW,PT1M,2,2016-09-24 14:03:00+02:00
2016-09-26 09:13:40+02:00,674,DK_2,Unplanned outage,A03,,2016-09-26 09:03:00+02:00,m6oTxrmJpfRpLuJJgF_3Vg,815.0,Fossil Gas,45V0000000000091,Denmark,Avedoerevaerket,1,MAW,PT1M,2,2016-09-26 08:02:00+02:00
2016-09-30 21:07:55+02:00,254,DK_2,Unplanned outage,A03,,2016-09-30 21:04:00+02:00,qTHlgYPGojDryPw0MTIQ8Q,815.0,Fossil Gas,45V0000000000091,Denmark,Avedoerevaerket,1,MAW,PT1M,3,2016-09-30 19:04:00+02:00
2016-10-01 01:19:04+02:00,640,DK_2,Unplanned outage,A03,,2016-10-01 02:00:00+02:00,hFu3DGsdERjzrDJ59Pe98A,787.0,Fossil Hard coal,45V000000000011E,Denmark,Asnaesvaerket,1,MAW,PT1M,4,2016-09-30 21:46:00+02:00
2016-10-02 21:44:02+02:00,670,DK_2,Unplanned outage,A03,,2016-10-02 22:00:00+02:00,_n7qGs6D0yh48MvmYrpy5Q,815.0,Fossil Gas,45V0000000000091,Denmark,Avedoerevaerket,1,MAW,PT1M,2,2016-10-02 07:07:00+02:00
2016-10-04 05:15:05+02:00,670,DK_2,Unplanned outage,A03,,2016-10-04 08:00:00+02:00,yoEL2Btc1VswShgB1TPURw,815.0,Fossil Gas,45V0000000000091,Denmark,Avedoerevaerket,1,MAW,PT1M,1,2016-10-04 05:09:00+02:00
2016-10-06 01:00:22+02:00,673,DK_2,Unplanned outage,A03,,2016-10-06 00:55:00+02:00,GXUN3BRhhEf2OApIymuEgg,815.0,Fossil Gas,45V0000000000091,Denmark,Avedoerevaerket,1,MAW,PT1M,2,2016-10-05 22:56:00+02:00
2016-10-06 22:15:57+02:00,254,DK_2,Unplanned outage,A03,,2016-10-06 21:17:00+02:00,HZGkqe4jORDgaicl_tNWHw,815.0,Fossil Gas,45V0000000000091,Denmark,Avedoerevaerket,1,MAW,PT1M,3,2016-10-06 18:30:00+02:00
2016-10-07 04:29:01+02:00,664,DK_2,Unplanned outage,A03,,2016-10-07 03:00:00+02:00,tdkhvZE4mMQs_XdT6ASLGw,815.0,Fossil Gas,45V0000000000091,Denmark,Avedoerevaerket,1,MAW,PT1M,1,2016-10-07 01:27:00+02:00
2016-10-07 17:32:29+02:00,670,DK_2,Unplanned outage,A03,,2016-10-07 16:17:00+02:00,Y79a4RHDd-iUieDZ1_KQcg,815.0,Fossil Gas,45V0000000000091,Denmark,Avedoerevaerket,1,MAW,PT1M,3,2016-10-07 13:14:00+02:00
2016-10-10 21:45:55+02:00,254,DK_2,Unplanned outage,A03,,2016-10-10 20:32:00+02:00,bUCyal8K5XTGJVIbf5LOaA,815.0,Fossil Gas,45V0000000000091,Denmark,Avedoerevaerket,1,MAW,PT1M,2,2016-10-10 18:09:00+02:00
2016-10-10 23:48:48+02:00,548,DK_2,Unplanned outage,A03,,2016-10-10 22:37:00+02:00,kOz9-V354OI2vwaT8me3Wg,815.0,Fossil Gas,45V0000000000091,Denmark,Avedoerevaerket,1,MAW,PT1M,2,2016-10-10 22:14:00+02:00
2016-10-14 08:42:04+02:00,548,DK_2,Unplanned outage,A03,,2016-10-14 06:58:00+02:00,uGGiJ0hmIT-T90i6HytrtQ,815.0,Fossil Gas,45V0000000000091,Denmark,Avedoerevaerket,1,MAW,PT1M,4,2016-10-14 02:29:00+02:00
2016-10-14 11:44:39+02:00,655,DK_2,Unplanned outage,A03,,2016-10-14 14:00:00+02:00,2paIMKOW1EUGD8RLotYJ8w,815.0,Fossil Gas,45V0000000000091,Denmark,Avedoerevaerket,1,MAW,PT1M,3,2016-10-14 04:49:00+02:00
2016-10-18 17:50:35+02:00,698,DK_2,Unplanned outage,A03,,2016-10-19 23:59:00+02:00,BGcqNCB9U2jAS-ellw93og,815.0,Fossil Gas,45V0000000000091,Denmark,Avedoerevaerket,1,MAW,PT1M,1,2016-10-18 14:37:00+02:00
2016-10-21 09:27:30+02:00,494,DK_2,Unplanned outage,A03,,2016-10-21 09:23:00+02:00,crcP4SjpoK5QgeQYa479LA,815.0,Fossil Gas,45V0000000000091,Denmark,Avedoerevaerket,1,MAW,PT1M,3,2016-10-21 03:54:00+02:00
2016-10-27 16:58:20+02:00,548,DK_2,Unplanned outage,A03,,2016-10-27 15:30:00+02:00,7oH_ASEyLAWPze0XiJ8Zgg,815.0,Fossil Gas,45V0000000000091,Denmark,Avedoerevaerket,1,MAW,PT1M,2,2016-10-27 10:54:00+02:00
2016-11-05 18:42:00+01:00,454,DK_2,Unplanned outage,A03,,2016-11-06 12:00:00+01:00,H0HOGBX01T6Ay2TyFO1CEA,815.0,Fossil Gas,45V0000000000091,Denmark,Avedoerevaerket,1,MAW,PT1M,1,2016-11-05 18:30:00+01:00
2016-11-07 18:43:31+01:00,548,DK_2,Unplanned outage,A03,,2016-11-07 22:00:00+01:00,Xt9eUWgtO_1DBctYMVyocg,815.0,Fossil Gas,45V0000000000091,Denmark,Avedoerevaerket,1,MAW,PT1M,2,2016-11-07 14:17:00+01:00
2016-11-08 11:47:14+01:00,680,DK_2,Unplanned outage,A03,,2016-11-08 13:00:00+01:00,SrjssW83y1nae2FWc190Xg,787.0,Fossil Hard coal,45V000000000011E,Denmark,Asnaesvaerket,1,MAW,PT1M,1,2016-11-08 10:47:00+01:00
2016-11-10 10:52:15+01:00,548,DK_2,Unplanned outage,A03,,2016-11-10 10:55:00+01:00,mYQmGH7etJfXiMG5MH-q5A,815.0,Fossil Gas,45V0000000000091,Denmark,Avedoerevaerket,1,MAW,PT1M,10,2016-11-09 05:42:00+01:00
2016-11-10 16:20:31+01:00,70,DK_2,Unplanned outage,A03,,2016-11-10 15:08:00+01:00,oLC_FcK4V2SqIvP6wMLu1A,330.0,Fossil Hard coal,45V000000000012C,Denmark,Amagervaerket,1,MAW,PT1M,3,2016-11-10 12:24:00+01:00
2016-11-10 19:42:06+01:00,180,DK_2,Unplanned outage,A03,,2016-11-10 18:50:00+01:00,_sOclztkmByTiLWLwVJT1Q,330.0,Fossil Hard coal,45V000000000012C,Denmark,Amagervaerket,1,MAW,PT1M,2,2016-11-10 17:00:00+01:00
2016-11-11 15:53:40+01:00,668,DK_2,Unplanned outage,A03,,2016-11-11 20:00:00+01:00,XNKp1QnxK-Rc97W9-b6BJA,815.0,Fossil Gas,45V0000000000091,Denmark,Avedoerevaerket,1,MAW,PT1M,3,2016-11-11 11:10:00+01:00
2016-11-18 06:26:11+01:00,70,DK_2,Unplanned outage,A03,,2016-11-18 05:39:00+01:00,Cou_rjnJ5TtBRNcFORvzPg,330.0,Fossil Hard coal,45V000000000012C,Denmark,Amagervaerket,1,MAW,PT1M,6,2016-11-14 08:00:00+01:00
2016-11-19 17:02:29+01:00,684,DK_2,Unplanned outage,A03,,2016-11-20 12:00:00+01:00,IO_jMRXTo3U8_gEY8AZ3Fg,815.0,Fossil Gas,45V0000000000091,Denmark,Avedoerevaerket,1,MAW,PT1M,5,2016-11-18 21:49:00+01:00
2016-11-20 19:12:50+01:00,669,DK_2,Unplanned outage,A03,,2016-11-20 18:51:00+01:00,hDBe6TJXZqn4qgVEBrMKdQ,815.0,Fossil Gas,45V0000000000091,Denmark,Avedoerevaerket,1,MAW,PT1M,4,2016-11-20 16:35:00+01:00
2016-11-21 00:17:46+01:00,254,DK_2,Unplanned outage,A03,,2016-11-21 00:15:00+01:00,zRKxTu_zrxFnCUoliV2slg,815.0,Fossil Gas,45V0000000000091,Denmark,Avedoerevaerket,1,MAW,PT1M,4,2016-11-20 18:52:00+01:00
2016-11-21 06:36:13+01:00,254,DK_2,Unplanned outage,A03,,2016-11-21 06:32:00+01:00,g6nX_HUiBrJpUWMmgMbL2A,815.0,Fossil Gas,45V0000000000091,Denmark,Avedoerevaerket,1,MAW,PT1M,2,2016-11-21 06:14:00+01:00
2016-11-23 18:10:05+01:00,524,DK_2,Unplanned outage,A03,,2016-11-23 20:00:00+01:00,7CuSu1Cc22jDjpsibVMJlQ,815.0,Fossil Gas,45V0000000000091,Denmark,Avedoerevaerket,1,MAW,PT1M,1,2016-11-23 15:51:00+01:00
2016-11-24 00:13:41+01:00,70,DK_2,Unplanned outage,A03,,2016-11-24 01:00:00+01:00,N9AC6sXkw797T_Cf3w93gw,330.0,Fossil Hard coal,45V000000000012C,Denmark,Amagervaerket,1,MAW,PT1M,2,2016-11-23 19:09:00+01:00
2016-11-24 10:04:12+01:00,180,DK_2,Unplanned outage,A03,,2016-11-24 10:00:00+01:00,EiDIlaUkEtaIdABa3D_eBw,330.0,Fossil Hard coal,45V000000000012C,Denmark,Amagervaerket,1,MAW,PT1M,3,2016-11-24 01:46:00+01:00
2016-11-24 12:04:25+01:00,683,DK_2,Unplanned outage,A03,,2016-11-24 16:00:00+01:00,AKIpoo0WerPKf5M4Z1J-2Q,815.0,Fossil Gas,45V0000000000091,Denmark,Avedoerevaerket,1,MAW,PT1M,2,2016-11-24 07:51:00+01:00
2016-11-25 12:17:33+01:00,698,DK_2,Unplanned outage,A03,,2016-11-25 09:23:00+01:00,jq_f9COTTL1YDNo1FlYMhg,815.0,Fossil Gas,45V0000000000091,Denmark,Avedoerevaerket,1,MAW,PT1M,2,2016-11-25 08:03:00+01:00
2016-11-27 23:57:22+01:00,664,DK_2,Unplanned outage,A03,,2016-11-28 01:00:00+01:00,miFh4d1YGsM_BWUi0rzW7w,815.0,Fossil Gas,45V0000000000091,Denmark,Avedoerevaerket,1,MAW,PT1M,4,2016-11-27 07:50:00+01:00
2016-12-02 05:37:13+01:00,664,DK_2,Unplanned outage,A03,,2016-12-02 07:00:00+01:00,INZCzWTBdmnOXfh1_vH9cQ,815.0,Fossil Gas,45V0000000000091,Denmark,Avedoerevaerket,1,MAW,PT1M,5,2016-11-30 17:44:00+01:00
2017-12-08 13:17:33+01:00,80,DK_2,Unplanned outage,A03,,2017-12-06 21:43:00+01:00,mepEn4hP9lJI2HN6wDDm_g,479.0,Fossil Hard coal,45W000000000013X,Denmark,Amagervaerket,1,MAW,PT1M,5,2017-12-06 13:50:00+01:00
2020-08-23 09:56:03+02:00,0,DK_2,Unplanned outage,A03,,2020-08-23 01:45:00+02:00,v9Jmd4LoSGoOsb866-i4bQ,165.6,Wind Offshore,45W000000000019L,Denmark,Roedsand 1,1,MAW,PT1M,3,2020-08-23 01:31:00+02:00
2020-10-16 22:48:08+02:00,0,DK_2,Unplanned outage,A03,,2020-10-16 14:45:00+02:00,Qq1nGOUvoLFg6KnCwY4xyA,165.6,Wind Offshore,45W000000000019L,Denmark,Roedsand 1,1,MAW,PT1M,2,2020-10-16 14:34:00+02:00
