2014-12-18 21:12:04+02:00,250,FI,Unplanned outage,A03,,2014-12-18 21:10:00+02:00,YICQOLVrZ44JSRFPGjeSrg,383.0,Fossil Hard coal,44W-T-YT-000012L,Vaasa,Vaskiluoto,1,MAW,PT1M,2,2014-12-18 19:35:00+02:00
2014-12-26 13:29:14+02:00,105,FI,Unplanned outage,A03,,2014-12-26 18:00:00+02:00,UbZSYGIUqevUFTifoT2hcg,210.0,Fossil Hard coal,44W-T-YT-000001Q,Helsinki,Hanasaari,1,MAW,PT1M,1,2014-12-26 13:09:00+02:00
2015-01-04 15:55:21+02:00,184,FI,Unplanned outage,A03,,2015-01-04 18:00:00+02:00,N8FvAjN5C89s3PbqxpTo4g,354.0,Fossil Gas,44W-T-YT-000010P,Espoo,Suomenoja,1,MAW,PT1M,2,2015-01-04 11:14:00+02:00
2015-01-08 17:39:23+02:00,0,FI,Unplanned outage,A03,,2015-01-08 20:00:00+02:00,Ch3rDxCpEtqlWVKrg77cdg,240.0,Fossil Hard coal,44W-T-LV-000004L,Pori,Tahkoluoto,1,MAW,PT1M,1,2015-01-08 17:29:00+02:00
2015-01-12 02:53:33+02:00,0,FI,Unplanned outage,A03,,2015-01-12 06:00:00+02:00,Ur5Tq8JUwgKGws4iE1_Pjg,565.0,Fossil Hard coal,44W-T-LV-000003N,Pori,Meri-Pori,1,MAW,PT1M,1,2015-01-12 02:45:00+02:00
2015-01-13 14:38:14+02:00,248,FI,Unplanned outage,A03,,2015-01-13 14:33:00+02:00,tAmzwoeOaMFtM0lxZol3sw,496.0,Nuclear,44W-T-YV-0000018,Loviisa,Loviisa 2,1,MAW,PT1M,5,2015-01-12 03:14:00+02:00
2015-01-14 12:27:14+02:00,220,FI,Unplanned outage,A03,,2015-01-14 15:00:00+02:00,gNclnc5AwGClAi1x_2PGnw,325.0,Fossil Hard coal,44W-T-YT-000006G,Naantali,Naantali,1,MAW,PT1M,1,2015-01-14 12:22:00+02:00
2015-01-18 09:13:21+02:00,220,FI,Unplanned outage,A03,,2015-01-18 09:08:00+02:00,RlEMwOyTqTgn3P4w2BlIUQ,325.0,Fossil Hard coal,44W-T-YT-000006G,Naantali,Naantali,1,MAW,PT1M,2,2015-01-18 07:25:00+02:00
2015-01-19 08:02:14+02:00,210,FI,Unplanned outage,A03,,2015-01-19 10:00:00+02:00,meVd9Wu5t2crnXb3CNcn3Q,325.0,Fossil Hard coal,44W-T-YT-000006G,Naantali,Naantali,1,MAW,PT1M,4,2015-01-18 22:25:00+02:00
2015-01-19 12:54:15+02:00,0,FI,Unplanned outage,A03,,2015-01-19 12:26:00+02:00,jzuiQj5kRZaVin8s4t6jBA,240.0,Fossil Hard coal,44W-T-LV-000004L,Pori,Tahkoluoto,1,MAW,PT1M,3,2015-01-19 04:32:00+02:00
2015-02-10 08:26:14+02:00,0,FI,Unplanned outage,A03,,2015-02-10 14:00:00+02:00,4bmKeFSdJ87YGByhsD6GSw,210.0,Fossil Hard coal,44W-T-YT-000001Q,Helsinki,Hanasaari,1,MAW,PT1M,1,2015-02-10 08:14:00+02:00
2015-02-11 12:09:39+02:00,220,FI,Unplanned outage,A03,,2015-02-11 13:00:00+02:00,W_gKonI1ztCSlRW0Rs9Zeg,325.0,Fossil Hard coal,44W-T-YT-000006G,Naantali,Naantali,1,MAW,PT1M,1,2015-02-11 11:15:00+02:00
2015-02-20 10:49:30+02:00,105,FI,Unplanned outage,A03,,2015-02-20 12:00:00+02:00,EHkge2Km7_cHl51qrMF-Yg,210.0,Fossil Hard coal,44W-T-YT-000001Q,Helsinki,Hanasaari,1,MAW,PT1M,1,2015-02-20 10:35:00+02:00
2015-02-24 03:48:03+02:00,0,FI,Unplanned outage,A03,,2015-02-24 03:42:00+02:00,aMlmePWZjPdQZdMUpS2nrg,880.0,Nuclear,44W-T-YV-0000034,Eurajoki,Olkiluoto 2,1,MAW,PT1M,13,2015-02-04 20:10:00+02:00
2015-02-25 11:22:35+02:00,260,FI,Unplanned outage,A03,,2015-02-25 11:20:00+02:00,hi6diM-G1DnajK4Yq-_wwg,383.0,Fossil Hard coal,44W-T-YT-000012L,Vaasa,Vaskiluoto,1,MAW,PT1M,2,2015-02-25 10:35:00+02:00
2015-02-25 17:02:04+02:00,400,FI,Unplanned outage,A03,,2015-02-24 10:11:00+02:00,QTIQpwDdMSFUM7aaQLWqdw,880.0,Nuclear,44W-T-YV-0000034,Eurajoki,Olkiluoto 2,1,MAW,PT1M,4,2015-02-24 06:10:00+02:00
2015-02-27 11:24:12+02:00,210,FI,Unplanned outage,A03,,2015-03-02 23:59:00+02:00,6MLsW0f2M0NxuNvxm-jb7Q,450.0,Fossil Hard coal,44W-T-LV-000002P,Kristiinankaupunki,Kristiina,1,MAW,PT1M,4,2015-02-24 06:12:00+02:00
2015-03-03 22:52:02+02:00,105,FI,Unplanned outage,A03,,2015-03-04 07:00:00+02:00,K_KBxPUbvJaSQKVgg20NFg,210.0,Fossil Hard coal,44W-T-YT-000001Q,Helsinki,Hanasaari,1,MAW,PT1M,1,2015-03-03 22:34:00+02:00
2015-03-04 17:01:05+02:00,105,FI,Unplanned outage,A03,,2015-04-20 01:00:00+03:00,G1MqIstC6_b5fHPxyw4FjQ,210.0,Fossil Hard coal,44W-T-YT-000001Q,Helsinki,Hanasaari,1,MAW,PT1M,7,2015-02-10 14:10:00+02:00
2015-03-20 16:42:25+02:00,105,FI,Unplanned outage,A03,,2015-03-20 22:00:00+02:00,-xA2QC-9PWyxYLKJznz0Mw,210.0,Fossil Hard coal,44W-T-YT-000001Q,Helsinki,Hanasaari,1,MAW,PT1M,1,2015-03-20 16:28:00+02:00
2015-03-28 22:51:02+02:00,160,FI,Unplanned outage,A03,,2015-03-29 05:00:00+03:00,cscAzZ8XvNfyvOYURmCodQ,383.0,Fossil Hard coal,44W-T-YT-000012L,Vaasa,Vaskiluoto,1,MAW,PT1M,2,2015-03-28 08:07:00+02:00
2015-04-02 23:31:16+03:00,241,FI,Unplanned outage,A03,,2015-04-02 23:25:00+03:00,XAtTr2iUiX8ubAMwvcExrQ,383.0,Fossil Hard coal,44W-T-YT-000012L,Vaasa,Vaskiluoto,1,MAW,PT1M,2,2015-04-02 21:10:00+03:00
2015-04-16 06:57:17+03:00,105,FI,Unplanned outage,A03,,2015-04-16 12:00:00+03:00,_QJRYHYB_Q0nJox_rtzMSg,210.0,Fossil Hard coal,44W-T-YT-000001Q,Helsinki,Hanasaari,1,MAW,PT1M,1,2015-04-16 06:50:00+03:00
2015-05-04 00:00:27+03:00,0,FI,Unplanned outage,A03,,2015-05-04 03:00:00+03:00,GufpP6JNGpY4Iy8wzWtH5Q,240.0,Fossil Peat,44W-T-YT-000000S,Pietarsaari,Alholmens Kraft,1,MAW,PT1M,1,2015-05-03 23:19:00+03:00
2015-05-13 15:18:27+03:00,320,FI,Unplanned outage,A03,,2015-05-13 19:00:00+03:00,uoKT5qY0FVEzGB8BkpYmsQ,480.0,Fossil Gas,44W-T-YT-000013J,Helsinki,Vuosaari,1,MAW,PT1M,1,2015-05-13 14:26:00+03:00
2015-05-25 09:49:18+03:00,160,FI,Unplanned outage,A03,,2015-05-25 09:44:00+03:00,e8wf28xjw1w64yFjiksrDg,383.0,Fossil Hard coal,44W-T-YT-000012L,Vaasa,Vaskiluoto,1,MAW,PT1M,3,2015-05-25 06:12:00+03:00
2015-06-08 10:29:14+03:00,0,FI,Unplanned outage,A03,,2015-06-06 21:00:00+03:00,NVFw4cdXfQ03G1yH10fSdg,880.0,Nuclear,44W-T-YV-0000034,Eurajoki,Olkiluoto 2,1,MAW,PT1M,8,2015-06-05 23:54:00+03:00
2015-06-22 00:05:52+03:00,0,FI,Unplanned outage,A03,,2015-06-21 18:14:00+03:00,wvBsNCIxjog_6UcZFE2KVQ,880.0,Nuclear,44W-T-YV-0000034,Eurajoki,Olkiluoto 2,1,MAW,PT1M,7,2015-06-20 11:20:00+03:00
2015-06-22 07:48:10+03:00,160,FI,Unplanned outage,A03,,2015-06-22 11:00:00+03:00,S9i6a-1R-stN5dVGhXTvDg,383.0,Fossil Hard coal,44W-T-YT-000012L,Vaasa,Vaskiluoto,1,MAW,PT1M,2,2015-06-22 06:33:00+03:00
2015-06-30 10:35:44+03:00,160,FI,Unplanned outage,A03,,2015-06-30 10:13:00+03:00,kv3sWQejxGZAWKmSkYLztA,383.0,Fossil Hard coal,44W-T-YT-000012L,Vaasa,Vaskiluoto,1,MAW,PT1M,2,2015-06-30 07:20:00+03:00
2015-07-13 06:34:36+03:00,0,FI,Unplanned outage,A03,,2015-07-13 06:27:00+03:00,Hcke-9uK32V5EZFXOXiiKg,240.0,Fossil Peat,44W-T-YT-000000S,Pietarsaari,Alholmens Kraft,1,MAW,PT1M,2,2015-07-13 05:52:00+03:00
2015-07-13 09:41:23+03:00,0,FI,Unplanned outage,A03,,2015-07-13 09:21:00+03:00,0DKfIYLheZ1Er5YnZ88Thg,240.0,Fossil Peat,44W-T-YT-000000S,Pietarsaari,Alholmens Kraft,1,MAW,PT1M,2,2015-07-13 08:32:00+03:00
2015-07-13 17:43:51+03:00,0,FI,Unplanned outage,A03,,2015-07-13 17:42:00+03:00,K4_in1AkKDLWKmi_ibhdog,240.0,Fossil Peat,44W-T-YT-000000S,Pietarsaari,Alholmens Kraft,1,MAW,PT1M,2,2015-07-13 12:54:00+03:00
2015-08-10 14:08:54+03:00,220,FI,Unplanned outage,A03,,2015-08-12 12:00:00+03:00,aTxlyXCtAPbMdfjoVBS7iQ,325.0,Fossil Hard coal,44W-T-YT-000006G,Naantali,Naantali,1,MAW,PT1M,1,2015-08-10 14:00:00+03:00
2015-08-17 17:49:30+03:00,350,FI,Unplanned outage,A03,,2015-08-29 14:00:00+03:00,8etf4YoR6EZPvbWrJsDrnQ,496.0,Nuclear,44W-T-YV-0000018,Loviisa,Loviisa 2,1,MAW,PT1M,2,2015-08-17 14:48:00+03:00
2015-08-22 18:10:31+03:00,280,FI,Unplanned outage,A03,,2015-08-22 18:04:00+03:00,GMq5SSFZ0oj0xurQSqSc-w,383.0,Fossil Hard coal,44W-T-YT-000012L,Vaasa,Vaskiluoto,1,MAW,PT1M,3,2015-08-22 10:15:00+03:00
2015-08-28 13:15:51+03:00,220,FI,Unplanned outage,A03,,2015-08-28 12:50:00+03:00,8mQDx_SU4L8gd5WlXhdEuA,325.0,Fossil Hard coal,44W-T-YT-000006G,Naantali,Naantali,1,MAW,PT1M,3,2015-08-28 02:48:00+03:00
2015-08-28 18:24:42+03:00,220,FI,Unplanned outage,A03,,2015-08-29 05:00:00+03:00,7FKEniMe8cmn9tDIEWaG4A,325.0,Fossil Hard coal,44W-T-YT-000006G,Naantali,Naantali,1,MAW,PT1M,1,2015-08-28 17:54:00+03:00
2015-09-21 02:45:21+03:00,220,FI,Unplanned outage,A03,,2015-09-21 03:00:00+03:00,N-cXG54Qnec_olRulnot9Q,325.0,Fossil Hard coal,44W-T-YT-000006G,Naantali,Naantali,1,MAW,PT1M,3,2015-09-20 23:36:00+03:00
2015-09-26 01:23:45+03:00,220,FI,Unplanned outage,A03,,2015-09-26 01:18:00+03:00,fkqHWcDWUT6Dq8d-IUIoBQ,325.0,Fossil Hard coal,44W-T-YT-000006G,Naantali,Naantali,1,MAW,PT1M,3,2015-09-25 23:32:00+03:00
2015-09-27 18:00:18+03:00,125,FI,Unplanned outage,A03,,2015-09-27 17:50:00+03:00,4uwmr9uEtGhiDT3kU6dZOg,240.0,Fossil Peat,44W-T-YT-000000S,Pietarsaari,Alholmens Kraft,1,MAW,PT1M,3,2015-09-26 10:31:00+03:00
2015-09-27 20:12:16+03:00,210,FI,Unplanned outage,A03,,2015-09-27 20:04:00+03:00,E17yB8nxTwZr0o6jeMWzng,325.0,Fossil Hard coal,44W-T-YT-000006G,Naantali,Naantali,1,MAW,PT1M,3,2015-09-27 16:00:00+03:00
2015-09-27 20:12:27+03:00,220,FI,Unplanned outage,A03,,2015-09-27 20:04:00+03:00,cFHbcXyC6vUTeiomizIS2A,325.0,Fossil Hard coal,44W-T-YT-000006G,Naantali,Naantali,1,MAW,PT1M,3,2015-09-27 13:47:00+03:00
2015-09-28 10:17:12+03:00,220,FI,Unplanned outage,A03,,2015-09-28 11:00:00+03:00,6P4eEmLLzWjud5zR_Kgogw,325.0,Fossil Hard coal,44W-T-YT-000006G,Naantali,Naantali,1,MAW,PT1M,5,2015-09-28 02:03:00+03:00
2015-09-28 11:46:22+03:00,220,FI,Unplanned outage,A03,,2015-09-28 13:00:00+03:00,51MCy8yELaSSkUL98tpTbw,325.0,Fossil Hard coal,44W-T-YT-000006G,Naantali,Naantali,1,MAW,PT1M,1,2015-09-28 11:30:00+03:00
2015-09-30 20:19:15+03:00,248,FI,Unplanned outage,A03,,2015-09-30 20:06:00+03:00,-0cG87h8ToeSEAOSEi209g,496.0,Nuclear,44W-T-YV-0000018,Loviisa,Loviisa 2,1,MAW,PT1M,3,2015-09-30 12:12:00+03:00
2015-10-01 17:54:22+03:00,210,FI,Unplanned outage,A03,,2015-10-01 17:48:00+03:00,lXKCtOjDGM4Bi7h6UcsAmw,325.0,Fossil Hard coal,44W-T-YT-000006G,Naantali,Naantali,1,MAW,PT1M,5,2015-09-29 17:47:00+03:00
2015-10-06 01:24:22+03:00,105,FI,Unplanned outage,A03,,2015-10-06 05:00:00+03:00,qARXC7w73uO1uZRNV7Wazw,210.0,Fossil Hard coal,44W-T-YT-000001Q,Helsinki,Hanasaari,1,MAW,PT1M,1,2015-10-06 01:15:00+03:00
2015-10-06 08:45:12+03:00,0,FI,Unplanned outage,A03,,2015-10-06 09:00:00+03:00,0RzCYyNHEuoRUDZesIwMsg,565.0,Fossil Hard coal,44W-T-LV-000003N,Pori,Meri-Pori,1,MAW,PT1M,2,2015-10-06 05:47:00+03:00
2015-10-06 10:17:26+03:00,0,FI,Unplanned outage,A03,,2015-10-06 12:30:00+03:00,VrdKNuxcsI-7kIkHisyJFQ,565.0,Fossil Hard coal,44W-T-LV-000003N,Pori,Meri-Pori,1,MAW,PT1M,2,2015-10-06 09:47:00+03:00
2015-10-07 10:33:02+03:00,400,FI,Unplanned outage,A03,,2015-10-07 12:00:00+03:00,XUzgm8xEZgOOeHKT4bRvxw,565.0,Fossil Hard coal,44W-T-LV-000003N,Pori,Meri-Pori,1,MAW,PT1M,2,2015-10-07 07:45:00+03:00
2015-10-23 17:11:43+03:00,220,FI,Unplanned outage,A03,,2015-10-23 19:00:00+03:00,jEQRZn3ixoWxSPRZdVgqOw,325.0,Fossil Hard coal,44W-T-YT-000006G,Naantali,Naantali,1,MAW,PT1M,1,2015-10-23 16:15:00+03:00
2015-11-02 15:11:53+02:00,160,FI,Unplanned outage,A03,,2015-11-02 16:00:00+02:00,gWBTKHZyaCW7gJjsYazmgg,383.0,Fossil Hard coal,44W-T-YT-000012L,Vaasa,Vaskiluoto,1,MAW,PT1M,3,2015-11-02 09:48:00+02:00
2015-11-21 12:57:14+02:00,220,FI,Unplanned outage,A03,,2015-11-21 12:54:00+02:00,8rQMJ-QBWOExtkkZBAgUxw,325.0,Fossil Hard coal,44W-T-YT-000006G,Naantali,Naantali,1,MAW,PT1M,5,2015-11-20 20:20:00+02:00
2015-11-23 15:57:54+02:00,220,FI,Unplanned outage,A03,,2015-11-30 16:00:00+02:00,Z1z1eDrZWUo9OySko1uvrw,325.0,Fossil Hard coal,44W-T-YT-000006G,Naantali,Naantali,1,MAW,PT1M,3,2015-11-21 18:32:00+02:00
2015-12-02 11:38:38+02:00,0,FI,Unplanned outage,A03,,2015-12-02 11:32:00+02:00,KPl6JJsWIFOfutXhYvCuCw,325.0,Fossil Hard coal,44W-T-YT-000006G,Naantali,Naantali,1,MAW,PT1M,2,2015-12-02 09:35:00+02:00
2015-12-03 15:43:11+02:00,0,FI,Unplanned outage,A03,,2015-12-03 15:35:00+02:00,pPTxBeYSsk_tuS6A53d4MA,565.0,Fossil Hard coal,44W-T-LV-000003N,Pori,Meri-Pori,1,MAW,PT1M,4,2015-11-29 13:52:00+02:00
2015-12-07 14:54:21+02:00,280,FI,Unplanned outage,A03,,2015-12-07 14:46:00+02:00,TnUfReFk07-Cn3VyWWE3bQ,383.0,Fossil Hard coal,44W-T-YT-000012L,Vaasa,Vaskiluoto,1,MAW,PT1M,2,2015-12-07 13:16:00+02:00
2015-12-08 21:58:21+02:00,220,FI,Unplanned outage,A03,,2015-12-09 10:00:00+02:00,g7ddd5k1u8tWUNuGeU89jA,325.0,Fossil Hard coal,44W-T-YT-000006G,Naantali,Naantali,1,MAW,PT1M,5,2015-12-04 06:22:00+02:00
2015-12-12 16:43:11+02:00,280,FI,Unplanned outage,A03,,2015-12-12 16:41:00+02:00,AGM3Aw9BrK8YHkvqQ9bR2A,383.0,Fossil Hard coal,44W-T-YT-000012L,Vaasa,Vaskiluoto,1,MAW,PT1M,2,2015-12-12 14:25:00+02:00
2015-12-15 07:47:11+02:00,105,FI,Unplanned outage,A03,,2015-12-15 13:00:00+02:00,Mh02xybpo56Ci1GV0LABgA,210.0,Fossil Hard coal,44W-T-YT-000001Q,Helsinki,Hanasaari,1,MAW,PT1M,4,2015-12-14 05:44:00+02:00
2016-01-15 10:51:23+02:00,0,FI,Unplanned outage,A03,,2016-01-15 10:43:00+02:00,b9Xr34-QIjpRX2UQquaRWA,240.0,Fossil Peat,44W-T-YT-000000S,Pietarsaari,Alholmens Kraft,1,MAW,PT1M,3,2016-01-15 04:41:00+02:00
2016-01-18 17:12:53+02:00,320,FI,Unplanned outage,A03,,2016-01-18 17:00:00+02:00,doFQEUFUDjDXuyRU0lsBTQ,480.0,Fossil Gas,44W-T-YT-000013J,Helsinki,Vuosaari,1,MAW,PT1M,2,2016-01-18 14:58:00+02:00
2016-02-02 23:15:45+02:00,105,FI,Unplanned outage,A03,,2016-02-04 00:00:00+02:00,5xqfoCViuFOxYhdLI_y3aQ,210.0,Fossil Hard coal,44W-T-YT-000001Q,Helsinki,Hanasaari,1,MAW,PT1M,2,2016-02-02 17:50:00+02:00
2016-02-03 02:22:06+02:00,160,FI,Unplanned outage,A03,,2016-02-03 12:00:00+02:00,qWR3GO9uAcpIRTVrR5A1pg,383.0,Fossil Hard coal,44W-T-YT-000012L,Vaasa,Vaskiluoto,1,MAW,PT1M,1,2016-02-03 02:19:00+02:00
2016-02-12 00:48:40+02:00,160,FI,Unplanned outage,A03,,2016-02-11 23:33:00+02:00,isaA7NLB92T-Zb61pq99Zg,383.0,Fossil Hard coal,44W-T-YT-000012L,Vaasa,Vaskiluoto,1,MAW,PT1M,5,2016-02-11 15:38:00+02:00
2016-02-17 20:44:22+02:00,260,FI,Unplanned outage,A03,,2016-02-17 20:43:00+02:00,IpZz1tKRfmGCfYB3MWK2qA,383.0,Fossil Hard coal,44W-T-YT-000012L,Vaasa,Vaskiluoto,1,MAW,PT1M,2,2016-02-17 19:38:00+02:00
2016-02-22 12:54:55+02:00,280,FI,Unplanned outage,A03,,2016-01-22 08:00:00+02:00,wLrqOCdGaU0Kj6cilc5nMw,383.0,Fossil Hard coal,44W-T-YT-000012L,Vaasa,Vaskiluoto,1,MAW,PT1M,3,2016-01-22 05:58:00+02:00
2016-02-23 16:42:59+02:00,105,FI,Unplanned outage,A03,,2016-02-24 01:00:00+02:00,wNv8_eMGC7ju1zuw09tZOA,210.0,Fossil Hard coal,44W-T-YT-000001Q,Helsinki,Hanasaari,1,MAW,PT1M,1,2016-02-23 16:17:00+02:00
2016-02-26 09:59:00+02:00,105,FI,Unplanned outage,A03,,2016-02-26 14:00:00+02:00,INEa7ph86HNIr6-2RcTfhw,210.0,Fossil Hard coal,44W-T-YT-000001Q,Helsinki,Hanasaari,1,MAW,PT1M,1,2016-02-26 09:48:00+02:00
2016-03-02 05:54:11+02:00,160,FI,Unplanned outage,A03,,2016-03-02 07:00:00+02:00,X9AC4LkP4ewOR-imK5g2nQ,383.0,Fossil Hard coal,44W-T-YT-000012L,Vaasa,Vaskiluoto,1,MAW,PT1M,2,2016-03-02 05:27:00+02:00
2016-03-02 11:45:14+02:00,160,FI,Unplanned outage,A03,,2016-03-02 11:38:00+02:00,JOSIwEfB7-U1hYmdCRdfSA,383.0,Fossil Hard coal,44W-T-YT-000012L,Vaasa,Vaskiluoto,1,MAW,PT1M,2,2016-03-02 08:36:00+02:00
2016-03-07 13:40:11+02:00,220,FI,Unplanned outage,A03,,2016-03-07 13:36:00+02:00,UuePmUshofMpe0utzIgVWA,325.0,Fossil Hard coal,44W-T-YT-000006G,Naantali,Naantali,1,MAW,PT1M,2,2016-03-07 10:29:00+02:00
2016-03-10 13:50:11+02:00,220,FI,Unplanned outage,A03,,2016-03-11 00:00:00+02:00,Hc5vG-BI6ek2oB2JS8rrNw,325.0,Fossil Hard coal,44W-T-YT-000006G,Naantali,Naantali,1,MAW,PT1M,1,2016-03-10 13:45:00+02:00
2016-03-12 05:46:11+02:00,160,FI,Unplanned outage,A03,,2016-03-12 07:30:00+02:00,TxYSTpPiP2iBH2PNof7knA,383.0,Fossil Hard coal,44W-T-YT-000012L,Vaasa,Vaskiluoto,1,MAW,PT1M,2,2016-03-12 04:05:00+02:00
2016-04-01 06:46:45+03:00,325,FI,Unplanned outage,A03,,2016-04-01 06:40:00+03:00,Xu_mc6xRG54lhw8D88Gf9w,480.0,Fossil Gas,44W-T-YT-000013J,Helsinki,Vuosaari,1,MAW,PT1M,2,2016-04-01 06:00:00+03:00
2016-04-08 11:50:12+03:00,600,FI,Unplanned outage,A03,,2016-04-11 04:00:00+03:00,g7TaM31X3CKp0n5Pmg-4sw,880.0,Nuclear,44W-T-YV-0000026,Eurajoki,Olkiluoto 1,1,MAW,PT1M,5,2016-04-07 05:55:00+03:00
2016-04-12 11:38:11+03:00,160,FI,Unplanned outage,A03,,2016-04-12 13:00:00+03:00,BqnHbmdM9RA-aPnAKL5JLg,383.0,Fossil Hard coal,44W-T-YT-000012L,Vaasa,Vaskiluoto,1,MAW,PT1M,3,2016-04-12 02:50:00+03:00
2016-05-27 05:46:10+03:00,260,FI,Unplanned outage,A03,,2016-05-27 05:44:00+03:00,7J13_zCJVOG6Q_POf3sgKw,383.0,Fossil Hard coal,44W-T-YT-000012L,Vaasa,Vaskiluoto,1,MAW,PT1M,2,2016-05-27 05:30:00+03:00
2016-06-08 12:12:52+03:00,163,FI,Unplanned outage,A03,,2016-06-08 14:00:00+03:00,tSDuFcxFbf4u1ysHGrC_aw,326.0,Fossil Oil,44W-T-KT-000001I,Forssa,Forssa,1,MAW,PT1M,2,2016-06-08 10:38:00+03:00
2016-06-09 11:44:47+03:00,160,FI,Unplanned outage,A03,,2016-06-09 10:07:00+03:00,B3wsAaWkdjok-u4rD-5lQQ,383.0,Fossil Hard coal,44W-T-YT-000012L,Vaasa,Vaskiluoto,1,MAW,PT1M,2,2016-06-09 09:04:00+03:00
2016-06-28 09:05:22+03:00,0,FI,Unplanned outage,A03,,2016-06-27 16:30:00+03:00,_S-ieYsCmgkxvXvrql55Yg,880.0,Nuclear,44W-T-YV-0000034,Eurajoki,Olkiluoto 2,1,MAW,PT1M,16,2016-05-24 00:22:00+03:00
2016-06-29 00:54:30+03:00,160,FI,Unplanned outage,A03,,2016-06-29 03:00:00+03:00,FW0YDXZxSqW1XYMnKllklA,383.0,Fossil Hard coal,44W-T-YT-000012L,Vaasa,Vaskiluoto,1,MAW,PT1M,12,2016-06-27 02:47:00+03:00
2016-06-29 14:44:22+03:00,163,FI,Unplanned outage,A03,,2016-07-02 16:00:00+03:00,EhZCGFU8ZnsWHU-ESuSRvQ,326.0,Fossil Oil,44W-T-KT-000001I,Forssa,Forssa,1,MAW,PT1M,2,2016-06-29 09:50:00+03:00
2016-07-27 00:51:22+03:00,105,FI,Unplanned outage,A03,,2016-07-27 00:45:00+03:00,TvKAlLWBC_bcyKOSLg1wgg,210.0,Fossil Hard coal,44W-T-YT-000001Q,Helsinki,Hanasaari,1,MAW,PT1M,2,2016-07-26 21:00:00+03:00
2016-08-02 13:40:21+03:00,160,FI,Unplanned outage,A03,,2016-08-02 13:38:00+03:00,tNV-BA4heXiAMhSE9iZDkQ,383.0,Fossil Hard coal,44W-T-YT-000012L,Vaasa,Vaskiluoto,1,MAW,PT1M,3,2016-08-02 04:28:00+03:00
2016-08-16 14:10:48+03:00,248,FI,Unplanned outage,A03,,2016-08-16 15:30:00+03:00,lL9nzGoNmDnM8yi14XFobQ,496.0,Nuclear,44W-T-YV-0000018,Loviisa,Loviisa 2,1,MAW,PT1M,3,2016-08-16 10:26:00+03:00
2016-08-23 17:08:56+03:00,220,FI,Unplanned outage,A03,,2016-08-23 23:00:00+03:00,aOwYt7zY8aEtg36Lg4IGtg,325.0,Fossil Hard coal,44W-T-YT-000006G,Naantali,Naantali,1,MAW,PT1M,2,2016-08-23 09:14:00+03:00
2016-09-08 07:04:34+03:00,0,FI,Unplanned outage,A03,,2016-09-08 06:54:00+03:00,PHS8pEMmzETqMIn-phw-IA,565.0,Fossil Hard coal,44W-T-LV-000003N,Pori,Meri-Pori,1,MAW,PT1M,2,2016-09-08 06:26:00+03:00
2016-09-08 07:30:11+03:00,0,FI,Unplanned outage,A03,,2016-09-08 10:00:00+03:00,Qa95rilA88bwAJREaOQAXA,565.0,Fossil Hard coal,44W-T-LV-000003N,Pori,Meri-Pori,1,MAW,PT1M,1,2016-09-08 07:20:00+03:00
2016-09-14 14:21:09+03:00,0,FI,Unplanned outage,A03,,2016-09-14 14:06:00+03:00,QsRAYVEOJ8UiJt6bKSSWag,496.0,Nuclear,44W-T-YV-000000A,Loviisa,Loviisa 1,1,MAW,PT1M,3,2016-09-14 12:35:00+03:00
2016-09-19 07:00:19+03:00,320,FI,Unplanned outage,A03,,2016-09-19 09:00:00+03:00,S81Avqgeelznn-nkNrpg-A,565.0,Fossil Hard coal,44W-T-LV-000003N,Pori,Meri-Pori,1,MAW,PT1M,1,2016-09-19 06:54:00+03:00
2016-09-20 07:51:16+03:00,215,FI,Unplanned outage,A03,,2016-09-20 08:00:00+03:00,YQvgv6YZTdsAZ-fp6yh_pQ,383.0,Fossil Hard coal,44W-T-YT-000012L,Vaasa,Vaskiluoto,1,MAW,PT1M,1,2016-09-20 06:50:00+03:00
2016-10-03 17:18:33+03:00,220,FI,Unplanned outage,A03,,2016-10-04 19:00:00+03:00,rgxQkiAN07CshhfFsajJYg,325.0,Fossil Hard coal,44W-T-YT-000006G,Naantali,Naantali,1,MAW,PT1M,2,2016-09-29 07:50:00+03:00
2016-10-04 08:01:14+03:00,105,FI,Unplanned outage,A03,,2016-10-04 07:55:00+03:00,1GNBDNGIvZ3Ox4cxHEoKaw,210.0,Fossil Hard coal,44W-T-YT-000001Q,Helsinki,Hanasaari,1,MAW,PT1M,2,2016-10-04 05:30:00+03:00
2016-10-04 16:37:29+03:00,0,FI,Unplanned outage,A03,,2016-10-04 15:12:00+03:00,zqWY5E_stG1xscNuxydOTQ,565.0,Fossil Hard coal,44W-T-LV-000003N,Pori,Meri-Pori,1,MAW,PT1M,8,2016-10-03 03:08:00+03:00
2016-11-02 13:40:20+02:00,380,FI,Unplanned outage,A03,,2016-11-02 12:15:00+02:00,8aKLKJZKouT4TpdoVQK8zQ,496.0,Nuclear,44W-T-YV-000000A,Loviisa,Loviisa 1,1,MAW,PT1M,2,2016-11-02 07:13:00+02:00
2016-11-03 23:58:51+02:00,766,FI,Unplanned outage,A03,,2016-11-04 02:00:00+02:00,R8BMuZJ0jyAW9nxfdaxjnA,880.0,Nuclear,44W-T-YV-0000026,Eurajoki,Olkiluoto 1,1,MAW,PT1M,4,2016-11-02 17:32:00+02:00
2016-11-07 09:44:29+02:00,250,FI,Unplanned outage,A03,,2016-11-07 10:00:00+02:00,orpGuzq7CZi7UNUEqWQO1Q,496.0,Nuclear,44W-T-YV-000000A,Loviisa,Loviisa 1,1,MAW,PT1M,2,2016-11-07 08:25:00+02:00
2016-11-10 22:23:21+02:00,0,FI,Unplanned outage,A03,,2016-11-10 22:16:00+02:00,1u-8ur91TprEovJ1OwQI1w,565.0,Fossil Hard coal,44W-T-LV-000003N,Pori,Meri-Pori,1,MAW,PT1M,4,2016-11-10 13:51:00+02:00
2016-11-11 02:33:40+02:00,260,FI,Unplanned outage,A03,,2016-11-11 09:00:00+02:00,0SP7FKYTgUmbyL7WcVpCgg,565.0,Fossil Hard coal,44W-T-LV-000003N,Pori,Meri-Pori,1,MAW,PT1M,1,2016-11-11 02:27:00+02:00
2016-11-12 12:47:13+02:00,386,FI,Unplanned outage,A03,,2016-11-12 12:39:00+02:00,NPNE07MkqySb_p3kEvDANw,496.0,Nuclear,44W-T-YV-000000A,Loviisa,Loviisa 1,1,MAW,PT1M,2,2016-11-12 05:58:00+02:00
2016-11-18 11:21:09+02:00,400,FI,Unplanned outage,A03,,2016-11-18 11:04:00+02:00,AbXiLc5A3oO32CBoTrOfjw,496.0,Nuclear,44W-T-YV-0000018,Loviisa,Loviisa 2,1,MAW,PT1M,2,2016-11-18 10:01:00+02:00
2016-12-01 10:25:47+02:00,120,FI,Unplanned outage,A03,,2016-12-01 12:00:00+02:00,49Y4qd5qDBewJsWhUSa92g,354.0,Fossil Gas,44W-T-YT-000010P,Espoo,Suomenoja,1,MAW,PT1M,1,2016-12-01 10:06:00+02:00
2016-12-03 16:36:17+02:00,160,FI,Unplanned outage,A03,,2016-12-03 16:14:00+02:00,MI20pC2v4RWPRW7vDc5QKw,383.0,Fossil Hard coal,44W-T-YT-000012L,Vaasa,Vaskiluoto,1,MAW,PT1M,4,2016-12-03 03:20:00+02:00
2016-12-10 08:58:11+02:00,220,FI,Unplanned outage,A03,,2016-12-10 11:00:00+02:00,_uPDTArJ3wzkygVLDkFkhQ,325.0,Fossil Hard coal,44W-T-YT-000006G,Naantali,Naantali,1,MAW,PT1M,2,2016-12-10 08:16:00+02:00
2016-12-13 06:15:11+02:00,0,FI,Unplanned outage,A03,,2016-12-13 06:30:00+02:00,kGzSfwEvWwRmp2-CW88phg,880.0,Nuclear,44W-T-YV-0000034,Eurajoki,Olkiluoto 2,1,MAW,PT1M,4,2016-12-13 00:00:00+02:00
2017-01-02 14:30:56+02:00,120,FI,Unplanned outage,A03,,2017-01-02 14:18:00+02:00,cMLCeGypmrEWrOVXpGC4pg,354.0,Fossil Gas,44W-T-YT-000010P,Espoo,Suomenoja,1,MAW,PT1M,3,2017-01-02 10:40:00+02:00
2017-02-19 17:20:46+02:00,100,FI,Unplanned outage,A03,,2017-02-19 17:20:00+02:00,v7oI2FZw4yUHbAcOsgTB-Q,480.0,Fossil Gas,44W-T-YT-000013J,Helsinki,Vuosaari,1,MAW,PT1M,2,2017-02-19 12:00:00+02:00
2017-07-20 09:47:22+03:00,400,FI,Unplanned outage,A03,,2017-07-20 16:00:00+03:00,fiafIrQas_U17A7OIFCSDg,496.0,Nuclear,44W-T-YV-0000018,Loviisa,Loviisa 2,1,MAW,PT1M,2,2017-07-20 09:00:00+03:00
2017-08-28 16:43:45+03:00,150,FI,Unplanned outage,A03,,2017-08-28 18:00:00+03:00,SuSvme4PrsJIyiePJO4WHQ,496.0,Nuclear,44W-T-YV-000000A,Loviisa,Loviisa 1,1,MAW,PT1M,1,2017-08-28 16:20:00+03:00
2017-12-05 14:27:29+02:00,0,FI,Unplanned outage,A03,,2017-12-05 20:00:00+02:00,vhLezggs67U7TGUjy9zOag,260.0,Biomass,44W-T-YT-000017B,Äänekoski,Äänekoski,1,MAW,PT1M,5,2017-12-03 19:00:00+02:00
2017-12-11 08:12:16+02:00,65,FI,Unplanned outage,A03,,2017-12-11 18:00:00+02:00,cFokMsVIJtcYtjJiqeLihg,260.0,Biomass,44W-T-YT-000017B,Äänekoski,Äänekoski,1,MAW,PT1M,6,2017-12-10 20:00:00+02:00
2018-01-28 16:13:31+02:00,0,FI,Unplanned outage,A03,,2018-01-27 16:00:00+02:00,qGUlwdpZKtv_mfi5D-X11Q,260.0,Biomass,44W-T-YT-000017B,Äänekoski,Äänekoski,1,MAW,PT15M,4,2018-01-27 15:45:00+02:00
2018-01-28 19:13:12+02:00,240,FI,Unplanned outage,A03,,2018-01-28 22:00:00+02:00,GeFoXtXJOx73TqIw3b9Y1Q,480.0,Fossil Gas,44W-T-YT-000013J,Helsinki,Vuosaari,1,MAW,PT60M,2,2018-01-28 01:00:00+02:00
2018-02-05 17:59:49+02:00,0,FI,Unplanned outage,A03,,2018-01-27 14:30:00+02:00,BKWx7YcajHFdjNhadnoO6w,260.0,Biomass,44W-T-YT-000017B,Äänekoski,Äänekoski,1,MAW,PT1M,15,2018-01-27 14:20:00+02:00
2018-02-06 11:50:39+02:00,0,FI,Unplanned outage,A03,,2018-02-06 11:50:00+02:00,s5jVtbaGR2tlDIr5rBupkA,260.0,Biomass,44W-T-YT-000017B,Äänekoski,Äänekoski,1,MAW,PT1M,3,2018-02-06 11:45:00+02:00
2018-02-11 11:46:09+02:00,0,FI,Unplanned outage,A03,,2018-02-10 01:45:00+02:00,OF2xgUj24yhXaTdhdov1aA,260.0,Biomass,44W-T-YT-000017B,Äänekoski,Äänekoski,1,MAW,PT1M,8,2018-02-10 01:42:00+02:00
2018-02-28 06:12:08+02:00,0,FI,Unplanned outage,A03,,2018-02-28 06:00:00+02:00,4yzo4jCpo1LJeeKi_M5Zuw,260.0,Biomass,44W-T-YT-000017B,Äänekoski,Äänekoski,1,MAW,PT60M,4,2018-02-27 20:00:00+02:00
2018-03-07 17:32:07+02:00,0,FI,Unplanned outage,A03,,2018-03-07 17:00:00+02:00,FaS_a_9KGyDBixgIw-PHhw,260.0,Biomass,44W-T-YT-000017B,Äänekoski,Äänekoski,1,MAW,PT1M,3,2018-03-07 16:46:00+02:00
2018-03-21 23:43:11+02:00,0,FI,Unplanned outage,A03,,2018-03-21 19:00:00+02:00,GuZL-Zn6U-0Ply3KlNuymg,260.0,Biomass,44W-T-YT-000017B,Äänekoski,Äänekoski,1,MAW,PT30M,2,2018-03-21 18:30:00+02:00
2018-05-24 10:47:05+03:00,43,FI,Unplanned outage,A03,,2018-04-07 19:00:00+03:00,_j-dguRfyAMIy8dUndA4qw,260.0,Biomass,44W-T-YT-000017B,Äänekoski,Äänekoski,1,MAW,PT60M,2,2018-04-07 12:00:00+03:00
2018-05-24 10:54:39+03:00,0,FI,Unplanned outage,A03,,2018-05-05 07:45:00+03:00,f_24j9Abbsa2Z-wCKJQPYg,260.0,Biomass,44W-T-YT-000017B,Äänekoski,Äänekoski,1,MAW,PT1M,3,2018-05-05 07:40:00+03:00
2018-06-06 09:21:06+03:00,0,FI,Unplanned outage,A03,,2018-06-05 15:00:00+03:00,QrF1KxEKKrPmh1r8NZeI6Q,260.0,Biomass,44W-T-YT-000017B,Äänekoski,Äänekoski,1,MAW,PT30M,2,2018-06-05 14:30:00+03:00
2018-07-14 01:31:16+03:00,0,FI,Unplanned outage,A03,,2018-07-13 23:00:00+03:00,dp5pnpSXhe64wbKww60BKg,260.0,Biomass,44W-T-YT-000017B,Äänekoski,Äänekoski,1,MAW,PT1M,2,2018-07-13 22:50:00+03:00
2018-07-20 10:44:44+03:00,375,FI,Unplanned outage,A03,,2018-07-19 05:30:00+03:00,OWwxcvLfEiEccJ_JsHWRAw,496.0,Nuclear,44W-T-YV-000000A,Loviisa,Loviisa 1,1,MAW,PT15M,4,2018-07-19 05:15:00+03:00
2018-07-24 20:22:24+03:00,0,FI,Unplanned outage,A03,,2018-07-24 15:30:00+03:00,SENdlfeCCWknEeQGidFyAw,260.0,Biomass,44W-T-YT-000017B,Äänekoski,Äänekoski,1,MAW,PT15M,3,2018-07-24 15:15:00+03:00
2018-07-25 14:19:05+03:00,380,FI,Unplanned outage,A03,,2018-07-25 12:45:00+03:00,xI9vkHpMpKQLbDkhlnCQeQ,496.0,Nuclear,44W-T-YV-000000A,Loviisa,Loviisa 1,1,MAW,PT1M,2,2018-07-25 12:40:00+03:00
2018-07-25 14:22:47+03:00,380,FI,Unplanned outage,A03,,2018-07-25 12:45:00+03:00,JtBKVZ9vbIxDUCntqlfPeQ,496.0,Nuclear,44W-T-YV-0000018,Loviisa,Loviisa 2,1,MAW,PT1M,2,2018-07-25 12:40:00+03:00
2018-07-30 17:45:35+03:00,0,FI,Unplanned outage,A03,,2018-07-30 17:00:00+03:00,8FpurZaDtLqALhrAo7cYiA,260.0,Biomass,44W-T-YT-000017B,Äänekoski,Äänekoski,1,MAW,PT1M,2,2018-07-30 16:59:00+03:00
2018-08-17 13:21:25+03:00,0,FI,Unplanned outage,A03,,2018-08-17 19:00:00+03:00,ouesTgr1ZRPj2enWvQe9SA,260.0,Biomass,44W-T-YT-000017B,Äänekoski,Äänekoski,1,MAW,PT60M,11,2018-08-16 06:00:00+03:00
2018-09-24 20:56:22+03:00,251,FI,Unplanned outage,A03,,2018-09-22 09:45:00+03:00,_kSXo9E418s-tfFwNEtj4w,496.0,Nuclear,44W-T-YV-0000018,Loviisa,Loviisa 2,1,MAW,PT1M,5,2018-09-22 09:41:00+03:00
2018-10-21 13:10:38+03:00,210,FI,Unplanned outage,A03,,2018-10-19 18:30:00+03:00,kWp8rRr6jEz8rvQSW5pAlA,496.0,Nuclear,44W-T-YV-000000A,Loviisa,Loviisa 1,1,MAW,PT1M,2,2018-10-19 18:27:00+03:00
2018-11-05 10:58:40+02:00,100,FI,Unplanned outage,A03,,2018-11-05 16:00:00+02:00,DA1IpJRnApf8uclsqAVZ0w,260.0,Biomass,44W-T-YT-000017B,Äänekoski,Äänekoski,1,MAW,PT60M,8,2018-11-04 16:00:00+02:00
2018-12-14 17:23:46+02:00,105,FI,Unplanned outage,A03,,2018-12-14 13:45:00+02:00,F4xJVNZo-UjpuPg8eGR08g,480.0,Fossil Gas,44W-T-YT-000013J,Helsinki,Vuosaari,1,MAW,PT1M,2,2018-12-14 13:35:00+02:00
2018-12-20 18:58:10+02:00,105,FI,Unplanned outage,A03,,2018-12-20 19:00:00+02:00,1d6SammhVmu4062pGPFPzg,210.0,Fossil Hard coal,44W-T-YT-000001Q,Helsinki,Hanasaari,1,MAW,PT60M,2,2018-12-20 09:00:00+02:00
2019-01-02 22:58:45+02:00,0,FI,Unplanned outage,A03,,2019-01-01 08:00:00+02:00,O0ngEotzGsEx2fJFZ6Kidw,260.0,Biomass,44W-T-YT-000017B,Äänekoski,Äänekoski,1,MAW,PT30M,7,2019-01-01 07:30:00+02:00
2019-01-16 16:58:21+02:00,120,FI,Unplanned outage,A03,,2019-01-16 04:00:00+02:00,nCk9A75aVcmj_myOowbCnw,260.0,Biomass,44W-T-YT-000017B,Äänekoski,Äänekoski,1,MAW,PT15M,7,2019-01-16 03:45:00+02:00
2019-01-23 08:48:40+02:00,0,FI,Unplanned outage,A03,,2019-01-23 11:00:00+02:00,Bz4HauWDwiyGviuyhFimfA,260.0,Biomass,44W-T-YT-000017B,Äänekoski,Äänekoski,1,MAW,PT60M,2,2019-01-23 08:00:00+02:00
2019-01-29 23:17:39+02:00,0,FI,Unplanned outage,A03,,2019-01-27 13:00:00+02:00,TPAW4pA13g7QSIwuoxIWEQ,260.0,Biomass,44W-T-YT-000017B,Äänekoski,Äänekoski,1,MAW,PT60M,15,2019-01-27 10:00:00+02:00
2019-02-22 21:37:07+02:00,0,FI,Unplanned outage,A03,,2019-02-22 09:15:00+02:00,1QKIY_CKu-HBXZ6tLT0Log,260.0,Biomass,44W-T-YT-000017B,Äänekoski,Äänekoski,1,MAW,PT1M,6,2019-02-22 09:05:00+02:00
2019-04-09 10:09:39+03:00,0,FI,Unplanned outage,A03,,2019-04-09 13:00:00+03:00,ulEE8RrttEG3aaK5UNtRig,210.0,Fossil Hard coal,44W-T-YT-000001Q,Helsinki,Hanasaari,1,MAW,PT60M,3,2019-04-09 08:00:00+03:00
2019-05-18 14:23:47+03:00,25,FI,Unplanned outage,A03,,2019-05-17 23:00:00+03:00,6RMOK8XCvovHAOFwZDc8zQ,260.0,Biomass,44W-T-YT-000017B,Äänekoski,Äänekoski,1,MAW,PT60M,7,2019-05-17 22:00:00+03:00
2019-06-16 22:07:31+03:00,25,FI,Unplanned outage,A03,,2019-06-16 17:30:00+03:00,8RRabEgQ9p91-hi1LpSqYg,260.0,Biomass,44W-T-YT-000017B,Äänekoski,Äänekoski,1,MAW,PT15M,4,2019-06-16 17:15:00+03:00
2019-06-17 10:48:25+03:00,25,FI,Unplanned outage,A03,,2019-06-16 17:30:00+03:00,wCsrkflwA1mxCatMWph6fg,260.0,Biomass,44W-T-YT-000017B,Äänekoski,Äänekoski,1,MAW,PT15M,3,2019-06-16 17:15:00+03:00
2019-08-06 09:50:40+03:00,0,FI,Unplanned outage,A03,,2019-07-25 12:00:00+03:00,32yw8EbMMS36ShyrW3A24Q,210.0,Fossil Hard coal,44W-T-YT-000001Q,Helsinki,Hanasaari,1,MAW,PT15M,3,2019-07-25 11:45:00+03:00
2019-08-21 01:47:01+03:00,20,FI,Unplanned outage,A03,,2019-08-20 15:30:00+03:00,deWu-Und9_qNsNpFR21MCw,260.0,Biomass,44W-T-YT-000017B,Äänekoski,Äänekoski,1,MAW,PT1M,7,2019-08-20 15:20:00+03:00
2019-09-28 00:05:48+03:00,0,FI,Unplanned outage,A03,,2019-09-27 23:20:00+03:00,Rx1QavEF3czn-pQGxcHTUA,496.0,Nuclear,44W-T-YV-000000A,Loviisa,Loviisa 1,1,MAW,PT1M,2,2019-09-27 23:15:00+03:00
2019-09-28 01:25:30+03:00,0,FI,Unplanned outage,A03,,2019-09-28 01:22:00+03:00,gFD-V158ViwU6G2--J_u5g,260.0,Biomass,44W-T-YT-000017B,Äänekoski,Äänekoski,1,MAW,PT1M,20,2019-09-28 01:15:00+03:00
2019-09-30 08:52:45+03:00,0,FI,Unplanned outage,A03,,2019-09-30 08:29:00+03:00,UrGmZUnYiMlLApZHe4ygZA,260.0,Biomass,44W-T-YT-000017B,Äänekoski,Äänekoski,1,MAW,PT1M,2,2019-09-30 08:15:00+03:00
2019-10-05 18:15:18+03:00,0,FI,Unplanned outage,A03,,2019-10-04 04:30:00+03:00,xYENDEj7PFP7BKlZ0d73MQ,260.0,Biomass,44W-T-YT-000017B,Äänekoski,Äänekoski,1,MAW,PT1M,6,2019-10-04 04:24:00+03:00
2019-10-07 12:19:16+03:00,0,FI,Unplanned outage,A03,,2019-10-07 03:00:00+03:00,01EoP-K1J0L_fRgA3KYwZw,260.0,Biomass,44W-T-YT-000017B,Äänekoski,Äänekoski,1,MAW,PT1M,6,2019-10-07 02:50:00+03:00
2019-10-29 07:48:28+02:00,100,FI,Unplanned outage,A03,,2019-10-29 07:00:00+02:00,6SmWAIFM6C1yFYGmAPAoSA,260.0,Biomass,44W-T-YT-000017B,Äänekoski,Äänekoski,1,MAW,PT60M,3,2019-10-29 05:00:00+02:00
2019-10-31 15:48:02+02:00,100,FI,Unplanned outage,A03,,2019-10-31 13:00:00+02:00,FZeTyXmgtpmOVLvlwYOPhA,260.0,Biomass,44W-T-YT-000017B,Äänekoski,Äänekoski,1,MAW,PT30M,4,2019-10-31 12:30:00+02:00
2019-11-08 00:52:39+02:00,35,FI,Unplanned outage,A03,,2019-11-08 00:45:00+02:00,XIB5-Gv6nw5vnLzvujUdjA,260.0,Biomass,44W-T-YT-000017B,Äänekoski,Äänekoski,1,MAW,PT15M,8,2019-11-08 00:30:00+02:00
2019-11-09 14:25:35+02:00,60,FI,Unplanned outage,A03,,2019-11-08 17:00:00+02:00,qCf1VhoMMpaDSXtElBajXw,260.0,Biomass,44W-T-YT-000017B,Äänekoski,Äänekoski,1,MAW,PT30M,3,2019-11-08 16:30:00+02:00
2019-11-10 13:43:03+02:00,100,FI,Unplanned outage,A03,,2019-11-10 17:00:00+02:00,zqsa_mSOd8sC9SxrcbDTZQ,260.0,Biomass,44W-T-YT-000017B,Äänekoski,Äänekoski,1,MAW,PT60M,7,2019-11-09 20:00:00+02:00
2019-11-14 00:36:21+02:00,0,FI,Unplanned outage,A03,,2019-11-14 08:00:00+02:00,QwhZvLui4bYsu3R9VDoFng,260.0,Biomass,44W-T-YT-000017B,Äänekoski,Äänekoski,1,MAW,PT60M,2,2019-11-14 01:00:00+02:00
2020-02-21 20:18:51+02:00,80,FI,Unplanned outage,A03,,2020-02-21 16:15:00+02:00,G4qb2IfvUHAXmGW6oI7p7g,260.0,Biomass,44W-T-YT-000017B,Äänekoski,Äänekoski,1,MAW,PT1M,3,2020-02-21 16:10:00+02:00
2020-03-10 17:27:20+02:00,40,FI,Unplanned outage,A03,,2020-03-11 19:00:00+02:00,376DSt1opCpeUS4j4YZzZA,260.0,Biomass,44W-T-YT-000017B,Äänekoski,Äänekoski,1,MAW,PT60M,1,2020-03-10 19:00:00+02:00
2020-04-29 16:41:33+03:00,0,FI,Unplanned outage,A03,,2020-04-29 02:00:00+03:00,37HX6Bto0s3URowHa17pQw,260.0,Biomass,44W-T-YT-000017B,Äänekoski,Äänekoski,1,MAW,PT30M,6,2020-04-29 01:30:00+03:00
2020-05-01 17:33:29+03:00,130,FI,Unplanned outage,A03,,2020-05-01 19:00:00+03:00,gp_PWHFPVl_7QgGu0_nj_Q,260.0,Biomass,44W-T-YT-000017B,Äänekoski,Äänekoski,1,MAW,PT60M,6,2020-04-30 22:00:00+03:00
2020-05-02 14:55:18+03:00,40,FI,Unplanned outage,A03,,2020-05-02 13:30:00+03:00,OdrimsQUPTDzlsTbTGMhYg,260.0,Biomass,44W-T-YT-000017B,Äänekoski,Äänekoski,1,MAW,PT15M,2,2020-05-02 13:15:00+03:00
2020-05-07 16:38:34+03:00,400,FI,Unplanned outage,A03,,2020-05-07 13:15:00+03:00,zLA1sO85f8kvRZc7y8iEUw,496.0,Nuclear,44W-T-YV-0000018,Loviisa,Loviisa 2,1,MAW,PT1M,2,2020-05-07 13:12:00+03:00
2020-06-05 14:30:18+03:00,0,FI,Unplanned outage,A03,,2020-06-05 16:00:00+03:00,g9OJL1z_2v4lnp-jjyS_7g,260.0,Biomass,44W-T-YT-000017B,Äänekoski,Äänekoski,1,MAW,PT60M,4,2020-06-05 04:00:00+03:00
2020-06-12 11:22:01+03:00,0,FI,Unplanned outage,A03,,2020-06-12 09:00:00+03:00,Y3LmB8J_Nw7-VXlBjIFFIQ,260.0,Biomass,44W-T-YT-000017B,Äänekoski,Äänekoski,1,MAW,PT60M,3,2020-06-12 07:00:00+03:00
2020-06-15 04:48:06+03:00,380,FI,Unplanned outage,A03,,2020-06-14 22:00:00+03:00,HsuXCg8mFtlOenVcBdab9Q,496.0,Nuclear,44W-T-YV-0000018,Loviisa,Loviisa 2,1,MAW,PT15M,2,2020-06-14 21:45:00+03:00
2020-06-19 15:02:45+03:00,0,FI,Unplanned outage,A03,,2020-06-19 02:00:00+03:00,HS6bfOeUCZrRVzeRUDg8jA,260.0,Biomass,44W-T-YT-000017B,Äänekoski,Äänekoski,1,MAW,PT30M,7,2020-06-19 01:30:00+03:00
2020-06-29 14:29:42+03:00,0,FI,Unplanned outage,A03,,2020-06-29 17:00:00+03:00,9oYt62ECn8uHHbiNIH-N2A,260.0,Biomass,44W-T-YT-000017B,Äänekoski,Äänekoski,1,MAW,PT60M,2,2020-06-29 13:00:00+03:00
2020-06-30 15:22:15+03:00,0,FI,Unplanned outage,A03,,2020-06-30 10:30:00+03:00,1_R8iAzJEvqFdLqFZJQzOA,260.0,Biomass,44W-T-YT-000017B,Äänekoski,Äänekoski,1,MAW,PT15M,4,2020-06-30 10:15:00+03:00
2020-07-19 13:40:16+03:00,30,FI,Unplanned outage,A03,,2020-07-17 08:00:00+03:00,9E3PJVSAftsWqJk85g17VA,260.0,Biomass,44W-T-YT-000017B,Äänekoski,Äänekoski,1,MAW,PT60M,27,2020-07-17 02:00:00+03:00
2020-08-25 21:57:07+03:00,240,FI,Unplanned outage,A03,,2020-08-25 19:30:00+03:00,zh8P0kG5n0_wF54ivoXQOg,496.0,Nuclear,44W-T-YV-000000A,Loviisa,Loviisa 1,1,MAW,PT15M,2,2020-08-25 19:15:00+03:00
2020-09-11 10:33:38+03:00,0,FI,Unplanned outage,A03,,2020-09-11 07:00:00+03:00,gZ-1jiWKNXceA_8bualrCg,260.0,Biomass,44W-T-YT-000017B,Äänekoski,Äänekoski,1,MAW,PT30M,2,2020-09-11 06:30:00+03:00
2020-12-30 11:28:41+02:00,400,FI,Unplanned outage,A03,,2020-12-30 07:30:00+02:00,80xROVkkR7WO3LEmCfES2w,496.0,Nuclear,44W-T-YV-000000A,Loviisa,Loviisa 1,1,MAW,PT1M,2,2020-12-30 07:27:00+02:00
2021-01-01 16:47:19+02:00,300,FI,Unplanned outage,A03,,2021-01-01 02:00:00+02:00,bYAWD_I9WUZE1UhFMrotFg,496.0,Nuclear,44W-T-YV-000000A,Loviisa,Loviisa 1,1,MAW,PT30M,2,2021-01-01 01:30:00+02:00
2021-01-18 05:49:06+02:00,40,FI,Unplanned outage,A03,,2021-01-14 14:00:00+02:00,77UDW6An_9BGIXm0t3hSoQ,260.0,Biomass,44W-T-YT-000017B,Äänekoski,Äänekoski,1,MAW,PT60M,13,2021-01-14 06:00:00+02:00
2021-02-06 16:30:20+02:00,80,FI,Unplanned outage,A03,,2021-02-05 17:30:00+02:00,BDO2rzxZd0P4j24XiXD-tg,260.0,Biomass,44W-T-YT-000017B,Äänekoski,Äänekoski,1,MAW,PT1M,19,2021-02-05 17:20:00+02:00
2021-02-24 13:35:43+02:00,0,FI,Unplanned outage,A03,,2021-02-24 11:45:00+02:00,CSJwv12NdLnsf3WpRU7yyw,260.0,Biomass,44W-T-YT-000017B,Äänekoski,Äänekoski,1,MAW,PT1M,3,2021-02-24 11:35:00+02:00
2021-03-21 04:20:37+02:00,110,FI,Unplanned outage,A03,,2021-03-20 18:00:00+02:00,bDAajHr8ds7WQlSWfb5Fzw,260.0,Biomass,44W-T-YT-000017B,Äänekoski,Äänekoski,1,MAW,PT15M,4,2021-03-20 17:45:00+02:00
2021-04-22 10:27:13+03:00,0,FI,Unplanned outage,A03,,2021-04-22 10:15:00+03:00,upiC_bp-Ypjdr18MPubdSQ,260.0,Biomass,44W-T-YT-000017B,Äänekoski,Äänekoski,1,MAW,PT1M,1,2021-04-22 10:10:00+03:00
2021-04-25 05:03:07+03:00,0,FI,Unplanned outage,A03,,2021-04-25 04:15:00+03:00,ol1EJCfLS67b-70yPCOdjg,260.0,Biomass,44W-T-YT-000017B,Äänekoski,Äänekoski,1,MAW,PT1M,3,2021-04-25 04:02:00+03:00
2021-05-05 09:11:40+03:00,40,FI,Unplanned outage,A03,,2021-05-05 08:00:00+03:00,1F_uqdv533tM029kP7x0Bg,260.0,Biomass,44W-T-YT-000017B,Äänekoski,Äänekoski,1,MAW,PT30M,2,2021-05-05 07:30:00+03:00
2021-05-15 17:29:23+03:00,0,FI,Unplanned outage,A03,,2021-05-15 03:30:00+03:00,bofBTlvlVVMEGowBjrqlRQ,260.0,Biomass,44W-T-YT-000017B,Äänekoski,Äänekoski,1,MAW,PT1M,10,2021-05-15 03:25:00+03:00
2021-05-17 11:09:46+03:00,0,FI,Unplanned outage,A03,,2021-05-17 12:00:00+03:00,ESrD23bCQhk-gxRuM4r5WA,260.0,Biomass,44W-T-YT-000017B,Äänekoski,Äänekoski,1,MAW,PT60M,1,2021-05-17 11:00:00+03:00
2021-05-17 13:22:54+03:00,0,FI,Unplanned outage,A03,,2021-05-17 13:30:00+03:00,DKv-2TDjfDnbrhrloFk_UQ,260.0,Biomass,44W-T-YT-000017B,Äänekoski,Äänekoski,1,MAW,PT30M,1,2021-05-17 12:30:00+03:00
2021-07-25 20:11:47+03:00,60,FI,Unplanned outage,A03,,2021-07-24 06:00:00+03:00,LN2KdYhwZtyUXcCXqfWpxQ,260.0,Biomass,44W-T-YT-000017B,Äänekoski,Äänekoski,1,MAW,PT15M,15,2021-07-24 05:45:00+03:00
2021-08-31 17:48:03+03:00,0,FI,Unplanned outage,A03,,2021-08-31 17:45:00+03:00,-UBFtzWrGelFmpNriMI3jw,260.0,Biomass,44W-T-YT-000017B,Äänekoski,Äänekoski,1,MAW,PT1M,1,2021-08-31 17:35:00+03:00
2021-09-02 06:00:50+03:00,0,FI,Unplanned outage,A03,,2021-09-01 03:00:00+03:00,BGSX0B7tymqpxfEH5g4Ymw,260.0,Biomass,44W-T-YT-000017B,Äänekoski,Äänekoski,1,MAW,PT30M,5,2021-09-01 02:30:00+03:00
2021-09-29 17:09:18+03:00,0,FI,Unplanned outage,A03,,2021-09-29 16:30:00+03:00,qDlbRwKQ08PabM656BMj9A,496.0,Nuclear,44W-T-YV-000000A,Loviisa,Loviisa 1,1,MAW,PT30M,2,2021-09-29 16:00:00+03:00
2021-10-31 03:58:33+03:00,0,FI,Unplanned outage,A03,,2021-10-31 04:00:00+02:00,2HCHbVq0AISbo07-vcVlJA,260.0,Biomass,44W-T-YT-000017B,Äänekoski,Äänekoski,1,MAW,PT60M,3,2021-10-30 18:00:00+03:00
2021-11-01 12:50:19+02:00,40,FI,Unplanned outage,A03,,2021-10-31 04:45:00+02:00,GTEIaPi-o3Ra1cebUtNZnQ,260.0,Biomass,44W-T-YT-000017B,Äänekoski,Äänekoski,1,MAW,PT1M,11,2021-10-31 04:32:00+02:00
2021-11-02 18:06:55+02:00,85,FI,Unplanned outage,A03,,2021-11-02 20:00:00+02:00,GYpL1CsOIH83OdVvADg5hw,260.0,Biomass,44W-T-YT-000017B,Äänekoski,Äänekoski,1,MAW,PT60M,11,2021-11-02 13:00:00+02:00
2021-11-04 08:40:39+02:00,0,FI,Unplanned outage,A03,,2021-11-04 06:00:00+02:00,cc9_SKYP3DI0Q2eCVtrtDw,260.0,Biomass,44W-T-YT-000017B,Äänekoski,Äänekoski,1,MAW,PT15M,2,2021-11-04 05:45:00+02:00
2021-11-04 08:46:57+02:00,0,FI,Unplanned outage,A03,,2021-11-04 09:30:00+02:00,lcgBH0qTg2JclG-H3Sduxg,260.0,Biomass,44W-T-YT-000017B,Äänekoski,Äänekoski,1,MAW,PT30M,2,2021-11-04 09:00:00+02:00
2021-12-24 20:20:07+02:00,0,FI,Unplanned outage,A03,,2021-12-24 21:00:00+02:00,mjVrG4rlUC5TEp83KXJ9RA,260.0,Biomass,44W-T-YT-000017B,Äänekoski,Äänekoski,1,MAW,PT60M,10,2021-12-21 13:00:00+02:00
2021-12-27 12:33:24+02:00,0,FI,Unplanned outage,A03,,2021-12-27 19:00:00+02:00,Wa77e0cEkP1O8N1xA_uUlQ,260.0,Biomass,44W-T-YT-000017B,Äänekoski,Äänekoski,1,MAW,PT60M,8,2021-12-25 04:00:00+02:00
2022-01-08 23:21:01+02:00,0,FI,Unplanned outage,A03,,2022-01-09 05:00:00+02:00,8vZr3McaZM3wstvJBRympg,260.0,Biomass,44W-T-YT-000017B,Äänekoski,Äänekoski,1,MAW,PT60M,4,2022-01-03 18:00:00+02:00
2022-01-10 13:44:18+02:00,0,FI,Unplanned outage,A03,,2022-01-10 14:00:00+02:00,7NUe7XykF07jpaxf7-HsxA,260.0,Biomass,44W-T-YT-000017B,Äänekoski,Äänekoski,1,MAW,PT60M,3,2022-01-09 14:00:00+02:00
2022-01-11 17:21:12+02:00,0,FI,Unplanned outage,A03,,2022-01-11 17:20:00+02:00,Qlg450koee431OJkwnGy-Q,260.0,Biomass,44W-T-YT-000017B,Äänekoski,Äänekoski,1,MAW,PT1M,3,2022-01-11 17:15:00+02:00
2022-01-17 10:13:16+02:00,0,FI,Unplanned outage,A03,,2022-01-16 23:45:00+02:00,IIDGpcaKc01aoLWzQ5RB2A,260.0,Biomass,44W-T-YT-000017B,Äänekoski,Äänekoski,1,MAW,PT1M,8,2022-01-16 23:40:00+02:00
2022-01-17 15:24:51+02:00,0,FI,Unplanned outage,A03,,2022-01-17 15:15:00+02:00,g5I6lmDRZj2mfcL5CJcNLA,260.0,Biomass,44W-T-YT-000017B,Äänekoski,Äänekoski,1,MAW,PT15M,2,2022-01-17 15:00:00+02:00
2022-01-22 10:30:12+02:00,279,FI,Unplanned outage,A03,,2022-01-22 10:15:00+02:00,5yakxzCqfT4b08fahFkGKA,354.0,Fossil Gas,44W-T-YT-000010P,Espoo,Suomenoja,1,MAW,PT15M,5,2022-01-22 10:00:00+02:00
2022-05-26 18:09:46+03:00,124,FI,Unplanned outage,A03,,2022-05-26 18:00:00+03:00,pNfZvt6Rf_-qoJPvneRUYg,211.0,Wind Onshore,44W-00000000020R,Pyhäntä,Piiparinmäki tuulipuisto,1,MAW,PT60M,3,2022-05-26 14:00:00+03:00
2022-06-01 15:31:18+03:00,111,FI,Unplanned outage,A03,,2022-06-01 10:00:00+03:00,LdX-MLPNrWTzQ_cmC9_6ow,211.0,Wind Onshore,44W-00000000020R,Pyhäntä,Piiparinmäki tuulipuisto,1,MAW,PT30M,3,2022-06-01 09:30:00+03:00
2022-06-04 05:50:09+03:00,150,FI,Unplanned outage,A03,,2022-06-04 08:00:00+03:00,EHDPM6e7nELRLgJwq5aNoQ,260.0,Biomass,44W-T-YT-000017B,Äänekoski,Äänekoski,1,MAW,PT60M,20,2022-05-24 00:00:00+03:00
2022-06-04 16:32:49+03:00,0,FI,Unplanned outage,A03,,2022-06-04 12:00:00+03:00,m0i8S5Upq9JOuB65loePbA,260.0,Biomass,44W-T-YT-000017B,Äänekoski,Äänekoski,1,MAW,PT1M,6,2022-06-04 11:50:00+03:00
2022-06-11 10:43:40+03:00,0,FI,Unplanned outage,A03,,2022-06-11 08:00:00+03:00,Dms4OkbbiKGAa6xzRgE-ww,260.0,Biomass,44W-T-YT-000017B,Äänekoski,Äänekoski,1,MAW,PT30M,3,2022-06-11 07:30:00+03:00
2022-06-12 17:52:17+03:00,0,FI,Unplanned outage,A03,,2022-06-12 18:00:00+03:00,bQrIzPbBUdfelNNU9cqjYA,260.0,Biomass,44W-T-YT-000017B,Äänekoski,Äänekoski,1,MAW,PT1M,1,2022-06-12 17:50:00+03:00
2022-06-13 09:45:42+03:00,0,FI,Unplanned outage,A03,,2022-06-13 09:00:00+03:00,Vf53sSVvNpAAkA4QLz-azg,260.0,Biomass,44W-T-YT-000017B,Äänekoski,Äänekoski,1,MAW,PT60M,2,2022-06-13 07:00:00+03:00
2022-06-13 13:51:06+03:00,0,FI,Unplanned outage,A03,,2022-06-13 15:00:00+03:00,uZeDkMkbK1CzaQhQJsAl_w,260.0,Biomass,44W-T-YT-000017B,Äänekoski,Äänekoski,1,MAW,PT60M,1,2022-06-13 13:00:00+03:00
2022-06-13 19:48:57+03:00,0,FI,Unplanned outage,A03,,2022-06-13 17:00:00+03:00,baZlNM6wpUb3xVMg-yn0Ow,260.0,Biomass,44W-T-YT-000017B,Äänekoski,Äänekoski,1,MAW,PT30M,4,2022-06-13 16:30:00+03:00
