2015-01-22 11:14:24+01:00,0,NO_3,Unplanned outage,A03,,2015-01-22 11:10:00+01:00,WDPGmrWsC7d8b_Fr-y81dQ,143.5,Hydro Water Reservoir,50WP000000002293,Grytten Kraftver,Grytten Kraftver,1,MAW,PT1M,5,2015-01-22 05:15:00+01:00
2015-08-06 19:41:23+02:00,0,NO_3,Unplanned outage,A03,,2015-08-06 21:00:00+02:00,9XHmbjNoV2tz5jIXJIBfEA,160.0,Hydro Water Reservoir,50WP000000002293,Grytten Kraftver,Grytten Kraftver,1,MAW,PT1M,1,2015-08-06 18:40:00+02:00
2015-11-21 22:41:24+01:00,0,NO_3,Unplanned outage,A03,,2015-11-21 22:38:00+01:00,NEC-gtCmeE2Dp-6pANqt9Q,160.0,Hydro Water Reservoir,50WP000000002293,Grytten Kraftver,Grytten Kraftver,1,MAW,PT1M,2,2015-11-21 19:05:00+01:00
2016-03-05 06:32:26+01:00,0,NO_3,Unplanned outage,A03,,2016-03-05 10:00:00+01:00,7Mb-kwMd-_3JNo4--bQBxg,160.0,Hydro Water Reservoir,50WP000000002293,Grytten Kraftver,Grytten Kraftver,1,MAW,PT1M,2,2016-03-05 00:01:00+01:00
2016-05-27 15:54:10+02:00,0,NO_3,Unplanned outage,A03,,2016-05-27 17:00:00+02:00,-wGS5ZkyDJnNtL8BN6WcyQ,155.0,Hydro Water Reservoir,50WP00000000755J,Trolheim,Trolheim,1,MAW,PT1M,1,2016-05-27 15:00:00+02:00
2016-08-03 10:11:11+02:00,0,NO_3,Unplanned outage,A03,,2016-08-03 10:05:00+02:00,MkZyySq2T8d3LtFFexSrfw,155.0,Hydro Water Reservoir,50WP00000000755J,Trolheim,Trolheim,1,MAW,PT1M,2,2016-08-02 21:30:00+02:00
2016-08-31 09:01:01+02:00,0,NO_3,Unplanned outage,A03,,2016-08-31 09:30:00+02:00,OYqX5QBZnnVJdLPC6j1Tyw,155.0,Hydro Water Reservoir,50WP00000000755J,Trolheim,Trolheim,1,MAW,PT1M,1,2016-08-31 08:00:00+02:00
2018-12-13 08:49:40+01:00,0,NO_3,Unplanned outage,A03,,2018-12-07 09:45:00+01:00,xiegN0bzoGLgNcbLPsKNhQ,143.5,Hydro Water Reservoir,50WP000000002293,Grytten Kraftver,Grytten Kraftver,1,MAW,PT1M,3,2018-12-07 09:41:00+01:00
