2015-02-09 11:53:15+01:00,0,FR,Unplanned outage,A03,,2015-02-09 10:00:00+01:00,BkEDWVIhOkWeTW4J3v6hLw,412.0,Fossil Gas,17W100P100P0341J,France,Pont-sur-Sambre,1,MAW,PT1M,1,2015-02-09 08:30:00+01:00
2015-02-18 19:40:07+01:00,0,FR,Unplanned outage,A03,,2015-02-18 23:00:00+01:00,8HQwl2w8yqinSLFb_4HvqQ,546.0,Hydro Water Reservoir,17W100P100P0280D,FRANCE,BATHIE,1,MAW,PT1M,1,2015-02-18 20:00:00+01:00
2015-06-07 00:58:14+02:00,0,FR,Unplanned outage,A03,,2015-06-07 02:00:00+02:00,hG0ecUsMQQDw4Zg-43_j2A,285.0,Hydro Water Reservoir,17W100P100P0301V,FRANCE,VOUGLANS,1,MAW,PT1M,1,2015-06-07 00:08:00+02:00
2015-06-07 08:44:15+02:00,0,FR,Unplanned outage,A03,,2015-06-06 23:30:00+02:00,SuvtDHlOj0usvksjzGo7hQ,485.0,Hydro Pumped Storage,17W100P100P0273A,FRANCE,CHEYLAS,1,MAW,PT1M,1,2015-06-05 19:00:00+02:00
2015-08-18 14:51:15+02:00,0,FR,Unplanned outage,A03,,2015-03-26 17:00:00+01:00,XUHALYbe2-8xHDKL66wFdA,413.0,Fossil Gas,17W100P100P0340L,France,Croix-de-Metz,1,MAW,PT1M,3,2015-03-26 13:30:00+01:00
2016-02-06 14:34:52+01:00,0,FR,Unplanned outage,A03,,2016-02-06 14:00:00+01:00,JOzQ1JnLLRoomj5JR4vcwA,742.3,Hydro Pumped Storage,17W100P100P02764,FRANCE,SUPER BISSORTE,1,MAW,PT1M,7,2015-01-22 00:49:00+01:00
2016-01-21 10:00:11+01:00,0,FR,Unplanned outage,A03,,2016-01-21 09:45:00+01:00,uH7V5fiG4PfiEJaf_h6cww,546.0,Hydro Water Reservoir,17W100P100P0280D,FRANCE,BATHIE,1,MAW,PT1M,8,2016-01-21 02:30:00+01:00
2016-01-28 14:08:59+01:00,0,FR,Unplanned outage,A03,,2016-01-28 18:00:00+01:00,B6Ov_foVyGtSA1HfLVtQzA,485.0,Hydro Pumped Storage,17W100P100P0273A,FRANCE,CHEYLAS,1,MAW,PT1M,3,2016-01-28 08:30:00+01:00
2016-01-29 18:58:48+01:00,0,FR,Unplanned outage,A03,,2016-01-29 17:00:00+01:00,fTNiUqoHM_1fbQmNXY5lew,401.0,Fossil Gas,17W100P100P0318E,France,FR-GA-MORANT1,1,MAW,PT1M,1,2016-01-29 16:00:00+01:00
2016-02-02 03:31:28+01:00,0,FR,Unplanned outage,A03,,2016-02-02 08:00:00+01:00,vjQ4pf6humjdjPY1cr2CXQ,285.0,Hydro Water Reservoir,17W100P100P0301V,FRANCE,VOUGLANS,1,MAW,PT1M,2,2016-02-01 09:00:00+01:00
2016-02-09 18:19:38+01:00,0,FR,Unplanned outage,A03,,2016-02-09 16:00:00+01:00,zEwcgrqyuyo-eJl1x6R5Bg,401.0,Fossil Gas,17W100P100P0318E,France,FR-GA-MORANT1,1,MAW,PT1M,1,2016-02-09 14:00:00+01:00
2016-02-11 10:46:58+01:00,0,FR,Unplanned outage,A03,,2016-02-11 12:00:00+01:00,_dl95EEmTP4QBFaIdsg02w,546.0,Hydro Water Reservoir,17W100P100P0280D,FRANCE,BATHIE,1,MAW,PT1M,2,2016-02-11 09:30:00+01:00
2016-02-19 07:13:51+01:00,0,FR,Unplanned outage,A03,,2016-02-20 00:30:00+01:00,RdpJd57E9iXB0RIshgLk7w,413.0,Fossil Gas,17W100P100P0340L,France,Croix-de-Metz,1,MAW,PT1M,3,2016-02-19 04:30:00+01:00
2016-02-22 12:23:40+01:00,0,FR,Unplanned outage,A03,,2016-02-22 12:30:00+01:00,n33ku64w4IYLMVvDdxacxA,413.0,Fossil Gas,17W100P100P0340L,France,Croix-de-Metz,1,MAW,PT1M,2,2016-02-21 15:00:00+01:00
2016-02-26 12:07:13+01:00,0,FR,Unplanned outage,A03,,2016-02-27 12:00:00+01:00,V-JUMN8zyG_sTQDb58o-TA,401.0,Fossil Gas,17W100P100P0318E,France,FR-GA-MORANT1,1,MAW,PT1M,1,2016-02-19 09:30:00+01:00
2016-03-23 13:00:49+01:00,200,FR,Unplanned outage,A03,,2016-03-23 13:30:00+01:00,EsOzkC9Ecr25MfdD-7i9Mg,412.0,Fossil Gas,17W100P100P0341J,France,Pont-sur-Sambre,1,MAW,PT1M,2,2016-03-23 12:30:00+01:00
2016-03-23 15:20:59+01:00,200,FR,Unplanned outage,A03,,2016-03-23 16:00:00+01:00,5dpBoA5BPtDLbBha3BnBOw,412.0,Fossil Gas,17W100P100P0341J,France,Pont-sur-Sambre,1,MAW,PT1M,1,2016-03-23 15:00:00+01:00
2016-03-23 16:18:18+01:00,200,FR,Unplanned outage,A03,,2016-03-23 17:30:00+01:00,Z1QtaeDL-Ibs4rIFvin5ag,412.0,Fossil Gas,17W100P100P0341J,France,Pont-sur-Sambre,1,MAW,PT1M,1,2016-03-23 16:00:00+01:00
2016-03-30 21:16:28+02:00,0,FR,Unplanned outage,A03,,2016-03-31 21:00:00+02:00,7K04PxRxlX44iCNU8ZrBeQ,465.0,Fossil Gas,17W100P100P0245F,FRANCE,MARTIGUES PONTEAU 5,1,MAW,PT1M,1,2016-03-30 21:00:00+02:00
2016-04-14 10:34:12+02:00,0,FR,Unplanned outage,A03,,2016-04-15 10:00:00+02:00,1FmE_jPyvqhddJdSINMUsw,401.0,Fossil Gas,17W100P100P0318E,France,FR-GA-MORANT1,1,MAW,PT1M,1,2016-03-30 06:50:00+02:00
2016-04-26 10:55:26+02:00,300,FR,Unplanned outage,A03,,2016-04-26 12:30:00+02:00,ygakwCLUznc_xWAjHO1W5g,413.0,Fossil Gas,17W100P100P0340L,France,Croix-de-Metz,1,MAW,PT1M,1,2016-04-26 10:30:00+02:00
2016-04-27 13:15:55+02:00,0,FR,Unplanned outage,A03,,2016-04-27 15:00:00+02:00,mOV-ebTgyYhe2nDp9OQj8g,401.0,Fossil Gas,17W100P100P0318E,France,FR-GA-MORANT1,1,MAW,PT1M,1,2016-04-27 04:00:00+02:00
2016-05-12 17:19:15+02:00,0,FR,Unplanned outage,A03,,2016-05-12 23:59:00+02:00,RUs5bnmC0fSLhWomhCEqqQ,401.0,Fossil Gas,17W100P100P0318E,France,FR-GA-MORANT1,1,MAW,PT1M,1,2016-05-12 17:00:00+02:00
2016-05-19 09:50:14+02:00,0,FR,Unplanned outage,A03,,2016-05-19 06:00:00+02:00,CH5k9TgfrGYlpHo5jAY3Vw,412.0,Fossil Gas,17W100P100P0341J,France,Pont-sur-Sambre,1,MAW,PT1M,1,2016-05-19 02:30:00+02:00
2016-05-19 12:29:16+02:00,90,FR,Unplanned outage,A03,,2016-05-19 13:30:00+02:00,xN_bUckqgJqh7dkCov2t1g,412.0,Fossil Gas,17W100P100P0341J,France,Pont-sur-Sambre,1,MAW,PT1M,4,2016-05-19 09:00:00+02:00
2016-06-14 08:40:09+02:00,365,FR,Unplanned outage,A03,,2016-06-14 09:20:00+02:00,6-jtPAnNv8oo-1htV10AeQ,401.0,Fossil Gas,17W100P100P0318E,France,FR-GA-MORANT1,1,MAW,PT1M,1,2016-06-14 07:00:00+02:00
2016-06-15 11:17:08+02:00,0,FR,Unplanned outage,A03,,2016-06-15 11:15:00+02:00,xgb1oCFXyrNQdFMERaaWRg,401.0,Fossil Gas,17W100P100P0318E,France,FR-GA-MORANT1,1,MAW,PT1M,1,2016-06-15 09:30:00+02:00
2016-06-22 22:55:09+02:00,0,FR,Unplanned outage,A03,,2016-06-23 00:00:00+02:00,R2ZL0ZENJPZ9kOMnbAycJA,357.0,Hydro Water Reservoir,17W100P100P0300X,FRANCE,VILLARODIN,1,MAW,PT1M,2,2016-06-22 19:30:00+02:00
2016-06-23 00:13:18+02:00,215,FR,Unplanned outage,A03,,2016-06-24 00:00:00+02:00,gmPbFyyv0TS-5Dmxn-AP_g,485.0,Hydro Pumped Storage,17W100P100P0273A,FRANCE,CHEYLAS,1,MAW,PT1M,3,2016-06-22 18:44:00+02:00
2016-06-24 10:32:08+02:00,250,FR,Unplanned outage,A03,,2016-06-24 10:25:00+02:00,5_DFa5scCqElbI56wOkTyg,401.0,Fossil Gas,17W100P100P0318E,France,FR-GA-MORANT1,1,MAW,PT1M,1,2016-06-24 07:20:00+02:00
2016-07-17 22:45:09+02:00,0,FR,Unplanned outage,A03,,2016-07-18 02:00:00+02:00,fQIvJtV2O6aIeFBPVxT7jg,401.0,Fossil Gas,17W100P100P0318E,France,FR-GA-MORANT1,1,MAW,PT1M,1,2016-07-17 22:25:00+02:00
2016-07-18 18:28:18+02:00,0,FR,Unplanned outage,A03,,2016-07-18 12:30:00+02:00,O8-gy7l8Nt1Ihk1B_vxjkA,575.0,Hydro Water Reservoir,17W100P100P0280D,FRANCE,BATHIE,1,MAW,PT1M,6,2016-07-18 10:00:00+02:00
2016-07-20 15:18:09+02:00,0,FR,Unplanned outage,A03,,2016-07-21 06:30:00+02:00,4ihnISJJdMRuVtGEvNk00w,412.0,Fossil Gas,17W100P100P0341J,France,Pont-sur-Sambre,1,MAW,PT1M,2,2016-07-20 14:30:00+02:00
2016-09-22 08:39:15+02:00,0,FR,Unplanned outage,A03,,2016-09-22 07:00:00+02:00,Wv14C5x_OBfAolaOaSzzoA,401.0,Fossil Gas,17W100P100P0318E,France,FR-GA-MORANT1,1,MAW,PT1M,2,2016-09-22 06:00:00+02:00
2016-10-01 23:57:53+02:00,0,FR,Unplanned outage,A03,,2016-10-01 23:45:00+02:00,v1bsjHtvGXuC5AgkZcNjZg,320.0,Hydro Pumped Storage,17W100P100P02748,FRANCE,COCHE,1,MAW,PT1M,3,2016-10-01 20:15:00+02:00
2016-10-12 20:51:16+02:00,0,FR,Unplanned outage,A03,,2016-10-12 17:30:00+02:00,hwXGrR9MJP3ly8BaZnXK_Q,413.0,Fossil Gas,17W100P100P0340L,France,Croix-de-Metz,1,MAW,PT1M,1,2016-10-12 15:30:00+02:00
2016-10-15 23:47:16+02:00,0,FR,Unplanned outage,A03,,2016-10-16 00:00:00+02:00,CfsEXQr6Zt8BRBXrr2sD5w,401.0,Fossil Gas,17W100P100P0318E,France,FR-GA-MORANT1,1,MAW,PT1M,1,2016-10-15 17:50:00+02:00
2016-10-27 17:15:54+02:00,0,FR,Unplanned outage,A03,,2016-10-27 17:30:00+02:00,vYtQEYDP6Q_qLS7R2rrGQg,412.0,Fossil Gas,17W100P100P0341J,France,Pont-sur-Sambre,1,MAW,PT1M,1,2016-10-27 15:30:00+02:00
2016-11-06 08:02:41+01:00,0,FR,Unplanned outage,A03,,2016-11-06 14:00:00+01:00,lzYR_XfPbjz3gJxMsnDM8A,401.0,Fossil Gas,17W100P100P0318E,France,FR-GA-MORANT1,1,MAW,PT1M,1,2016-11-06 09:30:00+01:00
2016-11-28 06:28:13+01:00,0,FR,Unplanned outage,A03,,2016-11-28 07:30:00+01:00,AcAhZjsP9ka8-4A1xYMwrQ,412.0,Fossil Gas,17W100P100P0341J,France,Pont-sur-Sambre,1,MAW,PT1M,1,2016-11-28 06:00:00+01:00
2016-12-20 20:21:12+01:00,0,FR,Unplanned outage,A03,,2016-12-20 22:00:00+01:00,1LLo-M96h5B0P1qfarCUOg,401.0,Fossil Gas,17W100P100P0318E,France,FR-GA-MORANT1,1,MAW,PT1M,1,2016-12-20 18:38:00+01:00
2017-01-06 10:08:29+01:00,0,FR,Unplanned outage,A03,,2017-01-06 11:30:00+01:00,kWKB2U6yE31Bzamjc3WVng,412.0,Fossil Gas,17W100P100P0341J,France,Pont-sur-Sambre,1,MAW,PT1M,1,2017-01-06 10:00:00+01:00
2017-01-10 10:28:06+01:00,0,FR,Unplanned outage,A03,,2017-01-10 10:14:00+01:00,h7VHQDIs0eGbNH8xuUe3Dg,297.0,Hydro Water Reservoir,17W100P100P02853,FRANCE,MALGOVERT,1,MAW,PT1M,2,2017-01-10 09:44:00+01:00
2017-02-05 18:50:11+01:00,0,FR,Unplanned outage,A03,,2017-02-05 19:30:00+01:00,XKIH6EeSdrPZYGRho1M_tA,412.0,Fossil Gas,17W100P100P0341J,France,Pont-sur-Sambre,1,MAW,PT1M,3,2017-02-05 18:00:00+01:00
2017-02-07 17:49:09+01:00,0,FR,Unplanned outage,A03,,2017-02-07 09:15:00+01:00,gFZQo_yHaTXV8mJz6_d-2Q,297.0,Hydro Water Reservoir,17W100P100P02853,FRANCE,MALGOVERT,1,MAW,PT1M,4,2017-02-07 06:15:00+01:00
2017-02-07 21:09:13+01:00,0,FR,Unplanned outage,A03,,2017-02-07 21:00:00+01:00,5wlU1Ik0rwAg70Qaf6h6pw,235.0,Hydro Water Reservoir,17W100P100P0281B,FRANCE,BORT,1,MAW,PT1M,2,2017-02-07 16:30:00+01:00
2017-02-12 09:38:26+01:00,0,FR,Unplanned outage,A03,,2017-02-12 10:30:00+01:00,RegpSLpx1kvruGOLMCDTFA,412.0,Fossil Gas,17W100P100P0341J,France,Pont-sur-Sambre,1,MAW,PT1M,2,2017-02-12 04:00:00+01:00
2017-02-13 13:23:10+01:00,302,FR,Unplanned outage,A03,,2017-02-13 17:00:00+01:00,EqgYqp5I9u5-As8PMYsGxA,360.0,Hydro Water Reservoir,17W100P100P0279Z,FRANCE,AIGLE,1,MAW,PT1M,5,2017-02-10 17:10:00+01:00
2017-02-15 15:29:09+01:00,0,FR,Unplanned outage,A03,,2017-02-15 15:20:00+01:00,ckqcuSe82oInTHaTMtLn1A,742.3,Hydro Pumped Storage,17W100P100P02764,FRANCE,SUPER BISSORTE,1,MAW,PT1M,2,2017-02-15 15:00:00+01:00
2017-02-22 15:09:42+01:00,0,FR,Unplanned outage,A03,,2017-02-22 16:30:00+01:00,mEJf1OcQt5Ww9uIJNboZOQ,401.0,Fossil Gas,17W100P100P0318E,France,FR-GA-MORANT1,1,MAW,PT1M,1,2017-02-22 14:00:00+01:00
2017-03-02 20:00:29+01:00,0,FR,Unplanned outage,A03,,2017-03-02 19:50:00+01:00,OeRpJJjdzC-7OmfTFEa7NA,576.0,Hydro Water Reservoir,17W100P100P0280D,FRANCE,BATHIE,1,MAW,PT1M,5,2017-03-02 18:56:00+01:00
2017-03-11 04:51:09+01:00,143,FR,Unplanned outage,A03,,2017-03-11 04:30:00+01:00,Ddn04dkJrNngaBvvaicNkA,285.0,Hydro Water Reservoir,17W100P100P0301V,FRANCE,VOUGLANS,1,MAW,PT1M,2,2017-03-11 04:00:00+01:00
2017-03-11 22:41:10+01:00,143,FR,Unplanned outage,A03,,2017-03-11 22:25:00+01:00,92jilbo1JRudDKHGL3D-Yg,285.0,Hydro Water Reservoir,17W100P100P0301V,FRANCE,VOUGLANS,1,MAW,PT1M,3,2017-03-11 22:00:00+01:00
2017-03-14 10:22:13+01:00,0,FR,Unplanned outage,A03,,2017-03-14 10:10:00+01:00,t4CvBCxS3RWTnAoLr-cabg,285.0,Hydro Water Reservoir,17W100P100P0301V,FRANCE,VOUGLANS,1,MAW,PT1M,5,2017-03-14 08:12:00+01:00
2017-03-14 15:00:40+01:00,0,FR,Unplanned outage,A03,,2017-03-14 17:00:00+01:00,i41DAnHvUPCSMJwO4_Qj2g,297.0,Hydro Water Reservoir,17W100P100P02853,FRANCE,MALGOVERT,1,MAW,PT1M,2,2017-03-14 14:50:00+01:00
2017-03-16 04:30:21+01:00,214,FR,Unplanned outage,A03,,2017-03-16 04:29:00+01:00,URueYKxoV8ikJmuSUbS2iQ,297.0,Hydro Water Reservoir,17W100P100P02853,FRANCE,MALGOVERT,1,MAW,PT1M,3,2017-03-16 03:34:00+01:00
2017-03-29 10:24:10+02:00,0,FR,Unplanned outage,A03,,2017-03-29 10:15:00+02:00,zrf8Nz6udOZLhnjySOPYMQ,297.0,Hydro Water Reservoir,17W100P100P02853,FRANCE,MALGOVERT,1,MAW,PT1M,5,2017-03-28 16:30:00+02:00
2017-04-18 05:18:04+02:00,0,FR,Unplanned outage,A03,,2017-04-18 08:30:00+02:00,e7_8kzRM35yOqlpZSUneTQ,412.0,Fossil Gas,17W100P100P0341J,France,Pont-sur-Sambre,1,MAW,PT1M,3,2017-04-18 03:00:00+02:00
2017-04-18 09:10:57+02:00,0,FR,Unplanned outage,A03,,2017-04-18 09:00:00+02:00,pRB3wpdRUd8EIMBUwqML4g,412.0,Fossil Gas,17W100P100P0341J,France,Pont-sur-Sambre,1,MAW,PT1M,3,2017-04-18 08:30:00+02:00
2017-04-30 10:11:20+02:00,0,FR,Unplanned outage,A03,,2017-04-30 11:00:00+02:00,ajrSP5kfIC23jSq-HbKRHg,412.0,Fossil Gas,17W100P100P0341J,France,Pont-sur-Sambre,1,MAW,PT1M,6,2017-04-24 11:30:00+02:00
2017-05-03 19:32:21+02:00,200,FR,Unplanned outage,A03,,2017-05-03 20:00:00+02:00,7WxlSajQL6RDU6NsOzekXg,412.0,Fossil Gas,17W100P100P0341J,France,Pont-sur-Sambre,1,MAW,PT1M,4,2017-05-03 17:30:00+02:00
2017-05-04 10:17:14+02:00,260,FR,Unplanned outage,A03,,2017-05-04 12:00:00+02:00,sYvhKGv0XoikKUrUowtaMw,401.0,Fossil Gas,17W100P100P0318E,France,FR-GA-MORANT1,1,MAW,PT1M,1,2017-05-04 09:05:00+02:00
2017-05-06 19:14:14+02:00,0,FR,Unplanned outage,A03,,2017-05-06 20:55:00+02:00,2bAo3g9FjcuBNCdKZdruvQ,401.0,Fossil Gas,17W100P100P0318E,France,FR-GA-MORANT1,1,MAW,PT1M,1,2017-05-06 18:55:00+02:00
2017-05-10 08:53:22+02:00,0,FR,Unplanned outage,A03,,2017-03-01 16:39:00+01:00,JrwyZzaWmPAzz9BpriU_Dg,123.0,Hydro Water Reservoir,17W100P100P02837,FRANCE,COMBE D'AVRIEUX,1,MAW,PT1M,1,2017-01-23 15:00:00+01:00
2017-05-19 17:43:08+02:00,200,FR,Unplanned outage,A03,,2017-05-19 18:30:00+02:00,F8k_jqlQCiKvAxPlr7rK_A,413.0,Fossil Gas,17W100P100P0340L,France,Croix-de-Metz,1,MAW,PT1M,2,2017-05-19 12:30:00+02:00
2017-05-22 10:27:59+02:00,280,FR,Unplanned outage,A03,,2017-05-22 10:20:00+02:00,uTET-Mwp0-YJeyR4-SUaDg,401.0,Fossil Gas,17W100P100P0318E,France,FR-GA-MORANT1,1,MAW,PT1M,1,2017-05-22 09:00:00+02:00
2017-05-24 16:32:10+02:00,0,FR,Unplanned outage,A03,,2017-05-26 00:30:00+02:00,aaaI8JB45ClHZyCtd-fing,413.0,Fossil Gas,17W100P100P0340L,France,Croix-de-Metz,1,MAW,PT1M,3,2017-05-19 18:30:00+02:00
2017-06-01 16:27:10+02:00,220,FR,Unplanned outage,A03,,2017-06-01 15:00:00+02:00,80BgymXMAyYOHK0SYt8qAg,285.0,Hydro Water Reservoir,17W100P100P0301V,FRANCE,VOUGLANS,1,MAW,PT1M,7,2017-05-31 05:00:00+02:00
2017-06-09 09:07:21+02:00,220,FR,Unplanned outage,A03,,2017-06-09 15:30:00+02:00,QOdVJzJn1z-t8c2hynjFpg,285.0,Hydro Water Reservoir,17W100P100P0301V,FRANCE,VOUGLANS,1,MAW,PT1M,3,2017-06-08 22:04:00+02:00
2017-07-06 16:01:33+02:00,160,FR,Unplanned outage,A03,,2017-07-10 17:00:00+02:00,bZ4ENbySYZyqX6CHwfizoQ,320.0,Hydro Pumped Storage,17W100P100P02748,FRANCE,COCHE,1,MAW,PT1M,1,2017-07-06 15:45:00+02:00
2017-07-07 11:26:08+02:00,75,FR,Unplanned outage,A03,,2017-07-11 00:00:00+02:00,l3_A9-s00BbnC1s0KFzH9A,320.0,Hydro Pumped Storage,17W100P100P02748,FRANCE,COCHE,1,MAW,PT1M,1,2017-07-07 00:00:00+02:00
2017-07-07 22:37:16+02:00,0,FR,Unplanned outage,A03,,2017-07-07 23:30:00+02:00,rBfRQE301aj-j7aWnoHBwQ,412.0,Fossil Gas,17W100P100P0341J,France,Pont-sur-Sambre,1,MAW,PT1M,1,2017-07-07 21:00:00+02:00
2017-07-20 16:29:20+02:00,411,FR,Unplanned outage,A03,,2017-07-20 17:30:00+02:00,e9NY3NrZsfZIT-9K8UITCA,412.0,Fossil Gas,17W100P100P0341J,France,Pont-sur-Sambre,1,MAW,PT1M,5,2017-07-20 16:30:00+02:00
2017-08-03 14:15:10+02:00,220,FR,Unplanned outage,A03,,2017-08-03 14:30:00+02:00,VnUW4zntRv1hNCPVdD6YJg,285.0,Hydro Water Reservoir,17W100P100P0301V,FRANCE,VOUGLANS,1,MAW,PT1M,2,2017-08-03 13:30:00+02:00
2017-08-16 00:39:32+02:00,484,FR,Unplanned outage,A03,,2017-08-16 03:00:00+02:00,eRNQkBotRPzqcaUj-QiWFg,576.0,Hydro Water Reservoir,17W100P100P0280D,FRANCE,BATHIE,1,MAW,PT1M,2,2017-08-15 23:41:00+02:00
2017-09-04 21:01:12+02:00,411,FR,Unplanned outage,A03,,2017-09-05 01:00:00+02:00,jS2KCfX2s5zXgY1REaA0qg,412.0,Fossil Gas,17W100P100P0341J,France,Pont-sur-Sambre,1,MAW,PT1M,2,2017-09-05 00:00:00+02:00
2017-09-15 22:18:08+02:00,220,FR,Unplanned outage,A03,,2017-09-15 23:31:00+02:00,SHtvtU8V-2jVHyKoLkcCZg,285.0,Hydro Water Reservoir,17W100P100P0301V,FRANCE,VOUGLANS,1,MAW,PT1M,2,2017-09-15 21:29:00+02:00
2017-09-27 09:41:09+02:00,0,FR,Unplanned outage,A03,,2017-09-27 14:00:00+02:00,-2pHFn7iGrjePbCqyE1zfw,401.0,Fossil Gas,17W100P100P0318E,France,FR-GA-MORANT1,1,MAW,PT1M,1,2017-09-27 05:30:00+02:00
2017-09-27 20:48:18+02:00,0,FR,Unplanned outage,A03,,2017-09-27 20:45:00+02:00,IS4TwcOks5wqwGwg1FfF5w,401.0,Fossil Gas,17W100P100P0318E,France,FR-GA-MORANT1,1,MAW,PT1M,1,2017-09-27 14:00:00+02:00
2017-09-29 06:31:16+02:00,0,FR,Unplanned outage,A03,,2017-09-29 07:30:00+02:00,47LPov6H4eRXGy9c2pbUJQ,413.0,Fossil Gas,17W100P100P0340L,France,Croix-de-Metz,1,MAW,PT1M,2,2017-09-29 06:00:00+02:00
2017-10-21 15:10:53+02:00,0,FR,Unplanned outage,A03,,2017-10-21 18:30:00+02:00,f0Tg85mp8yf0-02D3h5JNA,413.0,Fossil Gas,17W100P100P0340L,France,Croix-de-Metz,1,MAW,PT1M,7,2017-10-21 07:30:00+02:00
2017-10-28 20:50:08+02:00,0,FR,Unplanned outage,A03,,2017-10-28 22:34:00+02:00,uSur4H_2Kr-HTcUWhiXMdw,401.0,Fossil Gas,17W100P100P0318E,France,FR-GA-MORANT1,1,MAW,PT1M,1,2017-10-28 20:34:00+02:00
2017-11-01 10:45:08+01:00,0,FR,Unplanned outage,A03,,2017-11-01 12:00:00+01:00,iMBcUMlZ06Xc4cB56tbdoA,412.0,Fossil Gas,17W100P100P0341J,France,Pont-sur-Sambre,1,MAW,PT1M,3,2017-11-01 03:00:00+01:00
2017-11-13 08:33:15+01:00,406,FR,Unplanned outage,A03,,2017-11-12 16:20:00+01:00,2Sx1SoFfrMYaZ1PsGUQDMw,406.0,Hydro Water Reservoir,17W100P100P02829,FRANCE,BROMMAT,1,MAW,PT1M,11,2017-11-07 17:55:00+01:00
2017-11-29 12:26:05+01:00,0,FR,Unplanned outage,A03,,2017-11-29 13:15:00+01:00,dfiAGLjAR_KXhO_vnktwcQ,401.0,Fossil Gas,17W100P100P0318E,France,FR-GA-MORANT1,1,MAW,PT1M,1,2017-11-29 11:30:00+01:00
2017-12-07 17:31:14+01:00,0,FR,Unplanned outage,A03,,2017-12-07 21:00:00+01:00,W_m6HE2iYfJL1EnvTHSs_A,485.0,Hydro Pumped Storage,17W100P100P0273A,FRANCE,CHEYLAS,1,MAW,PT1M,1,2017-12-07 17:05:00+01:00
2017-12-23 08:58:12+01:00,0,FR,Unplanned outage,A03,,2017-12-24 00:15:00+01:00,jteo1KbY3JudOGfqPVwJCQ,401.0,Fossil Gas,17W100P100P0318E,France,FR-GA-MORANT1,1,MAW,PT60M,1,2017-12-23 07:15:00+01:00
2017-12-23 10:48:12+01:00,0,FR,Unplanned outage,A03,,2017-12-25 00:00:00+01:00,cqLzV_QdaZmgWI-ATkuuag,401.0,Fossil Gas,17W100P100P0318E,France,FR-GA-MORANT1,1,MAW,PT60M,1,2017-12-24 00:00:00+01:00
2017-12-24 19:38:11+01:00,214,FR,Unplanned outage,A03,,2017-12-24 20:00:00+01:00,HAVvc1G5XHZXTaV1AdJjpA,297.0,Hydro Water Reservoir,17W100P100P02853,FRANCE,MALGOVERT,1,MAW,PT60M,3,2017-12-24 19:00:00+01:00
2018-01-08 16:38:07+01:00,208,FR,Unplanned outage,A03,,2018-01-08 14:30:00+01:00,mbQLo7Gss7ka3Jv2XOduQg,285.0,Hydro Water Reservoir,17W100P100P0301V,FRANCE,VOUGLANS,1,MAW,PT1M,2,2018-01-08 14:23:00+01:00
2018-01-09 06:04:47+01:00,208,FR,Unplanned outage,A03,,2018-01-09 06:15:00+01:00,aPaWsJuUotMsNWIqu7WrOg,285.0,Hydro Water Reservoir,17W100P100P0301V,FRANCE,VOUGLANS,1,MAW,PT15M,2,2018-01-09 06:00:00+01:00
2018-01-09 22:54:07+01:00,208,FR,Unplanned outage,A03,,2018-01-09 21:00:00+01:00,7fZ7x4f_p7ZcxMYQ09_lPg,285.0,Hydro Water Reservoir,17W100P100P0301V,FRANCE,VOUGLANS,1,MAW,PT1M,2,2018-01-09 20:50:00+01:00
2018-01-10 06:49:09+01:00,0,FR,Unplanned outage,A03,,2018-01-10 08:45:00+01:00,YGVzyEi4lbZZWJxA6PfXlA,401.0,Fossil Gas,17W100P100P0318E,France,FR-GA-MORANT1,1,MAW,PT60M,1,2018-01-10 06:45:00+01:00
2018-01-10 12:19:11+01:00,100,FR,Unplanned outage,A03,,2018-01-10 13:30:00+01:00,GFV7HueD_4ZgdafYlWYUfQ,412.0,Fossil Gas,17W100P100P0341J,France,Pont-sur-Sambre,1,MAW,PT30M,2,2018-01-10 09:30:00+01:00
2018-01-19 10:48:07+01:00,131,FR,Unplanned outage,A03,,2018-01-09 05:30:00+01:00,4f_o_jpMI4CCdSyxqG8v0g,285.0,Hydro Water Reservoir,17W100P100P0301V,FRANCE,VOUGLANS,1,MAW,PT30M,4,2018-01-09 05:00:00+01:00
2018-01-22 18:25:08+01:00,214,FR,Unplanned outage,A03,,2018-01-22 12:45:00+01:00,9rRITegX7RTedK1j_bmeaw,297.0,Hydro Water Reservoir,17W100P100P02853,FRANCE,MALGOVERT,1,MAW,PT1M,5,2018-01-22 12:36:00+01:00
2018-01-23 09:13:09+01:00,0,FR,Unplanned outage,A03,,2018-01-22 13:00:00+01:00,QEfv5uXcipe_Abv1dEUCCQ,297.0,Hydro Water Reservoir,17W100P100P02853,FRANCE,MALGOVERT,1,MAW,PT30M,3,2018-01-22 12:30:00+01:00
2018-03-16 21:22:14+01:00,0,FR,Unplanned outage,A03,,2018-03-17 12:00:00+01:00,WIjX3pqrrYetnq87hJSCzg,285.0,Hydro Water Reservoir,17W100P100P0301V,FRANCE,VOUGLANS,1,MAW,PT60M,12,2018-03-16 18:00:00+01:00
2018-04-20 12:48:34+02:00,0,FR,Unplanned outage,A03,,2018-04-20 17:00:00+02:00,WCHBmAo4EiSR5x5vfc-WqQ,910.0,Hydro Pumped Storage,17W100P100P02772,FRANCE,MONTEZIC,1,MAW,PT60M,1,2018-04-20 14:00:00+02:00
2018-05-08 02:07:14+02:00,372,FR,Unplanned outage,A03,,2018-05-07 23:30:00+02:00,3Zoel0x8IY2bEpY-j9v4UQ,406.0,Hydro Water Reservoir,17W100P100P02829,FRANCE,BROMMAT,1,MAW,PT1M,5,2018-05-07 23:18:00+02:00
2018-05-09 19:26:11+02:00,270,FR,Unplanned outage,A03,,2018-05-08 11:00:00+02:00,sXFlcJIQRHlrNWRvB7kUsg,406.0,Hydro Water Reservoir,17W100P100P02829,FRANCE,BROMMAT,1,MAW,PT15M,4,2018-05-08 10:45:00+02:00
2018-07-01 02:38:06+02:00,220,FR,Unplanned outage,A03,,2018-07-01 01:00:00+02:00,hfMZB2d1gJMb9t3XD03rdg,285.0,Hydro Water Reservoir,17W100P100P0301V,FRANCE,VOUGLANS,1,MAW,PT30M,2,2018-07-01 00:30:00+02:00
2018-07-24 09:57:06+02:00,492,FR,Unplanned outage,A03,,2018-07-24 05:30:00+02:00,UMchAsA7DGicAmkzhFIOOA,584.0,Hydro Water Reservoir,17W100P100P0280D,FRANCE,BATHIE,1,MAW,PT1M,8,2018-07-24 05:29:00+02:00
2018-08-03 12:52:08+02:00,0,FR,Unplanned outage,A03,,2018-08-03 14:30:00+02:00,gJodWXkPescLQzGpw1QPGw,401.0,Fossil Gas,17W100P100P0318E,France,FR-GA-MORANT1,1,MAW,PT60M,1,2018-07-27 17:30:00+02:00
2018-08-25 08:03:12+02:00,0,FR,Unplanned outage,A03,,2018-08-25 08:30:00+02:00,0CcP7LIAEFMtmZ1jh48NfQ,412.0,Fossil Gas,17W100P100P0341J,France,Pont-sur-Sambre,1,MAW,PT30M,1,2018-08-25 07:30:00+02:00
2018-08-28 08:41:12+02:00,0,FR,Unplanned outage,A03,,2018-09-04 12:00:00+02:00,g_Jdtz5CPvnN5J_7AWYTTg,123.0,Hydro Water Reservoir,17W100P100P02837,FRANCE,COMBE D'AVRIEUX,1,MAW,PT60M,2,2018-08-24 09:00:00+02:00
2018-09-26 05:42:14+02:00,0,FR,Unplanned outage,A03,,2018-09-26 07:00:00+02:00,x7PbKD6xOoOdZAIj88GBgg,401.0,Fossil Gas,17W100P100P0318E,France,FR-GA-MORANT1,1,MAW,PT60M,1,2018-09-26 05:00:00+02:00
2018-09-26 12:59:11+02:00,0,FR,Unplanned outage,A03,,2018-09-26 14:00:00+02:00,vxZBuP0ErMNjI3rzDUNPAQ,401.0,Fossil Gas,17W100P100P0318E,France,FR-GA-MORANT1,1,MAW,PT60M,1,2018-09-26 05:00:00+02:00
2018-09-27 20:42:11+02:00,0,FR,Unplanned outage,A03,,2018-09-27 17:30:00+02:00,AI-_Q3m5Z1ZpikIdVYYasw,412.0,Fossil Gas,17W100P100P0341J,France,Pont-sur-Sambre,1,MAW,PT30M,8,2018-09-12 11:00:00+02:00
2018-10-28 17:45:28+01:00,0,FR,Unplanned outage,A03,,2018-10-28 18:30:00+01:00,o0eNqkBvy8BhXstEZM5z-g,412.0,Fossil Gas,17W100P100P0341J,France,Pont-sur-Sambre,1,MAW,PT30M,2,2018-10-28 16:30:00+01:00
2018-10-31 12:56:17+01:00,166,FR,Unplanned outage,A03,,2018-10-31 12:25:00+01:00,-1gGqVbm7EZwZSxoWYLWRQ,297.0,Hydro Water Reservoir,17W100P100P02853,FRANCE,MALGOVERT,1,MAW,PT1M,4,2018-10-31 12:15:00+01:00
2018-10-31 18:15:18+01:00,0,FR,Unplanned outage,A03,,2018-11-01 18:30:00+01:00,-UwJF2dyMHQWgSPGpsIO8Q,401.0,Fossil Gas,17W100P100P0318E,France,FR-GA-MORANT1,1,MAW,PT60M,1,2018-10-29 17:30:00+01:00
2018-11-02 22:16:08+01:00,80,FR,Unplanned outage,A03,,2018-11-02 18:45:00+01:00,53KXxaV8_AJGX_htXhY_3Q,320.0,Hydro Pumped Storage,17W100P100P02748,FRANCE,COCHE,1,MAW,PT1M,6,2018-11-02 18:44:00+01:00
2018-11-18 12:33:06+01:00,240,FR,Unplanned outage,A03,,2018-11-18 12:15:00+01:00,H6XGdo8QbXLhbQEtaBX5pw,320.0,Hydro Pumped Storage,17W100P100P02748,FRANCE,COCHE,1,MAW,PT1M,2,2018-11-18 12:11:00+01:00
2018-11-28 14:45:50+01:00,160,FR,Unplanned outage,A03,,2018-11-28 16:00:00+01:00,HyPBloECrcHMF0HIOoy37A,320.0,Hydro Pumped Storage,17W100P100P02748,FRANCE,COCHE,1,MAW,PT60M,7,2018-11-26 09:00:00+01:00
2018-12-12 18:24:38+01:00,406,FR,Unplanned outage,A03,,2018-12-13 17:00:00+01:00,hfhClAm5l8ozJxBtXO9v9Q,406.0,Hydro Water Reservoir,17W100P100P02829,FRANCE,BROMMAT,1,MAW,PT60M,7,2018-12-12 18:00:00+01:00
2018-12-20 18:14:32+01:00,154,FR,Unplanned outage,A03,,2018-12-20 11:15:00+01:00,9k4mSJRfnzz_5OeU_qY08w,285.0,Hydro Water Reservoir,17W100P100P0301V,FRANCE,VOUGLANS,1,MAW,PT1M,5,2018-12-20 11:03:00+01:00
2019-01-04 19:52:38+01:00,160,FR,Unplanned outage,A03,,2019-01-05 19:38:00+01:00,zjEq8yNwgSQ7Dn_vbax4HA,320.0,Hydro Pumped Storage,17W100P100P02748,FRANCE,COCHE,1,MAW,PT1M,1,2019-01-05 19:30:00+01:00
2019-01-04 22:32:42+01:00,240,FR,Unplanned outage,A03,,2019-01-05 21:53:00+01:00,Ni5wJqSVMCyayX6PSHMGog,320.0,Hydro Pumped Storage,17W100P100P02748,FRANCE,COCHE,1,MAW,PT1M,2,2019-01-05 21:45:00+01:00
2019-01-05 08:07:24+01:00,0,FR,Unplanned outage,A03,,2019-01-05 08:30:00+01:00,5Wx8nlX6ibBf4iMCpwnLBw,413.0,Fossil Gas,17W100P100P0340L,France,Croix-de-Metz,1,MAW,PT30M,5,2019-01-02 06:00:00+01:00
2019-01-05 09:57:15+01:00,240,FR,Unplanned outage,A03,,2019-01-05 00:45:00+01:00,sM0yEu2dREqnGnFWdcFgdA,320.0,Hydro Pumped Storage,17W100P100P02748,FRANCE,COCHE,1,MAW,PT1M,2,2019-01-05 00:41:00+01:00
2019-01-05 10:32:36+01:00,240,FR,Unplanned outage,A03,,2019-01-06 06:15:00+01:00,I2uEvRnkVXB60JY_H8lQGA,320.0,Hydro Pumped Storage,17W100P100P02748,FRANCE,COCHE,1,MAW,PT15M,2,2019-01-06 06:00:00+01:00
2019-01-17 02:48:33+01:00,240,FR,Unplanned outage,A03,,2019-01-18 02:00:00+01:00,S6_indHifOLB8L3yElsntw,320.0,Hydro Pumped Storage,17W100P100P02748,FRANCE,COCHE,1,MAW,PT60M,2,2019-01-17 02:00:00+01:00
2019-01-24 23:41:25+01:00,0,FR,Unplanned outage,A03,,2019-01-25 01:30:00+01:00,7Gdl-TS35mESwJOPMcyeTw,413.0,Fossil Gas,17W100P100P0340L,France,Croix-de-Metz,1,MAW,PT30M,2,2019-01-24 20:30:00+01:00
2019-01-25 01:06:37+01:00,160,FR,Unplanned outage,A03,,2019-01-25 00:45:00+01:00,CoV3MaoyLzOI6YVyx6OcTg,320.0,Hydro Pumped Storage,17W100P100P02748,FRANCE,COCHE,1,MAW,PT1M,1,2019-01-25 00:40:00+01:00
2019-01-26 03:28:24+01:00,240,FR,Unplanned outage,A03,,2019-01-27 01:08:00+01:00,kz-gYyjTOg-KZV5EhnAW9g,320.0,Hydro Pumped Storage,17W100P100P02748,FRANCE,COCHE,1,MAW,PT1M,6,2019-01-27 01:00:00+01:00
2019-01-27 00:56:24+01:00,188,FR,Unplanned outage,A03,,2019-01-25 23:00:00+01:00,ZA1IIXcesESmi6NBlMPXlg,293.0,Hydro Run-of-river and poundage,17W100P100P0302T,FRANCE,CHASTANG,1,MAW,PT30M,3,2019-01-25 22:30:00+01:00
2019-01-28 11:08:47+01:00,169.65,FR,Unplanned outage,A03,,2019-01-28 10:59:00+01:00,raFXX-Opins8NYlQaAAxjw,293.0,Hydro Run-of-river and poundage,17W100P100P0302T,FRANCE,CHASTANG,1,MAW,PT1M,3,2019-01-28 10:45:00+01:00
2019-01-28 13:53:16+01:00,291,FR,Unplanned outage,A03,,2019-01-28 12:45:00+01:00,vM2n9IfYnmVTAC_O5Xu6Dw,384.0,Hydro Water Reservoir,17W100P100P02926,FRANCE,SERRE PONCON,1,MAW,PT1M,6,2019-01-28 12:38:00+01:00
2019-02-02 08:10:54+01:00,154,FR,Unplanned outage,A03,,2019-02-02 03:30:00+01:00,5eYLx1s7HAD-8n9p11Lw2A,285.0,Hydro Water Reservoir,17W100P100P0301V,FRANCE,VOUGLANS,1,MAW,PT1M,2,2019-02-02 03:28:00+01:00
2019-02-10 09:56:26+01:00,0,FR,Unplanned outage,A03,,2019-02-12 00:30:00+01:00,znkkoZrgyNIdcUZT_6QppQ,412.0,Fossil Gas,17W100P100P0341J,France,Pont-sur-Sambre,1,MAW,PT30M,5,2019-02-06 14:30:00+01:00
2019-03-01 09:09:26+01:00,0,FR,Unplanned outage,A03,,2019-03-01 08:45:00+01:00,Tp3AkocNoG0PNkuUMSsmPQ,320.0,Hydro Pumped Storage,17W100P100P02748,FRANCE,COCHE,1,MAW,PT1M,2,2019-03-01 08:31:00+01:00
2019-03-06 14:43:29+01:00,0,FR,Unplanned outage,A03,,2019-03-06 18:00:00+01:00,h1--XxO7GbL2S0IJD935EQ,360.0,Hydro Water Reservoir,17W100P100P0279Z,FRANCE,AIGLE,1,MAW,PT60M,1,2019-03-06 14:00:00+01:00
2019-03-08 11:33:35+01:00,168,FR,Unplanned outage,A03,,2019-03-07 09:15:00+01:00,uv989fFEsoV8E1vqMOqNhg,360.0,Hydro Water Reservoir,17W100P100P0279Z,FRANCE,AIGLE,1,MAW,PT1M,5,2019-03-07 09:10:00+01:00
2019-03-13 21:37:20+01:00,0,FR,Unplanned outage,A03,,2019-03-13 21:30:00+01:00,DnnUCCoMxuARiUOjPNzNPw,742.3,Hydro Pumped Storage,17W100P100P02764,FRANCE,SUPER BISSORTE,1,MAW,PT30M,3,2019-03-13 20:30:00+01:00
2019-03-19 09:57:38+01:00,360,FR,Unplanned outage,A03,,2019-03-19 09:30:00+01:00,-l_cioPVjFVJ8-1NAWQlvQ,413.0,Fossil Gas,17W100P100P0340L,France,Croix-de-Metz,1,MAW,PT30M,2,2019-03-19 06:00:00+01:00
2019-03-20 00:12:24+01:00,360,FR,Unplanned outage,A03,,2019-03-20 01:30:00+01:00,E5xNMUU5r-ygCej62PeYNg,413.0,Fossil Gas,17W100P100P0340L,France,Croix-de-Metz,1,MAW,PT30M,1,2019-03-19 23:30:00+01:00
2019-03-20 08:37:12+01:00,197,FR,Unplanned outage,A03,,2019-03-13 17:00:00+01:00,9RGubGneJaq5SqfPQIt3Hg,285.0,Hydro Water Reservoir,17W100P100P0301V,FRANCE,VOUGLANS,1,MAW,PT30M,3,2019-03-13 16:30:00+01:00
2019-03-22 02:08:08+01:00,240,FR,Unplanned outage,A03,,2019-03-23 01:28:00+01:00,4np6NLslVFXdo9jEv6qisw,320.0,Hydro Pumped Storage,17W100P100P02748,FRANCE,COCHE,1,MAW,PT1M,5,2019-03-23 01:15:00+01:00
2019-03-24 10:10:49+01:00,240,FR,Unplanned outage,A03,,2019-03-24 09:15:00+01:00,rnWzwMIoNOVUuMq234rKlw,320.0,Hydro Pumped Storage,17W100P100P02748,FRANCE,COCHE,1,MAW,PT1M,5,2019-03-24 09:06:00+01:00
2019-03-26 19:01:05+01:00,237.9,FR,Unplanned outage,A03,,2019-03-26 18:45:00+01:00,Q_vob0cqplGzkp4bsSf6WA,360.0,Hydro Water Reservoir,17W100P100P0279Z,FRANCE,AIGLE,1,MAW,PT1M,2,2019-03-26 18:39:00+01:00
2019-04-16 07:42:36+02:00,100,FR,Unplanned outage,A03,,2019-04-16 09:30:00+02:00,33_-hpJ9_hIER4xonk8xYA,412.0,Fossil Gas,17W100P100P0341J,France,Pont-sur-Sambre,1,MAW,PT30M,2,2019-04-16 07:00:00+02:00
2019-04-18 07:44:25+02:00,100,FR,Unplanned outage,A03,,2019-04-18 07:30:00+02:00,71tBJjisH7fiZYv6Lpan6Q,412.0,Fossil Gas,17W100P100P0341J,France,Pont-sur-Sambre,1,MAW,PT30M,1,2019-04-18 05:00:00+02:00
2019-07-15 08:48:13+02:00,0,FR,Unplanned outage,A03,,2019-07-15 08:30:00+02:00,kKIG7rUznsvBepsFOkwGog,401.0,Fossil Gas,17W100P100P0318E,France,FR-GA-MORANT1,1,MAW,PT60M,1,2019-07-11 09:30:00+02:00
2019-07-31 15:08:39+02:00,0,FR,Unplanned outage,A03,,2019-07-31 15:00:00+02:00,V8-GGIdSYoRpq6qnMTNuhA,123.0,Hydro Water Reservoir,17W100P100P02837,FRANCE,COMBE D'AVRIEUX,1,MAW,PT60M,2,2019-07-29 20:00:00+02:00
2019-08-02 22:13:16+02:00,0,FR,Unplanned outage,A03,,2019-08-03 03:00:00+02:00,gGwHM6Su7kKZo3UAYsN0Qw,401.0,Fossil Gas,17W100P100P0318E,France,FR-GA-MORANT1,1,MAW,PT60M,1,2019-08-02 22:00:00+02:00
2019-08-30 20:27:18+02:00,0,FR,Unplanned outage,A03,,2019-08-30 19:30:00+02:00,Zdosrplgsd93FwwviSkbCw,384.0,Hydro Water Reservoir,17W100P100P02926,FRANCE,SERRE PONCON,1,MAW,PT1M,2,2019-08-30 19:25:00+02:00
2019-08-31 10:36:43+02:00,291,FR,Unplanned outage,A03,,2019-08-31 08:30:00+02:00,3hgzTkgemRgaR2J0i7JnUg,384.0,Hydro Water Reservoir,17W100P100P02926,FRANCE,SERRE PONCON,1,MAW,PT1M,4,2019-08-31 08:26:00+02:00
2019-09-03 13:11:30+02:00,0,FR,Unplanned outage,A03,,2019-09-03 13:30:00+02:00,SMlTWBgI2UkXST4ZMTnzWQ,413.0,Fossil Gas,17W100P100P0340L,France,Croix-de-Metz,1,MAW,PT30M,1,2019-09-03 13:00:00+02:00
2019-09-03 17:58:13+02:00,0,FR,Unplanned outage,A03,,2019-09-02 15:00:00+02:00,stBWP6EXs44qBiwvbchXPg,412.0,Fossil Gas,17W100P100P0341J,France,Pont-sur-Sambre,1,MAW,PT30M,1,2019-09-02 14:30:00+02:00
2019-09-06 20:47:23+02:00,285,FR,Unplanned outage,A03,,2019-09-06 17:45:00+02:00,nO2MRaqdsht8_xJ8b0pQZg,366.0,Hydro Water Reservoir,17W100P100P02861,FRANCE,MONTEYNARD,1,MAW,PT1M,3,2019-09-06 17:40:00+02:00
2019-09-16 08:57:24+02:00,285,FR,Unplanned outage,A03,,2019-09-17 06:45:00+02:00,D5wYUmRarwvdGvI7ncCdjQ,366.0,Hydro Water Reservoir,17W100P100P02861,FRANCE,MONTEYNARD,1,MAW,PT15M,2,2019-09-17 06:30:00+02:00
2019-09-29 09:05:27+02:00,0,FR,Unplanned outage,A03,,2019-09-29 23:00:00+02:00,1QGyJKXLoLUb08VXtLaoqg,401.0,Fossil Gas,17W100P100P0318E,France,FR-GA-MORANT1,1,MAW,PT60M,2,2019-09-26 18:00:00+02:00
2019-10-10 06:42:08+02:00,240,FR,Unplanned outage,A03,,2019-10-11 05:30:00+02:00,2iPkg7sL1MTBecvR2K_CuA,320.0,Hydro Pumped Storage,17W100P100P02748,FRANCE,COCHE,1,MAW,PT30M,4,2019-10-11 05:00:00+02:00
2019-10-13 12:52:18+02:00,0,FR,Unplanned outage,A03,,2019-10-13 00:45:00+02:00,IDatJOKFYxCOUs5KqP0apA,320.0,Hydro Pumped Storage,17W100P100P02748,FRANCE,COCHE,1,MAW,PT1M,7,2019-10-13 00:35:00+02:00
2019-10-14 09:01:02+02:00,300,FR,Unplanned outage,A03,,2019-10-15 18:00:00+02:00,CArTsSisl8uL1kI-p3UGmA,808.0,Hydro Pumped Storage,17W100P100P02780,FRANCE,REVIN,1,MAW,PT60M,4,2019-10-02 19:00:00+02:00
2019-10-19 20:40:50+02:00,219,FR,Unplanned outage,A03,,2019-10-20 01:30:00+02:00,NBzsnYyBm9N39UfM48x0wg,285.0,Hydro Water Reservoir,17W100P100P0301V,FRANCE,VOUGLANS,1,MAW,PT30M,5,2019-10-20 01:00:00+02:00
2019-10-23 04:18:44+02:00,63.9,FR,Unplanned outage,A03,,2019-10-23 02:30:00+02:00,nDOD5cA-I1t5XcqJERB4AQ,360.0,Hydro Water Reservoir,17W100P100P0279Z,FRANCE,AIGLE,1,MAW,PT1M,4,2019-10-23 02:28:00+02:00
2019-10-24 00:35:29+02:00,0,FR,Unplanned outage,A03,,2019-10-25 00:00:00+02:00,R1it2ixykiUV6V3ErOsXlw,384.0,Hydro Water Reservoir,17W100P100P02926,FRANCE,SERRE PONCON,1,MAW,PT60M,1,2019-10-24 01:00:00+02:00
2019-10-24 00:40:39+02:00,0,FR,Unplanned outage,A03,,2019-10-25 00:00:00+02:00,xAhjtRSOn8YI5cohc94ggw,240.0,Hydro Water Reservoir,17W100P100P02942,FRANCE,SISTERON,1,MAW,PT60M,1,2019-10-24 02:00:00+02:00
2019-10-25 03:07:22+02:00,284,FR,Unplanned outage,A03,,2019-10-24 18:20:00+02:00,pNeTOFL6rSHU7JH3fqlzDg,446.9,Hydro Water Reservoir,17W100P100P0290A,FRANCE,POUGET,1,MAW,PT1M,3,2019-10-24 18:15:00+02:00
2019-11-18 18:09:31+01:00,231,FR,Unplanned outage,A03,,2019-11-18 17:30:00+01:00,pzE1QF_kQYfpb_0iYZCUOg,285.0,Hydro Water Reservoir,17W100P100P0301V,FRANCE,VOUGLANS,1,MAW,PT1M,4,2019-11-18 17:23:00+01:00
2019-12-01 15:52:14+01:00,80,FR,Unplanned outage,A03,,2019-12-02 17:00:00+01:00,KCVQgJ1g0sO30qsxc8GhEQ,240.0,Hydro Water Reservoir,17W100P100P02942,FRANCE,SISTERON,1,MAW,PT60M,1,2019-12-01 17:00:00+01:00
2019-12-02 09:43:48+01:00,0,FR,Unplanned outage,A03,,2019-12-02 14:00:00+01:00,B-dV_P5RjUcHiktKnOa0Jw,384.0,Hydro Pumped Storage,17W100P100P02748,FRANCE,COCHE,1,MAW,PT60M,2,2019-12-02 09:00:00+01:00
2019-12-02 17:28:27+01:00,0,FR,Unplanned outage,A03,,2019-12-03 00:00:00+01:00,ZQCyrVrdrPNTPtIcS34jgg,384.0,Hydro Water Reservoir,17W100P100P02926,FRANCE,SERRE PONCON,1,MAW,PT60M,2,2019-12-01 17:00:00+01:00
2019-12-03 23:40:53+01:00,219,FR,Unplanned outage,A03,,2019-12-03 23:00:00+01:00,myNliYPV1Ie6KTYmO3nFBw,285.0,Hydro Water Reservoir,17W100P100P0301V,FRANCE,VOUGLANS,1,MAW,PT30M,4,2019-12-03 22:30:00+01:00
2019-12-04 15:45:31+01:00,0,FR,Unplanned outage,A03,,2019-12-04 15:30:00+01:00,qHvWV4TIkQ0PBBdb0dP7dA,401.0,Fossil Gas,17W100P100P0318E,France,FR-GA-MORANT1,1,MAW,PT1M,1,2019-12-04 15:20:00+01:00
2019-12-04 16:09:27+01:00,0,FR,Unplanned outage,A03,,2019-12-04 15:30:00+01:00,iCthFgcBPdOmh-144k4rZA,401.0,Fossil Gas,17W100P100P0318E,France,FR-GA-MORANT1,1,MAW,PT1M,1,2019-12-04 15:20:00+01:00
2019-12-11 12:04:31+01:00,414,FR,Unplanned outage,A03,,2019-12-11 11:42:00+01:00,8vgZUc1_Fh_ZshrT5QM70A,446.9,Hydro Water Reservoir,17W100P100P0290A,FRANCE,POUGET,1,MAW,PT1M,9,2019-12-11 11:30:00+01:00
2019-12-16 15:33:18+01:00,391,FR,Unplanned outage,A03,,2019-12-16 07:30:00+01:00,Lxrud_51fK04CundYFXeyg,446.9,Hydro Water Reservoir,17W100P100P0290A,FRANCE,POUGET,1,MAW,PT1M,4,2019-12-16 07:21:00+01:00
2019-12-18 04:17:04+01:00,231,FR,Unplanned outage,A03,,2019-12-18 03:30:00+01:00,gw7K4KV_VRaibuQWnPYRVQ,285.0,Hydro Water Reservoir,17W100P100P0301V,FRANCE,VOUGLANS,1,MAW,PT1M,2,2019-12-18 03:29:00+01:00
2019-12-20 13:46:07+01:00,286,FR,Unplanned outage,A03,,2019-12-21 13:25:00+01:00,zquTej8m8e63OUGtzuxlcQ,446.9,Hydro Water Reservoir,17W100P100P0290A,FRANCE,POUGET,1,MAW,PT1M,1,2019-12-21 13:15:00+01:00
2019-12-20 14:36:06+01:00,0,FR,Unplanned outage,A03,,2019-12-20 14:30:00+01:00,_F-E6-9V-nxnpodwEvUcLQ,123.0,Hydro Water Reservoir,17W100P100P02837,FRANCE,COMBE D'AVRIEUX,1,MAW,PT30M,4,2019-12-20 14:00:00+01:00
2019-12-23 16:17:05+01:00,0,FR,Unplanned outage,A03,,2019-12-23 15:00:00+01:00,JR2xPBke5zeTy4mPP3l3kg,384.0,Hydro Water Reservoir,17W100P100P02926,FRANCE,SERRE PONCON,1,MAW,PT60M,11,2019-12-20 13:00:00+01:00
2019-12-31 06:01:56+01:00,0,FR,Unplanned outage,A03,,2019-12-31 06:00:00+01:00,JKAoCwuvH51O3rDROEZkOg,412.0,Fossil Gas,17W100P100P0341J,France,Pont-sur-Sambre,1,MAW,PT60M,1,2019-12-31 04:00:00+01:00
2020-01-16 09:07:36+01:00,0,FR,Unplanned outage,A03,,2020-01-15 17:30:00+01:00,R-8_OYUJCYs8BcJxSRbhKw,910.0,Hydro Pumped Storage,17W100P100P02772,FRANCE,MONTEZIC,1,MAW,PT30M,5,2020-01-15 17:00:00+01:00
2020-01-16 16:28:05+01:00,0,FR,Unplanned outage,A03,,2020-01-16 13:00:00+01:00,zw-rh2epEStRy6FDa_RiCg,412.0,Fossil Gas,17W100P100P0341J,France,Pont-sur-Sambre,1,MAW,PT30M,1,2020-01-16 12:30:00+01:00
2020-01-26 03:10:23+01:00,249,FR,Unplanned outage,A03,,2020-01-26 00:45:00+01:00,WzkRkRCf155FFpvWk1mqWw,297.0,Hydro Water Reservoir,17W100P100P02853,FRANCE,MALGOVERT,1,MAW,PT1M,2,2020-01-26 00:40:00+01:00
2020-02-12 22:48:05+01:00,285,FR,Unplanned outage,A03,,2020-02-13 20:30:00+01:00,FrkR-IJaocoDhdnYDrVZaw,366.0,Hydro Water Reservoir,17W100P100P02861,FRANCE,MONTEYNARD,1,MAW,PT30M,2,2020-02-13 20:00:00+01:00
2020-02-18 18:35:34+01:00,0,FR,Unplanned outage,A03,,2020-02-15 12:30:00+01:00,_vaFyVUD7MRn0OW0YqtznA,412.0,Fossil Gas,17W100P100P0341J,France,Pont-sur-Sambre,1,MAW,PT15M,3,2020-02-15 12:15:00+01:00
2020-02-19 09:41:09+01:00,414,FR,Unplanned outage,A03,,2020-03-09 08:00:00+01:00,XVpfJhWcMDoph1sdQnAz5w,446.9,Hydro Water Reservoir,17W100P100P0290A,FRANCE,POUGET,1,MAW,PT60M,9,2020-02-07 20:00:00+01:00
2020-02-21 10:36:01+01:00,0,FR,Unplanned outage,A03,,2020-02-22 16:00:00+01:00,uHU2Tog2iCFYv2nTJqKSug,412.0,Fossil Gas,17W100P100P0341J,France,Pont-sur-Sambre,1,MAW,PT60M,1,2020-02-21 00:00:00+01:00
2020-03-02 11:30:34+01:00,219,FR,Unplanned outage,A03,,2020-03-02 16:00:00+01:00,l_OJ6N2erce9bmAWoxlo9w,285.0,Hydro Water Reservoir,17W100P100P0301V,FRANCE,VOUGLANS,1,MAW,PT60M,7,2020-03-01 19:00:00+01:00
2020-03-03 13:09:57+01:00,291,FR,Unplanned outage,A03,,2020-03-03 16:32:00+01:00,RxAlTDidUNrlmWRBlReg-g,384.0,Hydro Water Reservoir,17W100P100P02926,FRANCE,SERRE PONCON,1,MAW,PT1M,6,2020-03-03 16:30:00+01:00
2020-03-06 07:17:10+01:00,0,FR,Unplanned outage,A03,,2020-03-06 17:30:00+01:00,RVLEaolZztFodFccGeK9bw,384.0,Hydro Water Reservoir,17W100P100P02926,FRANCE,SERRE PONCON,1,MAW,PT30M,1,2020-03-06 17:00:00+01:00
2020-03-30 20:08:37+02:00,83,FR,Unplanned outage,A03,,2020-03-30 19:30:00+02:00,flkn23Ct_jF1B6uNfypf7A,297.0,Hydro Water Reservoir,17W100P100P02853,FRANCE,MALGOVERT,1,MAW,PT1M,4,2020-03-30 19:18:00+02:00
2020-05-12 01:25:24+02:00,0,FR,Unplanned outage,A03,,2020-05-11 18:00:00+02:00,yRFFukuSUCLEs5FoIb6-Gw,384.0,Hydro Water Reservoir,17W100P100P02926,FRANCE,SERRE PONCON,1,MAW,PT60M,2,2020-05-11 16:00:00+02:00
2020-05-20 09:21:27+02:00,0,FR,Unplanned outage,A03,,2020-05-20 06:00:00+02:00,xaf5psPu8xWOBgQD6PAaAg,412.0,Fossil Gas,17W100P100P0341J,France,Pont-sur-Sambre,1,MAW,PT30M,1,2020-05-20 05:30:00+02:00
2020-06-03 19:36:05+02:00,0,FR,Unplanned outage,A03,,2020-06-03 17:00:00+02:00,QXY4qXX8z92gdDFkULtJTg,446.9,Hydro Water Reservoir,17W100P100P0290A,FRANCE,POUGET,1,MAW,PT1M,4,2020-06-03 16:50:00+02:00
2020-06-16 09:22:04+02:00,0,FR,Unplanned outage,A03,,2020-06-16 08:00:00+02:00,tBeJP2EAC-xF8mvw49W2mA,1700.0,Hydro Pumped Storage,17W100P100P02756,FRANCE,GRAND MAISON,1,MAW,PT60M,2,2020-06-16 06:00:00+02:00
2020-07-12 18:10:26+02:00,0,FR,Unplanned outage,A03,,2020-07-12 18:00:00+02:00,tWVUeV-uJvnuSD2sMaqSVA,401.0,Fossil Gas,17W100P100P0318E,France,FR-GA-MORANT1,1,MAW,PT1M,1,2020-07-12 17:50:00+02:00
2020-07-13 15:10:23+02:00,340,FR,Unplanned outage,A03,,2020-07-13 18:00:00+02:00,PyVskSi7ne2KHTiwifmC-Q,401.0,Fossil Gas,17W100P100P0318E,France,FR-GA-MORANT1,1,MAW,PT60M,1,2020-07-13 14:00:00+02:00
2020-08-01 09:13:03+02:00,0,FR,Unplanned outage,A03,,2020-08-01 09:00:00+02:00,fsqipnr7x6UbnzhSg7MMuQ,401.0,Fossil Gas,17W100P100P0318E,France,FR-GA-MORANT1,1,MAW,PT60M,1,2020-08-01 08:00:00+02:00
2020-08-09 20:49:03+02:00,414,FR,Unplanned outage,A03,,2020-08-10 19:00:00+02:00,07xT9TgZcsjOoz_pfo7-VQ,446.9,Hydro Water Reservoir,17W100P100P0290A,FRANCE,POUGET,1,MAW,PT60M,4,2020-08-09 19:00:00+02:00
2020-08-19 16:56:24+02:00,285,FR,Unplanned outage,A03,,2020-08-19 12:00:00+02:00,RiULRV1qlRI9hGS6x6J6ng,366.0,Hydro Water Reservoir,17W100P100P02861,FRANCE,MONTEYNARD,1,MAW,PT60M,6,2020-08-11 20:00:00+02:00
2020-08-24 10:20:22+02:00,0,FR,Unplanned outage,A03,,2020-08-24 10:10:00+02:00,F8tXB4zOFcdAApS2nES6-w,401.0,Fossil Gas,17W100P100P0318E,France,FR-GA-MORANT1,1,MAW,PT1M,1,2020-08-24 10:00:00+02:00
2020-08-26 10:07:04+02:00,0,FR,Unplanned outage,A03,,2020-08-26 09:00:00+02:00,mcUGXrlF8ZqcYYctt7mjVA,413.0,Fossil Gas,17W100P100P0340L,France,Croix-de-Metz,1,MAW,PT60M,1,2020-08-26 08:00:00+02:00
2020-08-27 15:44:23+02:00,0,FR,Unplanned outage,A03,,2020-08-27 18:00:00+02:00,vSd0moOpgl8yS0r6IBkJsg,401.0,Fossil Gas,17W100P100P0318E,France,FR-GA-MORANT1,1,MAW,PT60M,3,2020-08-26 05:00:00+02:00
2020-09-04 11:24:31+02:00,0,FR,Unplanned outage,A03,,2020-09-06 23:30:00+02:00,CbdtOlcTKllZqwuC9Pu3Qg,413.0,Fossil Gas,17W100P100P0340L,France,Croix-de-Metz,1,MAW,PT30M,4,2020-09-06 23:00:00+02:00
2020-09-11 15:36:21+02:00,291,FR,Unplanned outage,A03,,2020-09-11 17:00:00+02:00,j1pSdOVMvh98r8CjIS1kHQ,384.0,Hydro Water Reservoir,17W100P100P02926,FRANCE,SERRE PONCON,1,MAW,PT60M,2,2020-09-11 16:00:00+02:00
2020-09-15 11:40:23+02:00,285,FR,Unplanned outage,A03,,2020-09-15 11:00:00+02:00,2kQcS9WPfvICICFg4ndy0Q,366.0,Hydro Water Reservoir,17W100P100P02861,FRANCE,MONTEYNARD,1,MAW,PT1M,2,2020-09-15 10:57:00+02:00
2020-09-16 16:33:15+02:00,285,FR,Unplanned outage,A03,,2020-09-16 00:45:00+02:00,TL8rQxlwEwwUGkI8FwwgCw,366.0,Hydro Water Reservoir,17W100P100P02861,FRANCE,MONTEYNARD,1,MAW,PT1M,4,2020-09-16 00:35:00+02:00
2020-09-20 10:59:03+02:00,0,FR,Unplanned outage,A03,,2020-09-20 11:00:00+02:00,Q38FeEubwnBhauQGamRKNg,401.0,Fossil Gas,17W100P100P0318E,France,FR-GA-MORANT1,1,MAW,PT60M,1,2020-09-20 02:00:00+02:00
2020-09-26 09:01:15+02:00,0,FR,Unplanned outage,A03,,2020-09-26 09:00:00+02:00,tgocui75e2PC6QCkOBCRjA,413.0,Fossil Gas,17W100P100P0340L,France,Croix-de-Metz,1,MAW,PT30M,1,2020-09-26 08:30:00+02:00
2020-09-29 13:33:04+02:00,0,FR,Unplanned outage,A03,,2020-09-29 13:31:00+02:00,J3VwTlnLF41ffFGhprFpcA,412.0,Fossil Gas,17W100P100P0341J,France,Pont-sur-Sambre,1,MAW,PT1M,1,2020-09-29 13:30:00+02:00
2020-10-04 09:31:06+02:00,0,FR,Unplanned outage,A03,,2020-10-04 08:45:00+02:00,m_1Y9XdMouw1LTQCDxmDfQ,742.3,Hydro Pumped Storage,17W100P100P02764,FRANCE,SUPER BISSORTE,1,MAW,PT1M,2,2020-10-04 08:40:00+02:00
2020-10-06 12:41:11+02:00,0,FR,Unplanned outage,A03,,2020-10-07 05:00:00+02:00,NoBELmKEJNZQGImeJxAwqQ,413.0,Fossil Gas,17W100P100P0345B,France,EMILE HUCHET 8,1,MAW,PT60M,1,2020-10-06 21:00:00+02:00
2020-10-06 21:53:04+02:00,211,FR,Unplanned outage,A03,,2020-10-06 21:45:00+02:00,W1hx84UWuM0LtUwDXrlnLQ,293.0,Hydro Run-of-river and poundage,17W100P100P0302T,FRANCE,CHASTANG,1,MAW,PT15M,4,2020-10-06 21:30:00+02:00
2020-10-10 02:40:22+02:00,154,FR,Unplanned outage,A03,,2020-10-10 02:30:00+02:00,0OOUyvy14e2x67Usj164Bg,285.0,Hydro Water Reservoir,17W100P100P0301V,FRANCE,VOUGLANS,1,MAW,PT1M,1,2020-10-10 02:25:00+02:00
2020-10-10 14:46:24+02:00,219,FR,Unplanned outage,A03,,2020-10-10 15:30:00+02:00,uN-zv1Tj_7Wjhec7CrNlgw,285.0,Hydro Water Reservoir,17W100P100P0301V,FRANCE,VOUGLANS,1,MAW,PT30M,2,2020-10-10 15:00:00+02:00
2020-10-13 17:22:22+02:00,291,FR,Unplanned outage,A03,,2020-10-13 17:15:00+02:00,f4eIKaNlCFKS_jgsILkRxA,384.0,Hydro Water Reservoir,17W100P100P02926,FRANCE,SERRE PONCON,1,MAW,PT1M,2,2020-10-13 17:03:00+02:00
2020-10-16 19:06:42+02:00,58,FR,Unplanned outage,A03,,2020-10-17 17:15:00+02:00,nC1nw9jjxz_C8nE5Upf3mw,116.0,Hydro Water Reservoir,17W100P100P0299T,FRANCE,SAINT GUILLERME,1,MAW,PT15M,2,2020-10-17 17:00:00+02:00
2020-10-18 20:42:21+02:00,0,FR,Unplanned outage,A03,,2020-10-18 22:00:00+02:00,98FdCC2ZbUpdPCq8HnxxOQ,401.0,Fossil Gas,17W100P100P0318E,France,FR-GA-MORANT1,1,MAW,PT60M,1,2020-10-18 20:00:00+02:00
2020-10-27 06:19:10+01:00,0,FR,Unplanned outage,A03,,2020-10-27 06:00:00+01:00,xltMntw6lNLbYb8YTikk4Q,413.0,Fossil Gas,17W100P100P0340L,France,Croix-de-Metz,1,MAW,PT60M,1,2020-10-27 05:00:00+01:00
2020-11-04 16:47:22+01:00,0,FR,Unplanned outage,A03,,2020-11-04 16:30:00+01:00,Ve1tnwwGObT7y3fnHZb5vw,131.8,Hydro Water Reservoir,17W100B100P0287S,FRANCE,MONTPEZAT,1,MAW,PT1M,1,2020-11-04 16:25:00+01:00
2020-11-07 17:57:03+01:00,0,FR,Unplanned outage,A03,,2020-11-07 18:00:00+01:00,Q0Z4WKefvE-weYYVo0x59w,413.0,Fossil Gas,17W100P100P0340L,France,Croix-de-Metz,1,MAW,PT60M,1,2020-10-31 00:00:00+01:00
2020-11-08 12:28:32+01:00,0,FR,Unplanned outage,A03,,2020-11-08 12:00:00+01:00,faR1huBEFC1msMRgBxyrHw,401.0,Fossil Gas,17W100P100P0318E,France,FR-GA-MORANT1,1,MAW,PT60M,1,2020-11-07 14:00:00+01:00
2020-11-09 04:17:22+01:00,93,FR,Unplanned outage,A03,,2020-11-09 06:00:00+01:00,-8suJ1vYCaS5tWGbjTswXA,413.0,Fossil Gas,17W100P100P0340L,France,Croix-de-Metz,1,MAW,PT60M,1,2020-11-09 04:00:00+01:00
2020-11-11 13:24:22+01:00,217,FR,Unplanned outage,A03,,2020-11-11 10:45:00+01:00,MyLz_K89FcAIQovnbbnFIg,446.9,Hydro Water Reservoir,17W100P100P0290A,FRANCE,POUGET,1,MAW,PT1M,2,2020-11-11 10:35:00+01:00
2020-11-12 08:36:23+01:00,0,FR,Unplanned outage,A03,,2020-11-12 09:00:00+01:00,7MF1fAwNqAKIUD3VCeqz2g,413.0,Fossil Gas,17W100P100P0340L,France,Croix-de-Metz,1,MAW,PT60M,1,2020-11-12 05:00:00+01:00
2020-11-23 15:22:47+01:00,249,FR,Unplanned outage,A03,,2020-11-19 17:30:00+01:00,myle7Ct07kNYLxYqTG3OMw,297.0,Hydro Water Reservoir,17W100P100P02853,FRANCE,MALGOVERT,1,MAW,PT30M,2,2020-11-19 17:00:00+01:00
2020-11-23 21:36:22+01:00,0,FR,Unplanned outage,A03,,2020-11-23 19:00:00+01:00,9Q7LM8fp-7Zy17t9Z3oUdg,412.0,Fossil Gas,17W100P100P0341J,France,Pont-sur-Sambre,1,MAW,PT60M,1,2020-11-23 03:00:00+01:00
2020-11-24 11:20:23+01:00,0,FR,Unplanned outage,A03,,2020-11-24 08:00:00+01:00,9ue4WN9cIgloo_S4UtlfUA,412.0,Fossil Gas,17W100P100P0341J,France,Pont-sur-Sambre,1,MAW,PT15M,1,2020-11-24 07:45:00+01:00
2020-11-30 14:40:23+01:00,0,FR,Unplanned outage,A03,,2020-11-30 16:30:00+01:00,J3DqlIs39ekesixynpfdJw,910.0,Hydro Pumped Storage,17W100P100P02772,FRANCE,MONTEZIC,1,MAW,PT30M,1,2020-11-30 15:30:00+01:00
2020-12-05 08:10:24+01:00,231,FR,Unplanned outage,A03,,2020-12-06 05:00:00+01:00,K56TS8_gy0Og-AJhWIhONg,285.0,Hydro Water Reservoir,17W100P100P0301V,FRANCE,VOUGLANS,1,MAW,PT60M,2,2020-12-05 06:00:00+01:00
2020-12-06 17:55:23+01:00,0,FR,Unplanned outage,A03,,2020-12-06 17:31:00+01:00,rhrDYv0kQJpIr9AsytE1IQ,413.0,Fossil Gas,17W100P100P0345B,France,EMILE HUCHET 8,1,MAW,PT1M,1,2020-12-06 17:30:00+01:00
2020-12-12 08:35:25+01:00,0,FR,Unplanned outage,A03,,2020-12-12 08:30:00+01:00,QCCbZM1HMMOAbvLMxMFMzA,413.0,Fossil Gas,17W100P100P0340L,France,Croix-de-Metz,1,MAW,PT30M,1,2020-12-12 08:00:00+01:00
2020-12-12 17:20:24+01:00,0,FR,Unplanned outage,A03,,2020-12-12 23:00:00+01:00,HXMKWFibKAy0aTP7iIOc9A,401.0,Fossil Gas,17W100P100P0318E,France,FR-GA-MORANT1,1,MAW,PT60M,1,2020-12-12 08:00:00+01:00
2020-12-13 18:00:27+01:00,0,FR,Unplanned outage,A03,,2020-12-13 18:00:00+01:00,-Hqm8NP061hx9nc3CaLXmg,413.0,Fossil Gas,17W100P100P0340L,France,Croix-de-Metz,1,MAW,PT60M,1,2020-12-13 10:00:00+01:00
2020-12-14 13:25:22+01:00,0,FR,Unplanned outage,A03,,2020-12-14 14:00:00+01:00,tMaTMfxMU4SqH9bUHZpw_g,116.0,Hydro Water Reservoir,17W100P100P0299T,FRANCE,SAINT GUILLERME,1,MAW,PT60M,1,2020-12-14 06:00:00+01:00
2020-12-18 13:25:23+01:00,134,FR,Unplanned outage,A03,,2020-12-18 15:00:00+01:00,Qp_SeokhLXVzX4SF55TdDw,384.0,Hydro Water Reservoir,17W100P100P02926,FRANCE,SERRE PONCON,1,MAW,PT60M,4,2020-12-18 09:00:00+01:00
2020-12-21 07:20:23+01:00,0,FR,Unplanned outage,A03,,2020-12-21 08:40:00+01:00,oqrBhMBxfr_6RFfP2nIvYw,412.0,Fossil Gas,17W100P100P0341J,France,Pont-sur-Sambre,1,MAW,PT1M,1,2020-12-21 08:30:00+01:00
2021-01-05 13:40:24+01:00,154,FR,Unplanned outage,A03,,2021-01-05 13:30:00+01:00,mDKMl0m1d-yuOuvzjWKidg,285.0,Hydro Water Reservoir,17W100P100P0301V,FRANCE,VOUGLANS,1,MAW,PT1M,1,2021-01-05 13:24:00+01:00
2021-01-05 19:38:07+01:00,0,FR,Unplanned outage,A03,,2021-01-05 14:00:00+01:00,ngtb9Y1sSdxQOUchvUwANQ,109.4,Hydro Water Reservoir,17W100P100P0289W,FRANCE,PIED DE BORNE,1,MAW,PT1M,2,2021-01-05 13:55:00+01:00
2021-01-12 22:35:27+01:00,0,FR,Unplanned outage,A03,,2021-01-12 22:59:00+01:00,VlOjAoitFhTB5Hfzs2lFGQ,413.0,Fossil Gas,17W100P100P0345B,France,EMILE HUCHET 8,1,MAW,PT1M,1,2021-01-12 22:45:00+01:00
2021-01-14 16:00:24+01:00,85,FR,Unplanned outage,A03,,2021-01-14 16:30:00+01:00,sBCGqSDWi7LTtGor7mIqzQ,150.0,Hydro Run-of-river and poundage,17W100P100P0309F,FRANCE,SAUSSAZ,1,MAW,PT30M,2,2021-01-14 16:00:00+01:00
2021-01-16 20:30:32+01:00,0,FR,Unplanned outage,A03,,2021-01-16 20:30:00+01:00,7pRNftu4FRAQs6clOtCEFQ,413.0,Fossil Gas,17W100P100P0345B,France,EMILE HUCHET 8,1,MAW,PT15M,1,2021-01-16 20:15:00+01:00
2021-01-18 10:00:25+01:00,0,FR,Unplanned outage,A03,,2021-01-16 05:00:00+01:00,C5JBuJP7jcA28QvZkumUOg,413.0,Fossil Gas,17W100P100P0340L,France,Croix-de-Metz,1,MAW,PT30M,2,2021-01-16 04:30:00+01:00
2021-01-18 17:15:24+01:00,140,FR,Unplanned outage,A03,,2021-01-19 18:30:00+01:00,TAKabU6O2z4PYjRvGtH_lw,240.0,Marine,17W100P100P0272C,FRANCE,RANCE,1,MAW,PT30M,2,2021-01-19 18:00:00+01:00
2021-01-22 11:30:28+01:00,0,FR,Unplanned outage,A03,,2021-01-22 13:00:00+01:00,uw2URIqrm-UJLCQ1vXNN6w,413.0,Fossil Gas,17W100P100P0340L,France,Croix-de-Metz,1,MAW,PT60M,1,2021-01-22 05:00:00+01:00
2021-01-27 06:50:25+01:00,0,FR,Unplanned outage,A03,,2021-01-27 06:30:00+01:00,N5F7KcCGaaPkBZrutVmOVw,401.0,Fossil Gas,17W100P100P0318E,France,FR-GA-MORANT1,1,MAW,PT30M,1,2021-01-27 06:00:00+01:00
2021-01-28 21:15:24+01:00,0,FR,Unplanned outage,A03,,2021-01-28 19:45:00+01:00,sSAf65sbpqgHwuWO4MR3uQ,297.0,Hydro Water Reservoir,17W100P100P02853,FRANCE,MALGOVERT,1,MAW,PT1M,2,2021-01-28 19:35:00+01:00
2021-01-31 19:40:23+01:00,0,FR,Unplanned outage,A03,,2021-01-31 20:30:00+01:00,BFC0YAXFfSfXXmrGh07vAA,742.3,Hydro Pumped Storage,17W100P100P02764,FRANCE,SUPER BISSORTE,1,MAW,PT30M,1,2021-01-31 19:30:00+01:00
2021-02-03 13:40:27+01:00,124.49,FR,Unplanned outage,A03,,2021-02-04 06:30:00+01:00,SZa3fWD_N7ofJq7BE5grHQ,189.2,Hydro Water Reservoir,17W100P100P02918,FRANCE,PRAGNERES,1,MAW,PT30M,3,2021-02-04 06:00:00+01:00
2021-02-04 14:30:33+01:00,442,FR,Unplanned outage,A03,,2021-02-04 14:31:00+01:00,eID6BRBM5lmd3aHVIseMgw,412.0,Fossil Gas,17W100P100P0341J,France,Pont-sur-Sambre,1,MAW,PT1M,1,2021-02-04 14:30:00+01:00
2021-02-07 02:00:23+01:00,71,FR,Unplanned outage,A03,,2021-02-06 23:30:00+01:00,ufYPUsZkFGQh0A4L_NzyRA,131.8,Hydro Water Reservoir,17W100B100P0287S,FRANCE,MONTPEZAT,1,MAW,PT1M,2,2021-02-06 23:19:00+01:00
2021-02-09 09:25:25+01:00,0,FR,Unplanned outage,A03,,2021-02-09 13:00:00+01:00,jaS9phJBmD__fBajk3q7Ig,126.0,Fossil Gas,17W000000989065O,France,FR_CPCU SAINT OUEN,1,MAW,PT60M,1,2021-02-09 09:00:00+01:00
2021-02-09 13:00:25+01:00,0,FR,Unplanned outage,A03,,2021-02-09 13:00:00+01:00,LxUw1CiNLOEXoY35Q7vmCA,413.0,Fossil Gas,17W100P100P0345B,France,EMILE HUCHET 8,1,MAW,PT60M,1,2021-02-09 12:00:00+01:00
2021-02-10 17:19:35+01:00,249,FR,Unplanned outage,A03,,2021-02-10 14:00:00+01:00,_3XhyRz3A8VyT4jwHMSeUw,297.0,Hydro Water Reservoir,17W100P100P02853,FRANCE,MALGOVERT,1,MAW,PT1M,3,2021-02-10 13:51:00+01:00
2021-02-11 11:00:28+01:00,0,FR,Unplanned outage,A03,,2021-02-06 16:00:00+01:00,zmQj_erATeOUd7P5mxZxuw,125.0,Fossil Gas,17W000000989066M,France,FR_CPCU COGEVITRY,1,MAW,PT1M,5,2021-02-06 15:50:00+01:00
2021-02-12 02:45:24+01:00,0,FR,Unplanned outage,A03,,2021-02-11 20:00:00+01:00,SedCMlCmxrmBvklu--8U7A,412.0,Fossil Gas,17W100P100P0341J,France,Pont-sur-Sambre,1,MAW,PT30M,1,2021-02-11 19:30:00+01:00
2021-02-12 20:06:28+01:00,0,FR,Unplanned outage,A03,,2021-02-14 06:00:00+01:00,GoEnK4bAbv1TVf0fxqfCoA,412.0,Fossil Gas,17W100P100P0341J,France,Pont-sur-Sambre,1,MAW,PT60M,1,2021-02-14 00:00:00+01:00
2021-02-19 06:55:22+01:00,54.8,FR,Unplanned outage,A03,,2021-02-18 04:30:00+01:00,lDaH2CtCUq6Pome7a-RyzQ,132.3,Hydro Water Reservoir,17W100P100P0297X,FRANCE,SAINTE CROIX,1,MAW,PT1M,2,2021-02-18 04:23:00+01:00
2021-02-19 10:50:23+01:00,0,FR,Unplanned outage,A03,,2021-02-13 04:00:00+01:00,4xOJM4GNwSXkKyglXOyciQ,125.0,Fossil Gas,17W000000989066M,France,FR_CPCU COGEVITRY,1,MAW,PT30M,5,2021-02-13 03:30:00+01:00
2021-02-23 18:15:22+01:00,291,FR,Unplanned outage,A03,,2021-02-23 14:10:00+01:00,VYPNqCjS9PtPbnXXMjpX_A,384.0,Hydro Water Reservoir,17W100P100P02926,FRANCE,SERRE PONCON,1,MAW,PT1M,2,2021-02-23 14:00:00+01:00
2021-03-05 19:45:25+01:00,44,FR,Unplanned outage,A03,,2021-03-05 18:00:00+01:00,4FPWJaDSHBbGLOKzb2NwhQ,104.0,Hydro Run-of-river and poundage,17W100P100P0315K,FRANCE,ASTON,1,MAW,PT1M,3,2021-03-05 17:50:00+01:00
2021-03-09 17:35:26+01:00,0,FR,Unplanned outage,A03,,2021-03-09 19:00:00+01:00,AONyoB759DygQjqAs_b3jw,384.0,Hydro Pumped Storage,17W100P100P02748,FRANCE,COCHE,1,MAW,PT60M,3,2021-02-15 07:00:00+01:00
2021-03-16 06:35:27+01:00,0,FR,Unplanned outage,A03,,2021-03-10 19:00:00+01:00,RtNOtGBAnOYfZKF-d4tjiQ,122.0,Hydro Run-of-river and poundage,17W100P100P03299,France,FR_SAINT-PIERRE,1,MAW,PT60M,1,2021-03-10 17:00:00+01:00
2021-03-22 14:45:24+01:00,37.84,FR,Unplanned outage,A03,,2021-03-22 14:30:00+01:00,bd8KqE2E6tfMR1CSri8ljA,189.2,Hydro Water Reservoir,17W100P100P02918,FRANCE,PRAGNERES,1,MAW,PT15M,1,2021-03-22 14:15:00+01:00
2021-03-30 15:35:23+02:00,166,FR,Unplanned outage,A03,,2021-03-30 20:30:00+02:00,PzOxt2dw6hzVeRqmcwnx_w,297.0,Hydro Water Reservoir,17W100P100P02853,FRANCE,MALGOVERT,1,MAW,PT30M,1,2021-03-30 20:00:00+02:00
2021-03-31 23:25:26+02:00,59.5,FR,Unplanned outage,A03,,2021-03-31 21:30:00+02:00,bqkebA-hMdb_7GOtrOK-Hg,109.4,Hydro Water Reservoir,17W100P100P0289W,FRANCE,PIED DE BORNE,1,MAW,PT1M,6,2021-03-31 21:26:00+02:00
2021-04-01 06:00:36+02:00,0,FR,Unplanned outage,A03,,2021-04-02 03:00:00+02:00,PbYyEMEpleaJbhdt4Xh6zA,413.0,Fossil Gas,17W100P100P0345B,France,EMILE HUCHET 8,1,MAW,PT60M,1,2021-04-01 05:00:00+02:00
2021-04-01 10:50:23+02:00,0,FR,Unplanned outage,A03,,2021-06-01 01:00:00+02:00,qk3yc1pHRfyzl0HrqZmoEA,126.0,Fossil Gas,17W000000989065O,France,FR_CPCU SAINT OUEN,1,MAW,PT60M,1,2021-04-01 09:00:00+02:00
2021-04-01 10:55:24+02:00,0,FR,Unplanned outage,A03,,2021-04-02 09:15:00+02:00,8GU_MMjD6xJ6PZ7sT8nuoQ,413.0,Fossil Gas,17W100P100P0345B,France,EMILE HUCHET 8,1,MAW,PT15M,1,2021-04-02 09:00:00+02:00
2021-04-03 10:45:25+02:00,0,FR,Unplanned outage,A03,,2021-04-01 09:30:00+02:00,pxWrxf7X7fUw8RE0PBfgfg,413.0,Fossil Gas,17W100P100P0345B,France,EMILE HUCHET 8,1,MAW,PT1M,1,2021-04-01 09:25:00+02:00
2021-04-06 15:15:25+02:00,332,FR,Unplanned outage,A03,,2021-04-06 15:09:00+02:00,Aih3g4AQqxTdUG7jdZZEMg,446.9,Hydro Water Reservoir,17W100P100P0290A,FRANCE,POUGET,1,MAW,PT1M,3,2021-04-06 15:00:00+02:00
2021-04-08 14:40:27+02:00,249,FR,Unplanned outage,A03,,2021-04-09 12:15:00+02:00,TEpvVFGnKUXsv_9kDUYCSA,297.0,Hydro Water Reservoir,17W100P100P02853,FRANCE,MALGOVERT,1,MAW,PT15M,2,2021-04-09 12:00:00+02:00
2021-04-14 08:05:25+02:00,0,FR,Unplanned outage,A03,,2021-04-13 17:00:00+02:00,Kd-5RdvvOYInblYz8nh0dg,116.0,Hydro Water Reservoir,17W100P100P0299T,FRANCE,SAINT GUILLERME,1,MAW,PT60M,4,2021-04-02 11:00:00+02:00
2021-04-23 14:04:37+02:00,0,FR,Unplanned outage,A03,,2021-04-21 19:15:00+02:00,_8ZFh7gW0I6mYwgGxpwZYQ,412.0,Fossil Gas,17W100P100P0341J,France,Pont-sur-Sambre,1,MAW,PT1M,1,2021-04-21 19:10:00+02:00
2021-04-23 15:05:26+02:00,95,FR,Unplanned outage,A03,,2021-04-23 15:30:00+02:00,U3q7o1T2S0Bm1I7MlcljUQ,412.0,Fossil Gas,17W100P100P0341J,France,Pont-sur-Sambre,1,MAW,PT15M,1,2021-04-23 15:15:00+02:00
2021-04-24 19:20:28+02:00,0,FR,Unplanned outage,A03,,2021-04-25 23:59:00+02:00,JOXR7BlFkrB8V6YwruETiA,413.0,Fossil Gas,17W100P100P0345B,France,EMILE HUCHET 8,1,MAW,PT1M,1,2021-04-25 23:45:00+02:00
2021-04-24 20:25:25+02:00,54.8,FR,Unplanned outage,A03,,2021-04-24 02:30:00+02:00,mpCeuGwS-ogI6XTxZyrBsA,132.3,Hydro Water Reservoir,17W100P100P0297X,FRANCE,SAINTE CROIX,1,MAW,PT1M,5,2021-04-24 02:22:00+02:00
2021-04-26 04:55:24+02:00,0,FR,Unplanned outage,A03,,2021-04-26 07:00:00+02:00,sgcz3N288JzOIZ2od7GHRw,413.0,Fossil Gas,17W100P100P0345B,France,EMILE HUCHET 8,1,MAW,PT60M,1,2021-04-26 04:00:00+02:00
2021-04-30 23:00:48+02:00,97,FR,Unplanned outage,A03,,2021-04-30 22:30:00+02:00,Mgs02vp4GM7cD7lPP7a9Bw,384.0,Hydro Water Reservoir,17W100P100P02926,FRANCE,SERRE PONCON,1,MAW,PT1M,2,2021-04-30 22:18:00+02:00
2021-05-05 11:15:30+02:00,0,FR,Unplanned outage,A03,,2021-05-06 23:45:00+02:00,CHj-ZKkNPTtMvyeLmnt4PA,412.0,Fossil Gas,17W100P100P0341J,France,Pont-sur-Sambre,1,MAW,PT15M,8,2021-05-06 23:30:00+02:00
2021-05-05 23:10:24+02:00,0,FR,Unplanned outage,A03,,2021-05-05 23:30:00+02:00,559N3tUF1m4dDBep2p2r-Q,413.0,Fossil Gas,17W100P100P0345B,France,EMILE HUCHET 8,1,MAW,PT30M,1,2021-05-05 23:00:00+02:00
2021-05-11 17:10:25+02:00,58,FR,Unplanned outage,A03,,2021-05-11 08:30:00+02:00,oeg0-s2ZB92tbbKp4XgUkA,116.0,Hydro Water Reservoir,17W100P100P0299T,FRANCE,SAINT GUILLERME,1,MAW,PT1M,3,2021-05-11 08:24:00+02:00
2021-05-12 13:15:26+02:00,0,FR,Unplanned outage,A03,,2021-05-10 17:45:00+02:00,BLHbRyZpFnqRc06VJF6xUg,384.0,Hydro Water Reservoir,17W100P100P02926,FRANCE,SERRE PONCON,1,MAW,PT1M,4,2021-05-10 17:35:00+02:00
2021-05-14 19:50:24+02:00,0,FR,Unplanned outage,A03,,2021-05-14 19:00:00+02:00,k2nSGVoaaoA1YY8OwstJIw,412.0,Fossil Gas,17W100P100P0341J,France,Pont-sur-Sambre,1,MAW,PT60M,1,2021-05-14 18:00:00+02:00
2021-05-17 09:30:27+02:00,0,FR,Unplanned outage,A03,,2021-05-17 10:30:00+02:00,BSJViZDbbp5OhhH79UKbWg,384.0,Hydro Water Reservoir,17W100P100P02926,FRANCE,SERRE PONCON,1,MAW,PT30M,4,2021-05-17 10:00:00+02:00
2021-05-20 07:40:26+02:00,106,FR,Unplanned outage,A03,,2021-05-21 07:18:00+02:00,DltFN68KvI2mQ-GfbuliTQ,293.0,Hydro Run-of-river and poundage,17W100P100P0302T,FRANCE,CHASTANG,1,MAW,PT1M,1,2021-05-21 07:15:00+02:00
2021-05-20 08:15:29+02:00,325.9,FR,Unplanned outage,A03,,2021-05-21 07:00:00+02:00,xnGoU4o0V2O8boKqbD01WQ,360.0,Hydro Water Reservoir,17W100P100P0279Z,FRANCE,AIGLE,1,MAW,PT60M,4,2021-05-20 08:00:00+02:00
2021-05-26 19:15:26+02:00,71,FR,Unplanned outage,A03,,2021-05-27 18:00:00+02:00,b0hEvVc5KFe0-BV2S9hHrw,131.8,Hydro Water Reservoir,17W100B100P0287S,FRANCE,MONTPEZAT,1,MAW,PT60M,2,2021-05-26 18:00:00+02:00
2021-05-27 20:05:27+02:00,0,FR,Unplanned outage,A03,,2021-05-27 12:00:00+02:00,iY-NonilQV2bNv5lS6XtWw,401.0,Fossil Gas,17W100P100P0318E,France,FR-GA-MORANT1,1,MAW,PT15M,1,2021-05-27 11:45:00+02:00
2021-05-28 14:15:27+02:00,0,FR,Unplanned outage,A03,,2021-05-28 14:00:00+02:00,ReaPCefei5e_jfNi8sRcwg,401.0,Fossil Gas,17W100P100P0318E,France,FR-GA-MORANT1,1,MAW,PT60M,1,2021-05-28 08:00:00+02:00
2021-05-28 21:30:28+02:00,0,FR,Unplanned outage,A03,,2021-05-28 21:30:00+02:00,3A8Z7o5OECfCZK6wbmSNNA,401.0,Fossil Gas,17W100P100P0318E,France,FR-GA-MORANT1,1,MAW,PT15M,1,2021-05-28 21:15:00+02:00
2021-06-01 16:20:30+02:00,0,FR,Unplanned outage,A03,,2021-06-01 16:00:00+02:00,3NtqcQRSx6VbfOSWQyLirA,413.0,Fossil Gas,17W100P100P0345B,France,EMILE HUCHET 8,1,MAW,PT60M,1,2021-05-31 10:00:00+02:00
2021-06-03 13:20:25+02:00,0,FR,Unplanned outage,A03,,2021-06-03 13:00:00+02:00,iBEy2JRj-nhuhTWXajy4-A,413.0,Fossil Gas,17W100P100P0345B,France,EMILE HUCHET 8,1,MAW,PT60M,1,2021-06-02 10:00:00+02:00
2021-06-03 15:15:26+02:00,0,FR,Unplanned outage,A03,,2021-06-03 15:00:00+02:00,GvyIohewanRo5Je_KESmMQ,116.0,Hydro Water Reservoir,17W100P100P0299T,FRANCE,SAINT GUILLERME,1,MAW,PT1M,1,2021-06-03 14:53:00+02:00
2021-06-03 19:15:28+02:00,180,FR,Unplanned outage,A03,,2021-06-03 19:00:00+02:00,ZP5b5exWq09fmMm0VCr0uA,364.0,Hydro Water Reservoir,17W100P100P0300X,FRANCE,VILLARODIN,1,MAW,PT60M,2,2021-06-03 17:00:00+02:00
2021-06-04 09:05:41+02:00,0,FR,Unplanned outage,A03,,2021-06-03 17:00:00+02:00,QNK8Ua7QKzUbhbktt7iaCA,413.0,Fossil Gas,17W100P100P0345B,France,EMILE HUCHET 8,1,MAW,PT30M,1,2021-06-03 16:30:00+02:00
2021-06-09 18:10:28+02:00,0,FR,Unplanned outage,A03,,2021-06-09 18:15:00+02:00,kCcoyxQecfiuu2P1DivqWg,401.0,Fossil Gas,17W100P100P0318E,France,FR-GA-MORANT1,1,MAW,PT15M,1,2021-06-09 18:00:00+02:00
2021-06-11 21:25:26+02:00,166,FR,Unplanned outage,A03,,2021-06-11 21:15:00+02:00,KzR1Iuj-s4lWto0SsOxg9g,297.0,Hydro Water Reservoir,17W100P100P02853,FRANCE,MALGOVERT,1,MAW,PT1M,2,2021-06-11 21:13:00+02:00
2021-06-14 01:00:43+02:00,35,FR,Unplanned outage,A03,,2021-06-13 22:00:00+02:00,6iyCONzWBIzKsEn07OuyqQ,297.0,Hydro Water Reservoir,17W100P100P02853,FRANCE,MALGOVERT,1,MAW,PT1M,2,2021-06-13 21:53:00+02:00
2021-06-15 01:55:58+02:00,414,FR,Unplanned outage,A03,,2021-06-14 23:00:00+02:00,qDUNr5eIY7QcKuIcJwGX_A,446.9,Hydro Water Reservoir,17W100P100P0290A,FRANCE,POUGET,1,MAW,PT60M,4,2021-06-14 20:00:00+02:00
2021-06-15 07:00:43+02:00,249,FR,Unplanned outage,A03,,2021-06-14 18:30:00+02:00,swK2vj5y7A6Ufoi9rba-RA,297.0,Hydro Water Reservoir,17W100P100P02853,FRANCE,MALGOVERT,1,MAW,PT1M,3,2021-06-14 18:18:00+02:00
2021-06-15 19:27:22+02:00,414,FR,Unplanned outage,A03,,2021-06-15 23:59:00+02:00,SAt2JSq4IYysjNt9EQIiPg,446.9,Hydro Water Reservoir,17W100P100P0290A,FRANCE,POUGET,1,MAW,PT1M,2,2021-06-15 23:45:00+02:00
2021-06-15 21:45:26+02:00,45,FR,Unplanned outage,A03,,2021-06-15 22:00:00+02:00,gNPw84mmaSwF-3oZT5TlYQ,297.0,Hydro Water Reservoir,17W100P100P02853,FRANCE,MALGOVERT,1,MAW,PT30M,1,2021-06-15 21:30:00+02:00
2021-06-19 09:14:38+02:00,166,FR,Unplanned outage,A03,,2021-06-21 00:00:00+02:00,oZ8Dyp7-EwpUCFx0DRMpCw,297.0,Hydro Water Reservoir,17W100P100P02853,FRANCE,MALGOVERT,1,MAW,PT60M,4,2021-06-18 12:00:00+02:00
2021-06-29 17:00:53+02:00,0,FR,Unplanned outage,A03,,2021-06-22 10:00:00+02:00,1qUxQL0nlcbuFvBdUMnrpg,412.0,Fossil Gas,17W100P100P0341J,France,Pont-sur-Sambre,1,MAW,PT30M,4,2021-06-22 09:30:00+02:00
2021-07-05 06:45:26+02:00,0,FR,Unplanned outage,A03,,2021-07-05 08:00:00+02:00,whcKCJJvLj4F3b3YMjJ6RQ,413.0,Fossil Gas,17W100P100P0345B,France,EMILE HUCHET 8,1,MAW,PT60M,1,2021-07-05 07:00:00+02:00
2021-07-07 21:20:24+02:00,71,FR,Unplanned outage,A03,,2021-07-07 21:00:00+02:00,8j4m_Bx2UevF9Aj3PBJBUg,131.8,Hydro Water Reservoir,17W100B100P0287S,FRANCE,MONTPEZAT,1,MAW,PT30M,2,2021-07-07 20:30:00+02:00
2021-07-07 18:05:25+02:00,210,FR,Unplanned outage,A03,,2021-07-08 16:00:00+02:00,3jAny5GxhwXwdoNyXRl64A,413.0,Fossil Gas,17W100P100P0344D,France,EMILE HUCHET 7,1,MAW,PT60M,1,2021-07-08 13:00:00+02:00
2021-07-07 18:10:26+02:00,0,FR,Unplanned outage,A03,,2021-07-08 17:00:00+02:00,RzvaAVijzGNTPwuDW9-9Vg,413.0,Fossil Gas,17W100P100P0344D,France,EMILE HUCHET 7,1,MAW,PT30M,1,2021-07-08 16:30:00+02:00
2021-07-10 16:55:24+02:00,0,FR,Unplanned outage,A03,,2021-07-11 23:59:00+02:00,_W2CeFLaHbIUrbPFYQp0TA,413.0,Fossil Gas,17W100P100P0344D,France,EMILE HUCHET 7,1,MAW,PT1M,1,2021-07-11 23:45:00+02:00
2021-07-11 12:15:25+02:00,37.84,FR,Unplanned outage,A03,,2021-07-12 12:00:00+02:00,OAUMPRJvAYLoTeHOf8XNCA,189.2,Hydro Water Reservoir,17W100P100P02918,FRANCE,PRAGNERES,1,MAW,PT60M,1,2021-07-11 12:00:00+02:00
2021-07-14 15:20:25+02:00,124.49,FR,Unplanned outage,A03,,2021-07-19 17:00:00+02:00,CHGGlmZucwRKKTEdfGeZYg,189.2,Hydro Water Reservoir,17W100P100P02918,FRANCE,PRAGNERES,1,MAW,PT60M,9,2021-07-11 14:00:00+02:00
2021-07-19 05:35:29+02:00,0,FR,Unplanned outage,A03,,2021-07-19 06:00:00+02:00,z46ml0Bft4uFzHsTd52E-A,413.0,Fossil Gas,17W100P100P0344D,France,EMILE HUCHET 7,1,MAW,PT60M,1,2021-07-19 05:00:00+02:00
2021-07-21 12:50:27+02:00,0,FR,Unplanned outage,A03,,2021-07-21 12:45:00+02:00,dxc14enTr8t9syfW8UGwYQ,101.0,Hydro Run-of-river and poundage,17W100P100P0317G,FRANCE,SAINT PIERRE COGNET,1,MAW,PT1M,1,2021-07-21 12:41:00+02:00
2021-07-21 13:02:34+02:00,219,FR,Unplanned outage,A03,,2021-07-21 11:00:00+02:00,c_Yt03DqmOIhpA-CNPBAoA,285.0,Hydro Water Reservoir,17W100P100P0301V,FRANCE,VOUGLANS,1,MAW,PT60M,2,2021-07-21 10:00:00+02:00
2021-07-23 10:15:25+02:00,58,FR,Unplanned outage,A03,,2021-07-23 01:30:00+02:00,vpF28PmEdsjW0DDQN33dvQ,116.0,Hydro Water Reservoir,17W100P100P0299T,FRANCE,SAINT GUILLERME,1,MAW,PT1M,3,2021-07-23 01:17:00+02:00
2021-08-09 13:55:27+02:00,194,FR,Unplanned outage,A03,,2021-08-09 16:00:00+02:00,02L8u3Z591GdnoMF2lxyZQ,384.0,Hydro Water Reservoir,17W100P100P02926,FRANCE,SERRE PONCON,1,MAW,PT60M,1,2021-08-09 14:00:00+02:00
2021-08-10 17:05:51+02:00,219,FR,Unplanned outage,A03,,2021-08-11 16:15:00+02:00,zhmek7KWRNvdqF8jNTxxiQ,285.0,Hydro Water Reservoir,17W100P100P0301V,FRANCE,VOUGLANS,1,MAW,PT15M,2,2021-08-11 16:00:00+02:00
2021-08-20 02:13:49+02:00,320,FR,Unplanned outage,A03,,2021-08-21 00:56:00+02:00,dz4AzoVMRd0ClwHufTP_Cg,384.0,Hydro Pumped Storage,17W100P100P02748,FRANCE,COCHE,1,MAW,PT1M,2,2021-08-21 00:45:00+02:00
2021-08-25 22:20:24+02:00,53.9,FR,Unplanned outage,A03,,2021-08-25 21:00:00+02:00,cAv0md_JM7y8ZsRN68-5tw,101.0,Hydro Run-of-river and poundage,17W100P100P0317G,FRANCE,SAINT PIERRE COGNET,1,MAW,PT1M,2,2021-08-25 20:50:00+02:00
2021-09-06 12:20:25+02:00,0,FR,Unplanned outage,A03,,2021-09-06 09:00:00+02:00,HkPVx-QhkRg9Bk5uoQFNBg,413.0,Fossil Gas,17W100P100P0345B,France,EMILE HUCHET 8,1,MAW,PT30M,1,2021-09-06 08:30:00+02:00
2021-09-07 10:25:26+02:00,244,FR,Unplanned outage,A03,,2021-09-07 10:15:00+02:00,XASQSsOnbxppKDk2LuA9_w,360.0,Hydro Water Reservoir,17W100P100P0279Z,FRANCE,AIGLE,1,MAW,PT15M,2,2021-09-07 10:00:00+02:00
2021-09-08 14:35:35+02:00,0,FR,Unplanned outage,A03,,2021-09-08 14:00:00+02:00,q8p0PjD5Xnok7IB70gQNFA,413.0,Fossil Gas,17W100P100P0345B,France,EMILE HUCHET 8,1,MAW,PT60M,1,2021-09-08 06:00:00+02:00
2021-09-09 07:05:29+02:00,0,FR,Unplanned outage,A03,,2021-09-09 06:00:00+02:00,lAXGDk4kg-5q5D19vVH99g,413.0,Fossil Gas,17W100P100P0340L,France,Croix-de-Metz,1,MAW,PT60M,1,2021-09-09 05:00:00+02:00
2021-09-14 09:50:25+02:00,0,FR,Unplanned outage,A03,,2021-09-15 09:00:00+02:00,DRpOA8wvKQYXO_EkU3DK5w,116.0,Hydro Water Reservoir,17W100P100P0299T,FRANCE,SAINT GUILLERME,1,MAW,PT60M,1,2021-09-14 09:00:00+02:00
2021-09-22 09:07:05+02:00,166,FR,Unplanned outage,A03,,2021-09-22 23:39:00+02:00,7ycInPTSgztEZMVnP39qvQ,297.0,Hydro Water Reservoir,17W100P100P02853,FRANCE,MALGOVERT,1,MAW,PT1M,2,2021-09-22 23:30:00+02:00
2021-09-22 21:25:28+02:00,0,FR,Unplanned outage,A03,,2021-09-22 04:45:00+02:00,H9w8o9qN8d1f2EA40qRIJQ,109.4,Hydro Water Reservoir,17W100P100P0289W,FRANCE,PIED DE BORNE,1,MAW,PT1M,3,2021-09-22 04:43:00+02:00
2021-09-25 19:20:26+02:00,0,FR,Unplanned outage,A03,,2021-09-25 19:00:00+02:00,z8-ZsJZxQ1txB566yjOOSw,413.0,Fossil Gas,17W100P100P0345B,France,EMILE HUCHET 8,1,MAW,PT60M,1,2021-09-25 16:00:00+02:00
2021-10-03 12:06:12+02:00,69.02,FR,Unplanned outage,A03,,2021-10-03 11:00:00+02:00,bO2Q9Qj5lrbaXlNIEOrRnw,187.5,Hydro Water Reservoir,17W100P100P0288Y,FRANCE,ORAISON,1,MAW,PT30M,2,2021-10-03 10:30:00+02:00
2021-10-04 06:40:27+02:00,0,FR,Unplanned outage,A03,,2021-10-04 10:00:00+02:00,aWnHOz7VYl8WqMfRCUJv2A,413.0,Fossil Gas,17W100P100P0340L,France,Croix-de-Metz,1,MAW,PT60M,1,2021-10-04 06:00:00+02:00
2021-10-04 15:30:29+02:00,312,FR,Unplanned outage,A03,,2021-10-04 12:00:00+02:00,elQdVkjTgD7D-egpNP6lYQ,446.9,Hydro Water Reservoir,17W100P100P0290A,FRANCE,POUGET,1,MAW,PT60M,2,2021-10-03 21:00:00+02:00
2021-10-08 15:35:31+02:00,137.52,FR,Unplanned outage,A03,,2021-09-26 10:00:00+02:00,7NsuoWOrSvlHN0gPAqjcjA,187.5,Hydro Water Reservoir,17W100P100P0288Y,FRANCE,ORAISON,1,MAW,PT30M,8,2021-09-26 09:30:00+02:00
2021-10-12 09:05:26+02:00,0,FR,Unplanned outage,A03,,2021-10-12 08:30:00+02:00,xBgcU6d0zramGZKMw-KefA,413.0,Fossil Gas,17W100P100P0344D,France,EMILE HUCHET 7,1,MAW,PT30M,1,2021-10-12 08:00:00+02:00
2021-10-21 11:21:02+02:00,249,FR,Unplanned outage,A03,,2021-10-21 10:45:00+02:00,iyD2NchkigxnILI3hHr9nw,297.0,Hydro Water Reservoir,17W100P100P02853,FRANCE,MALGOVERT,1,MAW,PT1M,3,2021-10-21 10:39:00+02:00
2021-10-23 21:20:24+02:00,0,FR,Unplanned outage,A03,,2021-10-23 21:07:00+02:00,tQj_FM8Wx2BKbRS62KznFg,412.0,Fossil Gas,17W100P100P0341J,France,Pont-sur-Sambre,1,MAW,PT1M,1,2021-10-23 21:00:00+02:00
2021-10-26 06:30:28+02:00,0,FR,Unplanned outage,A03,,2021-10-26 11:00:00+02:00,qlSrTgKCU4wtMwLhpuFhqQ,413.0,Fossil Gas,17W100P100P0344D,France,EMILE HUCHET 7,1,MAW,PT60M,1,2021-10-26 06:00:00+02:00
2021-10-29 05:25:25+02:00,368,FR,Unplanned outage,A03,,2021-10-29 03:30:00+02:00,HwcTTrMAg65cw1BYwWUA8Q,446.9,Hydro Water Reservoir,17W100P100P0290A,FRANCE,POUGET,1,MAW,PT1M,2,2021-10-29 03:22:00+02:00
2021-10-29 18:17:06+02:00,0,FR,Unplanned outage,A03,,2021-10-29 18:05:00+02:00,oyzvflP6o6anUPu8Oot-KA,446.9,Hydro Water Reservoir,17W100P100P0290A,FRANCE,POUGET,1,MAW,PT1M,3,2021-10-29 18:00:00+02:00
2021-11-02 11:55:23+01:00,0,FR,Unplanned outage,A03,,2021-11-02 12:00:00+01:00,lJ-SskWLN8m41k7bB_ZLvA,413.0,Fossil Gas,17W100P100P0344D,France,EMILE HUCHET 7,1,MAW,PT60M,1,2021-11-02 07:00:00+01:00
2021-11-05 06:25:26+01:00,0,FR,Unplanned outage,A03,,2021-11-05 06:20:00+01:00,lsUBm5gwXF9vlbr5brT9xA,401.0,Fossil Gas,17W100P100P0318E,France,FR-GA-MORANT1,1,MAW,PT1M,1,2021-11-05 06:15:00+01:00
2021-11-05 14:07:07+01:00,190,FR,Unplanned outage,A03,,2021-11-05 17:30:00+01:00,b-iyPDoZg8_ADwj1xW9nmg,406.0,Hydro Water Reservoir,17W100P100P02829,FRANCE,BROMMAT,1,MAW,PT30M,1,2021-11-05 16:30:00+01:00
2021-11-06 16:45:25+01:00,0,FR,Unplanned outage,A03,,2021-11-06 16:15:00+01:00,hsvKDhhzuQQ8yZ4cyo8C0g,413.0,Fossil Gas,17W100P100P0340L,France,Croix-de-Metz,1,MAW,PT15M,1,2021-11-06 16:00:00+01:00
2021-11-08 17:15:25+01:00,405,FR,Unplanned outage,A03,,2021-11-08 17:00:00+01:00,lFq7idc-0dOYnaVLnOMQsw,413.0,Fossil Gas,17W100P100P0344D,France,EMILE HUCHET 7,1,MAW,PT60M,1,2021-11-08 10:00:00+01:00
2021-11-09 01:25:29+01:00,0,FR,Unplanned outage,A03,,2021-11-09 01:15:00+01:00,7zoPBVqyhq6cHlp7WB6GSg,109.4,Hydro Water Reservoir,17W100P100P0289W,FRANCE,PIED DE BORNE,1,MAW,PT1M,1,2021-11-09 01:14:00+01:00
2021-11-12 14:00:47+01:00,0,FR,Unplanned outage,A03,,2021-11-12 10:00:00+01:00,K4PMExLX2CW0XkqPQAY3VQ,412.0,Fossil Gas,17W100P100P0341J,France,Pont-sur-Sambre,1,MAW,PT30M,3,2021-11-12 09:30:00+01:00
2021-11-17 07:20:28+01:00,420,FR,Unplanned outage,A03,,2021-11-16 18:00:00+01:00,Y2_0-m_ALBJMtEVmAj8Ghg,446.9,Hydro Water Reservoir,17W100P100P0290A,FRANCE,POUGET,1,MAW,PT60M,10,2021-10-29 03:00:00+02:00
2021-11-21 20:06:37+01:00,260,FR,Unplanned outage,A03,,2021-11-21 23:00:00+01:00,A7x_5JY02OmUXHzl1A02dw,401.0,Fossil Gas,17W100P100P0318E,France,FR-GA-MORANT1,1,MAW,PT60M,1,2021-11-21 18:00:00+01:00
2021-11-22 19:10:37+01:00,0,FR,Unplanned outage,A03,,2021-11-22 18:00:00+01:00,BGNdHIaBaWtB_5TUsm0gyg,401.0,Fossil Gas,17W100P100P0318E,France,FR-GA-MORANT1,1,MAW,PT60M,1,2021-11-22 00:00:00+01:00
2021-11-22 19:11:46+01:00,260,FR,Unplanned outage,A03,,2021-11-23 23:30:00+01:00,cEc0kr_CevMT80OPaXlk0g,401.0,Fossil Gas,17W100P100P0318E,France,FR-GA-MORANT1,1,MAW,PT30M,1,2021-11-23 23:00:00+01:00
2021-11-23 12:50:24+01:00,249,FR,Unplanned outage,A03,,2021-11-23 12:30:00+01:00,TXodsljPhigbgop1EiVlMA,297.0,Hydro Water Reservoir,17W100P100P02853,FRANCE,MALGOVERT,1,MAW,PT15M,2,2021-11-23 12:15:00+01:00
2021-11-24 09:25:26+01:00,260,FR,Unplanned outage,A03,,2021-11-25 23:45:00+01:00,sCyRhob175u-WN6qP-sS2w,401.0,Fossil Gas,17W100P100P0318E,France,FR-GA-MORANT1,1,MAW,PT15M,1,2021-11-25 23:30:00+01:00
2021-11-25 18:27:07+01:00,85,FR,Unplanned outage,A03,,2021-11-25 16:00:00+01:00,NHUnvTd6gdY54NKzWIl6KA,150.0,Hydro Run-of-river and poundage,17W100P100P0309F,FRANCE,SAUSSAZ,1,MAW,PT30M,2,2021-11-25 15:30:00+01:00
2021-12-01 19:50:24+01:00,0,FR,Unplanned outage,A03,,2021-12-02 12:00:00+01:00,Q1g4ZBMLXJVm5uK5esTZ_g,401.0,Fossil Gas,17W100P100P0318E,France,FR-GA-MORANT1,1,MAW,PT60M,1,2021-11-26 00:00:00+01:00
2021-12-06 08:20:25+01:00,43,FR,Unplanned outage,A03,,2021-12-05 17:00:00+01:00,NbYpOP4N2nIBimRYJWfwOw,285.0,Hydro Water Reservoir,17W100P100P0301V,FRANCE,VOUGLANS,1,MAW,PT60M,3,2021-12-04 19:00:00+01:00
2021-12-09 08:40:31+01:00,0,FR,Unplanned outage,A03,,2021-12-09 08:30:00+01:00,jgSCpjO3D1Q5umxA5batEQ,401.0,Fossil Gas,17W100P100P0318E,France,FR-GA-MORANT1,1,MAW,PT30M,1,2021-12-09 07:30:00+01:00
2021-12-13 09:35:38+01:00,211,FR,Unplanned outage,A03,,2021-12-13 18:00:00+01:00,TBrLoDQG90ILkFcH5xQjaQ,413.0,Fossil Gas,17W100P100P0345B,France,EMILE HUCHET 8,1,MAW,PT60M,1,2021-12-13 17:00:00+01:00
2021-12-22 17:55:31+01:00,93.8,FR,Unplanned outage,A03,,2021-12-21 20:54:00+01:00,BRxOQ5ncAUFAOnGgDTyUMg,119.0,Hydro Run-of-river and poundage,17W100P100P0313O,FRANCE,COUESQUE,1,MAW,PT1M,5,2021-12-21 20:45:00+01:00
2021-12-23 11:05:27+01:00,0,FR,Unplanned outage,A03,,2021-12-23 11:30:00+01:00,KxFgbM3uNNMcgwNKv6xV3g,401.0,Fossil Gas,17W100P100P0318E,France,FR-GA-MORANT1,1,MAW,PT30M,1,2021-12-23 11:00:00+01:00
2021-12-24 08:35:32+01:00,93.8,FR,Unplanned outage,A03,,2021-12-23 17:30:00+01:00,NA4jhneN_iqWqIjv8BvLng,119.0,Hydro Run-of-river and poundage,17W100P100P0313O,FRANCE,COUESQUE,1,MAW,PT30M,7,2021-12-23 17:00:00+01:00
2021-12-28 19:25:25+01:00,90,FR,Unplanned outage,A03,,2022-01-01 00:00:00+01:00,sNG8JqnU0g6SqGajKJsljg,126.0,Fossil Gas,17W000000989065O,France,FR_CPCU SAINT OUEN,1,MAW,PT60M,1,2021-12-28 19:00:00+01:00
2021-12-29 17:25:29+01:00,0,FR,Unplanned outage,A03,,2021-12-29 01:00:00+01:00,7G0WiyOBH6qHou3sbQB8nA,412.0,Fossil Gas,17W100P100P0341J,France,Pont-sur-Sambre,1,MAW,PT15M,1,2021-12-29 00:45:00+01:00
2021-12-30 20:25:27+01:00,0,FR,Unplanned outage,A03,,2022-01-02 12:00:00+01:00,yXBU8kEXTxxboxkRBRx_Lg,413.0,Fossil Gas,17W100P100P0340L,France,Croix-de-Metz,1,MAW,PT60M,1,2021-12-31 08:00:00+01:00
2022-01-03 10:40:34+01:00,345,FR,Unplanned outage,A03,,2022-01-03 23:45:00+01:00,m-xPafntaQVDENUZY47UOg,401.0,Fossil Gas,17W100P100P0318E,France,FR-GA-MORANT1,1,MAW,PT15M,2,2022-01-03 23:30:00+01:00
2022-01-05 13:35:55+01:00,142,FR,Unplanned outage,A03,,2021-12-22 02:15:00+01:00,ENxQHpFNH1f2cZv0-87lXQ,285.0,Hydro Water Reservoir,17W100P100P0301V,FRANCE,VOUGLANS,1,MAW,PT1M,12,2021-12-22 02:01:00+01:00
2022-01-05 22:30:29+01:00,0,FR,Unplanned outage,A03,,2022-01-06 16:00:00+01:00,TLp9nNAw_jTtfxs_QWeXLg,126.0,Fossil Gas,17W000000989065O,France,FR_CPCU SAINT OUEN,1,MAW,PT60M,1,2022-01-06 07:00:00+01:00
2022-01-07 13:50:26+01:00,142,FR,Unplanned outage,A03,,2022-01-07 13:00:00+01:00,zxPhuFJHkSfpQPq1uUHzdA,285.0,Hydro Water Reservoir,17W100P100P0301V,FRANCE,VOUGLANS,1,MAW,PT60M,4,2022-01-06 19:00:00+01:00
2022-01-25 17:10:33+01:00,0,FR,Unplanned outage,A03,,2022-01-25 17:00:00+01:00,QV3M7O8kOUMYBxLwyqOh5w,412.0,Fossil Gas,17W100P100P0341J,France,Pont-sur-Sambre,1,MAW,PT60M,1,2022-01-25 15:00:00+01:00
2022-01-30 15:20:24+01:00,102.41,FR,Unplanned outage,A03,,2022-01-30 17:00:00+01:00,B7BUdEH5nm-64bUffaXh2Q,146.0,Hydro Water Reservoir,17W100P100P0298V,FRANCE,SAINT ESTEVE,1,MAW,PT60M,2,2022-01-30 13:00:00+01:00
2022-02-07 16:00:45+01:00,0,FR,Unplanned outage,A03,,2022-02-05 19:00:00+01:00,1d4hSQr4WYQs-L_khrxQUA,413.0,Fossil Gas,17W100P100P0345B,France,EMILE HUCHET 8,1,MAW,PT60M,1,2022-02-05 16:00:00+01:00
2022-02-13 17:05:25+01:00,0,FR,Unplanned outage,A03,,2022-02-13 21:00:00+01:00,2xm7oeu6jBOBJ-T2NTIqDg,413.0,Fossil Gas,17W100P100P0340L,France,Croix-de-Metz,1,MAW,PT60M,1,2022-02-13 12:00:00+01:00
2022-02-14 20:35:29+01:00,0,FR,Unplanned outage,A03,,2022-02-04 17:00:00+01:00,95FWgoJULCOnuREN2KrzYA,413.0,Fossil Gas,17W100P100P0344D,France,EMILE HUCHET 7,1,MAW,PT30M,1,2022-02-04 16:30:00+01:00
2022-02-15 17:50:24+01:00,345,FR,Unplanned outage,A03,,2022-02-14 16:45:00+01:00,B0El4cUgGO-dfj1LGVf6qA,401.0,Fossil Gas,17W100P100P0318E,France,FR-GA-MORANT1,1,MAW,PT1M,1,2022-02-14 16:35:00+01:00
2022-02-17 17:45:46+01:00,0,FR,Unplanned outage,A03,,2022-02-17 17:15:00+01:00,l1Upeam-wUfQ1INopVefjQ,412.0,Fossil Gas,17W100P100P0341J,France,Pont-sur-Sambre,1,MAW,PT1M,1,2022-02-17 17:08:00+01:00
2022-02-17 18:06:43+01:00,0,FR,Unplanned outage,A03,,2022-02-17 18:00:00+01:00,z8xEokBZlDK1yzyaWa8Tmw,413.0,Fossil Gas,17W100P100P0345B,France,EMILE HUCHET 8,1,MAW,PT60M,1,2022-02-17 17:00:00+01:00
2022-02-24 08:40:27+01:00,59.5,FR,Unplanned outage,A03,,2022-02-23 19:00:00+01:00,BOgMMiuNvtkGjFT_7RYUpg,109.4,Hydro Water Reservoir,17W100P100P0289W,FRANCE,PIED DE BORNE,1,MAW,PT30M,4,2022-02-23 18:30:00+01:00
2022-02-27 09:05:48+01:00,0,FR,Unplanned outage,A03,,2022-02-23 08:00:00+01:00,iQytliuaiMoWioh2opNzbg,125.0,Fossil Gas,17W000000989066M,France,FR_CPCU COGEVITRY,1,MAW,PT30M,4,2022-02-23 07:30:00+01:00
2022-02-27 19:20:25+01:00,0,FR,Unplanned outage,A03,,2022-02-27 16:00:00+01:00,qjG883aD5MOiQk8x4S1nZg,413.0,Fossil Gas,17W100P100P0344D,France,EMILE HUCHET 7,1,MAW,PT30M,1,2022-02-27 15:30:00+01:00
2022-03-02 01:55:24+01:00,0,FR,Unplanned outage,A03,,2022-03-02 01:30:00+01:00,uLXWUH9L-CN8K7HW0QwoRA,446.0,Fossil Gas,17W000001023704Q,France,FR_LANDIVISIAUPU,1,MAW,PT30M,1,2022-03-02 01:00:00+01:00
2022-03-02 02:45:25+01:00,0,FR,Unplanned outage,A03,,2022-03-02 02:45:00+01:00,aAzJREy0QBGr00zO_cYc8w,446.0,Fossil Gas,17W000001023704Q,France,FR_LANDIVISIAUPU,1,MAW,PT1M,1,2022-03-02 02:35:00+01:00
2022-03-09 10:40:26+01:00,71,FR,Unplanned outage,A03,,2022-03-10 09:30:00+01:00,Nd2YTNoZ5KaMJYRJfccHBQ,131.8,Hydro Water Reservoir,17W100B100P0287S,FRANCE,MONTPEZAT,1,MAW,PT30M,2,2022-03-10 09:00:00+01:00
2022-03-11 14:45:28+01:00,0,FR,Unplanned outage,A03,,2022-03-31 23:30:00+02:00,MWA8XJa9rD6_dXevPk33Pg,446.0,Fossil Gas,17W000001023704Q,France,FR_LANDIVISIAUPU,1,MAW,PT30M,3,2022-03-31 23:00:00+02:00
2022-03-13 18:46:09+01:00,116.1,FR,Unplanned outage,A03,,2022-03-13 17:15:00+01:00,IWHmfZKmft81KsEaL9o6nw,183.0,Hydro Water Reservoir,17W100P100P02934,FRANCE,SARRANS,1,MAW,PT1M,4,2022-03-13 17:07:00+01:00
2022-03-14 16:20:25+01:00,0,FR,Unplanned outage,A03,,2022-03-14 14:00:00+01:00,ZptAMqPfZaIPnN3A3WfIuw,132.3,Hydro Water Reservoir,17W100P100P0297X,FRANCE,SAINTE CROIX,1,MAW,PT60M,1,2022-03-14 04:00:00+01:00
2022-03-22 18:35:30+01:00,0,FR,Unplanned outage,A03,,2022-03-25 15:00:00+01:00,UH0ILYVuLHGIUgjNcgDtIQ,125.0,Fossil Gas,17W000000989066M,France,FR_CPCU COGEVITRY,1,MAW,PT60M,1,2022-03-22 19:00:00+01:00
2022-03-25 08:50:24+01:00,406,FR,Unplanned outage,A03,,2022-03-24 09:00:00+01:00,poZFPwIi3_BQICQt7-716w,406.0,Hydro Water Reservoir,17W100P100P02829,FRANCE,BROMMAT,1,MAW,PT30M,9,2022-03-24 08:30:00+01:00
2022-04-06 16:32:25+02:00,85,FR,Unplanned outage,A03,,2022-04-06 15:45:00+02:00,tXSBsm2YqiNfco-2ncObMw,150.0,Hydro Run-of-river and poundage,17W100P100P0309F,FRANCE,SAUSSAZ,1,MAW,PT1M,2,2022-04-06 15:40:00+02:00
2022-04-07 23:55:25+02:00,0,FR,Unplanned outage,A03,,2022-04-07 19:30:00+02:00,ZtQ7DDabR1-1h_3p5AaY-Q,413.0,Fossil Gas,17W100P100P0345B,France,EMILE HUCHET 8,1,MAW,PT15M,1,2022-04-07 19:15:00+02:00
2022-04-08 11:25:25+02:00,0,FR,Unplanned outage,A03,,2022-04-08 11:00:00+02:00,v48wzpUfLu3whPmz_s6Uww,413.0,Fossil Gas,17W100P100P0345B,France,EMILE HUCHET 8,1,MAW,PT60M,1,2022-04-08 07:00:00+02:00
2022-04-08 19:15:27+02:00,0,FR,Unplanned outage,A03,,2022-04-08 18:45:00+02:00,1QG0Jl1c5snWgaR9XUIHLw,122.0,Hydro Run-of-river and poundage,17W100P100P03299,France,FR_SAINT-PIERRE,1,MAW,PT15M,1,2022-04-08 18:30:00+02:00
2022-04-08 19:15:44+02:00,0,FR,Unplanned outage,A03,,2022-04-08 18:30:00+02:00,KlV16Gp1j2ir4Jq6POFYfw,122.0,Hydro Run-of-river and poundage,17W100P100P03299,France,FR_SAINT-PIERRE,1,MAW,PT30M,1,2022-04-08 18:00:00+02:00
2022-04-12 09:30:25+02:00,0,FR,Unplanned outage,A03,,2022-04-12 09:45:00+02:00,57BI_ZkagdubOAFlqSCfvg,401.0,Fossil Gas,17W100P100P0318E,France,FR-GA-MORANT1,1,MAW,PT15M,1,2022-04-12 09:30:00+02:00
2022-04-12 10:55:25+02:00,0,FR,Unplanned outage,A03,,2022-04-13 12:00:00+02:00,oZY69vIsVVXfU_k7EQesoQ,446.0,Fossil Gas,17W000001023704Q,France,FR_LANDIVISIAUPU,1,MAW,PT60M,1,2022-04-12 05:00:00+02:00
2022-04-15 09:25:24+02:00,85,FR,Unplanned outage,A03,,2022-04-15 08:23:00+02:00,Z83nC_k-zk6vpHWJmF2cdg,413.0,Fossil Gas,17W100P100P0344D,France,EMILE HUCHET 7,1,MAW,PT1M,1,2022-04-15 08:22:00+02:00
2022-04-15 09:35:28+02:00,0,FR,Unplanned outage,A03,,2022-04-15 08:30:00+02:00,Zcxn5dcsB6BJ7ay8FnF2jQ,413.0,Fossil Gas,17W100P100P0345B,France,EMILE HUCHET 8,1,MAW,PT1M,1,2022-04-15 08:22:00+02:00
2022-04-15 19:20:24+02:00,84,FR,Unplanned outage,A03,,2022-04-15 20:00:00+02:00,SZS4DfVT-JvovCwEDBL3Sg,413.0,Fossil Gas,17W100P100P0345B,France,EMILE HUCHET 8,1,MAW,PT60M,1,2022-04-15 18:00:00+02:00
2022-04-17 07:55:24+02:00,280,FR,Unplanned outage,A03,,2022-04-17 07:50:00+02:00,MXD9S3YFIL77LPCBjWVTxQ,413.0,Fossil Gas,17W100P100P0345B,France,EMILE HUCHET 8,1,MAW,PT1M,1,2022-04-17 07:45:00+02:00
2022-04-18 18:50:28+02:00,90,FR,Unplanned outage,A03,,2022-04-18 23:00:00+02:00,_qIUcs_adl62Fb4cRnd1Bw,446.0,Fossil Gas,17W000001023704Q,France,FR_LANDIVISIAUPU,1,MAW,PT60M,1,2022-04-18 18:00:00+02:00
2022-04-19 18:40:25+02:00,0,FR,Unplanned outage,A03,,2022-04-19 18:15:00+02:00,xZ5L4tBoJgwSmzakRVa83A,401.0,Fossil Gas,17W100P100P0318E,France,FR-GA-MORANT1,1,MAW,PT1M,1,2022-04-19 18:14:00+02:00
2022-04-24 20:01:15+02:00,98,FR,Unplanned outage,A03,,2022-04-24 20:00:00+02:00,lZgrDufFgdiXivxPbdNHRA,446.0,Fossil Gas,17W000001023704Q,France,FR_LANDIVISIAUPU,1,MAW,PT30M,1,2022-04-24 19:30:00+02:00
2022-04-27 07:45:24+02:00,54.8,FR,Unplanned outage,A03,,2022-04-27 17:00:00+02:00,C-bxWrsQrRu6XXh11xtYRQ,132.3,Hydro Water Reservoir,17W100P100P0297X,FRANCE,SAINTE CROIX,1,MAW,PT60M,2,2022-04-27 05:00:00+02:00
2022-05-07 22:55:24+02:00,0,FR,Unplanned outage,A03,,2022-05-07 22:00:00+02:00,S48u3uCFofbuHGCaKoVA9g,412.0,Fossil Gas,17W100P100P0341J,France,Pont-sur-Sambre,1,MAW,PT1M,1,2022-05-07 21:59:00+02:00
2022-05-19 07:06:40+02:00,235,FR,Unplanned outage,A03,,2022-05-19 06:15:00+02:00,80tD6sRMSAIsEFxYH2EIXg,420.0,Fossil Gas,17W100P100P0318E,France,FR-GA-MORANT1,1,MAW,PT15M,1,2022-05-19 05:45:00+02:00
2022-05-19 13:30:46+02:00,0,FR,Unplanned outage,A03,,2022-05-19 13:15:00+02:00,AkzRoARgOS8qTf_EffFeZQ,445.0,Fossil Gas,17W100P100P0341J,France,Pont-sur-Sambre,1,MAW,PT1M,1,2022-05-19 13:02:00+02:00
2022-05-21 19:45:26+02:00,95,FR,Unplanned outage,A03,,2022-05-21 18:30:00+02:00,0cIn5uR9goXeHN0uwbXW-A,446.0,Fossil Gas,17W000001023704Q,France,FR_LANDIVISIAUPU,1,MAW,PT30M,1,2022-05-21 18:00:00+02:00
2022-05-21 20:40:28+02:00,205,FR,Unplanned outage,A03,,2022-05-22 02:30:00+02:00,dDnJgihFpMXMlKMQ-kOSIg,420.0,Fossil Gas,17W100P100P0318E,France,FR-GA-MORANT1,1,MAW,PT30M,1,2022-05-22 02:00:00+02:00
2022-05-22 00:30:45+02:00,0,FR,Unplanned outage,A03,,2022-05-21 22:45:00+02:00,y3M8Zu1AEOi16HTXW_oqRQ,132.3,Hydro Water Reservoir,17W100P100P0297X,FRANCE,SAINTE CROIX,1,MAW,PT1M,2,2022-05-21 22:39:00+02:00
2022-05-22 08:55:25+02:00,0,FR,Unplanned outage,A03,,2022-05-21 23:00:00+02:00,49f7aBhZiwLvaz81hPzDxQ,132.3,Hydro Water Reservoir,17W100P100P0297X,FRANCE,SAINTE CROIX,1,MAW,PT30M,1,2022-05-21 22:30:00+02:00
2022-05-26 19:05:28+02:00,0,FR,Unplanned outage,A03,,2022-05-26 19:00:00+02:00,ZoXvk2mH1DZuuD6kPsLehQ,101.0,Hydro Run-of-river and poundage,17W100P100P0317G,FRANCE,SAINT PIERRE COGNET,1,MAW,PT60M,2,2022-05-26 18:00:00+02:00
2022-05-31 10:55:25+02:00,0,FR,Unplanned outage,A03,,2022-05-31 10:00:00+02:00,8J-dW0hQV6_t-6QqwnS8QQ,445.0,Fossil Gas,17W100P100P0340L,France,Croix-de-Metz,1,MAW,PT30M,1,2022-05-31 09:30:00+02:00
2022-06-02 07:35:36+02:00,250,FR,Unplanned outage,A03,,2022-06-02 11:00:00+02:00,0XH8hNbtmJAqKK4oGwIB-A,446.0,Fossil Gas,17W100P100P0345B,France,Saint_Avold_8,1,MAW,PT60M,1,2022-06-02 07:00:00+02:00
2022-06-03 12:15:28+02:00,0,FR,Unplanned outage,A03,,2022-06-03 09:15:00+02:00,OOOtt6oZf4kjSvEJ0eMMrQ,122.0,Hydro Run-of-river and poundage,17W100P100P03299,France,FR_SAINT-PIERRE,1,MAW,PT1M,1,2022-06-03 09:14:00+02:00
2022-06-04 20:15:28+02:00,280,FR,Unplanned outage,A03,,2022-06-04 21:00:00+02:00,QKorsVYhcmqsYgzsjrX2wQ,420.0,Fossil Gas,17W100P100P0318E,France,FR-GA-MORANT1,1,MAW,PT60M,1,2022-06-04 19:00:00+02:00
2022-06-08 15:55:26+02:00,0,FR,Unplanned outage,A03,,2022-06-08 14:45:00+02:00,tl0YYbQ5kKt61ckP0-J8OA,406.0,Hydro Water Reservoir,17W100P100P02829,FRANCE,BROMMAT,1,MAW,PT1M,3,2022-06-08 14:40:00+02:00
2022-06-17 15:56:41+02:00,350,FR,Unplanned outage,A03,,2022-06-17 15:30:00+02:00,dRHQ7vFGZn8LByqqdQfI7g,446.0,Fossil Gas,17W000001023704Q,France,FR_LANDIVISIAUPU,1,MAW,PT1M,1,2022-06-17 15:21:00+02:00
2022-06-23 09:55:40+02:00,0,FR,Unplanned outage,A03,,2022-06-24 09:00:00+02:00,rpwCK9KS4obPzTGjo8O4hQ,446.0,Fossil Gas,17W000001023704Q,France,FR_LANDIVISIAUPU,1,MAW,PT60M,1,2022-06-21 05:00:00+02:00
2022-06-25 12:35:31+02:00,98,FR,Unplanned outage,A03,,2022-06-25 17:00:00+02:00,H4z6z4Qm6fnJ46MTM-joWA,446.0,Fossil Gas,17W000001023704Q,France,FR_LANDIVISIAUPU,1,MAW,PT60M,1,2022-06-25 16:00:00+02:00
2022-06-26 19:20:45+02:00,0,FR,Unplanned outage,A03,,2022-06-26 17:00:00+02:00,u6A5HZFUx1BwpGd9UPqRIw,445.0,Fossil Gas,17W100P100P0340L,France,Croix-de-Metz,1,MAW,PT1M,1,2022-06-26 16:49:00+02:00
2022-06-29 15:22:29+02:00,0,FR,Unplanned outage,A03,,2022-06-29 07:00:00+02:00,9FvYCwovrvTQuSxfiLyY_A,446.0,Fossil Gas,17W000001023704Q,France,FR_LANDIVISIAUPU,1,MAW,PT30M,1,2022-06-29 06:30:00+02:00
