2015-01-05 11:32:54+01:00,248,SI,Unplanned outage,A03,,2015-01-11 00:00:00+01:00,fD49OUocfS5_CQ2JPGzHLw,553.0,Fossil Brown coal/Lignite,28W-G-000000080M,Šoštanj,TE Šoštanj,1,MAW,PT1M,1,2014-12-30 23:47:00+01:00
2015-01-09 14:36:49+01:00,248,SI,Unplanned outage,A03,,2015-01-12 09:00:00+01:00,A4-qNc0vMu4xHKciQ-k6Zw,553.0,Fossil Brown coal/Lignite,28W-G-000000080M,Šoštanj,TE Šoštanj,1,MAW,PT1M,1,2014-12-30 23:47:00+01:00
2015-01-09 14:37:15+01:00,305,SI,Unplanned outage,A03,,2015-01-19 00:00:00+01:00,NJz2BnMdpyX4BdTrR9arkw,553.0,Fossil Brown coal/Lignite,28W-G-000000080M,Šoštanj,TE Šoštanj,1,MAW,PT1M,1,2015-01-12 11:00:00+01:00
2015-01-12 08:07:24+01:00,248,SI,Unplanned outage,A03,,2015-01-14 06:19:00+01:00,5ydnnBuMl_glrP7WGmJHtw,553.0,Fossil Brown coal/Lignite,28W-G-000000080M,Šoštanj,TE Šoštanj,1,MAW,PT1M,1,2015-01-12 07:19:00+01:00
2015-01-12 10:28:08+01:00,248,SI,Unplanned outage,A03,,2015-01-12 09:35:00+01:00,yqrGo1kMhWteCvoiSbetNA,553.0,Fossil Brown coal/Lignite,28W-G-000000080M,Šoštanj,TE Šoštanj,1,MAW,PT1M,1,2015-01-12 08:00:00+01:00
2015-01-14 00:32:07+01:00,546,SI,Unplanned outage,A03,,2015-01-14 04:00:00+01:00,33mh7aYCPL9yEnmTbW3pLA,553.0,Fossil Brown coal/Lignite,28W-G-000000080M,Šoštanj,TE Šoštanj,1,MAW,PT1M,1,2015-01-13 23:09:00+01:00
2015-01-25 15:54:52+01:00,248,SI,Unplanned outage,A03,,2015-02-02 00:00:00+01:00,a_LTKrSQ6lPpC92GRYXeWQ,553.0,Fossil Brown coal/Lignite,28W-G-000000080M,Šoštanj,TE Šoštanj,1,MAW,PT1M,1,2015-01-24 22:28:00+01:00
2015-01-28 10:19:54+01:00,248,SI,Unplanned outage,A03,,2015-02-04 14:00:00+01:00,U1CQtH4ojlJrAFpquQsTHA,553.0,Fossil Brown coal/Lignite,28W-G-000000080M,Šoštanj,TE Šoštanj,1,MAW,PT1M,1,2015-01-28 10:00:00+01:00
2015-02-15 19:41:00+01:00,248,SI,Unplanned outage,A03,,2015-02-16 06:00:00+01:00,9x1zRz2CseDNUYv0voqweg,553.0,Fossil Brown coal/Lignite,28W-G-000000080M,Šoštanj,TE Šoštanj,1,MAW,PT1M,1,2015-02-08 18:11:00+01:00
2015-02-17 14:57:34+01:00,305,SI,Unplanned outage,A03,,2015-03-02 00:00:00+01:00,zzbdx5W5EVSrZtjgS4xmWA,553.0,Fossil Brown coal/Lignite,28W-G-000000080M,Šoštanj,TE Šoštanj,1,MAW,PT1M,1,2015-02-17 22:00:00+01:00
2015-02-23 10:39:11+01:00,248,SI,Unplanned outage,A03,,2015-02-23 13:00:00+01:00,q4jZZIPo57evWjCJRDDRTA,553.0,Fossil Brown coal/Lignite,28W-G-000000080M,Šoštanj,TE Šoštanj,1,MAW,PT1M,1,2015-02-23 10:26:00+01:00
2015-02-24 07:57:59+01:00,545.5,SI,Unplanned outage,A03,,2015-02-28 00:00:00+01:00,HbH_Iw0cwGoaVp1yXHEkdg,553.0,Fossil Brown coal/Lignite,28W-G-000000080M,Šoštanj,TE Šoštanj,1,MAW,PT1M,1,2015-02-24 07:00:00+01:00
2015-03-02 12:05:55+01:00,248,SI,Unplanned outage,A03,,2015-03-03 01:00:00+01:00,cXrm_DjTGNgu9xf8ZgJ87A,553.0,Fossil Brown coal/Lignite,28W-G-000000080M,Šoštanj,TE Šoštanj,1,MAW,PT1M,1,2015-03-01 12:00:00+01:00
2015-03-06 12:12:35+01:00,305,SI,Unplanned outage,A03,,2015-03-08 10:00:00+01:00,5AoFPwJuh3ikeZivLuSSvA,553.0,Fossil Brown coal/Lignite,28W-G-000000080M,Šoštanj,TE Šoštanj,1,MAW,PT1M,1,2015-03-06 22:00:00+01:00
2015-03-06 12:12:43+01:00,305,SI,Unplanned outage,A03,,2015-03-09 04:00:00+01:00,hZXwa8usFB78QRuTffDeZQ,553.0,Fossil Brown coal/Lignite,28W-G-000000080M,Šoštanj,TE Šoštanj,1,MAW,PT1M,1,2015-03-08 20:00:00+01:00
2015-03-06 12:12:52+01:00,305,SI,Unplanned outage,A03,,2015-03-08 20:00:00+01:00,kCtf539kGJ-Mc8ZJ1agxTg,553.0,Fossil Brown coal/Lignite,28W-G-000000080M,Šoštanj,TE Šoštanj,1,MAW,PT1M,1,2015-03-08 10:00:00+01:00
2015-03-23 09:54:12+01:00,305,SI,Unplanned outage,A03,,2015-03-26 22:00:00+01:00,_LtM1_dQZDV6ngvD17o4nA,553.0,Fossil Brown coal/Lignite,28W-G-000000080M,Šoštanj,TE Šoštanj,1,MAW,PT1M,1,2015-03-24 07:00:00+01:00
2015-04-22 05:19:30+02:00,248,SI,Unplanned outage,A03,,2015-04-22 04:47:00+02:00,Uy98UruOpFBhQt_AZJ7LlQ,553.0,Fossil Brown coal/Lignite,28W-G-000000080M,Šoštanj,TE Šoštanj,1,MAW,PT1M,1,2015-04-21 16:30:00+02:00
2015-05-23 04:39:08+02:00,545.5,SI,Unplanned outage,A03,,2015-05-20 20:48:00+02:00,Qqm07vuwhtFtJynESypUMA,553.0,Fossil Brown coal/Lignite,28W-G-000000080M,Šoštanj,TE Šoštanj,1,MAW,PT1M,1,2015-05-20 15:28:00+02:00
2015-05-23 04:39:12+02:00,545.5,SI,Unplanned outage,A03,,2015-05-20 20:48:00+02:00,GrpEw46W2MVmbF3kN3dENA,553.0,Fossil Brown coal/Lignite,28W-G-000000080M,Šoštanj,TE Šoštanj,1,MAW,PT1M,1,2015-05-20 15:28:00+02:00
2015-05-24 01:08:07+02:00,545.5,SI,Unplanned outage,A03,,2015-05-25 08:00:00+02:00,dpej8Ivzp1fabEWb4W1RWQ,553.0,Fossil Brown coal/Lignite,28W-G-000000080M,Šoštanj,TE Šoštanj,1,MAW,PT1M,1,2015-05-23 02:34:00+02:00
2015-05-27 00:45:05+02:00,248,SI,Unplanned outage,A03,,2015-05-27 00:53:00+02:00,QWi2hVUS_iuYlBR3_N0Igw,553.0,Fossil Brown coal/Lignite,28W-G-000000080M,Šoštanj,TE Šoštanj,1,MAW,PT1M,1,2015-05-27 00:37:00+02:00
2015-05-29 16:35:48+02:00,305,SI,Unplanned outage,A03,,2015-06-15 16:34:00+02:00,H7ujDjU9AS-ssTc24hdb5Q,553.0,Fossil Brown coal/Lignite,28W-G-000000080M,Šoštanj,TE Šoštanj,1,MAW,PT1M,1,2015-05-29 17:00:00+02:00
2015-07-31 23:27:00+02:00,545.5,SI,Unplanned outage,A03,,2015-08-17 03:00:00+02:00,dZDeDclq-d3c4OVF177u4Q,553.0,Fossil Brown coal/Lignite,28W-G-000000080M,Šoštanj,TE Šoštanj,1,MAW,PT1M,1,2015-07-31 23:12:00+02:00
2015-08-04 15:59:27+02:00,248,SI,Unplanned outage,A03,,2015-08-23 15:58:00+02:00,dNZoD2AZpoYlu5ayHyg34w,553.0,Fossil Brown coal/Lignite,28W-G-000000080M,Šoštanj,TE Šoštanj,1,MAW,PT1M,1,2015-08-04 15:53:00+02:00
2015-08-07 11:30:14+02:00,248,SI,Unplanned outage,A03,,2015-08-10 06:00:00+02:00,oZSe-62uTuFBlfsaXRro0A,553.0,Fossil Brown coal/Lignite,28W-G-000000080M,Šoštanj,TE Šoštanj,1,MAW,PT1M,1,2015-08-04 15:53:00+02:00
2015-10-05 10:07:57+02:00,545.5,SI,Unplanned outage,A03,,2015-10-05 10:01:00+02:00,LVDLg2iS_PHKYxC_1Gnqgg,553.0,Fossil Brown coal/Lignite,28W-G-000000080M,Šoštanj,TE Šoštanj,1,MAW,PT1M,1,2015-10-05 09:58:00+02:00
2015-10-05 14:25:14+02:00,0,SI,Unplanned outage,A03,,2015-10-05 10:01:00+02:00,ANSTz6p_XTf7x2INvOJzFw,553.0,Fossil Brown coal/Lignite,28W-G-000000080M,Šoštanj,TE Šoštanj,1,MAW,PT1M,1,2015-10-05 09:58:00+02:00
2015-10-05 14:28:44+02:00,0,SI,Unplanned outage,A03,,2015-10-05 10:01:00+02:00,rIEv26dl7-B0g32mFgFzBg,553.0,Fossil Brown coal/Lignite,28W-G-000000080M,Šoštanj,TE Šoštanj,1,MAW,PT1M,1,2015-10-05 09:58:00+02:00
2015-10-13 16:39:01+02:00,248,SI,Unplanned outage,A03,,2015-10-13 16:25:00+02:00,ZCfdXHizs3UsbnG3YaLiYQ,553.0,Fossil Brown coal/Lignite,28W-G-000000080M,Šoštanj,TE Šoštanj,1,MAW,PT1M,1,2015-10-12 18:00:00+02:00
2015-10-19 08:43:40+02:00,545.5,SI,Unplanned outage,A03,,2015-10-19 06:29:00+02:00,JcBMIqR19KN1G0nDal-RvA,553.0,Fossil Brown coal/Lignite,28W-G-000000080M,Šoštanj,TE Šoštanj,1,MAW,PT1M,1,2015-10-19 05:55:00+02:00
2015-12-01 16:16:02+01:00,248,SI,Unplanned outage,A03,,2015-12-01 14:48:00+01:00,5ZmGhweaXvotrnptLAzU7w,553.0,Fossil Brown coal/Lignite,28W-G-000000080M,Šoštanj,TE Šoštanj,1,MAW,PT1M,1,2015-11-12 15:00:00+01:00
2015-12-07 11:16:07+01:00,545.5,SI,Unplanned outage,A03,,2015-12-28 06:00:00+01:00,NVnkxBwX1ftRgTPLATGiuA,553.0,Fossil Brown coal/Lignite,28W-G-000000080M,Šoštanj,TE Šoštanj,1,MAW,PT1M,1,2015-12-19 00:00:00+01:00
2015-12-17 16:18:12+01:00,545.5,SI,Unplanned outage,A03,,2015-12-18 16:12:00+01:00,EdeibNsrTmFsD5dS7YX5cw,553.0,Fossil Brown coal/Lignite,28W-G-000000080M,Šoštanj,TE Šoštanj,1,MAW,PT1M,1,2015-12-17 16:08:00+01:00
2015-12-17 16:18:43+01:00,545.5,SI,Unplanned outage,A03,,2015-12-18 16:12:00+01:00,_MYkq3XpvCn-efyvksVfuQ,553.0,Fossil Brown coal/Lignite,28W-G-000000080M,Šoštanj,TE Šoštanj,1,MAW,PT1M,1,2015-12-17 16:08:00+01:00
2015-12-19 06:36:06+01:00,545.5,SI,Unplanned outage,A03,,2015-12-28 06:00:00+01:00,24k4-IQfXBNuDdKL7K58DQ,553.0,Fossil Brown coal/Lignite,28W-G-000000080M,Šoštanj,TE Šoštanj,1,MAW,PT1M,1,2015-12-19 06:17:00+01:00
2015-12-24 18:25:32+01:00,248,SI,Unplanned outage,A03,,2015-12-28 03:00:00+01:00,eVflj_rgay9u9UknoOZM-Q,553.0,Fossil Brown coal/Lignite,28W-G-000000080M,Šoštanj,TE Šoštanj,1,MAW,PT1M,1,2015-12-25 03:00:00+01:00
2015-12-26 06:55:23+01:00,545.5,SI,Unplanned outage,A03,,2015-12-26 10:44:00+01:00,znSpGOwAsxOvOmTOOOyfmQ,553.0,Fossil Brown coal/Lignite,28W-G-000000080M,Šoštanj,TE Šoštanj,1,MAW,PT1M,1,2015-12-26 06:44:00+01:00
2015-12-26 07:38:26+01:00,545.5,SI,Unplanned outage,A03,,2015-12-26 11:24:00+01:00,XbCqSHuhr6UQ9GE2wLyXUw,553.0,Fossil Brown coal/Lignite,28W-G-000000080M,Šoštanj,TE Šoštanj,1,MAW,PT1M,1,2015-12-26 07:24:00+01:00
2016-01-20 11:50:44+01:00,50,SI,Unplanned outage,A03,,2016-01-22 00:00:00+01:00,taVVLkbpvninYjl7z3tOlA,553.0,Fossil Brown coal/Lignite,28W-G-000000080M,Šoštanj,TE Šoštanj,1,MAW,PT1M,1,2016-01-21 00:00:00+01:00
2016-01-20 14:54:19+01:00,20,SI,Unplanned outage,A03,,2016-01-22 08:00:00+01:00,xYSDrLdF6ar-0YZ2SWhY3g,553.0,Fossil Brown coal/Lignite,28W-G-000000080M,Šoštanj,TE Šoštanj,1,MAW,PT1M,1,2016-01-21 22:00:00+01:00
2016-02-08 06:42:08+01:00,545.5,SI,Unplanned outage,A03,,2016-02-08 12:30:00+01:00,ey7lzSUF298MrGNUDzni8w,553.0,Fossil Brown coal/Lignite,28W-G-000000080M,Šoštanj,TE Šoštanj,1,MAW,PT1M,1,2016-02-08 06:17:00+01:00
