2015-03-05 18:42:32+01:00,0,SE_4,Unplanned outage,A03,,2015-03-05 18:30:00+01:00,mIJCUKKpmgWQpPGxLnOYBQ,172.0,Fossil Oil,46WPU00000000024,SE4,Gasturbiner Halmstad,1,MAW,PT1M,6,2015-02-25 12:00:00+01:00
2015-03-18 14:25:22+01:00,0,SE_4,Unplanned outage,A03,,2015-03-18 13:30:00+01:00,RJfVIaDB-2lVHX4Kkiwodw,172.0,Fossil Oil,46WPU00000000024,SE4,Gasturbiner Halmstad,1,MAW,PT1M,4,2015-03-16 14:39:00+01:00
2015-04-28 14:34:46+02:00,0,SE_4,Unplanned outage,A03,,2015-04-28 14:25:00+02:00,SeMZLwBCpz12LOjwVNgvqw,172.0,Fossil Oil,46WPU00000000024,SE4,Gasturbiner Halmstad,1,MAW,PT1M,2,2015-04-28 09:50:00+02:00
2015-07-06 20:41:05+02:00,110,SE_4,Unplanned outage,A03,,2015-07-09 10:00:00+02:00,8yGN7pEagY9smVtAJpdeVg,294.0,Fossil Gas,46WPU00000000040,SE4,Öresundsverket CHP,1,MAW,PT1M,1,2015-07-06 20:30:00+02:00
2015-08-31 13:31:02+02:00,110,SE_4,Unplanned outage,A03,,2015-08-31 13:00:00+02:00,gz_UgwdrrBx-GLS1h9zVBA,294.0,Fossil Gas,46WPU00000000040,SE4,Öresundsverket CHP,1,MAW,PT1M,5,2015-07-24 15:00:00+02:00
2015-09-10 02:42:28+02:00,0,SE_4,Unplanned outage,A03,,2015-09-09 22:10:00+02:00,xhZWPsInF6m5kd2RTBa1nw,172.0,Fossil Oil,46WPU00000000024,SE4,Gasturbiner Halmstad,1,MAW,PT1M,4,2015-09-09 09:15:00+02:00
2015-09-24 16:24:11+02:00,0,SE_4,Unplanned outage,A03,,2015-09-24 18:30:00+02:00,y6C4UwlBRXgwBmyiJGYRDw,172.0,Fossil Oil,46WPU00000000024,SE4,Gasturbiner Halmstad,1,MAW,PT1M,2,2015-09-24 07:00:00+02:00
2016-01-06 16:03:27+01:00,0,SE_4,Unplanned outage,A03,,2016-01-06 17:00:00+01:00,Alb-z4G6CkTYY9dI_g_5og,335.0,Fossil Oil,46WPU0000000005Z,SE4,Karlshamn,1,MAW,PT1M,1,2016-01-06 15:03:00+01:00
2016-01-14 13:08:42+01:00,35,SE_4,Unplanned outage,A03,,2016-01-14 09:15:00+01:00,xxlUZJpdFsxRJcTDaA0pvw,335.0,Fossil Oil,46WPU0000000005Z,SE4,Karlshamn,1,MAW,PT1M,1,2016-01-14 08:15:00+01:00
2016-02-10 21:50:28+01:00,0,SE_4,Unplanned outage,A03,,2016-02-11 12:00:00+01:00,n_kA6Q-XvidUW5Va_x8yBw,172.0,Fossil Oil,46WPU00000000024,SE4,Gasturbiner Halmstad,1,MAW,PT1M,2,2016-02-10 16:52:00+01:00
2016-11-11 14:09:27+01:00,0,SE_4,Unplanned outage,A03,,2016-11-11 14:00:00+01:00,0q8XszuBrrlC0JvNG_cK9g,335.0,Fossil Oil,46WPU0000000005Z,SE4,Karlshamn,1,MAW,PT1M,9,2016-10-04 13:30:00+02:00
2016-11-13 22:13:52+01:00,0,SE_4,Unplanned outage,A03,,2016-11-13 23:59:00+01:00,YApuEfnR-tJs8KNhPoO09w,172.0,Fossil Oil,46WPU00000000024,SE4,Gasturbiner Halmstad,1,MAW,PT1M,2,2016-11-13 18:03:00+01:00
2017-02-02 15:53:53+01:00,0,SE_4,Unplanned outage,A03,,2017-02-02 15:30:00+01:00,1t9PFHvJKKFnajRdO1dEBQ,172.0,Fossil Oil,46WPU00000000024,SE4,Gasturbiner Halmstad,1,MAW,PT1M,4,2017-01-30 10:00:00+01:00
2017-10-04 16:20:14+02:00,0,SE_4,Unplanned outage,A03,,2017-10-05 18:00:00+02:00,IXZgEo6pLPIk8dAGU3H1qQ,335.0,Fossil Oil,46WPU0000000005Z,SE4,Karlshamn,1,MAW,PT1M,4,2017-09-29 16:00:00+02:00
2018-05-21 11:38:07+02:00,0,SE_4,Unplanned outage,A03,,2018-05-21 16:00:00+02:00,VZjQscMrlMhtdsgDcO2LIA,335.0,Fossil Oil,46WPU0000000005Z,SE4,Karlshamn,1,MAW,PT60M,1,2018-05-21 14:00:00+02:00
2018-08-30 19:59:06+02:00,0,SE_4,Unplanned outage,A03,,2018-08-29 08:00:00+02:00,pfXto29VDrXRHaYbzA2EJw,172.0,Fossil Oil,46WPU00000000024,SE4,Gasturbiner Halmstad,1,MAW,PT30M,3,2018-08-29 07:30:00+02:00
2019-01-10 10:38:00+01:00,0,SE_4,Unplanned outage,A03,,2019-01-10 09:00:00+01:00,xtjuAceLqaVRruTKs87OEA,172.0,Fossil Oil,46WPU00000000024,SE4,Gasturbiner Halmstad,1,MAW,PT30M,2,2019-01-10 08:30:00+01:00
2019-01-23 11:45:20+01:00,0,SE_4,Unplanned outage,A03,,2019-01-23 12:00:00+01:00,mv8zMfPxMH7LredLjLDotA,172.0,Fossil Oil,46WPU00000000024,SE4,Gasturbiner Halmstad,1,MAW,PT30M,1,2019-01-23 11:30:00+01:00
2020-09-20 21:08:21+02:00,0,SE_4,Unplanned outage,A03,,2020-09-18 20:15:00+02:00,mAaeaLMpkSpbqsIUdzBjDw,172.0,Fossil Oil,46WPU00000000024,SE4,Gasturbiner Halmstad,1,MAW,PT1M,2,2020-09-18 20:10:00+02:00
2020-12-14 16:58:18+01:00,0,SE_4,Unplanned outage,A03,,2020-12-14 20:00:00+01:00,9l62mlCnJ43kg46AVyQKZQ,172.0,Fossil Oil,46WPU00000000024,SE4,Gasturbiner Halmstad,1,MAW,PT60M,1,2020-12-14 17:00:00+01:00
2020-12-19 21:07:43+01:00,0,SE_4,Unplanned outage,A03,,2020-12-20 19:00:00+01:00,8wdoufUePTS58N2ToteLEQ,172.0,Fossil Oil,46WPU00000000024,SE4,Gasturbiner Halmstad,1,MAW,PT60M,1,2020-12-20 10:00:00+01:00
2021-02-11 08:34:12+01:00,0,SE_4,Unplanned outage,A03,,2021-02-11 05:00:00+01:00,zF4aXYlnOtQTusB_yJ6u6g,335.0,Fossil Oil,46WPU0000000005Z,SE4,Karlshamn,1,MAW,PT1M,3,2021-02-11 04:50:00+01:00
2021-06-12 12:54:47+02:00,0,SE_4,Unplanned outage,A03,,2021-06-10 11:15:00+02:00,PvOuxKP4-Mh7q9_s9JR8Ww,335.0,Fossil Oil,46WPU0000000005Z,SE4,Karlshamn,1,MAW,PT1M,2,2021-06-10 11:05:00+02:00
2021-08-08 09:50:09+02:00,0,SE_4,Unplanned outage,A03,,2021-08-08 09:00:00+02:00,2Zw96Z5_w8uFFirRS80G_A,172.0,Fossil Oil,46WPU00000000024,SE4,Gasturbiner Halmstad,1,MAW,PT60M,2,2021-08-05 11:00:00+02:00
2021-08-19 13:44:45+02:00,0,SE_4,Unplanned outage,A03,,2021-08-19 13:00:00+02:00,dUtQlCSpm5U6o42LWV_oBg,172.0,Fossil Oil,46WPU00000000024,SE4,Gasturbiner Halmstad,1,MAW,PT1M,2,2021-08-19 12:50:00+02:00
2021-09-16 20:31:58+02:00,0,SE_4,Unplanned outage,A03,,2021-09-16 18:45:00+02:00,ftlhA7bT_DI0U0KFD-Yjcw,335.0,Fossil Oil,46WPU0000000005Z,SE4,Karlshamn,1,MAW,PT1M,2,2021-09-16 18:40:00+02:00
2021-12-01 10:18:44+01:00,0,SE_4,Unplanned outage,A03,,2021-12-01 09:15:00+01:00,axqTXma6YGka4D90DBHT8w,335.0,Fossil Oil,46WPU0000000005Z,SE4,Karlshamn,1,MAW,PT1M,2,2021-12-01 09:04:00+01:00
2021-12-11 06:08:01+01:00,0,SE_4,Unplanned outage,A03,,2021-12-11 07:00:00+01:00,juDd_aLoejwsnSurDPWjCg,335.0,Fossil Oil,46WPU0000000005Z,SE4,Karlshamn,1,MAW,PT60M,1,2021-12-11 05:00:00+01:00
2021-12-27 11:32:19+01:00,95,SE_4,Unplanned outage,A03,,2021-12-23 15:00:00+01:00,-g0s8Nodo4bgx_Ck9XF8ng,335.0,Fossil Oil,46WPU0000000005Z,SE4,Karlshamn,1,MAW,PT30M,3,2021-12-23 14:30:00+01:00
2022-03-04 14:58:56+01:00,0,SE_4,Unplanned outage,A03,,2022-03-03 06:15:00+01:00,0x2T0M2XiPHCWmUip0igxw,172.0,Fossil Oil,46WPU00000000024,SE4,Gasturbiner Halmstad,1,MAW,PT1M,3,2022-03-03 06:10:00+01:00
2022-03-21 11:32:16+01:00,0,SE_4,Unplanned outage,A03,,2022-03-22 18:00:00+01:00,1OBqWg9xKLeaw_FYiw1AUg,335.0,Fossil Oil,46WPU0000000005Z,SE4,Karlshamn,1,MAW,PT60M,1,2022-03-22 07:00:00+01:00
2022-03-28 09:36:13+02:00,0,SE_4,Unplanned outage,A03,,2022-03-28 09:00:00+02:00,zugqYtRn1_VfzdBfn25w9w,335.0,Fossil Oil,46WPU0000000005Z,SE4,Karlshamn,1,MAW,PT60M,4,2022-03-27 20:00:00+02:00
2022-05-20 13:31:15+02:00,0,SE_4,Unplanned outage,A03,,2022-05-20 13:00:00+02:00,pahvY1aeNYsWW-cUK2faKg,172.0,Fossil Oil,46WPU00000000024,SE4,Gasturbiner Halmstad,1,MAW,PT60M,3,2022-05-20 08:00:00+02:00
2022-06-08 14:33:16+02:00,0,SE_4,Unplanned outage,A03,,2022-06-06 11:30:00+02:00,OA4zL_YKsDeZBA-bQjJ5_Q,335.0,Fossil Oil,46WPU0000000005Z,SE4,Karlshamn,1,MAW,PT1M,2,2022-06-06 11:20:00+02:00
2022-06-24 08:57:28+02:00,0,SE_4,Unplanned outage,A03,,2022-06-24 05:00:00+02:00,h0sU7P5qNH_Rgim22P7oEQ,335.0,Fossil Oil,46WPU0000000005Z,SE4,Karlshamn,1,MAW,PT1M,1,2022-06-24 04:50:00+02:00
