2015-02-06 01:59:46+01:00,0,SE_2,Unplanned outage,A03,,2015-02-06 02:00:00+01:00,YWWJTBUuxcIBLcIEVRnUuQ,120.0,Hydro Water Reservoir,46WPU0000000043R,SE2,Stalon,1,MAW,PT1M,1,2015-02-05 21:57:00+01:00
2015-05-24 13:36:23+02:00,0,SE_2,Unplanned outage,A03,,2015-05-24 15:00:00+02:00,6fGPbPTNNphfvaKEpqTfng,120.0,Hydro Water Reservoir,46WPU0000000043R,SE2,Stalon,1,MAW,PT1M,1,2015-05-24 13:32:00+02:00
2015-06-25 18:49:20+02:00,0,SE_2,Unplanned outage,A03,,2015-06-25 18:45:00+02:00,BE-sPKIskGnJExSwdM92Ew,136.0,Hydro Water Reservoir,46WPU0000000042T,SE2,Stornorrfors,1,MAW,PT1M,3,2015-06-25 13:07:00+02:00
2015-07-02 08:43:11+02:00,0,SE_2,Unplanned outage,A03,,2015-07-02 08:40:00+02:00,wECtqVCyH-BwbFh7q5sG-A,120.0,Hydro Water Reservoir,46WPU0000000043R,SE2,Stalon,1,MAW,PT1M,2,2015-07-02 08:10:00+02:00
2015-07-25 03:05:50+02:00,0,SE_2,Unplanned outage,A03,,2015-07-25 02:55:00+02:00,OKLhCYcgbgVZIu5ipSy3ug,136.0,Hydro Water Reservoir,46WPU0000000042T,SE2,Stornorrfors,1,MAW,PT1M,2,2015-07-25 01:55:00+02:00
2015-09-05 15:13:34+02:00,0,SE_2,Unplanned outage,A03,,2015-09-05 15:00:00+02:00,Op9q8aFZcw8OTKNGr5nETw,171.0,Hydro Water Reservoir,46WPU0000000042T,SE2,Stornorrfors,1,MAW,PT1M,2,2015-09-05 09:18:00+02:00
2015-10-25 10:53:11+01:00,0,SE_2,Unplanned outage,A03,,2015-10-25 10:50:00+01:00,xjag8CHrcoUfmNypW7dJlg,120.0,Hydro Water Reservoir,46WPU0000000043R,SE2,Stalon,1,MAW,PT1M,3,2015-10-25 06:45:00+01:00
2015-11-02 22:14:57+01:00,0,SE_2,Unplanned outage,A03,,2015-11-02 22:05:00+01:00,MAsgVNS9ysvK3nnXTBvB0Q,136.0,Hydro Water Reservoir,46WPU0000000042T,SE2,Stornorrfors,1,MAW,PT1M,2,2015-11-02 15:01:00+01:00
2015-12-06 12:12:33+01:00,0,SE_2,Unplanned outage,A03,,2015-12-06 15:00:00+01:00,KSbt6wHg3SknbYKlLHWZQA,120.0,Hydro Water Reservoir,46WPU0000000043R,SE2,Stalon,1,MAW,PT1M,1,2015-12-06 12:05:00+01:00
2015-12-10 13:42:11+01:00,0,SE_2,Unplanned outage,A03,,2015-12-10 13:41:00+01:00,EgTaFQAl1SQI1uRe8GmW0w,136.0,Hydro Water Reservoir,46WPU0000000042T,SE2,Stornorrfors,1,MAW,PT1M,2,2015-12-10 13:29:00+01:00
2015-12-17 13:30:35+01:00,0,SE_2,Unplanned outage,A03,,2015-12-17 13:29:00+01:00,Pj_z-IAb6pE6Iy5k_N5s1w,171.0,Hydro Water Reservoir,46WPU0000000042T,SE2,Stornorrfors,1,MAW,PT1M,2,2015-12-17 13:18:00+01:00
2015-12-29 20:44:21+01:00,0,SE_2,Unplanned outage,A03,,2015-12-29 20:41:00+01:00,grBvxuEKoQXgH0s6ZgvpVw,136.0,Hydro Water Reservoir,46WPU0000000042T,SE2,Stornorrfors,1,MAW,PT1M,2,2015-12-29 18:59:00+01:00
2016-01-20 06:53:24+01:00,0,SE_2,Unplanned outage,A03,,2016-01-20 06:38:00+01:00,l_OOM4KbIZQz_j2QNIDerA,171.0,Hydro Water Reservoir,46WPU0000000042T,SE2,Stornorrfors,1,MAW,PT1M,2,2016-01-20 05:20:00+01:00
2016-05-31 08:52:12+02:00,0,SE_2,Unplanned outage,A03,,2016-05-31 08:50:00+02:00,S9a4uLB1YfJWOzekNy3gPg,136.0,Hydro Water Reservoir,46WPU0000000042T,SE2,Stornorrfors,1,MAW,PT1M,2,2016-05-31 08:09:00+02:00
2016-06-09 17:06:21+02:00,0,SE_2,Unplanned outage,A03,,2016-06-10 12:00:00+02:00,JwP0-UlnwQIIeD-vevJhtw,136.0,Hydro Water Reservoir,46WPU0000000042T,SE2,Stornorrfors,1,MAW,PT1M,13,2016-04-19 14:05:00+02:00
2016-06-28 13:26:21+02:00,0,SE_2,Unplanned outage,A03,,2016-06-28 13:23:00+02:00,L_RkcTZROHisPVQuXx2f8A,171.0,Hydro Water Reservoir,46WPU0000000042T,SE2,Stornorrfors,1,MAW,PT1M,2,2016-06-28 13:00:00+02:00
2016-07-03 01:02:21+02:00,0,SE_2,Unplanned outage,A03,,2016-07-03 00:58:00+02:00,6xzcVSFQ0MJ831Pwf0RF-w,136.0,Hydro Water Reservoir,46WPU0000000042T,SE2,Stornorrfors,1,MAW,PT1M,2,2016-07-02 23:44:00+02:00
2016-07-03 10:48:11+02:00,0,SE_2,Unplanned outage,A03,,2016-07-03 10:45:00+02:00,IYVsOtPewyXLo_7DzezG3Q,120.0,Hydro Water Reservoir,46WPU0000000043R,SE2,Stalon,1,MAW,PT1M,3,2016-07-02 22:10:00+02:00
2016-08-29 11:02:40+02:00,0,SE_2,Unplanned outage,A03,,2016-08-29 10:58:00+02:00,71qWUOr4DSBepa-eAZVkXA,136.0,Hydro Water Reservoir,46WPU0000000042T,SE2,Stornorrfors,1,MAW,PT1M,2,2016-08-29 09:40:00+02:00
2016-09-02 16:10:52+02:00,0,SE_2,Unplanned outage,A03,,2016-09-02 16:03:00+02:00,FBo0vkIsG2NX9z8UXWIOoQ,136.0,Hydro Water Reservoir,46WPU0000000042T,SE2,Stornorrfors,1,MAW,PT1M,2,2016-09-02 15:40:00+02:00
2016-10-13 03:14:28+02:00,0,SE_2,Unplanned outage,A03,,2016-10-13 06:00:00+02:00,iLN_AysiZ9DvHGai3lfi3Q,120.0,Hydro Water Reservoir,46WPU0000000043R,SE2,Stalon,1,MAW,PT1M,1,2016-10-13 00:30:00+02:00
2016-11-11 23:21:23+01:00,0,SE_2,Unplanned outage,A03,,2016-11-11 23:15:00+01:00,nFYzZeH1pNkibAUk6WUkGg,171.0,Hydro Water Reservoir,46WPU0000000042T,SE2,Stornorrfors,1,MAW,PT1M,2,2016-11-11 21:24:00+01:00
2016-11-15 19:19:11+01:00,0,SE_2,Unplanned outage,A03,,2016-11-15 16:47:00+01:00,jUC-6lK8O6YW8l1XDzOKHA,136.0,Hydro Water Reservoir,46WPU0000000042T,SE2,Stornorrfors,1,MAW,PT1M,3,2016-11-15 00:00:00+01:00
2016-11-24 07:56:17+01:00,0,SE_2,Unplanned outage,A03,,2016-11-24 09:00:00+01:00,oRO8BCLuQLyi8GiHN2LA7Q,171.0,Hydro Water Reservoir,46WPU0000000042T,SE2,Stornorrfors,1,MAW,PT1M,1,2016-11-24 07:23:00+01:00
2017-03-07 20:23:36+01:00,0,SE_2,Unplanned outage,A03,,2017-03-07 20:20:00+01:00,_QP4j1y1rFF0-4vO7-eWyw,136.0,Hydro Water Reservoir,46WPU0000000042T,SE2,Stornorrfors,1,MAW,PT1M,2,2017-03-07 18:10:00+01:00
2017-04-03 06:12:05+02:00,0,SE_2,Unplanned outage,A03,,2017-04-03 06:10:00+02:00,88AYkqHdHRD9gCbyUMHZOA,136.0,Hydro Water Reservoir,46WPU0000000042T,SE2,Stornorrfors,1,MAW,PT1M,2,2017-04-03 05:55:00+02:00
2017-04-03 14:42:36+02:00,0,SE_2,Unplanned outage,A03,,2017-04-03 15:30:00+02:00,_BAPfIOaEyjXupyapVIPDQ,136.0,Hydro Water Reservoir,46WPU0000000042T,SE2,Stornorrfors,1,MAW,PT1M,2,2017-04-03 14:00:00+02:00
2017-06-29 13:41:45+02:00,0,SE_2,Unplanned outage,A03,,2017-06-29 15:00:00+02:00,HElJwVNX5rvxIUI7hK0ZdQ,136.0,Hydro Water Reservoir,46WPU0000000042T,SE2,Stornorrfors,1,MAW,PT1M,1,2017-06-29 13:40:00+02:00
2017-07-09 15:10:50+02:00,0,SE_2,Unplanned outage,A03,,2017-07-09 15:02:00+02:00,jMhSrwyxdJRM-cuEZ_P__A,120.0,Hydro Water Reservoir,46WPU0000000043R,SE2,Stalon,1,MAW,PT1M,3,2017-07-09 09:30:00+02:00
2017-07-11 23:35:50+02:00,0,SE_2,Unplanned outage,A03,,2017-07-11 22:50:00+02:00,nhbi5R7aYuWLsgGRKcyrKw,136.0,Hydro Water Reservoir,46WPU0000000042T,SE2,Stornorrfors,1,MAW,PT1M,2,2017-07-11 19:04:00+02:00
2017-07-16 11:47:37+02:00,0,SE_2,Unplanned outage,A03,,2017-07-16 18:00:00+02:00,Lmzhxx33IuUOhwXtuydmTg,136.0,Hydro Water Reservoir,46WPU0000000042T,SE2,Stornorrfors,1,MAW,PT1M,2,2017-07-16 09:19:00+02:00
2017-07-17 20:27:36+02:00,0,SE_2,Unplanned outage,A03,,2017-07-18 16:00:00+02:00,1-t7maSNDfJW_1JfwDU3gA,136.0,Hydro Water Reservoir,46WPU0000000042T,SE2,Stornorrfors,1,MAW,PT1M,3,2017-07-16 21:30:00+02:00
2017-08-22 03:55:19+02:00,0,SE_2,Unplanned outage,A03,,2017-08-22 03:53:00+02:00,mFgc58su4l3uDxAgzry3wA,120.0,Hydro Water Reservoir,46WPU0000000043R,SE2,Stalon,1,MAW,PT1M,2,2017-08-21 22:56:00+02:00
2017-10-20 11:18:06+02:00,0,SE_2,Unplanned outage,A03,,2017-10-20 11:15:00+02:00,a0KxBTx2B67LXn3lCrw86w,136.0,Hydro Water Reservoir,46WPU0000000042T,SE2,Stornorrfors,1,MAW,PT1M,2,2017-10-20 08:45:00+02:00
2017-10-24 01:18:42+02:00,0,SE_2,Unplanned outage,A03,,2017-10-24 01:17:00+02:00,H-WkbcrjoqGKSqdnp17rvg,171.0,Hydro Water Reservoir,46WPU0000000042T,SE2,Stornorrfors,1,MAW,PT1M,2,2017-10-24 00:12:00+02:00
2017-11-08 00:10:58+01:00,0,SE_2,Unplanned outage,A03,,2017-11-08 00:08:00+01:00,-8YqVaioHy0dMlz-S1cc-g,120.0,Hydro Water Reservoir,46WPU0000000043R,SE2,Stalon,1,MAW,PT1M,2,2017-11-07 19:38:00+01:00
2017-11-17 13:35:58+01:00,0,SE_2,Unplanned outage,A03,,2017-11-17 15:30:00+01:00,RQ38URki3sLZgiRJQw49Eg,136.0,Hydro Water Reservoir,46WPU0000000042T,SE2,Stornorrfors,1,MAW,PT1M,1,2017-11-17 13:29:00+01:00
2017-12-08 16:55:37+01:00,0,SE_2,Unplanned outage,A03,,2017-12-08 19:00:00+01:00,2Qd0gtksGLbcrHZNTIcgwg,171.0,Hydro Water Reservoir,46WPU0000000042T,SE2,Stornorrfors,1,MAW,PT1M,1,2017-12-08 16:46:00+01:00
2017-12-19 12:30:40+01:00,0,SE_2,Unplanned outage,A03,,2017-12-18 06:00:00+01:00,5ghAgL-t5FndHJR1ci4Vkg,120.0,Hydro Water Reservoir,46WPU0000000043R,SE2,Stalon,1,MAW,PT30M,8,2017-12-18 05:30:00+01:00
2018-02-20 13:22:31+01:00,0,SE_2,Unplanned outage,A03,,2018-02-20 13:15:00+01:00,k1g0okcudvQjk-65B5d5-Q,136.0,Hydro Water Reservoir,46WPU0000000042T,SE2,Stornorrfors,1,MAW,PT1M,1,2018-02-20 13:10:00+01:00
2018-03-05 11:26:49+01:00,0,SE_2,Unplanned outage,A03,,2018-03-05 13:00:00+01:00,HObATP6VZXf4RhR4vDD-wA,136.0,Hydro Water Reservoir,46WPU0000000042T,SE2,Stornorrfors,1,MAW,PT60M,1,2018-03-05 12:00:00+01:00
2018-04-03 05:19:30+02:00,0,SE_2,Unplanned outage,A03,,2018-04-03 05:00:00+02:00,xLPAo-_p7ggfOA_QUCUEVQ,171.0,Hydro Water Reservoir,46WPU0000000042T,SE2,Stornorrfors,1,MAW,PT1M,1,2018-04-03 04:50:00+02:00
2018-05-24 09:53:29+02:00,0,SE_2,Unplanned outage,A03,,2018-05-02 22:30:00+02:00,GsztE9wZn6XePJMuaQMhvg,136.0,Hydro Water Reservoir,46WPU0000000042T,SE2,Stornorrfors,1,MAW,PT15M,2,2018-05-02 22:15:00+02:00
2018-05-24 09:54:32+02:00,0,SE_2,Unplanned outage,A03,,2018-04-30 07:45:00+02:00,lIMXsxYMfCznek6Tky7bJw,136.0,Hydro Water Reservoir,46WPU0000000042T,SE2,Stornorrfors,1,MAW,PT1M,9,2018-04-30 07:36:00+02:00
2018-06-14 15:32:42+02:00,0,SE_2,Unplanned outage,A03,,2018-06-14 15:00:00+02:00,ZXRmPY9Fj5mup5NmBXEd-w,136.0,Hydro Water Reservoir,46WPU0000000042T,SE2,Stornorrfors,1,MAW,PT60M,2,2018-06-14 13:00:00+02:00
2018-06-26 09:09:05+02:00,0,SE_2,Unplanned outage,A03,,2018-06-26 10:00:00+02:00,53GsCH-papyuOuOYKe8WSg,136.0,Hydro Water Reservoir,46WPU0000000042T,SE2,Stornorrfors,1,MAW,PT30M,1,2018-06-26 09:30:00+02:00
2018-07-11 16:26:44+02:00,0,SE_2,Unplanned outage,A03,,2018-07-11 16:30:00+02:00,W7LPoqV5TOZgjBM80rki2w,136.0,Hydro Water Reservoir,46WPU0000000042T,SE2,Stornorrfors,1,MAW,PT1M,1,2018-07-11 16:24:00+02:00
2018-08-01 06:58:15+02:00,0,SE_2,Unplanned outage,A03,,2018-08-01 05:45:00+02:00,HKyyABykuTCR5FCuHXHhqg,120.0,Hydro Water Reservoir,46WPU0000000043R,SE2,Stalon,1,MAW,PT1M,2,2018-08-01 05:40:00+02:00
2018-08-06 06:57:34+02:00,0,SE_2,Unplanned outage,A03,,2018-08-06 07:00:00+02:00,ptRvct_hdQ6v673GsyGHAA,171.0,Hydro Water Reservoir,46WPU0000000042T,SE2,Stornorrfors,1,MAW,PT1M,1,2018-08-06 06:55:00+02:00
2018-08-21 18:27:35+02:00,0,SE_2,Unplanned outage,A03,,2018-08-21 18:30:00+02:00,ro7CaVf4qpoV4dgkxvlKJg,171.0,Hydro Water Reservoir,46WPU0000000042T,SE2,Stornorrfors,1,MAW,PT1M,1,2018-08-21 18:23:00+02:00
2018-09-19 23:56:44+02:00,0,SE_2,Unplanned outage,A03,,2018-09-20 00:00:00+02:00,yZHCgKZtdXWXMl3i75xY1w,120.0,Hydro Water Reservoir,46WPU0000000043R,SE2,Stalon,1,MAW,PT1M,1,2018-09-19 23:53:00+02:00
2018-10-16 09:17:28+02:00,0,SE_2,Unplanned outage,A03,,2018-10-16 08:30:00+02:00,3qYQOHl190WKt4fVp_iWjg,136.0,Hydro Water Reservoir,46WPU0000000042T,SE2,Stornorrfors,1,MAW,PT1M,2,2018-10-16 08:20:00+02:00
2018-10-16 11:33:29+02:00,0,SE_2,Unplanned outage,A03,,2018-10-16 11:15:00+02:00,DziMGayApkaR1vFtehzTsQ,136.0,Hydro Water Reservoir,46WPU0000000042T,SE2,Stornorrfors,1,MAW,PT1M,2,2018-10-16 11:09:00+02:00
2018-11-22 06:48:07+01:00,0,SE_2,Unplanned outage,A03,,2018-11-22 06:46:00+01:00,TRwRFJMdIVDfVMPb5yB6jQ,136.0,Hydro Water Reservoir,46WPU0000000042T,SE2,Stornorrfors,1,MAW,PT1M,2,2018-11-22 06:40:00+01:00
2019-01-31 07:22:22+01:00,0,SE_2,Unplanned outage,A03,,2019-01-31 06:15:00+01:00,5GSPpfJbhUz42bS7ML8Ogw,136.0,Hydro Water Reservoir,46WPU0000000042T,SE2,Stornorrfors,1,MAW,PT1M,2,2019-01-31 06:01:00+01:00
2019-03-03 16:13:06+01:00,0,SE_2,Unplanned outage,A03,,2019-03-03 15:45:00+01:00,y_fJZdQfRhCiJvHuoq2x-A,136.0,Hydro Water Reservoir,46WPU0000000042T,SE2,Stornorrfors,1,MAW,PT1M,2,2019-03-03 15:36:00+01:00
2019-05-19 19:30:50+02:00,0,SE_2,Unplanned outage,A03,,2019-05-18 17:30:00+02:00,ZK-22syQTU-MWD_TpDv-5A,120.0,Hydro Water Reservoir,46WPU0000000043R,SE2,Stalon,1,MAW,PT1M,5,2019-05-18 17:19:00+02:00
2019-05-22 00:01:02+02:00,0,SE_2,Unplanned outage,A03,,2019-05-21 15:30:00+02:00,grOT18k0P8CXraiF6fw1vw,120.0,Hydro Water Reservoir,46WPU0000000043R,SE2,Stalon,1,MAW,PT1M,5,2019-05-21 15:25:00+02:00
2019-05-27 10:22:49+02:00,0,SE_2,Unplanned outage,A03,,2019-05-27 10:00:00+02:00,q33_merGanwuWG5aOYHipA,171.0,Hydro Water Reservoir,46WPU0000000042T,SE2,Stornorrfors,1,MAW,PT60M,3,2019-05-27 08:00:00+02:00
2019-05-27 10:24:20+02:00,0,SE_2,Unplanned outage,A03,,2019-05-27 10:00:00+02:00,XAELX6jbrcCtgXFvXqGT9A,136.0,Hydro Water Reservoir,46WPU0000000042T,SE2,Stornorrfors,1,MAW,PT60M,3,2019-05-27 08:00:00+02:00
2019-06-07 09:44:53+02:00,0,SE_2,Unplanned outage,A03,,2019-06-07 08:45:00+02:00,dtXe6RrX3On2bOr6DeUJMQ,136.0,Hydro Water Reservoir,46WPU0000000042T,SE2,Stornorrfors,1,MAW,PT1M,2,2019-06-07 08:42:00+02:00
2019-07-08 08:19:12+02:00,0,SE_2,Unplanned outage,A03,,2019-07-08 07:45:00+02:00,JRnVsYXbWxjf5H-amrZo7A,136.0,Hydro Water Reservoir,46WPU0000000042T,SE2,Stornorrfors,1,MAW,PT1M,2,2019-07-08 07:44:00+02:00
2019-07-16 17:41:19+02:00,0,SE_2,Unplanned outage,A03,,2019-07-17 00:00:00+02:00,reJfFgAJ_ePq9HPdCpvNxA,120.0,Hydro Water Reservoir,46WPU0000000043R,SE2,Stalon,1,MAW,PT60M,2,2019-07-16 17:00:00+02:00
2019-07-23 10:58:52+02:00,0,SE_2,Unplanned outage,A03,,2019-07-23 09:45:00+02:00,bCHJGhw9YhHQ9jT77lpxtA,120.0,Hydro Water Reservoir,46WPU0000000043R,SE2,Stalon,1,MAW,PT1M,2,2019-07-23 09:40:00+02:00
2019-07-27 08:05:17+02:00,0,SE_2,Unplanned outage,A03,,2019-07-27 08:03:00+02:00,czyIaKlsOlT6VE5avJtcWw,171.0,Hydro Water Reservoir,46WPU0000000042T,SE2,Stornorrfors,1,MAW,PT1M,2,2019-07-27 08:00:00+02:00
2019-08-01 12:46:27+02:00,0,SE_2,Unplanned outage,A03,,2019-07-31 23:30:00+02:00,HihxMZhYCTOuf74MFpIPYg,120.0,Hydro Water Reservoir,46WPU0000000043R,SE2,Stalon,1,MAW,PT1M,3,2019-07-31 23:18:00+02:00
2019-08-06 23:02:08+02:00,0,SE_2,Unplanned outage,A03,,2019-08-06 22:45:00+02:00,ExgooMICQTArmqfvJjxebA,120.0,Hydro Water Reservoir,46WPU0000000043R,SE2,Stalon,1,MAW,PT1M,1,2019-08-06 22:38:00+02:00
2019-08-26 16:58:37+02:00,0,SE_2,Unplanned outage,A03,,2019-08-26 16:55:00+02:00,cgNbFPUa8oyNe2jNWQoHOw,171.0,Hydro Water Reservoir,46WPU0000000042T,SE2,Stornorrfors,1,MAW,PT1M,5,2019-08-26 16:45:00+02:00
2019-08-27 09:48:31+02:00,0,SE_2,Unplanned outage,A03,,2019-08-26 15:30:00+02:00,f85ly-LzGuaOcqRqpT2Ylw,136.0,Hydro Water Reservoir,46WPU0000000042T,SE2,Stornorrfors,1,MAW,PT1M,3,2019-08-26 15:18:00+02:00
2019-09-18 13:41:37+02:00,0,SE_2,Unplanned outage,A03,,2019-09-18 13:39:00+02:00,E7kwkbWtMISomCjPwltkVA,136.0,Hydro Water Reservoir,46WPU0000000042T,SE2,Stornorrfors,1,MAW,PT1M,4,2019-09-18 13:30:00+02:00
2019-09-21 08:19:59+02:00,0,SE_2,Unplanned outage,A03,,2019-09-21 08:30:00+02:00,jkHpefvlOgDK8MprOioJZA,171.0,Hydro Water Reservoir,46WPU0000000042T,SE2,Stornorrfors,1,MAW,PT1M,1,2019-09-21 08:18:00+02:00
2019-09-24 09:04:31+02:00,0,SE_2,Unplanned outage,A03,,2019-09-24 09:00:00+02:00,i-SQZqqOv5MKOELPxO8c-Q,136.0,Hydro Water Reservoir,46WPU0000000042T,SE2,Stornorrfors,1,MAW,PT60M,3,2019-09-24 08:00:00+02:00
2019-10-03 08:22:23+02:00,0,SE_2,Unplanned outage,A03,,2019-10-03 08:30:00+02:00,6CUgcw8RDHeBitTL98DRnA,120.0,Hydro Water Reservoir,46WPU0000000043R,SE2,Stalon,1,MAW,PT1M,1,2019-10-03 08:16:00+02:00
2019-10-14 15:49:41+02:00,0,SE_2,Unplanned outage,A03,,2019-10-14 15:45:00+02:00,rjEqKdEMkMzicwb6n19Rmw,136.0,Hydro Water Reservoir,46WPU0000000042T,SE2,Stornorrfors,1,MAW,PT1M,1,2019-10-14 15:40:00+02:00
2019-10-24 22:14:05+02:00,0,SE_2,Unplanned outage,A03,,2019-10-24 23:00:00+02:00,1-Xm5W_6RJZHIvN6_VBB_g,120.0,Hydro Water Reservoir,46WPU0000000043R,SE2,Stalon,1,MAW,PT30M,1,2019-10-24 22:30:00+02:00
2020-01-28 06:15:06+01:00,0,SE_2,Unplanned outage,A03,,2020-01-28 06:30:00+01:00,V3xE2CzcTb7pnwBwrLNsBQ,120.0,Hydro Water Reservoir,46WPU0000000043R,SE2,Stalon,1,MAW,PT15M,1,2020-01-28 06:15:00+01:00
2020-04-01 12:22:33+02:00,0,SE_2,Unplanned outage,A03,,2020-04-01 12:00:00+02:00,2CmSKqQgRf338thxuXW4rA,136.0,Hydro Water Reservoir,46WPU0000000042T,SE2,Stornorrfors,1,MAW,PT60M,3,2020-03-30 21:00:00+02:00
2020-04-13 08:42:22+02:00,0,SE_2,Unplanned outage,A03,,2020-04-14 16:00:00+02:00,jOM_zeJs6Jb5nJ0uYLaORQ,136.0,Hydro Water Reservoir,46WPU0000000042T,SE2,Stornorrfors,1,MAW,PT60M,2,2020-04-13 08:00:00+02:00
2020-05-16 10:48:42+02:00,0,SE_2,Unplanned outage,A03,,2020-05-16 10:38:00+02:00,jSttjMk7lwxhbGNtT57pOA,120.0,Hydro Water Reservoir,46WPU0000000043R,SE2,Stalon,1,MAW,PT1M,2,2020-05-16 10:30:00+02:00
2020-05-26 08:15:56+02:00,0,SE_2,Unplanned outage,A03,,2020-05-26 07:00:00+02:00,xbW7-ORgw74Ef_c-56y00g,120.0,Hydro Water Reservoir,46WPU0000000043R,SE2,Stalon,1,MAW,PT1M,2,2020-05-26 06:49:00+02:00
2020-06-05 01:06:13+02:00,0,SE_2,Unplanned outage,A03,,2020-06-04 22:30:00+02:00,sr0Ps_6XrEHc0c93w3KUOA,120.0,Hydro Water Reservoir,46WPU0000000043R,SE2,Stalon,1,MAW,PT1M,2,2020-06-04 22:20:00+02:00
2020-06-08 10:15:55+02:00,0,SE_2,Unplanned outage,A03,,2020-06-08 10:15:00+02:00,csMcwVJNY1xMH0Y_klVfpQ,136.0,Hydro Water Reservoir,46WPU0000000042T,SE2,Stornorrfors,1,MAW,PT15M,2,2020-06-08 10:00:00+02:00
2020-06-08 10:17:16+02:00,0,SE_2,Unplanned outage,A03,,2020-06-08 09:45:00+02:00,MVjBe_fwoOSALieAO-R3aA,136.0,Hydro Water Reservoir,46WPU0000000042T,SE2,Stornorrfors,1,MAW,PT1M,2,2020-06-08 09:38:00+02:00
2020-06-08 10:18:21+02:00,0,SE_2,Unplanned outage,A03,,2020-06-08 10:00:00+02:00,Mk9RdgEFU9Y6Lmrf0q3v3A,136.0,Hydro Water Reservoir,46WPU0000000042T,SE2,Stornorrfors,1,MAW,PT60M,2,2020-06-08 09:00:00+02:00
2020-06-08 10:36:42+02:00,0,SE_2,Unplanned outage,A03,,2020-06-08 09:15:00+02:00,ETnJB6WdG_VF3c3xsZgWsg,171.0,Hydro Water Reservoir,46WPU0000000042T,SE2,Stornorrfors,1,MAW,PT1M,2,2020-06-08 09:04:00+02:00
2020-09-25 19:03:47+02:00,0,SE_2,Unplanned outage,A03,,2020-09-24 21:30:00+02:00,Cj1yxJaJo0yLMFglmLzOtA,120.0,Hydro Water Reservoir,46WPU0000000043R,SE2,Stalon,1,MAW,PT1M,3,2020-09-24 21:29:00+02:00
2020-10-01 13:40:46+02:00,0,SE_2,Unplanned outage,A03,,2020-10-01 13:45:00+02:00,JewwanWD8stvhcOzHsg37A,120.0,Hydro Water Reservoir,46WPU0000000043R,SE2,Stalon,1,MAW,PT1M,1,2020-10-01 13:38:00+02:00
2021-01-06 06:20:38+01:00,0,SE_2,Unplanned outage,A03,,2021-01-06 06:30:00+01:00,NOzYp-pKXrIgIE38NNxPWg,136.0,Hydro Water Reservoir,46WPU0000000042T,SE2,Stornorrfors,1,MAW,PT1M,1,2021-01-06 06:19:00+01:00
2021-01-07 14:41:37+01:00,0,SE_2,Unplanned outage,A03,,2021-01-07 14:40:00+01:00,X-pmV-sfD4iBx0VfcJPxXw,136.0,Hydro Water Reservoir,46WPU0000000042T,SE2,Stornorrfors,1,MAW,PT1M,3,2021-01-07 14:30:00+01:00
2021-03-17 10:35:13+01:00,0,SE_2,Unplanned outage,A03,,2021-03-16 16:00:00+01:00,PDvA2-DVBbEjRmVVSFA-_g,136.0,Hydro Water Reservoir,46WPU0000000042T,SE2,Stornorrfors,1,MAW,PT30M,2,2021-03-16 15:30:00+01:00
2021-03-18 15:53:56+01:00,0,SE_2,Unplanned outage,A03,,2021-03-18 20:00:00+01:00,yrIGOvLFhOEIJ3pbJutsIw,136.0,Hydro Water Reservoir,46WPU0000000042T,SE2,Stornorrfors,1,MAW,PT60M,2,2021-03-17 18:00:00+01:00
2021-04-12 14:37:17+02:00,0,SE_2,Unplanned outage,A03,,2021-04-12 14:35:00+02:00,p11Br2YuSL_Ja8kws4FOfw,171.0,Hydro Water Reservoir,46WPU0000000042T,SE2,Stornorrfors,1,MAW,PT1M,10,2021-04-12 14:30:00+02:00
2021-04-29 11:47:57+02:00,0,SE_2,Unplanned outage,A03,,2021-04-29 12:00:00+02:00,bJZ42pk75yCL_DnGEZs6tg,136.0,Hydro Water Reservoir,46WPU0000000042T,SE2,Stornorrfors,1,MAW,PT1M,1,2021-04-29 11:47:00+02:00
2021-05-26 10:57:12+02:00,0,SE_2,Unplanned outage,A03,,2021-05-26 11:00:00+02:00,l_3KrC0m452S7aJ1GIOJew,171.0,Hydro Water Reservoir,46WPU0000000042T,SE2,Stornorrfors,1,MAW,PT1M,1,2021-05-26 10:55:00+02:00
2021-06-21 09:45:10+02:00,0,SE_2,Unplanned outage,A03,,2021-06-21 07:15:00+02:00,BX1_AeGOuTYBvS0sy-KNbQ,120.0,Hydro Water Reservoir,46WPU0000000043R,SE2,Stalon,1,MAW,PT1M,3,2021-06-21 07:04:00+02:00
2021-07-07 03:29:37+02:00,0,SE_2,Unplanned outage,A03,,2021-07-07 03:30:00+02:00,2gM66j25pXRY4Rfa2oOpkg,136.0,Hydro Water Reservoir,46WPU0000000042T,SE2,Stornorrfors,1,MAW,PT15M,1,2021-07-07 03:15:00+02:00
2021-08-11 13:16:16+02:00,0,SE_2,Unplanned outage,A03,,2021-08-11 13:30:00+02:00,kSJzHV9FIzuXFZrpyMhwuQ,171.0,Hydro Water Reservoir,46WPU0000000042T,SE2,Stornorrfors,1,MAW,PT15M,1,2021-08-11 13:15:00+02:00
2021-10-10 18:34:53+02:00,0,SE_2,Unplanned outage,A03,,2021-10-10 18:45:00+02:00,iYD8HDi_wwxVG6d7cK3sEg,136.0,Hydro Water Reservoir,46WPU0000000042T,SE2,Stornorrfors,1,MAW,PT1M,1,2021-10-10 18:32:00+02:00
2021-11-14 12:33:45+01:00,0,SE_2,Unplanned outage,A03,,2021-11-14 12:30:00+01:00,ktA1SUtQ5woR8BMvpUNKrQ,136.0,Hydro Water Reservoir,46WPU0000000042T,SE2,Stornorrfors,1,MAW,PT1M,1,2021-11-14 12:25:00+01:00
2021-11-14 12:35:13+01:00,0,SE_2,Unplanned outage,A03,,2021-11-14 12:30:00+01:00,QsicR2E0-4ZoG2ZBbbMOpg,136.0,Hydro Water Reservoir,46WPU0000000042T,SE2,Stornorrfors,1,MAW,PT1M,1,2021-11-14 12:25:00+01:00
2021-11-14 12:46:14+01:00,0,SE_2,Unplanned outage,A03,,2021-11-14 12:45:00+01:00,2NbD3B5UMrCzSdI_2DFlyQ,136.0,Hydro Water Reservoir,46WPU0000000042T,SE2,Stornorrfors,1,MAW,PT1M,1,2021-11-14 12:42:00+01:00
2021-11-15 08:24:11+01:00,0,SE_2,Unplanned outage,A03,,2021-11-15 08:23:00+01:00,kXkZ61QQ8Hox9I18FMtDTQ,136.0,Hydro Water Reservoir,46WPU0000000042T,SE2,Stornorrfors,1,MAW,PT1M,2,2021-11-15 08:07:00+01:00
2021-12-09 22:40:35+01:00,0,SE_2,Unplanned outage,A03,,2021-12-09 22:45:00+01:00,8B_tDvDxzysD-QQqDQExAw,136.0,Hydro Water Reservoir,46WPU0000000042T,SE2,Stornorrfors,1,MAW,PT1M,1,2021-12-09 22:35:00+01:00
2021-12-10 08:33:47+01:00,0,SE_2,Unplanned outage,A03,,2021-12-10 00:00:00+01:00,2LnsU7sLHEWA_Wb_kGnXOg,136.0,Hydro Water Reservoir,46WPU0000000042T,SE2,Stornorrfors,1,MAW,PT1M,2,2021-12-09 23:50:00+01:00
2021-12-20 17:17:58+01:00,0,SE_2,Unplanned outage,A03,,2021-12-20 05:30:00+01:00,s0WuwyxZilMivS2NX5GHZg,136.0,Hydro Water Reservoir,46WPU0000000042T,SE2,Stornorrfors,1,MAW,PT1M,6,2021-12-20 05:17:00+01:00
2021-12-28 16:28:15+01:00,0,SE_2,Unplanned outage,A03,,2021-12-28 16:30:00+01:00,rhjFFejrmBsPrKa3CixpFw,120.0,Hydro Water Reservoir,46WPU0000000043R,SE2,Stalon,1,MAW,PT1M,1,2021-12-28 16:27:00+01:00
2022-03-05 20:03:04+01:00,0,SE_2,Unplanned outage,A03,,2022-03-05 18:15:00+01:00,gE2mkefBghoYDsKr4AVTvA,120.0,Hydro Water Reservoir,46WPU0000000043R,SE2,Stalon,1,MAW,PT1M,2,2022-03-05 18:13:00+01:00
2022-04-07 23:03:54+02:00,0,SE_2,Unplanned outage,A03,,2022-04-07 23:00:00+02:00,61aS_O8aCmqMwFCCScVV8g,136.0,Hydro Water Reservoir,46WPU0000000042T,SE2,Stornorrfors,1,MAW,PT1M,1,2022-04-07 22:55:00+02:00
2022-06-03 17:58:52+02:00,0,SE_2,Unplanned outage,A03,,2022-06-03 18:00:00+02:00,Fz8L2rIOS0bPY9CctKzXMA,171.0,Hydro Water Reservoir,46WPU0000000042T,SE2,Stornorrfors,1,MAW,PT1M,1,2022-06-03 17:55:00+02:00
