2015-01-26 08:16:14+01:00,0,NO_4,Unplanned outage,A03,,2015-01-26 08:14:00+01:00,5ZH930_dgTLKuqZV3DyBCA,100.0,Hydro Water Reservoir,50WP00000000633X,Skjomen,Skjomen,1,MAW,PT1M,3,2015-01-26 06:00:00+01:00
2015-01-28 08:43:24+01:00,0,NO_4,Unplanned outage,A03,,2015-02-09 08:00:00+01:00,MaCUZxkCqZVU7Er7enrqWQ,110.0,Hydro Water Reservoir,50WP00000000006N,Alta krv,Alta krv,1,MAW,PT1M,3,2014-12-30 08:24:00+01:00
2015-02-11 02:23:13+01:00,0,NO_4,Unplanned outage,A03,,2015-02-11 02:20:00+01:00,PUxSNL14HgpOePv2nfo_Ug,100.0,Hydro Water Reservoir,50WP00000000633X,Skjomen,Skjomen,1,MAW,PT1M,2,2015-02-10 19:06:00+01:00
2015-02-11 07:31:34+01:00,0,NO_4,Unplanned outage,A03,,2015-02-11 07:25:00+01:00,mJqjUO-88HqpvQmrM_l9Eg,125.0,Hydro Water Reservoir,50WP00000000552X,Rana,Rana,1,MAW,PT1M,2,2015-02-11 06:00:00+01:00
2015-02-17 07:19:13+01:00,0,NO_4,Unplanned outage,A03,,2015-02-17 12:00:00+01:00,DeB_YIn1VSjt7A4ZrHVf6g,125.0,Hydro Water Reservoir,50WP00000000552X,Rana,Rana,1,MAW,PT1M,2,2015-02-16 17:00:00+01:00
2015-03-03 17:53:01+01:00,0,NO_4,Unplanned outage,A03,,2015-03-04 11:00:00+01:00,1MBqYLMautBAKmALrZEVEA,125.0,Hydro Water Reservoir,50WP00000000552X,Rana,Rana,1,MAW,PT1M,1,2015-03-03 17:45:00+01:00
2015-03-18 06:49:12+01:00,0,NO_4,Unplanned outage,A03,,2015-03-18 06:45:00+01:00,5EyJ_cnVok8X43LC3AIJrw,100.0,Hydro Water Reservoir,50WP00000000633X,Skjomen,Skjomen,1,MAW,PT1M,2,2015-03-18 06:10:00+01:00
2015-03-18 13:15:36+01:00,0,NO_4,Unplanned outage,A03,,2015-03-20 15:00:00+01:00,DB5UuzOcGDCDf6UteoJscA,110.0,Hydro Water Reservoir,50WP00000000006N,Alta krv,Alta krv,1,MAW,PT1M,2,2015-03-03 13:30:00+01:00
2015-03-24 13:38:45+01:00,0,NO_4,Unplanned outage,A03,,2015-03-24 15:00:00+01:00,al_Sel6WJ0Np-TQ4-wTO6A,150.0,Hydro Water Reservoir,50WP00000000366U,Kobbelv,Kobbelv,1,MAW,PT1M,1,2015-03-24 13:30:00+01:00
2015-04-07 08:34:22+02:00,0,NO_4,Unplanned outage,A03,,2015-04-07 11:00:00+02:00,Ivb_SqlZGZr9pwSb9o82WA,100.0,Hydro Water Reservoir,50WP00000000633X,Skjomen,Skjomen,1,MAW,PT1M,2,2015-04-07 05:40:00+02:00
2015-04-16 15:17:24+02:00,0,NO_4,Unplanned outage,A03,,2015-04-17 15:00:00+02:00,thctV3v0vAiEzPMg97-S_w,125.0,Hydro Water Reservoir,50WP00000000552X,Rana,Rana,1,MAW,PT1M,1,2015-04-16 15:14:00+02:00
2015-05-03 11:23:22+02:00,0,NO_4,Unplanned outage,A03,,2015-05-04 09:00:00+02:00,fzYlDoirzwnXfv89bjIC5w,100.0,Hydro Water Reservoir,50WP00000000633X,Skjomen,Skjomen,1,MAW,PT1M,2,2015-05-02 21:00:00+02:00
2015-05-03 11:24:23+02:00,0,NO_4,Unplanned outage,A03,,2015-05-04 09:00:00+02:00,tszZ5f_Pku51O88CFZ7J7g,100.0,Hydro Water Reservoir,50WP00000000633X,Skjomen,Skjomen,1,MAW,PT1M,2,2015-05-02 14:30:00+02:00
2015-05-06 06:21:24+02:00,0,NO_4,Unplanned outage,A03,,2015-05-06 08:00:00+02:00,l_7cQ1P0jSRX45vs5Vt0qw,140.0,Hydro Water Reservoir,50WP00000000552X,50WP00000000552X,50WP00000000552X,1,MAW,PT1M,1,2015-05-06 06:15:00+02:00
2015-05-14 15:12:34+02:00,0,NO_4,Unplanned outage,A03,,2015-05-14 15:10:00+02:00,Ufj3hnMmJAZ2YP5pdpsYOw,120.0,Hydro Water Reservoir,50WP00000000633X,50WP00000000633X,50WP00000000633X,1,MAW,PT1M,2,2015-05-14 14:15:00+02:00
2015-05-14 18:52:52+02:00,0,NO_4,Unplanned outage,A03,,2015-05-15 12:00:00+02:00,RWDfpHHC4xoXmfU_Gw-nYg,140.0,Hydro Water Reservoir,50WP00000000552X,50WP00000000552X,50WP00000000552X,1,MAW,PT1M,1,2015-05-14 18:00:00+02:00
2015-05-27 08:02:14+02:00,0,NO_4,Unplanned outage,A03,,2015-05-27 08:00:00+02:00,Emw_Ei8MhVaGeutP8Wxo1A,350.0,Hydro Water Reservoir,50WP00000000695B,50WP00000000695B,50WP00000000695B,1,MAW,PT1M,2,2015-05-27 06:45:00+02:00
2015-05-30 13:28:23+02:00,0,NO_4,Unplanned outage,A03,,2015-06-01 12:00:00+02:00,LmCOqZ2IPeWccuqukHtQKw,120.0,Hydro Water Reservoir,50WP00000000633X,50WP00000000633X,50WP00000000633X,1,MAW,PT1M,2,2015-05-30 00:20:00+02:00
2015-06-03 13:50:20+02:00,0,NO_4,Unplanned outage,A03,,2015-06-03 14:00:00+02:00,JPoRcfcKYfaOgcBae3yQEQ,120.0,Hydro Water Reservoir,50WP00000000633X,50WP00000000633X,50WP00000000633X,1,MAW,PT1M,2,2015-06-02 09:40:00+02:00
2015-06-08 12:48:18+02:00,0,NO_4,Unplanned outage,A03,,2015-06-08 12:45:00+02:00,R0UQg9WaBYCJvYwS13ozlA,120.0,Hydro Water Reservoir,50WP00000000633X,50WP00000000633X,50WP00000000633X,1,MAW,PT1M,3,2015-06-06 02:00:00+02:00
2015-06-13 03:02:01+02:00,0,NO_4,Unplanned outage,A03,,2015-06-13 10:00:00+02:00,YQCeKlZJUFQDVqzVIWsoVw,120.0,Hydro Water Reservoir,50WP00000000633X,50WP00000000633X,50WP00000000633X,1,MAW,PT1M,1,2015-06-13 00:00:00+02:00
2015-06-15 00:19:10+02:00,0,NO_4,Unplanned outage,A03,,2015-06-15 10:00:00+02:00,IUEFMMw9fYAKSoKgIpJcQA,120.0,Hydro Water Reservoir,50WP00000000633X,50WP00000000633X,50WP00000000633X,1,MAW,PT1M,1,2015-06-15 00:10:00+02:00
2015-06-15 12:19:22+02:00,0,NO_4,Unplanned outage,A03,,2015-06-15 11:54:00+02:00,J7tZFAJ1UhnO3EPLic47mw,120.0,Hydro Water Reservoir,50WP00000000633X,50WP00000000633X,50WP00000000633X,1,MAW,PT1M,1,2015-06-15 10:30:00+02:00
2015-06-17 07:55:10+02:00,0,NO_4,Unplanned outage,A03,,2015-06-17 12:00:00+02:00,k9ZB0C0qyQ-oHdHeGBfvOQ,120.0,Hydro Water Reservoir,50WP00000000633X,50WP00000000633X,50WP00000000633X,1,MAW,PT1M,2,2015-06-17 02:45:00+02:00
2015-06-24 00:47:21+02:00,0,NO_4,Unplanned outage,A03,,2015-06-30 07:00:00+02:00,FG_GqMRh_kGHmnFY6ZZyrw,120.0,Hydro Water Reservoir,50WP00000000633X,50WP00000000633X,50WP00000000633X,1,MAW,PT1M,1,2015-06-24 00:40:00+02:00
2015-06-26 11:08:56+02:00,0,NO_4,Unplanned outage,A03,,2015-06-26 11:00:00+02:00,vbdTOMduryE-lJnibHW_aQ,140.0,Hydro Water Reservoir,50WP00000000552X,50WP00000000552X,50WP00000000552X,1,MAW,PT1M,3,2015-06-24 12:40:00+02:00
2015-07-16 08:18:11+02:00,0,NO_4,Unplanned outage,A03,,2015-07-16 08:10:00+02:00,0LoTiXp_fiNfBS4_tysHnQ,120.0,Hydro Water Reservoir,50WP00000000633X,Skjomen,Skjomen,1,MAW,PT1M,2,2015-07-16 07:00:00+02:00
2015-07-18 06:53:17+02:00,0,NO_4,Unplanned outage,A03,,2015-07-20 09:00:00+02:00,g8UEpHmRfVlT9ruMomewvQ,120.0,Hydro Water Reservoir,50WP00000000633X,Skjomen,Skjomen,1,MAW,PT1M,1,2015-07-18 06:50:00+02:00
2015-07-27 09:04:20+02:00,0,NO_4,Unplanned outage,A03,,2015-07-27 10:00:00+02:00,wPfxbQ2CLh9Mb_k2YyMG-A,120.0,Hydro Water Reservoir,50WP00000000633X,Skjomen,Skjomen,1,MAW,PT1M,3,2015-07-25 04:00:00+02:00
2015-07-27 09:06:05+02:00,0,NO_4,Unplanned outage,A03,,2015-07-27 09:00:00+02:00,3jUdWB0JVPwpioYZK55NsQ,120.0,Hydro Water Reservoir,50WP00000000633X,Skjomen,Skjomen,1,MAW,PT1M,2,2015-07-26 09:00:00+02:00
2015-08-01 10:41:10+02:00,0,NO_4,Unplanned outage,A03,,2015-08-01 11:00:00+02:00,FGoZxiN5BhaZzafIkKGmbA,120.0,Hydro Water Reservoir,50WP00000000633X,Skjomen,Skjomen,1,MAW,PT1M,1,2015-08-01 09:40:00+02:00
2015-08-02 16:17:24+02:00,0,NO_4,Unplanned outage,A03,,2015-08-03 08:00:00+02:00,lmTgohj0yI8Caqu3Y-Chmw,140.0,Hydro Water Reservoir,50WP00000000552X,Rana,Rana,1,MAW,PT1M,2,2015-08-02 08:30:00+02:00
2015-08-02 19:26:21+02:00,0,NO_4,Unplanned outage,A03,,2015-08-02 19:20:00+02:00,rRAkoR0V8Vs6dYdnOBOQlw,120.0,Hydro Water Reservoir,50WP00000000633X,Skjomen,Skjomen,1,MAW,PT1M,2,2015-08-02 12:30:00+02:00
2015-08-05 08:33:26+02:00,0,NO_4,Unplanned outage,A03,,2015-08-05 12:00:00+02:00,f5Vdae4_MF5CoeAPdMFDtA,120.0,Hydro Water Reservoir,50WP00000000633X,Skjomen,Skjomen,1,MAW,PT1M,3,2015-08-04 20:15:00+02:00
2015-08-06 08:47:11+02:00,0,NO_4,Unplanned outage,A03,,2015-08-06 11:00:00+02:00,QR3i9mbljGKPpjqH9ERLzQ,145.0,Hydro Water Reservoir,50WP00000000552X,Rana,Rana,1,MAW,PT1M,2,2015-08-06 06:20:00+02:00
2015-08-18 16:09:34+02:00,0,NO_4,Unplanned outage,A03,,2015-08-18 16:00:00+02:00,T3NYmkdrM0oNihr6DL8PHA,120.0,Hydro Water Reservoir,50WP00000000633X,Skjomen,Skjomen,1,MAW,PT1M,3,2015-08-18 13:00:00+02:00
2015-08-24 00:51:20+02:00,0,NO_4,Unplanned outage,A03,,2015-08-24 08:00:00+02:00,wvRgVIl1hueQ4oD2b_tutQ,140.0,Hydro Water Reservoir,50WP00000000552X,Rana,Rana,1,MAW,PT1M,1,2015-08-24 00:00:00+02:00
2015-09-14 09:36:42+02:00,0,NO_4,Unplanned outage,A03,,2015-09-14 09:30:00+02:00,x7gchAmfwpHSYGF_KO5-5Q,120.0,Hydro Water Reservoir,50WP00000000633X,Skjomen,Skjomen,1,MAW,PT1M,3,2015-09-12 10:48:00+02:00
2015-09-21 14:35:04+02:00,0,NO_4,Unplanned outage,A03,,2015-09-18 13:50:00+02:00,mHPvOnD13lW0eFbH9ry5og,120.0,Hydro Water Reservoir,50WP00000000633X,Skjomen,Skjomen,1,MAW,PT1M,2,2015-09-18 10:15:00+02:00
2015-10-05 17:30:29+02:00,0,NO_4,Unplanned outage,A03,,2015-10-05 17:15:00+02:00,lSovQ2CWur0GstxSrhshoQ,140.0,Hydro Water Reservoir,50WP00000000552X,Rana,Rana,1,MAW,PT1M,6,2015-10-05 00:15:00+02:00
2015-10-22 05:05:11+02:00,0,NO_4,Unplanned outage,A03,,2015-10-22 10:00:00+02:00,uBm5i-POJvmcZwlyKxc0Kg,120.0,Hydro Water Reservoir,50WP00000000633X,Skjomen,Skjomen,1,MAW,PT1M,1,2015-10-22 05:00:00+02:00
2015-10-27 08:14:12+01:00,0,NO_4,Unplanned outage,A03,,2015-10-27 08:10:00+01:00,cvV3ssz9ZgRDXsko9nTXcg,145.0,Hydro Water Reservoir,50WP00000000552X,Rana,Rana,1,MAW,PT1M,2,2015-10-27 07:00:00+01:00
2015-10-28 10:22:24+01:00,0,NO_4,Unplanned outage,A03,,2015-10-28 10:20:00+01:00,Eo12KhPtdZYVayN7P4z7cQ,175.0,Hydro Water Reservoir,50WP00000000366U,Kobbelv,Kobbelv,1,MAW,PT1M,2,2015-10-27 17:00:00+01:00
2015-11-27 00:38:21+01:00,0,NO_4,Unplanned outage,A03,,2015-11-27 08:00:00+01:00,HB2eHcyqglq-9PM_P0o18A,350.0,Hydro Water Reservoir,50WP00000000695B,Svartisen,Svartisen,1,MAW,PT1M,1,2015-11-27 00:00:00+01:00
2016-01-02 23:35:49+01:00,0,NO_4,Unplanned outage,A03,,2016-01-02 23:30:00+01:00,hoLVxSQWRuT1p9kKrEHpiw,120.0,Hydro Water Reservoir,50WP00000000633X,Skjomen,Skjomen,1,MAW,PT1M,2,2016-01-01 16:30:00+01:00
2016-01-26 04:46:12+01:00,0,NO_4,Unplanned outage,A03,,2016-01-26 09:00:00+01:00,pcWtQVrdwMrIt8PE8Q_ldg,350.0,Hydro Water Reservoir,50WP00000000695B,Svartisen,Svartisen,1,MAW,PT1M,1,2016-01-26 04:40:00+01:00
2016-01-30 17:27:11+01:00,0,NO_4,Unplanned outage,A03,,2016-01-30 17:20:00+01:00,21kXlfuTY2rgAmSMncwvww,350.0,Hydro Water Reservoir,50WP00000000695B,Svartisen,Svartisen,1,MAW,PT1M,2,2016-01-30 16:20:00+01:00
2016-02-05 14:31:42+01:00,0,NO_4,Unplanned outage,A03,,2016-02-05 16:00:00+01:00,15x_iwEAFDCKJKHo_bChdg,350.0,Hydro Water Reservoir,50WP00000000695B,Svartisen,Svartisen,1,MAW,PT1M,1,2016-02-05 13:45:00+01:00
2016-02-08 08:55:13+01:00,0,NO_4,Unplanned outage,A03,,2016-02-08 10:00:00+01:00,deaeyQAENQmekEAtTq0Hxw,120.0,Hydro Water Reservoir,50WP00000000633X,Skjomen,Skjomen,1,MAW,PT1M,3,2016-02-07 17:30:00+01:00
2016-02-23 07:50:16+01:00,0,NO_4,Unplanned outage,A03,,2016-02-23 07:45:00+01:00,g8sWDMCGQLrVXfm24Gw2bg,140.0,Hydro Water Reservoir,50WP00000000552X,Rana,Rana,1,MAW,PT1M,2,2016-02-23 04:45:00+01:00
2016-03-02 04:09:42+01:00,0,NO_4,Unplanned outage,A03,,2016-03-02 08:00:00+01:00,UdCoAerBJ7H-Lt38uIAWCA,145.0,Hydro Water Reservoir,50WP00000000552X,Rana,Rana,1,MAW,PT1M,1,2016-03-02 04:00:00+01:00
2016-03-02 04:13:47+01:00,0,NO_4,Unplanned outage,A03,,2016-03-02 08:00:00+01:00,iy4NcJbkDlEGhOq_Ukfnzg,140.0,Hydro Water Reservoir,50WP00000000552X,Rana,Rana,1,MAW,PT1M,1,2016-03-02 04:00:00+01:00
2016-03-22 11:45:52+01:00,0,NO_4,Unplanned outage,A03,,2016-03-22 12:00:00+01:00,VLyrttd1lSROd2IHXpu_ZQ,145.0,Hydro Water Reservoir,50WP00000000552X,Rana,Rana,1,MAW,PT1M,2,2016-03-21 22:20:00+01:00
2016-03-29 10:07:02+02:00,0,NO_4,Unplanned outage,A03,,2016-03-29 10:00:00+02:00,v81aTRn1_-5uTJloh-WXcg,120.0,Hydro Water Reservoir,50WP00000000633X,Skjomen,Skjomen,1,MAW,PT1M,3,2016-03-28 17:15:00+02:00
2016-04-11 12:54:29+02:00,0,NO_4,Unplanned outage,A03,,2016-04-11 15:00:00+02:00,mLfb5wBUIxjH7ZkG0Q7nhw,430.0,Hydro Water Reservoir,50WP00000000695B,Svartisen,Svartisen,1,MAW,PT1M,3,2016-04-10 08:00:00+02:00
2016-05-21 08:43:15+02:00,0,NO_4,Unplanned outage,A03,,2016-05-23 09:00:00+02:00,pR6jwuI5R82VhUWq4RL60w,140.0,Hydro Water Reservoir,50WP00000000552X,Rana,Rana,1,MAW,PT1M,1,2016-05-21 08:20:00+02:00
2016-05-26 13:17:58+02:00,0,NO_4,Unplanned outage,A03,,2016-05-30 20:00:00+02:00,14dNYklVQVBiktGDimGRIA,145.0,Hydro Water Reservoir,50WP00000000552X,Rana,Rana,1,MAW,PT1M,7,2016-04-17 11:13:00+02:00
2016-06-25 10:07:50+02:00,0,NO_4,Unplanned outage,A03,,2016-06-27 10:00:00+02:00,AwqIYcN9OLBD-e6VRM0jlQ,120.0,Hydro Water Reservoir,50WP00000000633X,Skjomen,Skjomen,1,MAW,PT1M,3,2016-06-25 03:05:00+02:00
2016-06-27 04:03:11+02:00,0,NO_4,Unplanned outage,A03,,2016-06-27 09:00:00+02:00,cGyqbOK6H0FMalH7TX1vnA,120.0,Hydro Water Reservoir,50WP00000000633X,Skjomen,Skjomen,1,MAW,PT1M,1,2016-06-27 04:00:00+02:00
2016-06-30 13:42:29+02:00,0,NO_4,Unplanned outage,A03,,2016-06-30 13:40:00+02:00,ZtGdL9aKLHuePjgA4KUulA,145.0,Hydro Water Reservoir,50WP00000000552X,Rana,Rana,1,MAW,PT1M,3,2016-06-30 00:35:00+02:00
2016-07-04 10:26:11+02:00,0,NO_4,Unplanned outage,A03,,2016-07-04 15:00:00+02:00,Hx7uH4-0w2B8riGSpPxETA,120.0,Hydro Water Reservoir,50WP00000000633X,Skjomen,Skjomen,1,MAW,PT1M,5,2016-07-02 00:45:00+02:00
2016-07-11 00:44:20+02:00,0,NO_4,Unplanned outage,A03,,2016-07-11 02:00:00+02:00,93WyJy-cAft9hxDDo0snBA,140.0,Hydro Water Reservoir,50WP00000000552X,Rana,Rana,1,MAW,PT1M,1,2016-07-11 00:40:00+02:00
2016-07-11 00:45:23+02:00,0,NO_4,Unplanned outage,A03,,2016-07-11 02:00:00+02:00,pPll9DmLcuJGvy77PqQyHA,145.0,Hydro Water Reservoir,50WP00000000552X,Rana,Rana,1,MAW,PT1M,1,2016-07-11 00:40:00+02:00
2016-07-17 01:03:24+02:00,0,NO_4,Unplanned outage,A03,,2016-07-18 09:00:00+02:00,z14TmULzixbkKME5ZfjzHg,120.0,Hydro Water Reservoir,50WP00000000633X,Skjomen,Skjomen,1,MAW,PT1M,1,2016-07-17 01:00:00+02:00
2016-08-01 09:56:11+02:00,0,NO_4,Unplanned outage,A03,,2016-08-01 15:00:00+02:00,5AllxI5gZo9WKIM1HzNZwg,145.0,Hydro Water Reservoir,50WP00000000552X,Rana,Rana,1,MAW,PT1M,3,2016-08-01 01:00:00+02:00
2016-08-05 13:14:29+02:00,0,NO_4,Unplanned outage,A03,,2016-08-05 13:00:00+02:00,g1f65EHzDGgTaxjcfZoGyA,120.0,Hydro Water Reservoir,50WP00000000633X,Skjomen,Skjomen,1,MAW,PT1M,3,2016-08-05 06:45:00+02:00
2016-08-29 08:03:11+02:00,0,NO_4,Unplanned outage,A03,,2016-08-29 08:00:00+02:00,NQF1NR9SKpJ5lwP9xcNtMQ,175.0,Hydro Water Reservoir,50WP00000000366U,Kobbelv,Kobbelv,1,MAW,PT1M,3,2016-08-28 22:22:00+02:00
2016-09-05 12:50:11+02:00,0,NO_4,Unplanned outage,A03,,2016-09-05 12:45:00+02:00,WnuQCZ-vEB3YPaYgb9jqMg,140.0,Hydro Water Reservoir,50WP00000000552X,Rana,Rana,1,MAW,PT1M,3,2016-09-04 15:15:00+02:00
2016-09-06 08:03:24+02:00,0,NO_4,Unplanned outage,A03,,2016-09-06 11:00:00+02:00,MKFOTebJ9zPWty5po35_ng,175.0,Hydro Water Reservoir,50WP00000000366U,Kobbelv,Kobbelv,1,MAW,PT1M,2,2016-09-06 04:45:00+02:00
2016-09-07 07:23:32+02:00,0,NO_4,Unplanned outage,A03,,2016-09-07 07:20:00+02:00,cXp4AsJEh9RfkjacENyh6A,175.0,Hydro Water Reservoir,50WP00000000366U,Kobbelv,Kobbelv,1,MAW,PT1M,2,2016-09-07 05:30:00+02:00
2016-09-15 19:42:17+02:00,0,NO_4,Unplanned outage,A03,,2016-09-16 15:00:00+02:00,TKxL0r8MTBVpdySKz0q3Yw,140.0,Hydro Water Reservoir,50WP00000000552X,Rana,Rana,1,MAW,PT1M,1,2016-09-15 18:55:00+02:00
2016-09-22 17:44:33+02:00,0,NO_4,Unplanned outage,A03,,2016-09-23 11:00:00+02:00,JOpf38s3ReqkUXuvvTlyUg,120.0,Hydro Water Reservoir,50WP00000000633X,Skjomen,Skjomen,1,MAW,PT1M,1,2016-09-22 15:45:00+02:00
2016-09-23 09:57:12+02:00,0,NO_4,Unplanned outage,A03,,2016-09-23 09:55:00+02:00,ZBAeQzbMJtxL--bZmKvFdA,175.0,Hydro Water Reservoir,50WP00000000366U,Kobbelv,Kobbelv,1,MAW,PT1M,2,2016-09-23 08:30:00+02:00
2016-10-19 14:28:06+02:00,0,NO_4,Unplanned outage,A03,,2016-10-19 15:00:00+02:00,DoU9LEPyxhjr2dG7nOX7Ow,175.0,Hydro Water Reservoir,50WP00000000366U,Kobbelv,Kobbelv,1,MAW,PT1M,1,2016-10-19 13:00:00+02:00
2016-11-04 09:22:40+01:00,0,NO_4,Unplanned outage,A03,,2016-11-04 09:13:00+01:00,B9jY3Xe8WCqOVECh7KA24A,120.0,Hydro Water Reservoir,50WP00000000633X,Skjomen,Skjomen,1,MAW,PT1M,4,2016-11-04 05:40:00+01:00
2016-12-27 10:22:03+01:00,0,NO_4,Unplanned outage,A03,,2016-12-27 10:20:00+01:00,rCRKl5AbaI4jpxsmUv6lfA,150.0,Hydro Water Reservoir,50WP00000000366U,Kobbelv,Kobbelv,1,MAW,PT1M,3,2016-12-26 15:50:00+01:00
2017-01-24 06:31:41+01:00,0,NO_4,Unplanned outage,A03,,2017-01-24 09:00:00+01:00,A_v36WurAGL2G9KhVrRlAw,150.0,Hydro Water Reservoir,50WP00000000366U,Kobbelv,Kobbelv,1,MAW,PT1M,1,2017-01-24 06:11:00+01:00
2017-02-01 19:55:41+01:00,0,NO_4,Unplanned outage,A03,,2017-02-01 19:52:00+01:00,RkQXhFpM0RGb-bo__XWhLw,320.0,Hydro Water Reservoir,50WP00000000695B,Svartisen,Svartisen,1,MAW,PT1M,2,2017-02-01 18:00:00+01:00
2017-02-20 19:52:16+01:00,0,NO_4,Unplanned outage,A03,,2017-02-20 19:48:00+01:00,NG7f_3jNrBnWAh_PkF1lNA,400.0,Hydro Water Reservoir,50WP00000000695B,Svartisen,Svartisen,1,MAW,PT1M,4,2017-02-16 08:35:00+01:00
2017-03-01 20:25:35+01:00,0,NO_4,Unplanned outage,A03,,2017-03-01 20:21:00+01:00,Wii2a3ggkL-FDmzld1mIgg,150.0,Hydro Water Reservoir,50WP00000000366U,Kobbelv,Kobbelv,1,MAW,PT1M,2,2017-03-01 18:56:00+01:00
2017-03-21 05:54:44+01:00,0,NO_4,Unplanned outage,A03,,2017-03-21 09:00:00+01:00,PmFK50N_fmPbNJYGf8JdhQ,400.0,Hydro Water Reservoir,50WP00000000695B,Svartisen,Svartisen,1,MAW,PT1M,1,2017-03-21 05:10:00+01:00
2017-04-03 02:30:04+02:00,0,NO_4,Unplanned outage,A03,,2017-04-03 04:00:00+02:00,NQ1PeIYwpBrJzPpPkxASew,320.0,Hydro Water Reservoir,50WP00000000695B,Svartisen,Svartisen,1,MAW,PT1M,1,2017-04-03 02:25:00+02:00
2017-04-13 09:16:16+02:00,0,NO_4,Unplanned outage,A03,,2017-04-13 11:00:00+02:00,7Ij8DiwOCcbg9279INl8VQ,110.0,Hydro Water Reservoir,50WP00000000006N,Alta krv,Alta krv,1,MAW,PT1M,1,2017-04-13 09:10:00+02:00
2017-04-13 13:48:16+02:00,0,NO_4,Unplanned outage,A03,,2017-04-13 18:00:00+02:00,vhBMbpIDO9tU4bkLiJFEqw,110.0,Hydro Water Reservoir,50WP00000000006N,Alta krv,Alta krv,1,MAW,PT1M,2,2017-04-13 12:50:00+02:00
2017-05-18 12:53:58+02:00,0,NO_4,Unplanned outage,A03,,2017-05-18 12:53:00+02:00,Ywim1qRBQ2hBgMHf5Wi20A,125.0,Hydro Water Reservoir,50WP00000000552X,Rana,Rana,1,MAW,PT1M,3,2017-05-17 05:13:00+02:00
2017-05-29 08:57:19+02:00,0,NO_4,Unplanned outage,A03,,2017-05-29 15:00:00+02:00,oRWqJp999G_VyuPDk1y9Iw,125.0,Hydro Water Reservoir,50WP00000000552X,Rana,Rana,1,MAW,PT1M,2,2017-05-27 17:20:00+02:00
2017-06-16 06:36:04+02:00,0,NO_4,Unplanned outage,A03,,2017-06-16 09:00:00+02:00,G2tfnPvAo3KXi9C_RmGfpw,100.0,Hydro Water Reservoir,50WP00000000633X,Skjomen,Skjomen,1,MAW,PT1M,2,2017-06-16 00:59:00+02:00
2017-07-31 09:43:17+02:00,0,NO_4,Unplanned outage,A03,,2017-07-31 09:42:00+02:00,wZDXne7gqrMjnZzWYrKfzA,225.0,Hydro Water Reservoir,50WP00000000498D,Nedre Rossaga,Nedre Rossaga,1,MAW,PT1M,2,2017-07-31 08:00:00+02:00
2017-08-14 13:49:45+02:00,0,NO_4,Unplanned outage,A03,,2017-08-14 13:50:00+02:00,aALfocVdYI3tSSorJY0LOg,125.0,Hydro Water Reservoir,50WP00000000552X,Rana,Rana,1,MAW,PT1M,3,2017-08-14 01:40:00+02:00
2017-08-25 09:01:28+02:00,0,NO_4,Unplanned outage,A03,,2017-08-25 09:00:00+02:00,c7xgufShw3t56Vk6HHYE_Q,125.0,Hydro Water Reservoir,50WP00000000552X,Rana,Rana,1,MAW,PT1M,3,2017-08-21 07:50:00+02:00
2017-08-25 09:02:06+02:00,0,NO_4,Unplanned outage,A03,,2017-08-25 09:00:00+02:00,bbD5RjOkrXF-2agJdVyacA,125.0,Hydro Water Reservoir,50WP00000000552X,Rana,Rana,1,MAW,PT1M,2,2017-08-22 14:50:00+02:00
2017-09-08 09:22:44+02:00,0,NO_4,Unplanned outage,A03,,2017-09-08 10:30:00+02:00,mSSXx2A2Y7nFcLYHUv4Tpw,400.0,Hydro Water Reservoir,50WP00000000695B,Svartisen,Svartisen,1,MAW,PT1M,1,2017-09-08 09:15:00+02:00
2017-09-08 15:47:01+02:00,0,NO_4,Unplanned outage,A03,,2017-09-08 15:40:00+02:00,qj1w9bARSYRZMvf7Y6N9vg,320.0,Hydro Water Reservoir,50WP00000000695B,Svartisen,Svartisen,1,MAW,PT1M,2,2017-09-08 10:45:00+02:00
2017-10-04 00:35:05+02:00,0,NO_4,Unplanned outage,A03,,2017-10-04 09:00:00+02:00,-n7Sj963nSyzS6Ylqf05RA,150.0,Hydro Water Reservoir,50WP00000000366U,Kobbelv,Kobbelv,1,MAW,PT1M,1,2017-10-04 00:30:00+02:00
2017-10-27 13:02:46+02:00,0,NO_4,Unplanned outage,A03,,2017-10-30 09:00:00+01:00,VpKE074O-4Y27dWThfo0lQ,400.0,Hydro Water Reservoir,50WP00000000695B,Svartisen,Svartisen,1,MAW,PT1M,1,2017-10-27 13:00:00+02:00
2017-11-01 19:20:30+01:00,0,NO_4,Unplanned outage,A03,,2017-11-01 19:30:00+01:00,0o6yJShQ72pskKt51iPbbw,320.0,Hydro Water Reservoir,50WP00000000695B,Svartisen,Svartisen,1,MAW,PT1M,6,2017-09-23 08:05:00+02:00
2017-11-02 07:21:19+01:00,0,NO_4,Unplanned outage,A03,,2017-11-02 07:20:00+01:00,9Ap4iPTGATHgxldRrHpjvQ,125.0,Hydro Water Reservoir,50WP00000000552X,Rana,Rana,1,MAW,PT1M,2,2017-11-02 05:50:00+01:00
2017-12-09 00:43:17+01:00,0,NO_4,Unplanned outage,A03,,2017-12-09 06:00:00+01:00,Nq98VbgEnn4zELiqXsTNJg,225.0,Hydro Water Reservoir,50WP00000000498D,Nedre Rossaga,Nedre Rossaga,1,MAW,PT1M,1,2017-12-09 00:30:00+01:00
2017-12-09 16:25:08+01:00,0,NO_4,Unplanned outage,A03,,2017-12-09 17:00:00+01:00,ZJsorO3gCvRfagKp19DUDw,100.0,Hydro Water Reservoir,50WP00000000633X,Skjomen,Skjomen,1,MAW,PT1M,1,2017-12-09 15:30:00+01:00
2017-12-10 09:12:39+01:00,0,NO_4,Unplanned outage,A03,,2017-12-11 12:00:00+01:00,2CeIYG0PzTayQY-KaYesQg,150.0,Hydro Water Reservoir,50WP00000000366U,Kobbelv,Kobbelv,1,MAW,PT1M,1,2017-12-10 09:00:00+01:00
2017-12-13 05:48:28+01:00,0,NO_4,Unplanned outage,A03,,2017-12-13 09:00:00+01:00,xEPRo8BEAio-yewncDP3nA,150.0,Hydro Water Reservoir,50WP00000000366U,Kobbelv,Kobbelv,1,MAW,PT1M,1,2017-12-13 05:45:00+01:00
2018-01-04 03:10:04+01:00,0,NO_4,Unplanned outage,A03,,2018-01-04 08:00:00+01:00,Hi2OEIaM5KO0KVE62mriCA,225.0,Hydro Water Reservoir,50WP00000000498D,Nedre Rossaga,Nedre Rossaga,1,MAW,PT60M,1,2018-01-04 02:00:00+01:00
2018-01-09 14:40:03+01:00,0,NO_4,Unplanned outage,A03,,2018-01-09 14:30:00+01:00,-twUqYDwnwoaXYaVVgKrbA,400.0,Hydro Water Reservoir,50WP00000000695B,Svartisen,Svartisen,1,MAW,PT30M,3,2018-01-09 14:00:00+01:00
2018-01-16 07:55:47+01:00,0,NO_4,Unplanned outage,A03,,2018-01-16 00:30:00+01:00,98UWtOR46Z8fbPO_wC0fQg,150.0,Hydro Water Reservoir,50WP00000000366U,Kobbelv,Kobbelv,1,MAW,PT15M,3,2018-01-16 00:15:00+01:00
2018-01-26 09:23:58+01:00,0,NO_4,Unplanned outage,A03,,2018-01-26 09:00:00+01:00,uOwqYB6PGwQ_4izTtMsETw,100.0,Hydro Water Reservoir,50WP00000000633X,Skjomen,Skjomen,1,MAW,PT60M,3,2018-01-26 05:00:00+01:00
2018-01-29 08:57:20+01:00,0,NO_4,Unplanned outage,A03,,2018-01-29 10:00:00+01:00,g5hklxsyJztIaoZ8vKXHQQ,100.0,Hydro Water Reservoir,50WP00000000633X,Skjomen,Skjomen,1,MAW,PT60M,2,2018-01-29 08:00:00+01:00
2018-03-19 11:25:57+01:00,0,NO_4,Unplanned outage,A03,,2018-03-19 13:00:00+01:00,fNYJ4yk_x89B-05VFLDUeA,320.0,Hydro Water Reservoir,50WP00000000695B,Svartisen,Svartisen,1,MAW,PT60M,3,2018-03-19 09:00:00+01:00
2018-04-20 07:19:51+02:00,0,NO_4,Unplanned outage,A03,,2018-04-20 06:30:00+02:00,9ufvDESXkaQSIWewiVEViw,400.0,Hydro Water Reservoir,50WP00000000695B,Svartisen,Svartisen,1,MAW,PT1M,1,2018-04-20 06:25:00+02:00
2018-04-21 01:16:33+02:00,0,NO_4,Unplanned outage,A03,,2018-04-21 00:00:00+02:00,ZdrCO6832aE95KOOVIn8nA,125.0,Hydro Water Reservoir,50WP00000000552X,Rana,Rana,1,MAW,PT30M,1,2018-04-20 23:30:00+02:00
2018-04-28 14:07:01+02:00,0,NO_4,Unplanned outage,A03,,2018-04-28 17:00:00+02:00,flra1b6plEqhwlZZIxWevA,225.0,Hydro Water Reservoir,50WP00000000498D,Nedre Rossaga,Nedre Rossaga,1,MAW,PT60M,1,2018-04-28 14:00:00+02:00
2018-05-23 22:37:24+02:00,0,NO_4,Unplanned outage,A03,,2018-05-24 08:00:00+02:00,LBfgZBJ9GlWjTrLCQEBZYA,320.0,Hydro Water Reservoir,50WP00000000695B,Svartisen,Svartisen,1,MAW,PT60M,1,2018-05-23 22:00:00+02:00
2018-05-24 09:49:40+02:00,0,NO_4,Unplanned outage,A03,,2018-04-19 03:00:00+02:00,22X70uKj_Kelfdq1IZ0JYg,320.0,Hydro Water Reservoir,50WP00000000695B,Svartisen,Svartisen,1,MAW,PT30M,2,2018-04-19 02:30:00+02:00
2018-05-24 09:52:34+02:00,0,NO_4,Unplanned outage,A03,,2018-04-30 10:57:00+02:00,odzn5zZLzaip4iJZMVPABg,320.0,Hydro Water Reservoir,50WP00000000695B,Svartisen,Svartisen,1,MAW,PT1M,2,2018-04-30 10:45:00+02:00
2018-05-29 23:04:28+02:00,0,NO_4,Unplanned outage,A03,,2018-05-29 22:30:00+02:00,XizEHNqiOqjVmk39V6zM3g,320.0,Hydro Water Reservoir,50WP00000000695B,Svartisen,Svartisen,1,MAW,PT15M,1,2018-05-29 22:15:00+02:00
2018-06-12 09:55:34+02:00,0,NO_4,Unplanned outage,A03,,2018-06-12 12:00:00+02:00,b4QHeH9hJ0SZZ5Bivl6ANQ,150.0,Hydro Water Reservoir,50WP00000000366U,Kobbelv,Kobbelv,1,MAW,PT60M,3,2018-06-12 02:00:00+02:00
2018-06-12 15:37:04+02:00,0,NO_4,Unplanned outage,A03,,2018-06-12 17:00:00+02:00,MIFSngpx5h54x8VjmUT_DQ,150.0,Hydro Water Reservoir,50WP00000000366U,Kobbelv,Kobbelv,1,MAW,PT30M,2,2018-06-12 16:30:00+02:00
2018-06-22 10:33:44+02:00,0,NO_4,Unplanned outage,A03,,2018-06-22 09:15:00+02:00,118omCb3oNVAG0N4QhZMiA,320.0,Hydro Water Reservoir,50WP00000000695B,Svartisen,Svartisen,1,MAW,PT1M,2,2018-06-22 09:10:00+02:00
2018-06-25 12:18:18+02:00,0,NO_4,Unplanned outage,A03,,2018-06-25 12:00:00+02:00,jdrWG6-IA4z8ElRyUwAJxA,100.0,Hydro Water Reservoir,50WP00000000633X,Skjomen,Skjomen,1,MAW,PT30M,1,2018-06-25 11:30:00+02:00
2018-07-06 09:08:33+02:00,0,NO_4,Unplanned outage,A03,,2018-07-06 09:00:00+02:00,JzOonEFuVkhKpwMJsWZa3Q,100.0,Hydro Water Reservoir,50WP00000000633X,Skjomen,Skjomen,1,MAW,PT60M,2,2018-07-06 06:00:00+02:00
2018-07-08 01:28:55+02:00,0,NO_4,Unplanned outage,A03,,2018-07-08 01:00:00+02:00,9H05j5Uc8jrOK3JN0nJLJw,125.0,Hydro Water Reservoir,50WP00000000552X,Rana,Rana,1,MAW,PT30M,1,2018-07-08 00:30:00+02:00
2018-07-08 01:30:46+02:00,0,NO_4,Unplanned outage,A03,,2018-07-09 08:00:00+02:00,uglAk7UQ0zoPgQiF9PjBEw,100.0,Hydro Water Reservoir,50WP00000000633X,Skjomen,Skjomen,1,MAW,PT60M,1,2018-07-08 01:00:00+02:00
2018-07-09 08:11:14+02:00,0,NO_4,Unplanned outage,A03,,2018-07-09 08:00:00+02:00,4iej8GIjxDTx6JZleld_dA,150.0,Hydro Water Reservoir,50WP00000000366U,Kobbelv,Kobbelv,1,MAW,PT60M,2,2018-07-08 08:00:00+02:00
2018-07-11 10:37:54+02:00,0,NO_4,Unplanned outage,A03,,2018-07-11 10:00:00+02:00,vI1c7tNKgeJbLSD5UY8PvA,150.0,Hydro Water Reservoir,50WP00000000366U,Kobbelv,Kobbelv,1,MAW,PT60M,4,2018-07-09 10:00:00+02:00
2018-07-16 05:57:54+02:00,0,NO_4,Unplanned outage,A03,,2018-07-16 06:00:00+02:00,ilHQ77i9bO5L72OhLfWxZA,125.0,Hydro Water Reservoir,50WP00000000552X,Rana,Rana,1,MAW,PT30M,1,2018-07-16 05:30:00+02:00
2018-07-19 06:12:24+02:00,0,NO_4,Unplanned outage,A03,,2018-07-19 09:00:00+02:00,mTz8jRJ1H7tGO9SnBD2_Hw,125.0,Hydro Water Reservoir,50WP00000000552X,Rana,Rana,1,MAW,PT60M,1,2018-07-19 06:00:00+02:00
2018-07-22 10:01:49+02:00,0,NO_4,Unplanned outage,A03,,2018-07-22 10:10:00+02:00,4N3Yhfybs5RRgJntuDFvzw,100.0,Hydro Water Reservoir,50WP00000000633X,Skjomen,Skjomen,1,MAW,PT1M,2,2018-07-22 10:00:00+02:00
2018-07-24 15:26:59+02:00,0,NO_4,Unplanned outage,A03,,2018-07-24 15:25:00+02:00,m9GE1Pae7LWHxXDJHr1j0g,125.0,Hydro Water Reservoir,50WP00000000552X,Rana,Rana,1,MAW,PT1M,3,2018-07-24 15:15:00+02:00
2018-07-29 01:11:17+02:00,0,NO_4,Unplanned outage,A03,,2018-07-29 01:00:00+02:00,q98Dcjocba20PTkay-aPnw,100.0,Hydro Water Reservoir,50WP00000000633X,Skjomen,Skjomen,1,MAW,PT60M,2,2018-07-29 00:00:00+02:00
2018-07-29 05:40:36+02:00,0,NO_4,Unplanned outage,A03,,2018-07-29 05:45:00+02:00,Pxu6O39H2-xTnQjY8Qgw3w,125.0,Hydro Water Reservoir,50WP00000000552X,Rana,Rana,1,MAW,PT1M,1,2018-07-29 05:35:00+02:00
2018-07-30 13:23:35+02:00,0,NO_4,Unplanned outage,A03,,2018-07-29 08:00:00+02:00,l7dFqAGzpKsqg4dgyVw_tg,400.0,Hydro Water Reservoir,50WP00000000695B,Svartisen,Svartisen,1,MAW,PT15M,3,2018-07-29 07:45:00+02:00
2018-07-30 16:22:24+02:00,0,NO_4,Unplanned outage,A03,,2018-07-30 16:15:00+02:00,KFKQHG1Wy9OwGG32aDx-NQ,400.0,Hydro Water Reservoir,50WP00000000695B,Svartisen,Svartisen,1,MAW,PT15M,2,2018-07-30 16:00:00+02:00
2018-08-02 04:59:24+02:00,0,NO_4,Unplanned outage,A03,,2018-08-02 05:00:00+02:00,s4k0ktxgfjzME1ZEXCbkBg,150.0,Hydro Water Reservoir,50WP00000000366U,Kobbelv,Kobbelv,1,MAW,PT15M,2,2018-08-02 04:45:00+02:00
2018-08-06 06:54:44+02:00,0,NO_4,Unplanned outage,A03,,2018-08-06 06:30:00+02:00,dpMAKc8yebsfspJuPnwH8w,125.0,Hydro Water Reservoir,50WP00000000552X,Rana,Rana,1,MAW,PT15M,2,2018-08-06 06:15:00+02:00
2018-08-17 06:00:58+02:00,0,NO_4,Unplanned outage,A03,,2018-08-17 05:30:00+02:00,VmcJXtf5rMcX7gv6dhETQw,150.0,Hydro Water Reservoir,50WP00000000366U,Kobbelv,Kobbelv,1,MAW,PT15M,2,2018-08-17 05:15:00+02:00
2018-08-18 19:35:54+02:00,0,NO_4,Unplanned outage,A03,,2018-08-18 19:00:00+02:00,bL4TLU4d8tCM9QEXG6A6jw,150.0,Hydro Water Reservoir,50WP00000000366U,Kobbelv,Kobbelv,1,MAW,PT30M,1,2018-08-18 18:30:00+02:00
2018-08-29 09:50:19+02:00,0,NO_4,Unplanned outage,A03,,2018-08-29 08:15:00+02:00,J-Nzg40kgBOVgw_MluvTCA,400.0,Hydro Water Reservoir,50WP00000000695B,Svartisen,Svartisen,1,MAW,PT1M,2,2018-08-29 08:10:00+02:00
2018-09-08 09:16:05+02:00,0,NO_4,Unplanned outage,A03,,2018-09-10 11:00:00+02:00,DhrJw-M4e3Yk4_NDtn5tgw,150.0,Hydro Water Reservoir,50WP00000000366U,Kobbelv,Kobbelv,1,MAW,PT60M,2,2018-09-08 08:00:00+02:00
2018-09-09 20:13:35+02:00,0,NO_4,Unplanned outage,A03,,2018-09-10 09:00:00+02:00,ONf90wLz9WyRIC3uwRbZhA,100.0,Hydro Water Reservoir,50WP00000000633X,Skjomen,Skjomen,1,MAW,PT60M,1,2018-09-09 20:00:00+02:00
2018-09-11 07:41:54+02:00,0,NO_4,Unplanned outage,A03,,2018-09-11 07:35:00+02:00,OVfENp3CuoJ4yhGRVHaMew,150.0,Hydro Water Reservoir,50WP00000000366U,Kobbelv,Kobbelv,1,MAW,PT1M,2,2018-09-11 07:30:00+02:00
2018-09-13 07:58:05+02:00,0,NO_4,Unplanned outage,A03,,2018-09-13 06:00:00+02:00,yslw9TVSV834ukEd2IfIDw,150.0,Hydro Water Reservoir,50WP00000000366U,Kobbelv,Kobbelv,1,MAW,PT15M,2,2018-09-13 05:45:00+02:00
2018-09-14 08:30:38+02:00,0,NO_4,Unplanned outage,A03,,2018-09-14 06:00:00+02:00,92FeKOuWe6lqaWtEW7Uaig,150.0,Hydro Water Reservoir,50WP00000000366U,Kobbelv,Kobbelv,1,MAW,PT1M,2,2018-09-14 05:50:00+02:00
2018-09-17 07:59:35+02:00,0,NO_4,Unplanned outage,A03,,2018-09-17 08:00:00+02:00,svQYHiebRoo_bKRLTwpkRQ,150.0,Hydro Water Reservoir,50WP00000000366U,Kobbelv,Kobbelv,1,MAW,PT60M,2,2018-09-14 16:00:00+02:00
2018-09-20 10:38:36+02:00,0,NO_4,Unplanned outage,A03,,2018-09-19 23:30:00+02:00,8F2WV0KPjdvvHzxlfTcCEw,320.0,Hydro Water Reservoir,50WP00000000695B,Svartisen,Svartisen,1,MAW,PT15M,2,2018-09-19 23:15:00+02:00
2018-09-25 18:19:15+02:00,0,NO_4,Unplanned outage,A03,,2018-09-25 19:00:00+02:00,tmuC3IJuiLyTjnJb5Hg9QQ,150.0,Hydro Water Reservoir,50WP00000000366U,Kobbelv,Kobbelv,1,MAW,PT30M,1,2018-09-25 18:30:00+02:00
2018-10-01 06:14:55+02:00,0,NO_4,Unplanned outage,A03,,2018-10-01 08:30:00+02:00,kgO26H3CALdwKlk1b4zGKg,400.0,Hydro Water Reservoir,50WP00000000695B,Svartisen,Svartisen,1,MAW,PT30M,1,2018-10-01 08:00:00+02:00
2018-10-03 08:47:55+02:00,0,NO_4,Unplanned outage,A03,,2018-10-03 07:30:00+02:00,QJjG16WymTm-VoL5FH519A,150.0,Hydro Water Reservoir,50WP00000000366U,Kobbelv,Kobbelv,1,MAW,PT15M,2,2018-10-03 07:15:00+02:00
2018-10-16 18:36:48+02:00,0,NO_4,Unplanned outage,A03,,2018-10-17 09:00:00+02:00,dplRDlIsUbgJ28gVtVbipg,100.0,Hydro Water Reservoir,50WP00000000633X,Skjomen,Skjomen,1,MAW,PT60M,1,2018-10-16 18:00:00+02:00
2018-10-16 19:20:09+02:00,0,NO_4,Unplanned outage,A03,,2018-10-17 09:00:00+02:00,4DEg_CWsjxKJOnpJGhXKAQ,125.0,Hydro Water Reservoir,50WP00000000552X,Rana,Rana,1,MAW,PT60M,1,2018-10-16 19:00:00+02:00
2018-10-17 05:57:29+02:00,0,NO_4,Unplanned outage,A03,,2018-10-17 05:00:00+02:00,rCWA7pHUXfOb1T2hd77ZHA,400.0,Hydro Water Reservoir,50WP00000000695B,Svartisen,Svartisen,1,MAW,PT60M,2,2018-10-17 00:00:00+02:00
2018-10-25 00:43:40+02:00,0,NO_4,Unplanned outage,A03,,2018-10-25 08:00:00+02:00,KTizDnPS4PR3O-XGIG8gaQ,320.0,Hydro Water Reservoir,50WP00000000695B,Svartisen,Svartisen,1,MAW,PT60M,1,2018-10-25 00:00:00+02:00
2018-10-28 10:33:29+01:00,0,NO_4,Unplanned outage,A03,,2018-10-28 10:30:00+01:00,I9pIQyIT4_3qfRP_bLNCZg,150.0,Hydro Water Reservoir,50WP00000000366U,Kobbelv,Kobbelv,1,MAW,PT15M,1,2018-10-28 10:15:00+01:00
2018-11-07 05:34:31+01:00,0,NO_4,Unplanned outage,A03,,2018-11-07 09:00:00+01:00,ln8cF8InoHOmcz2QVkaTWw,125.0,Hydro Water Reservoir,50WP00000000552X,Rana,Rana,1,MAW,PT60M,1,2018-11-07 06:00:00+01:00
2018-11-27 15:16:38+01:00,0,NO_4,Unplanned outage,A03,,2018-11-26 16:00:00+01:00,WWO9QXUU3Z9V5PfYSg6LZg,150.0,Hydro Water Reservoir,50WP00000000366U,Kobbelv,Kobbelv,1,MAW,PT15M,2,2018-11-26 15:45:00+01:00
2018-11-29 08:02:21+01:00,0,NO_4,Unplanned outage,A03,,2018-11-29 06:45:00+01:00,D1ml-FpFFwl-GQ9rJm30AA,150.0,Hydro Water Reservoir,50WP00000000366U,Kobbelv,Kobbelv,1,MAW,PT1M,2,2018-11-29 06:40:00+01:00
2018-12-04 12:52:04+01:00,0,NO_4,Unplanned outage,A03,,2018-12-04 12:00:00+01:00,6gUxL28xq5Iweqaa5e3sgw,400.0,Hydro Water Reservoir,50WP00000000695B,Svartisen,Svartisen,1,MAW,PT60M,4,2018-12-02 10:00:00+01:00
2018-12-04 13:09:38+01:00,0,NO_4,Unplanned outage,A03,,2018-12-04 13:00:00+01:00,Ysm-Al-qJvIrRFTG4tki5A,125.0,Hydro Water Reservoir,50WP00000000552X,Rana,Rana,1,MAW,PT60M,2,2018-12-04 12:00:00+01:00
2019-01-02 07:34:49+01:00,0,NO_4,Unplanned outage,A03,,2019-01-02 07:00:00+01:00,tsau_w-umXC_RXT2EDwq4A,125.0,Hydro Water Reservoir,50WP00000000552X,Rana,Rana,1,MAW,PT60M,2,2018-12-31 08:00:00+01:00
2019-01-08 16:25:45+01:00,0,NO_4,Unplanned outage,A03,,2019-01-08 14:45:00+01:00,F5ER41pfRxJmxPfig3niBw,400.0,Hydro Water Reservoir,50WP00000000695B,Svartisen,Svartisen,1,MAW,PT15M,5,2019-01-08 14:30:00+01:00
2019-03-04 09:33:46+01:00,0,NO_4,Unplanned outage,A03,,2019-03-04 09:00:00+01:00,boQN3_rCPS7LdnwBMQdMrg,125.0,Hydro Water Reservoir,50WP00000000552X,Rana,Rana,1,MAW,PT60M,3,2019-03-02 03:00:00+01:00
2019-03-15 19:21:51+01:00,0,NO_4,Unplanned outage,A03,,2019-03-01 09:30:00+01:00,qLzE8ZODeMKdBx56zkkCWw,125.0,Hydro Water Reservoir,50WP00000000552X,Rana,Rana,1,MAW,PT1M,5,2019-03-01 09:20:00+01:00
2019-03-27 10:25:42+01:00,0,NO_4,Unplanned outage,A03,,2019-03-27 10:30:00+01:00,Idr8rLMor2EaaSLceCg3Ew,125.0,Hydro Water Reservoir,50WP00000000552X,Rana,Rana,1,MAW,PT30M,3,2019-03-27 10:00:00+01:00
2019-04-12 10:26:19+02:00,0,NO_4,Unplanned outage,A03,,2019-04-12 10:20:00+02:00,vt1KCZPja47xHfWxeAqwwQ,400.0,Hydro Water Reservoir,50WP00000000695B,Svartisen,Svartisen,1,MAW,PT1M,3,2019-04-12 10:15:00+02:00
2019-04-25 07:53:06+02:00,0,NO_4,Unplanned outage,A03,,2019-04-25 06:00:00+02:00,hJVr9WmJZQXgqPGdqQ1Azg,100.0,Hydro Water Reservoir,50WP00000000633X,Skjomen,Skjomen,1,MAW,PT30M,2,2019-04-25 05:30:00+02:00
2019-04-27 07:26:48+02:00,0,NO_4,Unplanned outage,A03,,2019-04-29 09:00:00+02:00,y56EpaXnCQBg4vse-ZEvQw,100.0,Hydro Water Reservoir,50WP00000000633X,Skjomen,Skjomen,1,MAW,PT60M,1,2019-04-27 07:00:00+02:00
2019-04-27 16:03:00+02:00,0,NO_4,Unplanned outage,A03,,2019-04-27 13:30:00+02:00,6Hv4MF7yuJxmfAOmj45Q4w,110.0,Hydro Water Reservoir,50WP00000000006N,Alta krv,Alta krv,1,MAW,PT15M,2,2019-04-27 13:15:00+02:00
2019-04-30 13:26:13+02:00,0,NO_4,Unplanned outage,A03,,2019-04-30 13:00:00+02:00,xc10M06g6Op6b7VgMdww4w,100.0,Hydro Water Reservoir,50WP00000000633X,Skjomen,Skjomen,1,MAW,PT60M,5,2019-04-29 23:00:00+02:00
2019-05-03 14:31:29+02:00,0,NO_4,Unplanned outage,A03,,2019-05-03 15:00:00+02:00,QY0gJQ9k6cyUsBnX4U4CBg,320.0,Hydro Water Reservoir,50WP00000000695B,Svartisen,Svartisen,1,MAW,PT60M,1,2019-05-03 14:00:00+02:00
2019-05-21 11:17:42+02:00,0,NO_4,Unplanned outage,A03,,2019-05-19 21:00:00+02:00,H9oWIekpmZqMxgxcCfEalg,125.0,Hydro Water Reservoir,50WP00000000552X,Rana,Rana,1,MAW,PT30M,4,2019-05-19 20:30:00+02:00
2019-06-12 14:01:59+02:00,0,NO_4,Unplanned outage,A03,,2019-06-12 14:00:00+02:00,E9QgJ95C5jB1dxYyH2xa7A,100.0,Hydro Water Reservoir,50WP00000000633X,Skjomen,Skjomen,1,MAW,PT60M,2,2019-06-12 13:00:00+02:00
2019-08-05 10:41:33+02:00,0,NO_4,Unplanned outage,A03,,2019-08-05 10:00:00+02:00,1TjPAUT0_gYvRgwAGqOr7Q,400.0,Hydro Water Reservoir,50WP00000000695B,Svartisen,Svartisen,1,MAW,PT60M,4,2019-08-05 07:00:00+02:00
2019-08-15 09:04:49+02:00,0,NO_4,Unplanned outage,A03,,2019-08-19 15:00:00+02:00,NxNmXRL-mP-Kcq1TQCOFYg,150.0,Hydro Water Reservoir,50WP00000000366U,Kobbelv,Kobbelv,1,MAW,PT60M,1,2019-08-15 09:00:00+02:00
2019-08-23 17:44:37+02:00,0,NO_4,Unplanned outage,A03,,2019-08-23 16:30:00+02:00,dCEAWAQpHU91iUbvdwxaaA,400.0,Hydro Water Reservoir,50WP00000000695B,Svartisen,Svartisen,1,MAW,PT1M,2,2019-08-23 16:25:00+02:00
2019-08-31 08:12:39+02:00,0,NO_4,Unplanned outage,A03,,2019-08-31 08:00:00+02:00,-o_zdefI6Q-NsIIfc6OQ6g,100.0,Hydro Water Reservoir,50WP00000000633X,Skjomen,Skjomen,1,MAW,PT1M,1,2019-08-31 07:50:00+02:00
2019-09-04 14:11:51+02:00,0,NO_4,Unplanned outage,A03,,2019-09-06 14:00:00+02:00,-cC3r_zMe8gD30FqxeU5CQ,320.0,Hydro Water Reservoir,50WP00000000695B,Svartisen,Svartisen,1,MAW,PT60M,2,2019-09-04 16:00:00+02:00
2019-09-12 10:07:41+02:00,0,NO_4,Unplanned outage,A03,,2019-09-16 08:00:00+02:00,f4i9KQeD879f3CrdD-J6Sw,125.0,Hydro Water Reservoir,50WP00000000552X,Rana,Rana,1,MAW,PT60M,1,2019-09-12 11:00:00+02:00
2019-10-20 11:26:45+02:00,0,NO_4,Unplanned outage,A03,,2019-10-20 10:15:00+02:00,HSI7sGovswg0yBk011Z_GA,320.0,Hydro Water Reservoir,50WP00000000695B,Svartisen,Svartisen,1,MAW,PT1M,2,2019-10-20 10:05:00+02:00
2019-11-07 16:58:47+01:00,0,NO_4,Unplanned outage,A03,,2019-11-07 16:00:00+01:00,NQ3xoe2_Lwm2PBun72fLHg,110.0,Hydro Water Reservoir,50WP00000000006N,Alta krv,Alta krv,1,MAW,PT1M,1,2019-11-07 15:52:00+01:00
2019-11-17 08:02:58+01:00,0,NO_4,Unplanned outage,A03,,2019-11-17 11:00:00+01:00,Kvx5kHdXhA-IL7Sm3C7ypQ,150.0,Hydro Water Reservoir,50WP00000000366U,Kobbelv,Kobbelv,1,MAW,PT60M,1,2019-11-17 08:00:00+01:00
2019-11-21 19:46:29+01:00,0,NO_4,Unplanned outage,A03,,2019-11-21 19:45:00+01:00,MGfcKJNxXw_AMUZYHQLI2Q,125.0,Hydro Water Reservoir,50WP00000000552X,Rana,Rana,1,MAW,PT15M,3,2019-11-21 19:30:00+01:00
2019-11-23 21:20:31+01:00,0,NO_4,Unplanned outage,A03,,2019-11-23 20:45:00+01:00,MxBGoSTbcqICEdfSbHbo0Q,225.0,Hydro Water Reservoir,50WP00000000498D,Nedre Rossaga,Nedre Rossaga,1,MAW,PT1M,2,2019-11-23 20:37:00+01:00
2019-12-06 05:37:17+01:00,0,NO_4,Unplanned outage,A03,,2019-12-06 08:00:00+01:00,bNQ4K0dSWLDMM8QaHSJuCw,125.0,Hydro Water Reservoir,50WP00000000552X,Rana,Rana,1,MAW,PT60M,1,2019-12-06 05:00:00+01:00
2019-12-13 04:20:17+01:00,0,NO_4,Unplanned outage,A03,,2019-12-13 04:30:00+01:00,ed8xX8z29C63eIM-aMUSQA,150.0,Hydro Water Reservoir,50WP00000000366U,Kobbelv,Kobbelv,1,MAW,PT1M,1,2019-12-13 04:18:00+01:00
2019-12-21 01:50:50+01:00,0,NO_4,Unplanned outage,A03,,2019-12-21 10:00:00+01:00,NIIeXR_iiRssqCBRw-7nrw,225.0,Hydro Water Reservoir,50WP00000000498D,Nedre Rossaga,Nedre Rossaga,1,MAW,PT60M,1,2019-12-21 02:00:00+01:00
2019-12-21 08:06:51+01:00,0,NO_4,Unplanned outage,A03,,2019-12-21 14:00:00+01:00,pWfNLX6ukIWk_9KdHkL8oQ,150.0,Hydro Water Reservoir,50WP00000000366U,Kobbelv,Kobbelv,1,MAW,PT60M,1,2019-12-21 08:00:00+01:00
2019-12-29 14:50:01+01:00,0,NO_4,Unplanned outage,A03,,2019-12-30 07:00:00+01:00,-l_pcrQY3la48t9pGAE9ug,150.0,Hydro Water Reservoir,50WP00000000366U,Kobbelv,Kobbelv,1,MAW,PT60M,1,2019-12-29 15:00:00+01:00
2019-12-30 09:56:42+01:00,0,NO_4,Unplanned outage,A03,,2019-12-30 08:00:00+01:00,WlOeSSBPLCgyPSaA5Y5RfA,400.0,Hydro Water Reservoir,50WP00000000695B,Svartisen,Svartisen,1,MAW,PT15M,2,2019-12-30 07:45:00+01:00
2020-01-05 13:23:28+01:00,0,NO_4,Unplanned outage,A03,,2020-01-06 07:00:00+01:00,PfbdZyE91bKZm3DUH6wQHQ,150.0,Hydro Water Reservoir,50WP00000000366U,Kobbelv,Kobbelv,1,MAW,PT60M,2,2019-12-30 19:00:00+01:00
2020-02-06 18:17:20+01:00,0,NO_4,Unplanned outage,A03,,2020-02-06 18:00:00+01:00,tSg8BD8OROUTfcPMkJVbDA,100.0,Hydro Water Reservoir,50WP00000000633X,Skjomen,Skjomen,1,MAW,PT30M,2,2020-02-06 17:30:00+01:00
2020-02-09 10:31:25+01:00,0,NO_4,Unplanned outage,A03,,2020-02-09 10:30:00+01:00,cjOlZH8a0oopfIGuyca_lg,125.0,Hydro Water Reservoir,50WP00000000552X,Rana,Rana,1,MAW,PT30M,2,2020-02-09 09:30:00+01:00
2020-02-24 18:22:38+01:00,0,NO_4,Unplanned outage,A03,,2020-02-24 20:00:00+01:00,xbLjnEDoDR6RwVe0qlgSPg,100.0,Hydro Water Reservoir,50WP00000000633X,Skjomen,Skjomen,1,MAW,PT60M,1,2020-02-24 18:00:00+01:00
2020-02-25 08:03:39+01:00,0,NO_4,Unplanned outage,A03,,2020-02-25 06:00:00+01:00,FdmmwfSrtdJbEeZ-tQ7Szw,100.0,Hydro Water Reservoir,50WP00000000633X,Skjomen,Skjomen,1,MAW,PT15M,2,2020-02-25 05:45:00+01:00
2020-04-03 01:06:44+02:00,0,NO_4,Unplanned outage,A03,,2020-04-03 14:00:00+02:00,d9QXzZBgS6S4wu1dZEdisA,125.0,Hydro Water Reservoir,50WP00000000552X,Rana,Rana,1,MAW,PT60M,1,2020-04-03 01:00:00+02:00
2020-04-16 13:11:32+02:00,0,NO_4,Unplanned outage,A03,,2020-04-16 12:00:00+02:00,fg8RxLLCR72YODlIKoHb9A,110.0,Hydro Water Reservoir,50WP00000000006N,Alta krv,Alta krv,1,MAW,PT60M,2,2020-04-16 08:00:00+02:00
2020-05-15 01:06:51+02:00,0,NO_4,Unplanned outage,A03,,2020-05-14 16:15:00+02:00,VZF6T0Z5XpfqtfjdeR1yYQ,150.0,Hydro Water Reservoir,50WP00000000366U,Kobbelv,Kobbelv,1,MAW,PT1M,2,2020-05-14 16:10:00+02:00
2020-05-17 21:21:40+02:00,0,NO_4,Unplanned outage,A03,,2020-05-17 23:59:00+02:00,dZ0410uSaB0mL5GOoWoTSw,100.0,Hydro Water Reservoir,50WP00000000633X,Skjomen,Skjomen,1,MAW,PT1M,2,2020-05-17 23:45:00+02:00
2020-05-20 05:37:40+02:00,0,NO_4,Unplanned outage,A03,,2020-05-20 05:36:00+02:00,TQSXy1q8en496Hte336fJg,150.0,Hydro Water Reservoir,50WP00000000366U,Kobbelv,Kobbelv,1,MAW,PT1M,2,2020-05-20 05:30:00+02:00
2020-06-16 11:10:41+02:00,0,NO_4,Unplanned outage,A03,,2020-06-16 12:00:00+02:00,bFCozTojfPSrHWWYnuJmWA,100.0,Hydro Water Reservoir,50WP00000000633X,Skjomen,Skjomen,1,MAW,PT30M,1,2020-06-16 11:30:00+02:00
2020-06-16 19:23:20+02:00,0,NO_4,Unplanned outage,A03,,2020-06-16 19:30:00+02:00,crZ1Mhv76UXSbbD80NTcjw,100.0,Hydro Water Reservoir,50WP00000000633X,Skjomen,Skjomen,1,MAW,PT15M,1,2020-06-16 19:15:00+02:00
2020-06-18 18:00:22+02:00,0,NO_4,Unplanned outage,A03,,2020-06-18 18:00:00+02:00,rcPBXqplzrOic5bBCLjoAQ,100.0,Hydro Water Reservoir,50WP00000000633X,Skjomen,Skjomen,1,MAW,PT1M,1,2020-06-18 17:54:00+02:00
2020-06-21 21:25:51+02:00,0,NO_4,Unplanned outage,A03,,2020-06-22 07:00:00+02:00,PUYMreQf0FdiKPG0IokFsg,100.0,Hydro Water Reservoir,50WP00000000633X,Skjomen,Skjomen,1,MAW,PT60M,1,2020-06-21 22:00:00+02:00
2020-06-22 07:05:39+02:00,0,NO_4,Unplanned outage,A03,,2020-06-20 22:00:00+02:00,W_YuWwY4sMz14J5MjAgRCQ,100.0,Hydro Water Reservoir,50WP00000000633X,Skjomen,Skjomen,1,MAW,PT30M,4,2020-06-20 21:30:00+02:00
2020-06-25 19:02:18+02:00,0,NO_4,Unplanned outage,A03,,2020-06-25 19:15:00+02:00,ZBTC_KMr64U7KpreCPniLA,100.0,Hydro Water Reservoir,50WP00000000633X,Skjomen,Skjomen,1,MAW,PT1M,1,2020-06-25 19:01:00+02:00
2020-06-29 14:46:12+02:00,0,NO_4,Unplanned outage,A03,,2020-06-29 15:00:00+02:00,UMpLSshAXbDl1UNQE2WHEg,125.0,Hydro Water Reservoir,50WP00000000552X,Rana,Rana,1,MAW,PT60M,3,2020-06-27 01:00:00+02:00
2020-07-03 12:17:13+02:00,0,NO_4,Unplanned outage,A03,,2020-07-03 12:00:00+02:00,1ut30SV7aMtizv1t5-gQyg,125.0,Hydro Water Reservoir,50WP00000000552X,Rana,Rana,1,MAW,PT60M,2,2020-07-03 08:00:00+02:00
2020-07-08 09:37:13+02:00,0,NO_4,Unplanned outage,A03,,2020-07-08 01:30:00+02:00,58NAUSAYUv6UIWDhb38mxQ,100.0,Hydro Water Reservoir,50WP00000000633X,Skjomen,Skjomen,1,MAW,PT15M,2,2020-07-08 01:15:00+02:00
2020-07-09 23:04:44+02:00,0,NO_4,Unplanned outage,A03,,2020-07-10 09:00:00+02:00,v-8Bqk3IEjw-TMotm2i-Zg,100.0,Hydro Water Reservoir,50WP00000000633X,Skjomen,Skjomen,1,MAW,PT60M,1,2020-07-09 23:00:00+02:00
2020-07-12 08:48:10+02:00,0,NO_4,Unplanned outage,A03,,2020-07-12 09:00:00+02:00,n8aagZcRsNyGWjLCFqkf-w,100.0,Hydro Water Reservoir,50WP00000000633X,Skjomen,Skjomen,1,MAW,PT15M,1,2020-07-12 08:45:00+02:00
2020-07-13 17:27:49+02:00,0,NO_4,Unplanned outage,A03,,2020-07-14 00:00:00+02:00,KeCgPc4mANEVX6mVZUp9pg,100.0,Hydro Water Reservoir,50WP00000000633X,Skjomen,Skjomen,1,MAW,PT60M,1,2020-07-13 17:00:00+02:00
2020-07-19 17:04:18+02:00,0,NO_4,Unplanned outage,A03,,2020-07-20 08:00:00+02:00,-TZukDRz6pjWryFPZelxCw,100.0,Hydro Water Reservoir,50WP00000000633X,Skjomen,Skjomen,1,MAW,PT60M,1,2020-07-19 17:00:00+02:00
2020-08-26 07:07:44+02:00,0,NO_4,Unplanned outage,A03,,2020-08-26 06:30:00+02:00,xCw9grdsIvYBWijFijADDg,100.0,Hydro Water Reservoir,50WP00000000633X,Skjomen,Skjomen,1,MAW,PT1M,1,2020-08-26 06:22:00+02:00
2020-09-10 23:03:12+02:00,0,NO_4,Unplanned outage,A03,,2020-09-11 09:00:00+02:00,g1AhXjUSJion6RDLPASc0g,150.0,Hydro Water Reservoir,50WP00000000366U,Kobbelv,Kobbelv,1,MAW,PT60M,1,2020-09-10 23:00:00+02:00
2020-09-23 14:10:58+02:00,0,NO_4,Unplanned outage,A03,,2020-09-23 13:15:00+02:00,EleQcTFImloCbRautgWbyA,100.0,Hydro Water Reservoir,50WP00000000633X,Skjomen,Skjomen,1,MAW,PT1M,2,2020-09-23 13:10:00+02:00
2020-10-13 14:56:46+02:00,0,NO_4,Unplanned outage,A03,,2020-10-13 07:30:00+02:00,5VENKxL-odXNUTRWmw0AZw,400.0,Hydro Water Reservoir,50WP00000000695B,Svartisen,Svartisen,1,MAW,PT15M,2,2020-10-13 07:15:00+02:00
2020-10-21 05:41:38+02:00,0,NO_4,Unplanned outage,A03,,2020-10-21 04:15:00+02:00,ufc6pDcj5UeM2HvFYGqgzw,100.0,Hydro Water Reservoir,50WP00000000633X,Skjomen,Skjomen,1,MAW,PT1M,1,2020-10-21 04:14:00+02:00
2020-10-22 03:21:10+02:00,0,NO_4,Unplanned outage,A03,,2020-10-22 02:15:00+02:00,C-VCa96U8o6qXAsXGqxklA,320.0,Hydro Water Reservoir,50WP00000000695B,Svartisen,Svartisen,1,MAW,PT1M,2,2020-10-22 02:05:00+02:00
2020-10-22 03:21:35+02:00,0,NO_4,Unplanned outage,A03,,2020-10-22 02:15:00+02:00,xahpCa61_xS22U0joGOp2A,400.0,Hydro Water Reservoir,50WP00000000695B,Svartisen,Svartisen,1,MAW,PT1M,2,2020-10-22 02:05:00+02:00
2020-10-23 04:55:25+02:00,0,NO_4,Unplanned outage,A03,,2020-10-23 02:30:00+02:00,arp0ge5AzFE7UGJ9wZZExw,320.0,Hydro Water Reservoir,50WP00000000695B,Svartisen,Svartisen,1,MAW,PT1M,1,2020-10-23 02:21:00+02:00
2020-10-23 07:45:37+02:00,0,NO_4,Unplanned outage,A03,,2020-10-23 06:30:00+02:00,S3UbZpJgrNFQxF2WK7-mbA,150.0,Hydro Water Reservoir,50WP00000000366U,Kobbelv,Kobbelv,1,MAW,PT1M,2,2020-10-23 06:25:00+02:00
2020-10-26 08:53:13+01:00,0,NO_4,Unplanned outage,A03,,2020-10-25 14:30:00+01:00,94r2Lf9ZxJ0oavPU25OCCQ,100.0,Hydro Water Reservoir,50WP00000000633X,Skjomen,Skjomen,1,MAW,PT15M,2,2020-10-25 14:15:00+01:00
2020-11-02 07:53:07+01:00,0,NO_4,Unplanned outage,A03,,2020-11-02 08:00:00+01:00,l0j2MfHUSF1zsA_fM0JtUQ,125.0,Hydro Water Reservoir,50WP00000000552X,Rana,Rana,1,MAW,PT1M,1,2020-11-02 07:52:00+01:00
2020-11-03 13:14:57+01:00,0,NO_4,Unplanned outage,A03,,2020-11-03 13:00:00+01:00,4PPjedYF_IAshcLRhUFaXg,100.0,Hydro Water Reservoir,50WP00000000633X,Skjomen,Skjomen,1,MAW,PT60M,2,2020-11-02 14:00:00+01:00
2020-11-18 22:59:56+01:00,0,NO_4,Unplanned outage,A03,,2020-11-19 09:00:00+01:00,HDigad3hoVtISt8GKHgjGg,100.0,Hydro Water Reservoir,50WP00000000633X,Skjomen,Skjomen,1,MAW,PT60M,1,2020-11-18 22:00:00+01:00
2020-12-27 16:55:17+01:00,0,NO_4,Unplanned outage,A03,,2020-12-27 16:00:00+01:00,0n_F-RLDLT_0yjOy86DjnA,125.0,Hydro Water Reservoir,50WP00000000552X,Rana,Rana,1,MAW,PT60M,2,2020-12-27 15:00:00+01:00
2020-12-27 18:58:49+01:00,0,NO_4,Unplanned outage,A03,,2020-12-27 17:45:00+01:00,Jc6WceJWiI-aiI-C1GcZ5A,100.0,Hydro Water Reservoir,50WP00000000633X,Skjomen,Skjomen,1,MAW,PT1M,2,2020-12-27 17:37:00+01:00
2020-12-27 19:00:21+01:00,0,NO_4,Unplanned outage,A03,,2020-12-27 18:00:00+01:00,RKUBQhDAB4VmwQKoQcEptQ,100.0,Hydro Water Reservoir,50WP00000000633X,Skjomen,Skjomen,1,MAW,PT1M,2,2020-12-27 17:56:00+01:00
2021-01-21 23:11:32+01:00,0,NO_4,Unplanned outage,A03,,2021-01-21 23:15:00+01:00,jrIDhPuqfTqtLmRAvt0TJg,150.0,Hydro Water Reservoir,50WP00000000366U,Kobbelv,Kobbelv,1,MAW,PT1M,1,2021-01-21 23:05:00+01:00
2021-01-23 10:18:04+01:00,0,NO_4,Unplanned outage,A03,,2021-01-22 05:00:00+01:00,En41IVf_35_R1psq4WkPNA,225.0,Hydro Water Reservoir,50WP00000000498D,Nedre Rossaga,Nedre Rossaga,1,MAW,PT15M,6,2021-01-22 04:45:00+01:00
2021-02-01 21:15:16+01:00,0,NO_4,Unplanned outage,A03,,2021-02-01 21:00:00+01:00,KFbiLiulQ2kMd5C60M8_WA,150.0,Hydro Water Reservoir,50WP00000000366U,Kobbelv,Kobbelv,1,MAW,PT60M,6,2021-02-01 16:00:00+01:00
2021-02-03 12:05:19+01:00,0,NO_4,Unplanned outage,A03,,2021-02-03 15:00:00+01:00,6fBOKFi3W2-9PbXq8EcKSw,320.0,Hydro Water Reservoir,50WP00000000695B,Svartisen,Svartisen,1,MAW,PT60M,1,2021-02-03 13:00:00+01:00
2021-02-06 15:07:47+01:00,0,NO_4,Unplanned outage,A03,,2021-02-06 08:15:00+01:00,IhLocgZbyOa9MZ_HtQtdyw,150.0,Hydro Water Reservoir,50WP00000000366U,Kobbelv,Kobbelv,1,MAW,PT1M,2,2021-02-06 08:07:00+01:00
2021-03-02 04:21:35+01:00,0,NO_4,Unplanned outage,A03,,2021-03-02 06:00:00+01:00,CbpJF8Cxf0gOs2y25Idt2g,320.0,Hydro Water Reservoir,50WP00000000695B,Svartisen,Svartisen,1,MAW,PT60M,1,2021-03-02 04:00:00+01:00
2021-03-03 20:14:25+01:00,0,NO_4,Unplanned outage,A03,,2021-03-03 21:00:00+01:00,QbTqUmFrawDei6WjMwtt-w,320.0,Hydro Water Reservoir,50WP00000000695B,Svartisen,Svartisen,1,MAW,PT60M,1,2021-03-03 20:00:00+01:00
2021-03-05 19:20:58+01:00,0,NO_4,Unplanned outage,A03,,2021-03-05 19:00:00+01:00,wPmH9w-qtXJk-V5g1M-ciQ,320.0,Hydro Water Reservoir,50WP00000000695B,Svartisen,Svartisen,1,MAW,PT30M,2,2021-03-05 18:30:00+01:00
2021-03-07 19:05:56+01:00,0,NO_4,Unplanned outage,A03,,2021-03-07 18:00:00+01:00,Ro7461NC8gmuk3Y-opZpuA,400.0,Hydro Water Reservoir,50WP00000000695B,Svartisen,Svartisen,1,MAW,PT1M,2,2021-03-07 17:52:00+01:00
2021-03-24 08:33:12+01:00,150,NO_4,Unplanned outage,A03,,2021-03-22 14:30:00+01:00,a8T4BEkltSq5mfgA3w2Ppg,150.0,Hydro Water Reservoir,50WP00000000366U,Kobbelv,Kobbelv,1,MAW,PT1M,1,2021-03-22 14:29:00+01:00
2021-03-25 06:40:39+01:00,0,NO_4,Unplanned outage,A03,,2021-03-25 06:30:00+01:00,9mS_KlzaSDbee9wkroATxg,150.0,Hydro Water Reservoir,50WP00000000366U,Kobbelv,Kobbelv,1,MAW,PT15M,1,2021-03-25 06:15:00+01:00
2021-03-31 08:55:42+02:00,0,NO_4,Unplanned outage,A03,,2021-04-12 18:00:00+02:00,kjdfngE5arOtrjoaUx2jEg,400.0,Hydro Water Reservoir,50WP00000000695B,Svartisen,Svartisen,1,MAW,PT60M,2,2021-03-29 14:00:00+02:00
2021-04-04 16:41:17+02:00,0,NO_4,Unplanned outage,A03,,2021-04-03 09:15:00+02:00,7xNvgNr6_JbuxfvpK1rHsg,150.0,Hydro Water Reservoir,50WP00000000366U,Kobbelv,Kobbelv,1,MAW,PT1M,1,2021-04-03 09:10:00+02:00
2021-05-16 18:59:54+02:00,0,NO_4,Unplanned outage,A03,,2021-05-16 18:00:00+02:00,E6U_diWSn3BUxw9P3GyALw,150.0,Hydro Water Reservoir,50WP00000000366U,Kobbelv,Kobbelv,1,MAW,PT60M,2,2021-05-16 17:00:00+02:00
2021-06-04 13:49:55+02:00,0,NO_4,Unplanned outage,A03,,2021-06-04 12:30:00+02:00,2-I-5g7Wf4SHXWZVRB4DGQ,100.0,Hydro Water Reservoir,50WP00000000633X,Skjomen,Skjomen,1,MAW,PT1M,2,2021-06-04 12:20:00+02:00
2021-06-14 10:13:14+02:00,0,NO_4,Unplanned outage,A03,,2021-06-08 00:00:00+02:00,XraihfDMzmLxFzQQplaeVA,400.0,Hydro Water Reservoir,50WP00000000695B,Svartisen,Svartisen,1,MAW,PT30M,4,2021-06-07 23:30:00+02:00
2021-07-19 12:56:12+02:00,0,NO_4,Unplanned outage,A03,,2021-07-19 12:00:00+02:00,01IcG1Mf3QLMMlVDwNceOw,100.0,Hydro Water Reservoir,50WP00000000633X,Skjomen,Skjomen,1,MAW,PT60M,5,2021-07-18 15:00:00+02:00
2021-08-21 11:26:41+02:00,0,NO_4,Unplanned outage,A03,,2021-08-21 10:15:00+02:00,Uzn3ibbrf3ikEkwNfWHGuA,110.0,Hydro Water Reservoir,50WP00000000006N,Alta krv,Alta krv,1,MAW,PT1M,2,2021-08-21 10:05:00+02:00
2021-09-23 16:55:51+02:00,0,NO_4,Unplanned outage,A03,,2021-09-23 16:55:00+02:00,IEFtYX7kDiMBZh09a3L1bQ,320.0,Hydro Water Reservoir,50WP00000000695B,Svartisen,Svartisen,1,MAW,PT1M,2,2021-09-23 16:45:00+02:00
2021-09-25 23:07:44+02:00,0,NO_4,Unplanned outage,A03,,2021-09-25 22:45:00+02:00,Singy2AZRDTBFuYNvdg8Zw,225.0,Hydro Water Reservoir,50WP00000000498D,Nedre Rossaga,Nedre Rossaga,1,MAW,PT1M,1,2021-09-25 22:40:00+02:00
2021-10-03 00:04:02+02:00,0,NO_4,Unplanned outage,A03,,2021-10-03 00:00:00+02:00,TNRZ3XQxd4Un_eyx9hIYAg,100.0,Hydro Water Reservoir,50WP00000000633X,Skjomen,Skjomen,1,MAW,PT1M,1,2021-10-02 23:59:00+02:00
2021-12-09 18:47:44+01:00,0,NO_4,Unplanned outage,A03,,2021-12-09 18:30:00+01:00,NFCsW3tKMRjwZbENgQjGvA,150.0,Hydro Water Reservoir,50WP00000000366U,Kobbelv,Kobbelv,1,MAW,PT15M,1,2021-12-09 18:15:00+01:00
2021-12-21 23:35:14+01:00,0,NO_4,Unplanned outage,A03,,2021-12-21 23:35:00+01:00,fIjz14DrBXahcG8ryWfMuQ,125.0,Hydro Water Reservoir,50WP00000000552X,Rana,Rana,1,MAW,PT1M,2,2021-12-21 23:30:00+01:00
2021-12-22 08:01:10+01:00,0,NO_4,Unplanned outage,A03,,2021-12-22 08:00:00+01:00,D1LdfdUvWJ2VAJAMVB3wqA,125.0,Hydro Water Reservoir,50WP00000000552X,Rana,Rana,1,MAW,PT60M,2,2021-12-22 04:00:00+01:00
2021-12-25 09:12:11+01:00,0,NO_4,Unplanned outage,A03,,2021-12-19 01:00:00+01:00,mmRhmdaHDIhuRIO17dNoWw,225.0,Hydro Water Reservoir,50WP00000000498D,Nedre Rossaga,Nedre Rossaga,1,MAW,PT15M,7,2021-12-19 00:45:00+01:00
2021-12-27 12:53:50+01:00,0,NO_4,Unplanned outage,A03,,2021-12-27 11:00:00+01:00,IZNQyFCblyzM1rVXJ-1gZA,125.0,Hydro Water Reservoir,50WP00000000552X,Rana,Rana,1,MAW,PT1M,2,2021-12-27 10:56:00+01:00
2022-01-07 08:51:21+01:00,0,NO_4,Unplanned outage,A03,,2022-01-07 08:45:00+01:00,4CQ4v5CE1vopr6Qg2xmObQ,125.0,Hydro Water Reservoir,50WP00000000552X,Rana,Rana,1,MAW,PT15M,3,2022-01-07 08:30:00+01:00
2022-01-17 10:14:45+01:00,0,NO_4,Unplanned outage,A03,,2022-01-16 13:30:00+01:00,c-TSRSYDlCY-fC84fN26LQ,150.0,Hydro Water Reservoir,50WP00000000366U,Kobbelv,Kobbelv,1,MAW,PT1M,2,2022-01-16 13:27:00+01:00
2022-02-01 20:10:54+01:00,0,NO_4,Unplanned outage,A03,,2022-02-01 18:30:00+01:00,mhepWeYalSzB5OkXY1aRlA,150.0,Hydro Water Reservoir,50WP00000000366U,Kobbelv,Kobbelv,1,MAW,PT1M,2,2022-02-01 18:25:00+01:00
2022-02-02 07:00:41+01:00,0,NO_4,Unplanned outage,A03,,2022-02-02 06:45:00+01:00,GfK7m0k4dr516I7c--Y6Fg,150.0,Hydro Water Reservoir,50WP00000000366U,Kobbelv,Kobbelv,1,MAW,PT1M,1,2022-02-02 06:37:00+01:00
2022-02-04 15:28:44+01:00,0,NO_4,Unplanned outage,A03,,2022-02-04 15:28:00+01:00,y6ZSYn1_V23abuNv-xIqLQ,125.0,Hydro Water Reservoir,50WP00000000552X,Rana,Rana,1,MAW,PT1M,2,2022-02-04 15:15:00+01:00
2022-02-13 10:44:57+01:00,0,NO_4,Unplanned outage,A03,,2022-02-13 00:45:00+01:00,337cz5AeufQwvC6mi4odaw,150.0,Hydro Water Reservoir,50WP00000000366U,Kobbelv,Kobbelv,1,MAW,PT1M,2,2022-02-13 00:40:00+01:00
2022-02-17 07:43:48+01:00,0,NO_4,Unplanned outage,A03,,2022-02-17 10:00:00+01:00,g9WTwaD6GMRDHZC7iDQ-Gw,125.0,Hydro Water Reservoir,50WP00000000552X,Rana,Rana,1,MAW,PT60M,1,2022-02-17 09:00:00+01:00
2022-03-03 13:39:14+01:00,0,NO_4,Unplanned outage,A03,,2022-03-03 08:00:00+01:00,h832bRpaiL_4RYrvzrVUew,100.0,Hydro Water Reservoir,50WP00000000633X,Skjomen,Skjomen,1,MAW,PT60M,2,2022-03-03 06:00:00+01:00
2022-03-09 08:57:43+01:00,0,NO_4,Unplanned outage,A03,,2022-03-09 02:00:00+01:00,pTY6a3XqlGJGGo2-HAwSvA,125.0,Hydro Water Reservoir,50WP00000000552X,Rana,Rana,1,MAW,PT15M,2,2022-03-09 01:45:00+01:00
2022-03-09 08:59:13+01:00,0,NO_4,Unplanned outage,A03,,2022-03-09 01:45:00+01:00,H-yhMZoRE3OMauMDZEhk5A,125.0,Hydro Water Reservoir,50WP00000000552X,Rana,Rana,1,MAW,PT1M,2,2022-03-09 01:40:00+01:00
2022-04-08 15:38:48+02:00,0,NO_4,Unplanned outage,A03,,2022-04-08 02:30:00+02:00,4MmRCh1hN-wsSLixl72kRg,400.0,Hydro Water Reservoir,50WP00000000695B,Svartisen,Svartisen,1,MAW,PT1M,5,2022-04-08 02:21:00+02:00
2022-04-16 00:41:09+02:00,0,NO_4,Unplanned outage,A03,,2022-04-16 00:30:00+02:00,Slk8FB0JPLIr1E7VPpsXSg,100.0,Hydro Water Reservoir,50WP00000000633X,Skjomen,Skjomen,1,MAW,PT30M,2,2022-04-16 00:00:00+02:00
2022-04-16 01:49:19+02:00,0,NO_4,Unplanned outage,A03,,2022-04-16 12:00:00+02:00,vRJVVbZ4oZEXnxKMZc-53g,110.0,Hydro Water Reservoir,50WP00000000006N,Alta krv,Alta krv,1,MAW,PT60M,1,2022-04-16 02:00:00+02:00
2022-04-16 10:26:40+02:00,0,NO_4,Unplanned outage,A03,,2022-04-19 10:00:00+02:00,d-wWfnN15zK-vx45fwa_ww,100.0,Hydro Water Reservoir,50WP00000000633X,Skjomen,Skjomen,1,MAW,PT60M,1,2022-04-16 10:00:00+02:00
2022-04-27 06:31:39+02:00,0,NO_4,Unplanned outage,A03,,2022-04-27 09:00:00+02:00,5mxVSf4bPUgtUL-n8K4HKg,100.0,Hydro Water Reservoir,50WP00000000633X,Skjomen,Skjomen,1,MAW,PT60M,1,2022-04-27 06:00:00+02:00
2022-05-19 14:50:47+02:00,0,NO_4,Unplanned outage,A03,,2022-05-19 14:30:00+02:00,T6E5D0UhbVyuF5Q55CMC8g,100.0,Hydro Water Reservoir,50WP00000000633X,Skjomen,Skjomen,1,MAW,PT1M,1,2022-05-19 14:17:00+02:00
2022-05-26 08:20:39+02:00,0,NO_4,Unplanned outage,A03,,2022-05-26 06:00:00+02:00,2tGnpEFX7-2kJLGDVEwuNw,110.0,Hydro Water Reservoir,50WP00000000006N,Alta krv,Alta krv,1,MAW,PT1M,4,2022-05-26 05:50:00+02:00
2022-06-02 07:30:45+02:00,0,NO_4,Unplanned outage,A03,,2022-06-02 06:30:00+02:00,EHX_alU3ZkXE_wKhIg0Xmw,150.0,Hydro Water Reservoir,50WP00000000366U,Kobbelv,Kobbelv,1,MAW,PT15M,2,2022-06-02 06:15:00+02:00
2022-06-13 11:38:13+02:00,0,NO_4,Unplanned outage,A03,,2022-06-13 11:30:00+02:00,hfMyXuFLVsWn-aodDTXQ7g,150.0,Hydro Water Reservoir,50WP00000000366U,Kobbelv,Kobbelv,1,MAW,PT30M,2,2022-06-13 11:00:00+02:00
2022-06-13 20:07:54+02:00,0,NO_4,Unplanned outage,A03,,2022-06-14 12:00:00+02:00,uWbQjSfW67rwdXSKZenD-g,150.0,Hydro Water Reservoir,50WP00000000366U,Kobbelv,Kobbelv,1,MAW,PT60M,1,2022-06-13 20:00:00+02:00
2022-06-18 19:34:19+02:00,0,NO_4,Unplanned outage,A03,,2022-06-18 19:30:00+02:00,eD_fXyoG6dMA8w1PXRuYjQ,100.0,Hydro Water Reservoir,50WP00000000633X,Skjomen,Skjomen,1,MAW,PT15M,1,2022-06-18 19:15:00+02:00
2022-06-28 08:46:46+02:00,0,NO_4,Unplanned outage,A03,,2022-06-28 08:45:00+02:00,4mqafRqnd1aahCdg1A-M1w,125.0,Hydro Water Reservoir,50WP00000000552X,Rana,Rana,1,MAW,PT15M,3,2022-06-28 08:30:00+02:00
2022-06-30 09:26:46+02:00,0,NO_4,Unplanned outage,A03,,2022-06-30 09:00:00+02:00,DejUy55HapncaqFZqMuolg,125.0,Hydro Water Reservoir,50WP00000000552X,Rana,Rana,1,MAW,PT60M,2,2022-06-30 08:00:00+02:00
2022-07-05 14:33:15+02:00,0,NO_4,Unplanned outage,A03,,2022-07-15 12:00:00+02:00,jTqFNLvB2pNu1nt1-NNrNw,150.0,Hydro Water Reservoir,50WP00000000366U,Kobbelv,Kobbelv,1,MAW,PT60M,3,2022-05-13 15:00:00+02:00
