2018-01-30 13:50:59+02:00,430,RO,Unplanned outage,A03,,2015-01-11 00:00:00+02:00,1nkTd9j1aXLA23yMlriFCw,860.0,Fossil Gas,30W-CET-PETROM-L,internal,TPP CCCC Petrom Brazi,1,MAW,PT60M,1,2015-01-08 00:00:00+02:00
2018-01-30 13:51:15+02:00,560,RO,Unplanned outage,A03,,2015-01-15 17:18:00+02:00,fzegxa0WZXv8zrR9bZx3lg,860.0,Fossil Gas,30W-CET-PETROM-L,internal,TPP CCCC Petrom Brazi,1,MAW,PT60M,1,2015-01-15 15:18:00+02:00
2016-04-01 14:22:52+03:00,50,RO,Unplanned outage,A03,,2016-05-01 00:00:00+03:00,0CR3TGobyltr14wI4rj1nA,313.0,Fossil Brown coal/Lignite,30W-CET-DROB---9,internal,TPP Drobeta,1,MAW,PT1M,1,2016-04-01 00:00:00+03:00
2016-04-01 14:22:53+03:00,0,RO,Unplanned outage,A03,,2016-04-30 00:00:00+03:00,6_oaqXGvonRL8DZf6hI48w,413.0,Fossil Gas,30W-CET-BRAI---0,internal,TPP  Braila,1,MAW,PT1M,1,2016-04-01 00:00:00+03:00
2016-06-10 10:20:09+03:00,0,RO,Unplanned outage,A03,,2016-06-13 00:00:00+03:00,pLEB7rezh67wqJI-9NHqVQ,860.0,Fossil Gas,30W-CET-PETROM-L,internal,TPP CCCC Petrom Brazi,1,MAW,PT1M,1,2016-06-11 00:00:00+03:00
2018-01-30 13:51:03+02:00,430,RO,Unplanned outage,A03,,2015-12-06 15:14:00+02:00,5c2VAfffC7e2uhDnGwFJ0A,860.0,Fossil Gas,30W-CET-PETROM-L,internal,TPP CCCC Petrom Brazi,1,MAW,PT60M,1,2015-12-06 12:14:00+02:00
2018-01-30 13:51:22+02:00,560,RO,Unplanned outage,A03,,2016-02-01 08:53:00+02:00,QsvVer2-tNkruupvFC46DA,860.0,Fossil Gas,30W-CET-PETROM-L,internal,TPP CCCC Petrom Brazi,1,MAW,PT60M,1,2016-02-01 06:53:00+02:00
2018-01-30 13:52:40+02:00,430,RO,Unplanned outage,A03,,2015-09-02 17:13:00+03:00,xw2uHwjKb61y0WUaXwjTZQ,860.0,Fossil Gas,30W-CET-PETROM-L,internal,TPP CCCC Petrom Brazi,1,MAW,PT60M,1,2015-09-02 15:13:00+03:00
2016-08-17 18:20:11+03:00,0,RO,Unplanned outage,A03,,2016-08-18 02:00:00+03:00,DbmUw4Pjjot1BH-Mq0u0oQ,509.0,Hydro Water Reservoir,30W-CHE-LOTR---A,internal,HPP Lotru,1,MAW,PT1M,1,2016-08-18 00:00:00+03:00
2016-10-05 10:20:13+03:00,430,RO,Unplanned outage,A03,,2016-11-01 00:00:00+02:00,NLzgaAuSb3gHLlWcsm926w,860.0,Fossil Gas,30W-CET-PETROM-L,internal,TPP CCCC Petrom Brazi,1,MAW,PT1M,1,2016-10-03 18:00:00+03:00
2016-11-02 12:14:33+02:00,430,RO,Unplanned outage,A03,,2017-01-01 00:00:00+02:00,jmUAqxBGhTArD0UdRWKgrA,860.0,Fossil Gas,30W-CET-PETROM-L,internal,TPP CCCC Petrom Brazi,1,MAW,PT1M,1,2016-11-01 00:00:00+02:00
2016-11-02 12:14:35+02:00,0,RO,Unplanned outage,A03,,2016-11-05 00:00:00+02:00,8EZNNddbix9NfF_yi3PHsw,346.0,Fossil Gas,30W-CET-GALA---G,internal,TPP Galati,1,MAW,PT1M,1,2016-11-01 00:00:00+02:00
2016-11-29 21:13:26+02:00,0,RO,Unplanned outage,A03,,2017-01-01 00:00:00+02:00,i4BX9DFegmPgT-8ubEb1_g,194.0,Fossil Gas,30W-CET-BORZ---J,internal,TPP Borzesti,1,MAW,PT1M,1,2016-11-30 15:00:00+02:00
2016-12-06 12:24:52+02:00,0,RO,Unplanned outage,A03,,2016-12-05 20:00:00+02:00,6a47baDJauQY0tr4SCEXUQ,335.0,Hydro Water Reservoir,30W-CHE-RUIM---B,internal,HPP Raul Mare,1,MAW,PT1M,1,2016-12-05 12:00:00+02:00
2017-01-03 19:20:24+02:00,430,RO,Unplanned outage,A03,,2017-08-01 00:00:00+03:00,8y4sm_-nhEqKYyoEaQZkCA,860.0,Fossil Gas,30W-CET-PETROM-L,internal,TPP CCCC Petrom Brazi,1,MAW,PT1M,1,2017-01-01 00:00:00+02:00
2017-01-10 18:20:25+02:00,0,RO,Unplanned outage,A03,,2017-02-01 00:00:00+02:00,bWNxrLW0pIwRa30Tr0ctQQ,413.0,Fossil Gas,30W-CET-BRAI---0,internal,TPP  Braila,1,MAW,PT1M,1,2017-01-01 00:00:00+02:00
2017-01-13 15:20:54+02:00,0,RO,Unplanned outage,A03,,2017-01-15 18:00:00+02:00,Y2u5oEPpzdGHGuX2FH3eFQ,860.0,Fossil Gas,30W-CET-PETROM-L,internal,TPP CCCC Petrom Brazi,1,MAW,PT1M,1,2017-01-15 06:00:00+02:00
2017-01-13 17:21:46+02:00,0,RO,Unplanned outage,A03,,2017-01-16 00:00:00+02:00,rh4m2bb7izZRBxpeXSoCyg,335.0,Hydro Water Reservoir,30W-CHE-RUIM---B,internal,HPP Raul Mare,1,MAW,PT1M,1,2017-01-14 00:00:00+02:00
2017-01-16 12:20:34+02:00,0,RO,Unplanned outage,A03,,2017-01-16 07:00:00+02:00,ZwVbrsXLTgw_ayqMK3B7oA,335.0,Hydro Water Reservoir,30W-CHE-RUIM---B,internal,HPP Raul Mare,1,MAW,PT1M,1,2017-01-16 00:00:00+02:00
2017-01-16 12:20:35+02:00,0,RO,Unplanned outage,A03,,2017-01-19 00:00:00+02:00,3yn6BXIz1CV9mhDq9cE0yA,335.0,Hydro Water Reservoir,30W-CHE-RUIM---B,internal,HPP Raul Mare,1,MAW,PT1M,1,2017-01-18 21:00:00+02:00
2017-01-19 14:24:14+02:00,0,RO,Unplanned outage,A03,,2017-01-23 00:00:00+02:00,l6qldi-bXd5t098BPOjqwg,335.0,Hydro Water Reservoir,30W-CHE-RUIM---B,internal,HPP Raul Mare,1,MAW,PT1M,1,2017-01-22 21:00:00+02:00
2017-01-19 14:24:15+02:00,0,RO,Unplanned outage,A03,,2017-01-21 17:00:00+02:00,_lK2NxwU-7apxzCE7UNp_Q,335.0,Hydro Water Reservoir,30W-CHE-RUIM---B,internal,HPP Raul Mare,1,MAW,PT1M,1,2017-01-21 13:00:00+02:00
2017-01-27 12:20:27+02:00,0,RO,Unplanned outage,A03,,2017-01-28 20:00:00+02:00,eQ6nC0q-ZIhGquiKqetqMA,219.2,Hydro Water Reservoir,30W-CHE-MARI---9,internal,HPP Mariselu,1,MAW,PT1M,1,2017-01-28 08:00:00+02:00
2017-01-31 15:20:22+02:00,0,RO,Unplanned outage,A03,,2017-03-01 00:00:00+02:00,XwOPW1GarpibH7AoEEBJFQ,413.0,Fossil Gas,30W-CET-BRAI---0,internal,TPP  Braila,1,MAW,PT1M,1,2017-02-01 00:00:00+02:00
2017-02-28 18:20:30+02:00,0,RO,Unplanned outage,A03,,2017-04-01 00:00:00+03:00,qp2uGVh7O3RvyIvzWF2Nng,413.0,Fossil Gas,30W-CET-BRAI---0,internal,TPP  Braila,1,MAW,PT1M,1,2017-03-01 00:00:00+02:00
2017-03-31 18:20:21+03:00,0,RO,Unplanned outage,A03,,2017-05-01 00:00:00+03:00,_ysYANAtI-0QMbwLELDRWA,313.0,Fossil Brown coal/Lignite,30W-CET-DROB---9,internal,TPP Drobeta,1,MAW,PT1M,1,2017-04-01 00:00:00+03:00
2017-04-10 13:20:25+03:00,0,RO,Unplanned outage,A03,,2017-04-12 00:00:00+03:00,cU_U-oeiqkmktSrG968GHw,860.0,Fossil Gas,30W-CET-PETROM-L,internal,TPP CCCC Petrom Brazi,1,MAW,PT1M,1,2017-04-10 08:00:00+03:00
2017-04-21 20:20:32+03:00,0,RO,Unplanned outage,A03,,2017-04-22 12:00:00+03:00,oOQNt2gNGxcHEKR0H5NEaA,860.0,Fossil Gas,30W-CET-PETROM-L,internal,TPP CCCC Petrom Brazi,1,MAW,PT1M,1,2017-04-21 19:00:00+03:00
2017-04-24 09:20:30+03:00,0,RO,Unplanned outage,A03,,2017-04-25 00:00:00+03:00,14EDf4kqCZX4jbgNvprAow,860.0,Fossil Gas,30W-CET-PETROM-L,internal,TPP CCCC Petrom Brazi,1,MAW,PT1M,1,2017-04-22 12:00:00+03:00
2017-04-24 11:20:23+03:00,0,RO,Unplanned outage,A03,,2017-05-19 00:00:00+03:00,YX1-auSjKHiehAgl-j9NFQ,860.0,Fossil Gas,30W-CET-PETROM-L,internal,TPP CCCC Petrom Brazi,1,MAW,PT1M,1,2017-04-25 00:00:00+03:00
2017-04-27 16:20:33+03:00,0,RO,Unplanned outage,A03,,2017-06-01 00:00:00+03:00,Hzyea9TY5uJLXiEK9OPrdg,413.0,Fossil Gas,30W-CET-BRAI---0,internal,TPP  Braila,1,MAW,PT1M,1,2017-05-01 00:00:00+03:00
2017-05-09 15:24:41+03:00,110,RO,Unplanned outage,A03,,2017-05-09 16:00:00+03:00,O1KuW_R6xtORIWVLyge8og,219.4,Hydro Water Reservoir,30W-CHE-CORB---Q,internal,HPP Vidraru,1,MAW,PT1M,1,2017-05-09 09:00:00+03:00
2017-05-25 08:20:20+03:00,0,RO,Unplanned outage,A03,,2017-07-01 00:00:00+03:00,7LYg7RAL9NhauovKxBXv6g,860.0,Fossil Gas,30W-CET-PETROM-L,internal,TPP CCCC Petrom Brazi,1,MAW,PT1M,1,2017-05-19 00:00:00+03:00
2017-05-30 14:30:15+03:00,0,RO,Unplanned outage,A03,,2017-07-01 00:00:00+03:00,ejOaplbMzqw2VqTUiRFDwg,194.0,Fossil Gas,30W-CET-BORZ---J,internal,TPP Borzesti,1,MAW,PT1M,1,2017-06-01 00:00:00+03:00
2017-06-15 17:37:02+03:00,0,RO,Unplanned outage,A03,,2017-06-16 16:00:00+03:00,JnVz-7Q1U3JXNPwunaJ3Ug,208.4,Hydro Water Reservoir,30W-CHE-STEJ---C,internal,HPP Stejaru,1,MAW,PT1M,1,2017-06-16 12:00:00+03:00
2017-06-29 18:20:49+03:00,0,RO,Unplanned outage,A03,,2017-07-03 00:00:00+03:00,V_lYczECtveRKBpuep5Ogg,860.0,Fossil Gas,30W-CET-PETROM-L,internal,TPP CCCC Petrom Brazi,1,MAW,PT1M,1,2017-07-01 00:00:00+03:00
2017-06-30 14:21:26+03:00,0,RO,Unplanned outage,A03,,2017-07-05 00:00:00+03:00,HZggAiakzH2WnQH-g4zlig,860.0,Fossil Gas,30W-CET-PETROM-L,internal,TPP CCCC Petrom Brazi,1,MAW,PT1M,1,2017-07-03 00:00:00+03:00
2017-06-30 21:20:24+03:00,0,RO,Unplanned outage,A03,,2017-07-01 20:00:00+03:00,DmVtBXtAmtwovOpjouAZ0A,335.0,Hydro Water Reservoir,30W-CHE-RUIM---B,internal,HPP Raul Mare,1,MAW,PT1M,1,2017-07-01 07:00:00+03:00
2017-07-31 13:20:18+03:00,0,RO,Unplanned outage,A03,,2017-09-01 00:00:00+03:00,Pdm5AfXxPeSauPbr22O--g,413.0,Fossil Gas,30W-CET-BRAI---0,internal,TPP  Braila,1,MAW,PT1M,1,2017-07-01 00:00:00+03:00
2018-01-30 13:51:30+02:00,0,RO,Unplanned outage,A03,,2017-06-30 16:00:00+03:00,sofYufT2b7MZR2AblWZmAg,335.0,Hydro Water Reservoir,30W-CHE-RUIM---B,internal,HPP Raul Mare,1,MAW,PT60M,1,2017-06-30 11:00:00+03:00
2018-01-30 13:51:54+02:00,430,RO,Unplanned outage,A03,,2016-11-27 08:30:00+02:00,XIogZ41Fp8VlsrOP7TVevw,860.0,Fossil Gas,30W-CET-PETROM-L,internal,TPP CCCC Petrom Brazi,1,MAW,PT60M,1,2016-11-27 01:30:00+02:00
2018-01-30 13:52:17+02:00,430,RO,Unplanned outage,A03,,2016-08-14 14:00:00+03:00,4itLZuNoBSguh3F-h6OnlA,860.0,Fossil Gas,30W-CET-PETROM-L,internal,TPP CCCC Petrom Brazi,1,MAW,PT60M,1,2016-08-14 10:00:00+03:00
2018-01-30 13:53:05+02:00,430,RO,Unplanned outage,A03,,2016-09-18 13:49:00+03:00,xz8fP9-YN2Xy6bfJCJdh8Q,860.0,Fossil Gas,30W-CET-PETROM-L,internal,TPP CCCC Petrom Brazi,1,MAW,PT60M,1,2016-09-18 11:49:00+03:00
2018-02-21 14:51:07+02:00,0,RO,Unplanned outage,A03,,2017-09-01 00:00:00+03:00,rk0as3CVCcuEOcX_eD2TjQ,313.0,Fossil Brown coal/Lignite,30W-CET-DROB---9,internal,TPP Drobeta,1,MAW,PT60M,1,2017-06-01 00:00:00+03:00
2018-02-21 14:51:11+02:00,0,RO,Unplanned outage,A03,,2017-04-21 16:00:00+03:00,eUzaIgeCfXW2JCmkftG4gQ,208.4,Hydro Water Reservoir,30W-CHE-STEJ---C,internal,HPP Stejaru,1,MAW,PT60M,1,2017-04-14 16:00:00+03:00
2017-07-31 13:20:19+03:00,0,RO,Unplanned outage,A03,,2017-09-01 00:00:00+03:00,V5o14qb3x-b6Fc7WELe9RA,194.0,Fossil Gas,30W-CET-BORZ---J,internal,TPP Borzesti,1,MAW,PT1M,1,2017-08-01 00:00:00+03:00
2017-08-18 16:21:45+03:00,430,RO,Unplanned outage,A03,,2017-11-01 00:00:00+02:00,yyYrZrEIjmnkYBc1sb2kCw,860.0,Fossil Gas,30W-CET-PETROM-L,internal,TPP CCCC Petrom Brazi,1,MAW,PT1M,1,2017-08-01 00:00:00+03:00
2017-08-31 12:20:44+03:00,0,RO,Unplanned outage,A03,,2017-10-01 00:00:00+03:00,V1LWCTzVsu67n5zFXzCrig,194.0,Fossil Gas,30W-CET-BORZ---J,internal,TPP Borzesti,1,MAW,PT1M,1,2017-09-01 00:00:00+03:00
2017-09-04 09:20:42+03:00,0,RO,Unplanned outage,A03,,2017-09-03 14:00:00+03:00,lxrIcsCPYQc8c7cL71IONw,860.0,Fossil Gas,30W-CET-PETROM-L,internal,TPP CCCC Petrom Brazi,1,MAW,PT1M,1,2017-09-03 01:00:00+03:00
2017-09-06 08:20:47+03:00,0,RO,Unplanned outage,A03,,2017-09-05 11:00:00+03:00,f94aDGRCDbUnDhWSmp-LSg,860.0,Fossil Gas,30W-CET-PETROM-L,internal,TPP CCCC Petrom Brazi,1,MAW,PT1M,1,2017-09-05 10:00:00+03:00
2017-09-07 15:20:47+03:00,0,RO,Unplanned outage,A03,,2017-09-08 16:00:00+03:00,jREfGZkc_4w7JegMfgA_Zg,208.4,Hydro Water Reservoir,30W-CHE-STEJ---C,internal,HPP Stejaru,1,MAW,PT1M,1,2017-09-08 10:00:00+03:00
2017-09-15 15:28:53+03:00,0,RO,Unplanned outage,A03,,2017-09-15 15:00:00+03:00,qMjpdSzM0OZJSHRTAq_V2Q,208.4,Hydro Water Reservoir,30W-CHE-STEJ---C,internal,HPP Stejaru,1,MAW,PT1M,1,2017-09-15 11:00:00+03:00
2017-11-14 16:16:31+02:00,430,RO,Unplanned outage,A03,,2017-11-14 13:42:00+02:00,c16wEnzzBBq4aRv52NiXXg,860.0,Fossil Gas,30W-CET-PETROM-L,internal,TPP CCCC Petrom Brazi,1,MAW,PT1M,1,2017-11-14 11:56:00+02:00
2017-11-20 10:51:01+02:00,0,RO,Unplanned outage,A03,,2017-11-19 18:00:00+02:00,wH_JCDIL6-HyRsTkKwkHvA,208.4,Hydro Water Reservoir,30W-CHE-STEJ---C,internal,HPP Stejaru,1,MAW,PT1M,1,2017-11-19 15:30:00+02:00
2017-12-04 11:51:03+02:00,110,RO,Unplanned outage,A03,,2017-12-02 20:00:00+02:00,vTqGKoJuw-d08qVkB4DdFw,219.4,Hydro Water Reservoir,30W-CHE-CORB---Q,internal,HPP Vidraru,1,MAW,PT1M,1,2017-12-02 10:30:00+02:00
2018-02-27 13:10:57+02:00,670,RO,Unplanned outage,A03,,2018-02-28 00:00:00+02:00,be4JmyCaKtL6QxEnyjFDvw,860.0,Fossil Gas,30W-CET-PETROM-L,internal,TPP CCCC Petrom Brazi,1,MAW,PT60M,1,2018-02-27 13:00:00+02:00
2018-02-27 16:11:41+02:00,500,RO,Unplanned outage,A03,,2018-02-28 00:00:00+02:00,RjI6Qs22lixR_ruEgdOG5g,860.0,Fossil Gas,30W-CET-PETROM-L,internal,TPP CCCC Petrom Brazi,1,MAW,PT60M,1,2018-02-27 16:00:00+02:00
2018-02-27 18:30:54+02:00,430,RO,Unplanned outage,A03,,2018-02-28 00:00:00+02:00,_vpqinJh7jsmzzeryaVpRw,860.0,Fossil Gas,30W-CET-PETROM-L,internal,TPP CCCC Petrom Brazi,1,MAW,PT60M,1,2018-02-27 18:00:00+02:00
2018-02-28 07:50:49+02:00,440,RO,Unplanned outage,A03,,2018-02-28 01:00:00+02:00,tYceRyfbTAD1keJTImPb3Q,860.0,Fossil Gas,30W-CET-PETROM-L,internal,TPP CCCC Petrom Brazi,1,MAW,PT60M,1,2018-02-28 00:00:00+02:00
2018-02-28 07:52:20+02:00,440,RO,Unplanned outage,A03,,2018-03-01 00:00:00+02:00,WKsVduEKdUVV0wslMavLrw,860.0,Fossil Gas,30W-CET-PETROM-L,internal,TPP CCCC Petrom Brazi,1,MAW,PT60M,1,2018-02-28 01:00:00+02:00
2018-02-28 14:31:03+02:00,207,RO,Unplanned outage,A03,,2018-03-01 00:00:00+02:00,AK0rL2MN-ZZor0Nb-Yq66g,860.0,Fossil Gas,30W-CET-PETROM-L,internal,TPP CCCC Petrom Brazi,1,MAW,PT60M,1,2018-02-28 13:00:00+02:00
2018-02-28 14:32:42+02:00,207,RO,Unplanned outage,A03,,2018-03-01 00:00:00+02:00,pts__AtZm3hvRljcUP7X_A,860.0,Fossil Gas,30W-CET-PETROM-L,internal,TPP CCCC Petrom Brazi,1,MAW,PT60M,1,2018-02-28 13:00:00+02:00
2018-03-20 10:31:06+02:00,430,RO,Unplanned outage,A03,,2018-03-20 12:00:00+02:00,vRActMNdy-AwyRIIxEJxeQ,860.0,Fossil Gas,30W-CET-PETROM-L,internal,TPP CCCC Petrom Brazi,1,MAW,PT60M,1,2018-03-20 10:00:00+02:00
2018-03-21 16:50:54+02:00,63,RO,Unplanned outage,A03,,2018-03-23 00:00:00+02:00,b-ReaF6NiPXwfMaXRU2WZg,245.4,Hydro Run-of-river and poundage,30W-CHE-PDF2---5,internal,HPP Portile de Fier II,1,MAW,PT60M,1,2018-03-22 00:00:00+02:00
2018-03-21 16:50:55+02:00,897,RO,Unplanned outage,A03,,2018-03-23 00:00:00+02:00,wC5ILmcM4wkKcbGipMyfrQ,1161.0,Hydro Run-of-river and poundage,30W-CHE-PDF1---A,internal,HPP Portile de Fier I,1,MAW,PT60M,1,2018-03-22 00:00:00+02:00
2018-04-23 08:50:55+03:00,0,RO,Unplanned outage,A03,,2018-04-23 12:30:00+03:00,SyvUEhw6LYcEt5QVKMeEHw,219.4,Hydro Water Reservoir,30W-CHE-CORB---Q,internal,HPP Vidraru,1,MAW,PT60M,1,2018-04-22 22:30:00+03:00
2018-04-23 15:10:57+03:00,0,RO,Unplanned outage,A03,,2018-04-23 19:00:00+03:00,P777Ko0TwLJ6wydyFoK-Cw,219.4,Hydro Water Reservoir,30W-CHE-CORB---Q,internal,HPP Vidraru,1,MAW,PT60M,1,2018-04-23 12:00:00+03:00
2018-05-07 09:10:56+03:00,0,RO,Unplanned outage,A03,,2018-05-03 04:57:00+03:00,5BykG4kxeZzpamjfBXNXPg,860.0,Fossil Gas,30W-CET-PETROM-L,internal,TPP CCCC Petrom Brazi,1,MAW,PT60M,1,2018-05-03 02:57:00+03:00
2018-05-07 09:11:01+03:00,0,RO,Unplanned outage,A03,,2018-05-03 09:22:00+03:00,M7iKIGUAG3SjfgvI2_-qMA,860.0,Fossil Gas,30W-CET-PETROM-L,internal,TPP CCCC Petrom Brazi,1,MAW,PT60M,1,2018-05-03 06:22:00+03:00
2018-06-05 14:30:59+03:00,125,RO,Unplanned outage,A03,,2018-06-04 14:00:00+03:00,rpwMhpnPfoib9XXTX60bUw,245.4,Hydro Run-of-river and poundage,30W-CHE-PDF2---5,internal,HPP Portile de Fier II,1,MAW,PT60M,1,2018-06-04 10:00:00+03:00
2018-06-06 09:30:48+03:00,125,RO,Unplanned outage,A03,,2018-06-05 12:00:00+03:00,aa5o_nYEuhtZOzJq3yrVRw,245.4,Hydro Run-of-river and poundage,30W-CHE-PDF2---5,internal,HPP Portile de Fier II,1,MAW,PT60M,1,2018-06-05 09:00:00+03:00
2018-06-06 16:50:58+03:00,125,RO,Unplanned outage,A03,,2018-06-06 11:00:00+03:00,FU1L4ya8fWePCmOCUk7kyw,245.4,Hydro Run-of-river and poundage,30W-CHE-PDF2---5,internal,HPP Portile de Fier II,1,MAW,PT60M,1,2018-06-06 09:00:00+03:00
2018-06-08 09:10:45+03:00,73,RO,Unplanned outage,A03,,2018-06-07 16:45:00+03:00,wRHLckaZ5z0wwOTdFib_PA,219.2,Hydro Water Reservoir,30W-CHE-MARI---9,internal,HPP Mariselu,1,MAW,PT60M,1,2018-06-07 13:45:00+03:00
2018-06-08 09:11:47+03:00,0,RO,Unplanned outage,A03,,2018-06-07 14:30:00+03:00,u9Y0Xd4bOouHtkBH9cUjmQ,219.2,Hydro Water Reservoir,30W-CHE-MARI---9,internal,HPP Mariselu,1,MAW,PT60M,1,2018-06-06 11:30:00+03:00
2018-06-11 13:11:17+03:00,74,RO,Unplanned outage,A03,,2018-06-11 14:00:00+03:00,J2CN_0cL32F3xV7hOa8qUw,219.2,Hydro Water Reservoir,30W-CHE-MARI---9,internal,HPP Mariselu,1,MAW,PT60M,1,2018-06-11 13:00:00+03:00
2018-07-11 10:30:44+03:00,0,RO,Unplanned outage,A03,,2018-07-11 14:00:00+03:00,2sRo6xHpR85orU8Z0fPXYg,335.0,Hydro Water Reservoir,30W-CHE-RUIM---B,internal,HPP Raul Mare,1,MAW,PT60M,1,2018-07-11 10:00:00+03:00
2018-08-13 13:30:52+03:00,0,RO,Unplanned outage,A03,,2018-08-13 19:00:00+03:00,Kjt67Bc0CEeeuE1EXKIo7g,335.0,Hydro Water Reservoir,30W-CHE-RUIM---B,internal,HPP Raul Mare,1,MAW,PT60M,1,2018-08-13 13:00:00+03:00
2018-08-19 15:51:37+03:00,0,RO,Unplanned outage,A03,,2018-08-19 16:00:00+03:00,4VJRLgOkIA8GaXzswD0o-A,860.0,Fossil Gas,30W-CET-PETROM-L,internal,TPP CCCC Petrom Brazi,1,MAW,PT60M,1,2018-08-19 01:00:00+03:00
2018-08-29 09:31:06+03:00,430,RO,Unplanned outage,A03,,2018-08-28 18:50:00+03:00,mEUkF1Vg0Qh35ireGfnzbg,860.0,Fossil Gas,30W-CET-PETROM-L,internal,TPP CCCC Petrom Brazi,1,MAW,PT60M,1,2018-08-28 08:50:00+03:00
2018-09-27 08:32:22+03:00,124,RO,Unplanned outage,A03,,2018-09-26 19:00:00+03:00,foseihi_y30DZjmliWUZOQ,245.4,Hydro Run-of-river and poundage,30W-CHE-PDF2---5,internal,HPP Portile de Fier II,1,MAW,PT60M,1,2018-09-26 15:00:00+03:00
2018-11-26 10:51:11+02:00,0,RO,Unplanned outage,A03,,2018-11-24 10:00:00+02:00,eLtHzdEh1gq1o3pXr-LdoA,335.0,Hydro Water Reservoir,30W-CHE-RUIM---B,internal,HPP Raul Mare,1,MAW,PT60M,1,2018-11-24 07:00:00+02:00
2018-12-02 10:52:23+02:00,1669,RO,Unplanned outage,A03,,2018-12-02 10:00:00+02:00,ZnpZmBRj4QduuJaOPYEDgw,1896.0,Fossil Brown coal/Lignite,30W-CET-TURC---M,internal,TPP Turceni,1,MAW,PT60M,1,2018-12-02 00:00:00+02:00
2018-12-02 11:11:20+02:00,1649,RO,Unplanned outage,A03,,2018-12-03 00:00:00+02:00,s82oBP2rjaVlJA0YDccTAQ,1896.0,Fossil Brown coal/Lignite,30W-CET-TURC---M,internal,TPP Turceni,1,MAW,PT60M,1,2018-12-02 10:00:00+02:00
2018-12-03 07:31:31+02:00,1659,RO,Unplanned outage,A03,,2018-12-03 07:00:00+02:00,ZFDU8iHD3j_rCUvP7pxUVw,1896.0,Fossil Brown coal/Lignite,30W-CET-TURC---M,internal,TPP Turceni,1,MAW,PT60M,1,2018-12-03 00:00:00+02:00
2018-12-03 07:52:03+02:00,1599,RO,Unplanned outage,A03,,2018-12-03 09:00:00+02:00,Q9qdZm80cRgnrSuPeSJIRg,1896.0,Fossil Brown coal/Lignite,30W-CET-TURC---M,internal,TPP Turceni,1,MAW,PT60M,1,2018-12-03 07:00:00+02:00
2018-12-03 10:11:33+02:00,1729,RO,Unplanned outage,A03,,2018-12-01 06:00:00+02:00,kspBXdb2nG7wrdTefkwArw,1896.0,Fossil Brown coal/Lignite,30W-CET-TURC---M,internal,TPP Turceni,1,MAW,PT60M,1,2018-12-01 00:00:00+02:00
2018-12-03 10:12:25+02:00,1729,RO,Unplanned outage,A03,,2018-12-02 00:00:00+02:00,3A3De04_9sutNJnYVKMbtg,1896.0,Fossil Brown coal/Lignite,30W-CET-TURC---M,internal,TPP Turceni,1,MAW,PT60M,1,2018-12-01 09:00:00+02:00
2018-12-03 10:12:57+02:00,1709,RO,Unplanned outage,A03,,2018-12-01 09:00:00+02:00,4wGVvf2VpMX-5UJWEocaIA,1896.0,Fossil Brown coal/Lignite,30W-CET-TURC---M,internal,TPP Turceni,1,MAW,PT60M,1,2018-12-01 06:00:00+02:00
2018-12-03 10:31:50+02:00,1599,RO,Unplanned outage,A03,,2018-12-03 18:00:00+02:00,fubtNdtH53IxlC6VTkyyAQ,1896.0,Fossil Brown coal/Lignite,30W-CET-TURC---M,internal,TPP Turceni,1,MAW,PT60M,1,2018-12-03 10:00:00+02:00
2018-12-03 10:32:23+02:00,1659,RO,Unplanned outage,A03,,2018-12-03 10:00:00+02:00,iFZsKolrjc09YGfYU8ju4w,1896.0,Fossil Brown coal/Lignite,30W-CET-TURC---M,internal,TPP Turceni,1,MAW,PT60M,1,2018-12-03 09:00:00+02:00
2018-12-04 13:31:37+02:00,1589,RO,Unplanned outage,A03,,2018-12-04 00:00:00+02:00,Aglag-IM-6WIdIZJTVCOyA,1896.0,Fossil Brown coal/Lignite,30W-CET-TURC---M,internal,TPP Turceni,1,MAW,PT60M,1,2018-12-03 20:00:00+02:00
2018-12-04 13:31:41+02:00,1659,RO,Unplanned outage,A03,,2018-12-03 20:00:00+02:00,xkgQBqdZ-G3Aw_ki5orKUw,1896.0,Fossil Brown coal/Lignite,30W-CET-TURC---M,internal,TPP Turceni,1,MAW,PT60M,1,2018-12-03 18:00:00+02:00
2018-12-06 22:12:06+02:00,210,RO,Unplanned outage,A03,,2018-12-06 22:22:00+02:00,SjbcJSsBAOAJsDfBT7jTNQ,860.0,Fossil Gas,30W-CET-PETROM-L,internal,TPP CCCC Petrom Brazi,1,MAW,PT60M,1,2018-12-06 19:22:00+02:00
2018-12-07 09:31:23+02:00,1736,RO,Unplanned outage,A03,,2018-12-07 08:00:00+02:00,NGIM7SQMDq5W3S0z7_FEIg,1896.0,Fossil Brown coal/Lignite,30W-CET-TURC---M,internal,TPP Turceni,1,MAW,PT60M,1,2018-12-07 02:00:00+02:00
2018-12-09 12:12:55+02:00,1711,RO,Unplanned outage,A03,,2018-12-10 00:00:00+02:00,1sjXjM2dgHTyjhZY50IjtQ,1896.0,Fossil Brown coal/Lignite,30W-CET-TURC---M,internal,TPP Turceni,1,MAW,PT60M,1,2018-12-09 12:00:00+02:00
2018-12-12 09:52:08+02:00,1696,RO,Unplanned outage,A03,,2018-12-12 16:00:00+02:00,uzlO_PHDI0Nebjjeauu7Aw,1896.0,Fossil Brown coal/Lignite,30W-CET-TURC---M,internal,TPP Turceni,1,MAW,PT60M,1,2018-12-12 09:00:00+02:00
2018-12-12 16:52:40+02:00,1696,RO,Unplanned outage,A03,,2018-12-13 00:00:00+02:00,r0_9-fYEj9hwEtvwth1zEA,1896.0,Fossil Brown coal/Lignite,30W-CET-TURC---M,internal,TPP Turceni,1,MAW,PT60M,1,2018-12-12 16:00:00+02:00
2018-12-17 13:11:19+02:00,330,RO,Unplanned outage,A03,,2018-12-17 16:00:00+02:00,Yu9GSC4rMlLCsR2-eHpVGw,509.0,Hydro Water Reservoir,30W-CHE-LOTR---A,internal,HPP Lotru,1,MAW,PT60M,1,2018-12-17 11:00:00+02:00
2018-12-31 09:11:11+02:00,1626,RO,Unplanned outage,A03,,2018-12-31 12:00:00+02:00,ku3ZdZgoIi0uwJDsI9j1nA,1896.0,Fossil Brown coal/Lignite,30W-CET-TURC---M,internal,TPP Turceni,1,MAW,PT60M,1,2018-12-31 05:00:00+02:00
2018-12-31 09:12:12+02:00,1691,RO,Unplanned outage,A03,,2019-01-01 00:00:00+02:00,-gA4Ldq9bbSxMWFNjiA3mw,1896.0,Fossil Brown coal/Lignite,30W-CET-TURC---M,internal,TPP Turceni,1,MAW,PT60M,1,2018-12-31 12:00:00+02:00
2018-12-31 09:12:45+02:00,1691,RO,Unplanned outage,A03,,2018-12-31 05:00:00+02:00,54l4xsgV9_Q7XwxaQUxkUg,1896.0,Fossil Brown coal/Lignite,30W-CET-TURC---M,internal,TPP Turceni,1,MAW,PT60M,1,2018-12-31 00:00:00+02:00
2019-01-26 10:31:10+02:00,1402,RO,Unplanned outage,A03,,2019-01-26 09:00:00+02:00,0cJ3oZg646EVGNSyAdhwjw,1772.0,Fossil Brown coal/Lignite,30W-CET-TURC---M,internal,TPP Turceni,1,MAW,PT60M,1,2019-01-26 05:00:00+02:00
2019-01-26 10:51:09+02:00,1437,RO,Unplanned outage,A03,,2019-01-26 05:00:00+02:00,os79vrGuDrs1VqK56_kX4A,1772.0,Fossil Brown coal/Lignite,30W-CET-TURC---M,internal,TPP Turceni,1,MAW,PT60M,1,2019-01-26 02:00:00+02:00
2019-01-26 11:31:22+02:00,1437,RO,Unplanned outage,A03,,2019-01-26 16:00:00+02:00,QrNjevcRUhBrp64aGYayRQ,1772.0,Fossil Brown coal/Lignite,30W-CET-TURC---M,internal,TPP Turceni,1,MAW,PT60M,1,2019-01-26 11:00:00+02:00
2019-02-14 08:51:26+02:00,170,RO,Unplanned outage,A03,,2019-02-21 07:00:00+02:00,uRFHSr-WhpHjEVgm_gUazQ,268.0,Fossil Gas,30W-CET-BRAZ---Q,internal,TPP Brazi,1,MAW,PT60M,1,2019-02-13 16:00:00+02:00
2019-02-15 18:10:54+02:00,73,RO,Unplanned outage,A03,,2019-02-15 12:00:00+02:00,VW0vovRHmdjwBtBMdfUyPQ,215.0,Hydro Water Reservoir,30W-CHE-MARI---9,internal,HPP Mariselu,1,MAW,PT60M,1,2019-02-15 11:00:00+02:00
2019-02-23 06:02:33+02:00,1547,RO,Unplanned outage,A03,,2019-02-23 06:00:00+02:00,Dqe4my8BM4tePySmLwad0g,1772.0,Fossil Brown coal/Lignite,30W-CET-TURC---M,internal,TPP Turceni,1,MAW,PT60M,1,2019-02-23 00:00:00+02:00
2019-03-15 14:50:17+02:00,425,RO,Unplanned outage,A03,,2019-03-16 01:00:00+02:00,hlJ47Flyh6mtgARdpXI8aw,860.0,Fossil Gas,30W-CET-PETROM-L,internal,TPP CCCC Petrom Brazi,1,MAW,PT60M,1,2019-03-14 12:00:00+02:00
2019-03-21 11:53:28+02:00,425,RO,Unplanned outage,A03,,2019-03-21 12:00:00+02:00,X6vWv1nfT64MWcSTxPPOIw,860.0,Fossil Gas,30W-CET-PETROM-L,internal,TPP CCCC Petrom Brazi,1,MAW,PT60M,1,2019-03-21 09:00:00+02:00
2019-04-15 21:31:54+03:00,0,RO,Unplanned outage,A03,,2019-04-16 08:00:00+03:00,HUE_snkTRiLJ2u5rAHS7Sw,860.0,Fossil Gas,30W-CET-PETROM-L,internal,TPP CCCC Petrom Brazi,1,MAW,PT60M,1,2019-04-16 00:00:00+03:00
2019-04-16 09:10:20+03:00,0,RO,Unplanned outage,A03,,2019-04-16 10:00:00+03:00,Qldh6UqYI7navyqBENjUJQ,860.0,Fossil Gas,30W-CET-PETROM-L,internal,TPP CCCC Petrom Brazi,1,MAW,PT60M,1,2019-04-16 08:00:00+03:00
2019-06-11 08:10:20+03:00,837,RO,Unplanned outage,A03,,2019-06-10 00:00:00+03:00,Hs9qNNmBuR5uxVIGX27S6w,1161.0,Hydro Run-of-river and poundage,30W-CHE-PDF1---A,internal,HPP Portile de Fier I,1,MAW,PT60M,1,2019-06-09 00:00:00+03:00
2019-06-11 11:50:38+03:00,279,RO,Unplanned outage,A03,,2019-06-11 15:00:00+03:00,H8A1qn3btpg6VMftX4NL6Q,509.0,Hydro Water Reservoir,30W-CHE-LOTR---A,internal,HPP Lotru,1,MAW,PT60M,1,2019-06-11 12:00:00+03:00
2019-06-19 09:50:19+03:00,279,RO,Unplanned outage,A03,,2019-06-18 16:00:00+03:00,QS8nEEv41anErKTUxsJ2Nw,509.0,Hydro Water Reservoir,30W-CHE-LOTR---A,internal,HPP Lotru,1,MAW,PT60M,1,2019-06-18 08:00:00+03:00
2019-06-28 08:30:45+03:00,425,RO,Unplanned outage,A03,,2019-06-27 16:46:00+03:00,9JlE5m_XZcKiiSD3Ddy3GA,860.0,Fossil Gas,30W-CET-PETROM-L,internal,TPP CCCC Petrom Brazi,1,MAW,PT60M,1,2019-06-27 14:46:00+03:00
2019-07-24 13:31:29+03:00,279,RO,Unplanned outage,A03,,2019-07-25 16:45:00+03:00,OR8Gzn04EkKOcRSDz3m5fw,509.0,Hydro Water Reservoir,30W-CHE-LOTR---A,internal,HPP Lotru,1,MAW,PT60M,1,2019-07-24 11:45:00+03:00
2019-08-06 08:32:20+03:00,425,RO,Unplanned outage,A03,,2019-08-05 12:00:00+03:00,hR4KudTbMhNNJ1baxTUCQA,860.0,Fossil Gas,30W-CET-PETROM-L,internal,TPP CCCC Petrom Brazi,1,MAW,PT60M,1,2019-08-05 07:00:00+03:00
2019-08-07 19:50:29+03:00,425,RO,Unplanned outage,A03,,2019-08-07 20:49:00+03:00,9JFoY9ntratzeQ4yCyWJNg,860.0,Fossil Gas,30W-CET-PETROM-L,internal,TPP CCCC Petrom Brazi,1,MAW,PT60M,1,2019-08-07 18:49:00+03:00
2019-08-22 12:11:38+03:00,92.4,RO,Unplanned outage,A03,,2019-08-21 09:04:00+03:00,bdf8gz707KWmtkpK_lxkNw,218.0,Hydro Run-of-river and poundage,30W-CHE-PDF2---5,internal,HPP Portile de Fier II,1,MAW,PT60M,1,2019-08-21 07:04:00+03:00
2019-09-07 16:50:55+03:00,430,RO,Unplanned outage,A03,,2019-09-07 17:15:00+03:00,VLVxpL_AujQJsOMWVfbg7w,860.0,Fossil Gas,30W-CET-PETROM-L,internal,TPP CCCC Petrom Brazi,1,MAW,PT60M,1,2019-09-07 08:15:00+03:00
2019-09-12 22:50:28+03:00,430,RO,Unplanned outage,A03,,2019-09-17 00:00:00+03:00,EDWhLYUCJaWEahhvYDmd7w,860.0,Fossil Gas,30W-CET-PETROM-L,internal,TPP CCCC Petrom Brazi,1,MAW,PT60M,1,2019-09-13 02:00:00+03:00
2019-09-23 09:11:49+03:00,279,RO,Unplanned outage,A03,,2019-09-21 13:15:00+03:00,0QdK5572vX4-tnVN1ifAFw,509.0,Hydro Water Reservoir,30W-CHE-LOTR---A,internal,HPP Lotru,1,MAW,PT60M,1,2019-09-21 07:15:00+03:00
2019-10-11 08:30:18+03:00,0,RO,Unplanned outage,A03,,2019-10-10 18:00:00+03:00,aVc9vhtvxmqZ8wHmwLevhQ,210.0,Hydro Water Reservoir,30W-CHE-RUIM---B,internal,HPP Raul Mare,1,MAW,PT60M,1,2019-10-10 16:00:00+03:00
2019-11-03 12:32:13+02:00,0,RO,Unplanned outage,A03,,2019-11-03 13:00:00+02:00,X7dg7mN9CHiuzVZgL0ogow,215.0,Hydro Water Reservoir,30W-CHE-MARI---9,internal,HPP Mariselu,1,MAW,PT60M,1,2019-11-03 08:00:00+02:00
2019-11-06 08:51:49+02:00,1623,RO,Unplanned outage,A03,,2019-11-07 00:00:00+02:00,H1FT9QtDQFMxMiFYxctDNg,1772.0,Fossil Brown coal/Lignite,30W-CET-TURC---M,internal,TPP Turceni,1,MAW,PT60M,1,2019-11-06 08:00:00+02:00
2019-11-08 11:50:41+02:00,1622,RO,Unplanned outage,A03,,2019-11-09 00:01:00+02:00,cnoTgFNh1nDA51kZJOlqZg,1772.0,Fossil Brown coal/Lignite,30W-CET-TURC---M,internal,TPP Turceni,1,MAW,PT60M,1,2019-11-08 11:01:00+02:00
2019-11-14 14:12:08+02:00,0,RO,Unplanned outage,A03,,2019-11-14 16:40:00+02:00,Ak2cK7kpNLEgkEOugmU7zw,860.0,Fossil Gas,30W-CET-PETROM-L,internal,TPP CCCC Petrom Brazi,1,MAW,PT60M,1,2019-11-14 13:40:00+02:00
2019-11-14 16:30:46+02:00,425,RO,Unplanned outage,A03,,2019-11-14 18:00:00+02:00,kQzFKXQSyivYYghCxBBJUA,860.0,Fossil Gas,30W-CET-PETROM-L,internal,TPP CCCC Petrom Brazi,1,MAW,PT60M,1,2019-11-14 16:00:00+02:00
2019-11-19 21:10:47+02:00,1632,RO,Unplanned outage,A03,,2019-11-19 20:00:00+02:00,XL4EleWKxBiOdkFd6pj1yw,1772.0,Fossil Brown coal/Lignite,30W-CET-TURC---M,internal,TPP Turceni,1,MAW,PT60M,1,2019-11-19 12:00:00+02:00
2019-11-26 08:50:37+02:00,1602,RO,Unplanned outage,A03,,2019-11-26 12:00:00+02:00,xI5UJLtx2PG75oRknUnZjQ,1772.0,Fossil Brown coal/Lignite,30W-CET-TURC---M,internal,TPP Turceni,1,MAW,PT60M,1,2019-11-26 09:00:00+02:00
2019-11-28 09:51:04+02:00,1647,RO,Unplanned outage,A03,,2019-11-28 16:00:00+02:00,6WvBdMiDbGisR6O1fseTAA,1772.0,Fossil Brown coal/Lignite,30W-CET-TURC---M,internal,TPP Turceni,1,MAW,PT60M,1,2019-11-28 10:00:00+02:00
2019-11-29 10:51:54+02:00,1659,RO,Unplanned outage,A03,,2019-11-30 00:00:00+02:00,Nr0njiDTXWRAj8br0aFXCQ,1772.0,Fossil Brown coal/Lignite,30W-CET-TURC---M,internal,TPP Turceni,1,MAW,PT60M,1,2019-11-29 11:00:00+02:00
2019-12-11 09:11:11+02:00,1592,RO,Unplanned outage,A03,,2019-12-11 12:00:00+02:00,VrfYLgBnxGiQvArQO91UUw,1772.0,Fossil Brown coal/Lignite,30W-CET-TURC---M,internal,TPP Turceni,1,MAW,PT60M,1,2019-12-11 09:00:00+02:00
2019-12-19 15:10:08+02:00,0,RO,Unplanned outage,A03,,2020-01-01 00:00:00+02:00,NuLGqqUT5UNaHOpZG8jiSg,407.0,Fossil Gas,30W-CET-BRAI---0,internal,TPP  Braila,1,MAW,PT60M,1,2019-11-01 00:00:00+02:00
2019-12-21 08:10:14+02:00,0,RO,Unplanned outage,A03,,2019-12-21 16:00:00+02:00,K8ZMHbrPJwOzzqu5qwrARw,860.0,Fossil Gas,30W-CET-PETROM-L,internal,TPP CCCC Petrom Brazi,1,MAW,PT60M,1,2019-12-21 08:00:00+02:00
2020-01-22 13:10:37+02:00,1092,RO,Unplanned outage,A03,,2020-01-23 00:10:00+02:00,u_s3uzxJbqrHZlhoZsjWeA,1192.0,Fossil Brown coal/Lignite,30W-CET-TURC---M,internal,TPP Turceni,1,MAW,PT60M,1,2020-01-22 12:10:00+02:00
2020-02-23 18:10:09+02:00,71.5,RO,Unplanned outage,A03,,2020-02-23 19:00:00+02:00,EqNlkj_Bsce5qNFBEKWkrA,215.0,Hydro Water Reservoir,30W-CHE-MARI---9,internal,HPP Mariselu,1,MAW,PT60M,1,2020-02-23 12:00:00+02:00
2020-03-05 10:38:57+02:00,416,RO,Unplanned outage,A03,,2020-02-26 02:00:00+02:00,V-6ZZlMCv4mH-WxLKb-ITQ,832.0,Fossil Gas,30W-CET-PETROM-L,internal,TPP CCCC Petrom Brazi,1,MAW,PT1M,1,2020-02-26 01:48:00+02:00
2020-04-14 08:30:21+03:00,0,RO,Unplanned outage,A03,,2020-04-13 13:30:00+03:00,yHfsMhNSvoW3tWS3KRg9PQ,832.0,Fossil Gas,30W-CET-PETROM-L,internal,TPP CCCC Petrom Brazi,1,MAW,PT1M,1,2020-04-13 13:20:00+03:00
2020-05-15 03:31:10+03:00,416,RO,Unplanned outage,A03,,2020-05-14 20:00:00+03:00,-tzraKYBQKsRXAD-Tr5zsw,832.0,Fossil Gas,30W-CET-PETROM-L,internal,TPP CCCC Petrom Brazi,1,MAW,PT60M,1,2020-05-10 11:00:00+03:00
2020-06-05 06:30:11+03:00,102,RO,Unplanned outage,A03,,2020-06-05 10:00:00+03:00,1Lv-RB96INiVYMKmtpd0vQ,832.0,Fossil Gas,30W-CET-PETROM-L,internal,TPP CCCC Petrom Brazi,1,MAW,PT60M,1,2020-06-05 06:00:00+03:00
2020-06-05 16:11:15+03:00,102,RO,Unplanned outage,A03,,2020-06-05 16:00:00+03:00,Sz2gKcMlQhUWIoD_4wWjIw,832.0,Fossil Gas,30W-CET-PETROM-L,internal,TPP CCCC Petrom Brazi,1,MAW,PT60M,1,2020-06-05 10:00:00+03:00
2020-06-12 13:10:07+03:00,0,RO,Unplanned outage,A03,,2020-06-12 11:30:00+03:00,zFyudf1l2o5poozogIiR6w,832.0,Fossil Gas,30W-CET-PETROM-L,internal,TPP CCCC Petrom Brazi,1,MAW,PT1M,1,2020-06-12 11:22:00+03:00
2020-06-12 13:10:11+03:00,416,RO,Unplanned outage,A03,,2020-06-12 14:00:00+03:00,zfuwXxDqtxUb5TCq8GMiew,832.0,Fossil Gas,30W-CET-PETROM-L,internal,TPP CCCC Petrom Brazi,1,MAW,PT60M,1,2020-06-12 13:00:00+03:00
2020-08-03 15:50:02+03:00,0,RO,Unplanned outage,A03,,2020-08-03 17:00:00+03:00,FkETrSGaWsBxtqaPJ33e7A,219.0,Hydro Water Reservoir,30W-CHE-CORB---Q,internal,HPP Vidraru,1,MAW,PT60M,1,2020-08-03 15:00:00+03:00
2020-08-04 08:30:06+03:00,0,RO,Unplanned outage,A03,,2020-08-03 23:00:00+03:00,QV8NO6ACHVAzLHCloh5IAA,219.0,Hydro Water Reservoir,30W-CHE-CORB---Q,internal,HPP Vidraru,1,MAW,PT60M,1,2020-08-03 17:00:00+03:00
2020-08-09 03:50:04+03:00,0,RO,Unplanned outage,A03,,2020-08-09 12:00:00+03:00,xmwgBrUUcWSS52Vae3762A,832.0,Fossil Gas,30W-CET-PETROM-L,internal,TPP CCCC Petrom Brazi,1,MAW,PT60M,1,2020-08-09 04:00:00+03:00
2020-08-10 09:30:05+03:00,0,RO,Unplanned outage,A03,,2020-08-10 08:30:00+03:00,WQ5BKNPRk8A4DnRmjjmaVQ,832.0,Fossil Gas,30W-CET-PETROM-L,internal,TPP CCCC Petrom Brazi,1,MAW,PT30M,1,2020-08-10 08:00:00+03:00
2020-08-10 10:10:05+03:00,526,RO,Unplanned outage,A03,,2020-08-09 03:15:00+03:00,iSHrWmVmXubWiAECD_PuQg,832.0,Fossil Gas,30W-CET-PETROM-L,internal,TPP CCCC Petrom Brazi,1,MAW,PT15M,1,2020-08-09 03:00:00+03:00
2020-08-10 10:30:04+03:00,0,RO,Unplanned outage,A03,,2020-08-10 12:00:00+03:00,npFC-0Vw5ifCXyWbw_zGzQ,832.0,Fossil Gas,30W-CET-PETROM-L,internal,TPP CCCC Petrom Brazi,1,MAW,PT60M,1,2020-08-10 10:00:00+03:00
2020-08-10 12:50:03+03:00,0,RO,Unplanned outage,A03,,2020-08-10 13:00:00+03:00,25aSDYESSnoFziwt5dE6Wg,832.0,Fossil Gas,30W-CET-PETROM-L,internal,TPP CCCC Petrom Brazi,1,MAW,PT60M,1,2020-08-10 12:00:00+03:00
2020-08-12 13:30:03+03:00,0,RO,Unplanned outage,A03,,2020-08-13 08:00:00+03:00,sm2A3ABMoOe-6WG97Auoow,219.0,Hydro Water Reservoir,30W-CHE-CORB---Q,internal,HPP Vidraru,1,MAW,PT30M,1,2020-08-13 07:30:00+03:00
2020-08-14 10:10:02+03:00,0,RO,Unplanned outage,A03,,2020-08-14 09:45:00+03:00,JWlETMoXqwsVl12L5zp3Uw,210.0,Hydro Water Reservoir,30W-CHE-RUIM---B,internal,HPP Raul Mare,1,MAW,PT1M,1,2020-08-14 09:40:00+03:00
2020-11-29 23:30:03+02:00,0,RO,Unplanned outage,A03,,2020-11-28 12:23:00+02:00,NqLneYTx7CAw531nocCHcg,210.0,Hydro Water Reservoir,30W-CHE-RUIM---B,internal,HPP Raul Mare,1,MAW,PT1M,1,2020-11-28 12:15:00+02:00
2020-12-01 21:10:03+02:00,0,RO,Unplanned outage,A03,,2020-12-01 18:45:00+02:00,Su2L1bOEe-h9dnrmQ9d7rA,219.0,Hydro Water Reservoir,30W-CHE-CORB---Q,internal,HPP Vidraru,1,MAW,PT1M,1,2020-12-01 18:35:00+02:00
2020-12-31 05:50:03+02:00,125,RO,Unplanned outage,A03,,2020-12-31 05:00:00+02:00,DaUkYGs3EhRlpSOzZCETpg,832.0,Fossil Gas,30W-CET-PETROM-L,internal,TPP CCCC Petrom Brazi,1,MAW,PT1M,1,2020-12-31 04:58:00+02:00
2020-12-31 08:30:04+02:00,0,RO,Unplanned outage,A03,,2020-12-31 07:30:00+02:00,egM_HSf1JqsvNKTdnfqFHQ,832.0,Fossil Gas,30W-CET-PETROM-L,internal,TPP CCCC Petrom Brazi,1,MAW,PT30M,1,2020-12-31 07:00:00+02:00
2020-12-31 11:13:07+02:00,0,RO,Unplanned outage,A03,,2020-12-31 08:45:00+02:00,BR-T71S9sPgE-2mELKXL7w,832.0,Fossil Gas,30W-CET-PETROM-L,internal,TPP CCCC Petrom Brazi,1,MAW,PT1M,1,2020-12-31 08:40:00+02:00
2021-01-01 11:30:04+02:00,416,RO,Unplanned outage,A03,,2021-01-01 11:30:00+02:00,Orrw_dfuz18uxQ7TeYjBRQ,832.0,Fossil Gas,30W-CET-PETROM-L,internal,TPP CCCC Petrom Brazi,1,MAW,PT30M,1,2021-01-01 11:00:00+02:00
2021-01-10 05:31:04+02:00,0,RO,Unplanned outage,A03,,2021-01-10 04:30:00+02:00,WrqpXehKTMuUA88wTsl7Vg,210.0,Hydro Water Reservoir,30W-CHE-RUIM---B,internal,HPP Raul Mare,1,MAW,PT30M,1,2021-01-10 04:00:00+02:00
2021-02-17 07:50:03+02:00,416,RO,Unplanned outage,A03,,2021-02-17 07:30:00+02:00,6yuEo1FhvnWX7CZs6bAFsQ,832.0,Fossil Gas,30W-CET-PETROM-L,internal,TPP CCCC Petrom Brazi,1,MAW,PT15M,1,2021-02-17 07:15:00+02:00
2021-02-17 08:30:03+02:00,416,RO,Unplanned outage,A03,,2021-02-17 09:00:00+02:00,x-ZtuF14sXiuWeaH7G5JtQ,832.0,Fossil Gas,30W-CET-PETROM-L,internal,TPP CCCC Petrom Brazi,1,MAW,PT30M,1,2021-02-17 08:30:00+02:00
2021-02-17 10:31:24+02:00,416,RO,Unplanned outage,A03,,2021-02-17 10:15:00+02:00,tR5ZBzhu6vgDSdypwb27UQ,832.0,Fossil Gas,30W-CET-PETROM-L,internal,TPP CCCC Petrom Brazi,1,MAW,PT15M,1,2021-02-17 10:00:00+02:00
2021-04-13 18:27:05+03:00,110,RO,Unplanned outage,A03,,2021-04-13 18:00:00+03:00,U2H-vshNcmf1eCcpJBG6yA,219.0,Hydro Water Reservoir,30W-CHE-CORB---Q,internal,HPP Vidraru,1,MAW,PT15M,1,2021-04-13 17:45:00+03:00
2021-04-29 14:57:05+03:00,240,RO,Unplanned outage,A03,,2021-04-29 14:30:00+03:00,4cL_8yFuZDmBQ3GgRf7xJQ,832.0,Fossil Gas,30W-CET-PETROM-L,internal,TPP CCCC Petrom Brazi,1,MAW,PT1M,1,2021-04-29 14:16:00+03:00
2021-04-29 15:42:05+03:00,200,RO,Unplanned outage,A03,,2021-04-29 15:10:00+03:00,bO33KzWizIuIl7GLuJby2Q,832.0,Fossil Gas,30W-CET-PETROM-L,internal,TPP CCCC Petrom Brazi,1,MAW,PT1M,1,2021-04-29 14:46:00+03:00
2021-05-07 00:26:51+03:00,0,RO,Unplanned outage,A03,,2021-05-07 08:00:00+03:00,0c6HaUqnMD2KcNUpZH3_4w,832.0,Fossil Gas,30W-CET-PETROM-L,internal,TPP CCCC Petrom Brazi,1,MAW,PT60M,1,2021-05-07 01:00:00+03:00
2021-05-07 00:26:56+03:00,416,RO,Unplanned outage,A03,,2021-05-07 00:12:00+03:00,0rBqE3xtef51EUJJ0iK3hg,832.0,Fossil Gas,30W-CET-PETROM-L,internal,TPP CCCC Petrom Brazi,1,MAW,PT1M,1,2021-05-07 00:00:00+03:00
2021-05-07 07:33:41+03:00,0,RO,Unplanned outage,A03,,2021-05-07 18:00:00+03:00,FYoB1-7ZH1WK0mz5O-YpNQ,832.0,Fossil Gas,30W-CET-PETROM-L,internal,TPP CCCC Petrom Brazi,1,MAW,PT60M,1,2021-05-07 08:00:00+03:00
2021-05-08 05:12:05+03:00,0,RO,Unplanned outage,A03,,2021-05-10 23:59:00+03:00,iOqg15TkZ7W_IbrV6hIDDQ,130.0,Fossil Hard coal,30W-CET-PARO---N,internal,TPP Paroseni,1,MAW,PT1M,1,2021-05-10 23:45:00+03:00
2021-05-10 13:27:07+03:00,0,RO,Unplanned outage,A03,,2021-05-11 23:45:00+03:00,6WhSE6BVKeGBfY3NYiONew,130.0,Fossil Hard coal,30W-CET-PARO---N,internal,TPP Paroseni,1,MAW,PT15M,1,2021-05-11 23:30:00+03:00
2021-05-10 14:57:07+03:00,0,RO,Unplanned outage,A03,,2021-05-10 14:45:00+03:00,3dhMIxDFu60192khZfOBAQ,215.0,Hydro Water Reservoir,30W-CHE-MARI---9,internal,HPP Mariselu,1,MAW,PT15M,1,2021-05-10 14:30:00+03:00
2021-05-12 21:12:06+03:00,0,RO,Unplanned outage,A03,,2021-05-12 17:45:00+03:00,cOzC0ogwm-BeOhSQ5SFapA,130.0,Fossil Hard coal,30W-CET-PARO---N,internal,TPP Paroseni,1,MAW,PT1M,1,2021-05-12 17:42:00+03:00
2021-05-15 02:01:01+03:00,0,RO,Unplanned outage,A03,,2021-05-17 23:59:00+03:00,MOACbPn5S8SJPfdA0TNotQ,130.0,Fossil Hard coal,30W-CET-PARO---N,internal,TPP Paroseni,1,MAW,PT1M,1,2021-05-17 23:45:00+03:00
2021-05-28 11:12:34+03:00,416,RO,Unplanned outage,A03,,2021-05-28 08:45:00+03:00,yExU1gg3Ez0Q7SzVoKfOuA,832.0,Fossil Gas,30W-CET-PETROM-L,internal,TPP CCCC Petrom Brazi,1,MAW,PT1M,1,2021-05-28 08:37:00+03:00
2021-06-19 10:57:04+03:00,71,RO,Unplanned outage,A03,,2021-06-19 10:00:00+03:00,_tcB-HfRPX4KM4DdMRMDpg,215.0,Hydro Water Reservoir,30W-CHE-MARI---9,internal,HPP Mariselu,1,MAW,PT60M,1,2021-06-19 06:00:00+03:00
2021-06-21 22:42:04+03:00,92,RO,Unplanned outage,A03,,2021-06-22 12:00:00+03:00,Om55PFkPxrtpsyqooMYpwQ,218.0,Hydro Run-of-river and poundage,30W-CHE-PDF2---5,internal,HPP Portile de Fier II,1,MAW,PT60M,1,2021-06-22 09:00:00+03:00
2021-06-22 10:45:10+03:00,0,RO,Unplanned outage,A03,,2021-06-22 10:00:00+03:00,MbmH9tPCJcrfbTrffYmLHQ,210.0,Hydro Water Reservoir,30W-CHE-RUIM---B,internal,HPP Raul Mare,1,MAW,PT1M,1,2021-06-22 09:53:00+03:00
2021-07-01 08:27:07+03:00,982,RO,Unplanned outage,A03,,2021-07-02 12:00:00+03:00,t1VUPc5mZvqhYhl8ZiIGXg,1161.0,Hydro Run-of-river and poundage,30W-CHE-PDF1---A,internal,HPP Portile de Fier I,1,MAW,PT60M,1,2021-07-01 00:00:00+03:00
2021-07-01 08:42:10+03:00,982,RO,Unplanned outage,A03,,2021-07-08 23:30:00+03:00,E7uvtCaQtLrVrL50FhtNew,1161.0,Hydro Run-of-river and poundage,30W-CHE-PDF1---A,internal,HPP Portile de Fier I,1,MAW,PT30M,1,2021-07-08 23:00:00+03:00
2021-07-26 15:52:33+03:00,269,RO,Unplanned outage,A03,,2021-07-26 20:00:00+03:00,jlYo5HWTCOT_wac8nZv4GA,509.0,Hydro Water Reservoir,30W-CHE-LOTR---A,internal,HPP Lotru,1,MAW,PT60M,2,2021-07-26 18:00:00+03:00
2021-07-26 20:27:05+03:00,269,RO,Unplanned outage,A03,,2021-07-26 21:00:00+03:00,HevoOLxZa_kuHrQjTpztNw,509.0,Hydro Water Reservoir,30W-CHE-LOTR---A,internal,HPP Lotru,1,MAW,PT60M,1,2021-07-26 20:00:00+03:00
2021-08-18 09:13:17+03:00,416,RO,Unplanned outage,A03,,2021-08-18 05:00:00+03:00,kXYjFBnMZSzvCcDI5VOEDA,832.0,Fossil Gas,30W-CET-PETROM-L,internal,TPP CCCC Petrom Brazi,1,MAW,PT1M,1,2021-08-18 04:54:00+03:00
2021-08-20 10:42:07+03:00,759,RO,Unplanned outage,A03,,2021-08-20 23:00:00+03:00,xt9eCJ-qZfqct22sqCGh5w,894.0,Fossil Brown coal/Lignite,30W-CET-TURC---M,internal,TPP Turceni,1,MAW,PT60M,1,2021-08-20 12:00:00+03:00
2021-08-28 12:42:05+03:00,416,RO,Unplanned outage,A03,,2021-08-28 10:00:00+03:00,4NI8CFSHZ0zQNxRqns56JA,832.0,Fossil Gas,30W-CET-PETROM-L,internal,TPP CCCC Petrom Brazi,1,MAW,PT1M,1,2021-08-28 09:53:00+03:00
2021-09-10 05:27:10+03:00,417,RO,Unplanned outage,A03,,2021-09-10 01:15:00+03:00,ltYBPZUe2mMlpc9nktu1IA,832.0,Fossil Gas,30W-CET-PETROM-L,internal,TPP CCCC Petrom Brazi,1,MAW,PT1M,1,2021-09-10 01:12:00+03:00
2021-10-21 13:27:05+03:00,0,RO,Unplanned outage,A03,,2021-10-18 19:30:00+03:00,QzG27uiF8gm8GzdUCOWfVA,171.0,Fossil Gas,30W-CET-BUCV---D,internal,TPP Bucuresti Vest,1,MAW,PT1M,1,2021-10-18 19:25:00+03:00
2021-11-07 12:33:33+02:00,109,RO,Unplanned outage,A03,,2021-11-07 08:45:00+02:00,bi4S5KOfulVrqiHm4ggKzw,219.0,Hydro Water Reservoir,30W-CHE-CORB---Q,internal,HPP Vidraru,1,MAW,PT1M,2,2021-11-07 08:40:00+02:00
2021-11-22 22:15:16+02:00,416,RO,Unplanned outage,A03,,2021-11-22 21:00:00+02:00,veBznMqNRRVIY3nHEpPoKg,832.0,Fossil Gas,30W-CET-PETROM-L,internal,TPP CCCC Petrom Brazi,1,MAW,PT1M,2,2021-11-22 20:53:00+02:00
2022-02-19 22:52:45+02:00,0,RO,Unplanned outage,A03,,2022-02-19 22:00:00+02:00,gXULw1MKP8BU91tEQVoFXg,210.0,Hydro Water Reservoir,30W-CHE-RUIM---B,internal,HPP Raul Mare,1,MAW,PT60M,3,2022-02-19 08:00:00+02:00
2022-02-21 10:54:51+02:00,416,RO,Unplanned outage,A03,,2022-02-21 06:45:00+02:00,KkuXbCusM3U8oJd56CGyrg,832.0,Fossil Gas,30W-CET-PETROM-L,internal,TPP CCCC Petrom Brazi,1,MAW,PT1M,5,2022-02-21 06:43:00+02:00
2022-04-01 20:34:02+03:00,0,RO,Unplanned outage,A03,,2022-04-01 15:00:00+03:00,aZqtCE9FxHYTH5Ks92Eu3g,171.0,Fossil Gas,30W-CET-BUCV---D,internal,TPP Bucuresti Vest,1,MAW,PT1M,3,2022-04-01 14:58:00+03:00
2022-04-02 06:12:09+03:00,0,RO,Unplanned outage,A03,,2022-04-02 14:00:00+03:00,A52V9J3zOD3_QOFMrGopOA,171.0,Fossil Gas,30W-CET-BUCV---D,internal,TPP Bucuresti Vest,1,MAW,PT60M,1,2022-04-02 06:00:00+03:00
2022-04-02 13:42:14+03:00,0,RO,Unplanned outage,A03,,2022-04-05 23:00:00+03:00,s97y27UVKIVfSAxTwnPOWQ,171.0,Fossil Gas,30W-CET-BUCV---D,internal,TPP Bucuresti Vest,1,MAW,PT60M,1,2022-04-02 14:00:00+03:00
2022-05-06 10:42:07+03:00,71,RO,Unplanned outage,A03,,2022-05-07 16:00:00+03:00,yv6fXeyZXyQwBY-xlv90SQ,215.0,Hydro Water Reservoir,30W-CHE-MARI---9,internal,HPP Mariselu,1,MAW,PT60M,1,2022-05-07 09:00:00+03:00
2022-05-21 16:12:06+03:00,143,RO,Unplanned outage,A03,,2022-05-21 15:45:00+03:00,gCAo-3-pGmyI5tPDGiBA3A,285.0,Fossil Brown coal/Lignite,30W-CET-ISAL---X,internal,TPP Isalnita,1,MAW,PT1M,1,2022-05-21 15:38:00+03:00
2022-05-21 16:27:07+03:00,0,RO,Unplanned outage,A03,,2022-05-24 23:00:00+03:00,dLLT5AWBBTVxuhcqJnqxew,285.0,Fossil Brown coal/Lignite,30W-CET-ISAL---X,internal,TPP Isalnita,1,MAW,PT60M,1,2022-05-21 17:00:00+03:00
2022-05-30 06:04:03+03:00,0,RO,Unplanned outage,A03,,2022-05-30 05:30:00+03:00,SGJ1T7R47u1vPjFSV__FQA,509.0,Hydro Water Reservoir,30W-CHE-LOTR---A,internal,HPP Lotru,1,MAW,PT30M,2,2022-05-30 05:00:00+03:00
2022-05-31 20:42:40+03:00,109,RO,Unplanned outage,A03,,2022-05-31 16:30:00+03:00,IjLl0SWHTtxShbMwanbYYA,219.0,Hydro Water Reservoir,30W-CHE-CORB---Q,internal,HPP Vidraru,1,MAW,PT1M,2,2022-05-31 16:23:00+03:00
2022-06-23 09:34:56+03:00,0,RO,Unplanned outage,A03,,2022-06-23 09:00:00+03:00,3K6pzv6S79CWF3EAQSiNfw,171.0,Fossil Gas,30W-CET-BUCV---D,internal,TPP Bucuresti Vest,1,MAW,PT60M,2,2022-06-20 12:00:00+03:00
2022-06-25 08:21:18+03:00,142,RO,Unplanned outage,A03,,2022-06-24 14:00:00+03:00,5Z0rfkGn6WdYKxnB7R3gXA,285.0,Fossil Brown coal/Lignite,30W-CET-ISAL---X,internal,TPP Isalnita,1,MAW,PT15M,2,2022-06-24 13:45:00+03:00
2022-06-26 20:28:57+03:00,142,RO,Unplanned outage,A03,,2022-06-26 20:00:00+03:00,SMC2axBYW8wq1aAo4uTPHg,285.0,Fossil Brown coal/Lignite,30W-CET-ISAL---X,internal,TPP Isalnita,1,MAW,PT60M,2,2022-06-25 11:00:00+03:00
2022-06-30 08:12:05+03:00,0,RO,Unplanned outage,A03,,2022-06-30 08:00:00+03:00,rsK0cmhzDXy8No7aZF-KxQ,210.0,Hydro Water Reservoir,30W-CHE-RUIM---B,internal,HPP Raul Mare,1,MAW,PT60M,3,2022-06-30 06:00:00+03:00
2022-07-01 20:33:56+03:00,0,RO,Unplanned outage,A03,,2022-07-01 17:15:00+03:00,qjE3AAhDCncvj2-NhXuhXQ,130.0,Fossil Hard coal,30W-CET-PARO---N,internal,TPP Paroseni,1,MAW,PT1M,3,2022-07-01 17:04:00+03:00
2022-07-02 00:06:09+03:00,0,RO,Unplanned outage,A03,,2022-07-01 21:30:00+03:00,XE8m8CVxw3nOubIaSEF_XQ,130.0,Fossil Hard coal,30W-CET-PARO---N,internal,TPP Paroseni,1,MAW,PT1M,2,2022-07-01 21:16:00+03:00
