2015-12-08 11:25:12+01:00,272,CH,Unplanned outage,A03,,2015-10-07 17:48:00+02:00,R88vBYqaJw2siX0kX2C7rw,416.0,Hydro Pumped Storage,12W-0000000035-C,intra_zonal,EKW - Engadiner KW AG,1,MAW,PT1M,1,2015-10-07 13:47:00+02:00
2015-12-08 11:25:13+01:00,465,CH,Unplanned outage,A03,,2015-11-16 12:00:00+01:00,ZvbZSsgZz2TseBsUWDZl9w,640.0,Hydro Pumped Storage,12W-0000000016-H,intra_zonal,KHR - KW Hinterrhein AG,1,MAW,PT1M,1,2015-11-13 00:00:00+01:00
2015-12-22 16:25:49+01:00,140,CH,Unplanned outage,A03,,2015-12-20 20:26:00+01:00,frrCOIcvIjbePgyvB_YfnA,416.0,Hydro Pumped Storage,12W-0000000035-C,intra_zonal,EKW - Engadiner KW AG,1,MAW,PT1M,5,2015-12-20 20:25:00+01:00
2015-12-22 16:25:50+01:00,204,CH,Unplanned outage,A03,,2015-12-23 10:00:00+01:00,Ac4cjlXSvCGrxiAUR92Cxw,416.0,Hydro Pumped Storage,12W-0000000035-C,intra_zonal,EKW - Engadiner KW AG,1,MAW,PT1M,4,2015-12-21 17:00:00+01:00
2016-01-08 07:58:48+01:00,129.5,CH,Unplanned outage,A03,,2016-01-08 12:00:00+01:00,r5WnDQSDg6vZmR-yRzJAIw,263.0,Hydro Pumped Storage,12W-0000000033-I,intra_zonal,KWM - KW Mattmark AG,1,MAW,PT1M,1,2016-01-08 07:00:00+01:00
2016-01-25 12:24:46+01:00,525,CH,Unplanned outage,A03,,2016-01-26 06:00:00+01:00,0EYjbX-WHGoXewaQxKOSow,640.0,Hydro Pumped Storage,12W-0000000016-H,intra_zonal,KHR - KW Hinterrhein AG,1,MAW,PT1M,3,2016-01-21 15:00:00+01:00
2016-02-10 17:18:47+01:00,520,CH,Unplanned outage,A03,,2016-02-11 00:00:00+01:00,zwwrWvoDn9QJ5bF-92Ge8g,640.0,Hydro Pumped Storage,12W-0000000016-H,intra_zonal,KHR - KW Hinterrhein AG,1,MAW,PT1M,1,2016-02-10 17:09:00+01:00
2016-02-12 16:12:58+01:00,525,CH,Unplanned outage,A03,,2016-02-15 06:00:00+01:00,oAMeqBIGwX71FCBnJEHUkw,640.0,Hydro Pumped Storage,12W-0000000016-H,intra_zonal,KHR - KW Hinterrhein AG,1,MAW,PT1M,3,2016-02-12 07:02:00+01:00
2016-02-24 10:56:18+01:00,460,CH,Unplanned outage,A03,,2016-02-24 12:00:00+01:00,rtCUhOtiZ_Lqu2vBo32aBQ,640.0,Hydro Pumped Storage,12W-0000000016-H,intra_zonal,KHR - KW Hinterrhein AG,1,MAW,PT1M,1,2016-02-24 10:37:00+01:00
2016-02-24 16:18:03+01:00,20,CH,Unplanned outage,A03,,2016-02-24 17:00:00+01:00,6PTFwRl0n9gF78jdfr7Afw,258.0,Hydro Water Reservoir,12W-0000000011-W,intra_zonal,KWZ - KW Zervreila AG,1,MAW,PT1M,1,2016-02-24 13:00:00+01:00
2016-02-26 14:16:37+01:00,128,CH,Unplanned outage,A03,,2016-02-26 18:00:00+01:00,wy9fr9zoqUi0CBsINvfp1A,416.0,Hydro Pumped Storage,12W-0000000035-C,intra_zonal,EKW - Engadiner KW AG,1,MAW,PT1M,1,2016-02-26 12:00:00+01:00
2016-03-04 16:24:56+01:00,197,CH,Unplanned outage,A03,,2015-10-16 17:00:00+02:00,acNw2lF-RFlyM4nsadi0NQ,383.0,Hydro Pumped Storage,12W-0000000917-6,intra_zonal,KSL - KW Sarganserland AG,1,MAW,PT1M,1,2015-10-07 00:00:00+02:00
2016-03-10 04:14:10+01:00,520,CH,Unplanned outage,A03,,2016-03-10 04:07:00+01:00,62wUpsLCxYsEuAw_3LupEw,640.0,Hydro Pumped Storage,12W-0000000016-H,intra_zonal,KHR - KW Hinterrhein AG,1,MAW,PT1M,1,2016-03-10 04:06:00+01:00
2016-03-10 10:39:09+01:00,294,CH,Unplanned outage,A03,,2016-03-10 10:30:00+01:00,xFlEE9aKaZRUM6oFl506LA,416.0,Hydro Pumped Storage,12W-0000000035-C,intra_zonal,EKW - Engadiner KW AG,1,MAW,PT1M,1,2016-03-10 05:00:00+01:00
2016-03-14 12:03:21+01:00,520,CH,Unplanned outage,A03,,2016-03-14 12:00:00+01:00,mB8vO6k_1zCBS7NzYrqcdQ,640.0,Hydro Pumped Storage,12W-0000000016-H,intra_zonal,KHR - KW Hinterrhein AG,1,MAW,PT1M,2,2016-03-14 11:06:00+01:00
2016-03-17 08:07:53+01:00,525,CH,Unplanned outage,A03,,2016-03-17 07:21:00+01:00,UCicJuBNS7gesF9yDk1BWQ,640.0,Hydro Pumped Storage,12W-0000000016-H,intra_zonal,KHR - KW Hinterrhein AG,1,MAW,PT1M,2,2016-03-17 06:45:00+01:00
2016-03-26 10:59:00+01:00,231.6,CH,Unplanned outage,A03,,2016-03-26 11:00:00+01:00,WCHsFlw4Un_G1A7fSIfP1A,336.0,Hydro Water Reservoir,12W-0000000021-S,intra_zonal,KVR - KW Vorderrhein AG,1,MAW,PT1M,4,2016-03-26 01:59:00+01:00
2016-03-31 12:28:12+02:00,520,CH,Unplanned outage,A03,,2016-03-31 05:08:00+02:00,JMy2giEsqxYW8LsKubH5vg,640.0,Hydro Pumped Storage,12W-0000000016-H,intra_zonal,KHR - KW Hinterrhein AG,1,MAW,PT1M,2,2016-03-31 05:07:00+02:00
2016-04-25 06:50:39+02:00,520,CH,Unplanned outage,A03,,2016-04-25 06:50:00+02:00,_x0SWPBbqEUz_-y9veZMDw,640.0,Hydro Pumped Storage,12W-0000000016-H,intra_zonal,KHR - KW Hinterrhein AG,1,MAW,PT1M,2,2016-04-25 06:10:00+02:00
2016-05-06 21:15:19+02:00,525,CH,Unplanned outage,A03,,2016-05-09 17:00:00+02:00,HcS7RSLF1TKKIJnbVotolQ,640.0,Hydro Pumped Storage,12W-0000000016-H,intra_zonal,KHR - KW Hinterrhein AG,1,MAW,PT1M,1,2016-05-06 21:09:00+02:00
2016-05-18 13:51:19+02:00,48,CH,Unplanned outage,A03,,2016-05-18 13:42:00+02:00,9JuA1SPNouRjH8y8tKDRSQ,416.0,Hydro Pumped Storage,12W-0000000035-C,intra_zonal,EKW - Engadiner KW AG,1,MAW,PT1M,2,2016-05-18 12:42:00+02:00
2016-05-23 15:52:45+02:00,200,CH,Unplanned outage,A03,,2016-05-23 12:27:00+02:00,LDfjDGS0X8M4dAfZewQ7rA,416.0,Hydro Pumped Storage,12W-0000000035-C,intra_zonal,EKW - Engadiner KW AG,1,MAW,PT1M,2,2016-05-23 12:26:00+02:00
2016-07-23 11:21:48+02:00,197,CH,Unplanned outage,A03,,2016-07-23 16:00:00+02:00,_BdRUxNfgpxpbEjCyQKPbg,383.0,Hydro Pumped Storage,12W-0000000917-6,intra_zonal,KSL - KW Sarganserland AG,1,MAW,PT1M,3,2016-07-22 15:55:00+02:00
2016-10-06 12:11:14+02:00,129.5,CH,Unplanned outage,A03,,2016-10-06 15:32:00+02:00,Htq42fqEqBlqdDK3e4LzGw,263.0,Hydro Pumped Storage,12W-0000000033-I,intra_zonal,KWM - KW Mattmark AG,1,MAW,PT1M,1,2016-10-06 11:32:00+02:00
2016-10-06 15:56:06+02:00,180,CH,Unplanned outage,A03,,2016-10-06 14:30:00+02:00,75bAkdWt4VUyNxRRLsI5OQ,336.0,Hydro Water Reservoir,12W-0000000021-S,intra_zonal,KVR - KW Vorderrhein AG,1,MAW,PT1M,2,2016-10-06 10:42:00+02:00
2016-11-19 16:53:41+01:00,520,CH,Unplanned outage,A03,,2016-11-19 18:00:00+01:00,ut_EXyfFdLvaLt53sWomOQ,640.0,Hydro Pumped Storage,12W-0000000016-H,intra_zonal,KHR - KW Hinterrhein AG,1,MAW,PT1M,3,2016-11-08 14:00:00+01:00
2017-01-06 07:48:02+01:00,129.5,CH,Unplanned outage,A03,,2017-01-06 10:00:00+01:00,LzEb3oqdEwdYSh_DAEDGvA,263.0,Hydro Pumped Storage,12W-0000000033-I,intra_zonal,KWM - KW Mattmark AG,1,MAW,PT1M,1,2017-01-06 07:43:00+01:00
2017-01-13 10:38:05+01:00,520,CH,Unplanned outage,A03,,2017-01-13 13:00:00+01:00,HkUg2i6ASha5bi9IEeIUCg,640.0,Hydro Pumped Storage,12W-0000000016-H,intra_zonal,KHR - KW Hinterrhein AG,1,MAW,PT1M,1,2017-01-13 10:31:00+01:00
2017-01-25 18:43:14+01:00,92.5,CH,Unplanned outage,A03,,2017-01-25 22:38:00+01:00,RHlvQuJ9euIjvA6fkmIotw,263.0,Hydro Pumped Storage,12W-0000000033-I,intra_zonal,KWM - KW Mattmark AG,1,MAW,PT1M,1,2017-01-25 18:39:00+01:00
2017-05-18 16:54:18+02:00,232,CH,Unplanned outage,A03,,2017-05-18 17:10:00+02:00,-8Bo-DTweyaxd3tIOHMv1g,416.0,Hydro Pumped Storage,12W-0000000035-C,intra_zonal,EKW - Engadiner KW AG,1,MAW,PT1M,2,2017-05-18 06:28:00+02:00
2017-06-26 16:07:01+02:00,231.6,CH,Unplanned outage,A03,,2017-06-28 17:00:00+02:00,5LyrqwISxIdbRb4V9Z4ecg,336.0,Hydro Water Reservoir,12W-0000000021-S,intra_zonal,KVR - KW Vorderrhein AG,1,MAW,PT1M,2,2017-06-25 11:05:00+02:00
2017-06-29 13:17:06+02:00,231.6,CH,Unplanned outage,A03,,2017-06-29 13:15:00+02:00,VCtN-3s7OFFuAelh6KrIzw,336.0,Hydro Water Reservoir,12W-0000000021-S,intra_zonal,KVR - KW Vorderrhein AG,1,MAW,PT1M,2,2017-06-28 20:57:00+02:00
2017-07-03 09:49:35+02:00,231.6,CH,Unplanned outage,A03,,2017-07-03 10:30:00+02:00,UK-qHzXW5e-Is282NEjFgg,336.0,Hydro Water Reservoir,12W-0000000021-S,intra_zonal,KVR - KW Vorderrhein AG,1,MAW,PT1M,1,2017-07-03 09:15:00+02:00
2017-07-03 15:21:08+02:00,400,CH,Unplanned outage,A03,,2017-07-03 17:00:00+02:00,ZI8ICfy7wWrUGHaZW48j2w,640.0,Hydro Pumped Storage,12W-0000000016-H,intra_zonal,KHR - KW Hinterrhein AG,1,MAW,PT1M,2,2017-07-03 15:44:00+02:00
2017-07-06 09:57:54+02:00,721,CH,Unplanned outage,A03,,2017-07-06 10:00:00+02:00,dqBadVG7jUf8a5-HBSQ1ug,641.0,Hydro Pumped Storage,12W-0000000018-B,intra_zonal,KLL - KW Linth-Limmern AG,1,MAW,PT1M,2,2017-07-05 22:47:00+02:00
2017-07-10 16:23:15+02:00,232,CH,Unplanned outage,A03,,2017-07-10 18:00:00+02:00,kV_YydW-QnuB9NQn1NZIbw,416.0,Hydro Pumped Storage,12W-0000000035-C,intra_zonal,EKW - Engadiner KW AG,1,MAW,PT1M,1,2017-07-10 16:18:00+02:00
2017-08-05 14:23:38+02:00,264,CH,Unplanned outage,A03,,2017-08-05 14:22:00+02:00,yEOu32mbqcK7k2eeB0mvOA,416.0,Hydro Pumped Storage,12W-0000000035-C,intra_zonal,EKW - Engadiner KW AG,1,MAW,PT1M,2,2017-08-05 14:21:00+02:00
2017-12-04 11:22:19+01:00,304,CH,Unplanned outage,A03,,2017-12-06 18:00:00+01:00,6TUOh9WzLfKTJ1vk5xDjvA,416.0,Hydro Pumped Storage,12W-0000000035-C,intra_zonal,EKW - Engadiner KW AG,1,MAW,PT1M,4,2017-12-04 08:01:00+01:00
2017-12-07 12:27:49+01:00,232,CH,Unplanned outage,A03,,2017-12-07 16:00:00+01:00,9lnSmKRtAd0TNdtbzI9csQ,416.0,Hydro Pumped Storage,12W-0000000035-C,intra_zonal,EKW - Engadiner KW AG,1,MAW,PT1M,1,2017-12-07 12:24:00+01:00
2018-03-16 20:24:07+01:00,154,CH,Unplanned outage,A03,,2018-03-16 20:22:00+01:00,YBXr1ydFnjOSSQu-4ax2oQ,258.0,Hydro Water Reservoir,12W-0000000011-W,intra_zonal,KWZ - KW Zervreila AG,1,MAW,PT1M,2,2018-03-16 20:15:00+01:00
2018-05-22 09:07:34+02:00,272,CH,Unplanned outage,A03,,2018-05-22 09:00:00+02:00,7-Q1eieArR2SRMntwrAhQg,416.0,Hydro Pumped Storage,12W-0000000035-C,intra_zonal,EKW - Engadiner KW AG,1,MAW,PT15M,1,2018-05-22 08:00:00+02:00
2018-05-28 20:01:02+02:00,112,CH,Unplanned outage,A03,,2018-05-28 19:36:00+02:00,QhbGNChv7Ew6CPsrOomG0g,258.0,Hydro Water Reservoir,12W-0000000011-W,intra_zonal,KWZ - KW Zervreila AG,1,MAW,PT1M,1,2018-05-28 19:30:00+02:00
2018-06-04 07:43:01+02:00,112,CH,Unplanned outage,A03,,2018-06-04 07:40:00+02:00,aIMqxqQymiZTPsX1StolCQ,258.0,Hydro Water Reservoir,12W-0000000011-W,intra_zonal,KWZ - KW Zervreila AG,1,MAW,PT1M,2,2018-06-04 07:30:00+02:00
2018-06-22 09:39:11+02:00,180,CH,Unplanned outage,A03,,2018-06-22 09:30:00+02:00,UKYSZBqscYAVYP7hcPF7zw,640.0,Hydro Pumped Storage,12W-0000000016-H,intra_zonal,KHR - KW Hinterrhein AG,1,MAW,PT15M,4,2018-06-22 08:30:00+02:00
2018-06-22 09:39:34+02:00,300,CH,Unplanned outage,A03,,2018-06-22 08:29:00+02:00,o4ILIId-VbDkgVtUaPgviw,640.0,Hydro Pumped Storage,12W-0000000016-H,intra_zonal,KHR - KW Hinterrhein AG,1,MAW,PT1M,4,2018-06-22 08:27:00+02:00
2018-09-20 16:10:20+02:00,193.2,CH,Unplanned outage,A03,,2018-04-12 06:40:00+02:00,cIrZ6K9TXJHEeWxcFgPcbA,336.0,Hydro Water Reservoir,12W-0000000021-S,intra_zonal,KVR - KW Vorderrhein AG,1,MAW,PT1M,1,2018-04-12 06:30:00+02:00
2018-09-20 16:10:38+02:00,199.8,CH,Unplanned outage,A03,,2018-04-16 12:30:00+02:00,WwV98crmPSpdN6pZeAMtSg,336.0,Hydro Water Reservoir,12W-0000000021-S,intra_zonal,KVR - KW Vorderrhein AG,1,MAW,PT1M,1,2018-04-16 12:19:00+02:00
2018-09-20 16:10:46+02:00,193.2,CH,Unplanned outage,A03,,2018-04-12 13:10:00+02:00,teSrXPkN7kc00uM9Ux-5Aw,336.0,Hydro Water Reservoir,12W-0000000021-S,intra_zonal,KVR - KW Vorderrhein AG,1,MAW,PT1M,1,2018-04-12 13:00:00+02:00
2018-07-11 05:44:11+02:00,48,CH,Unplanned outage,A03,,2018-07-11 04:30:00+02:00,Pq8Gablcdplg4rT_N_OVeg,416.0,Hydro Pumped Storage,12W-0000000035-C,intra_zonal,EKW - Engadiner KW AG,1,MAW,PT1M,2,2018-07-11 04:29:00+02:00
2018-08-31 08:24:32+02:00,232,CH,Unplanned outage,A03,,2018-08-31 08:30:00+02:00,6MRCZvL4Q4IHt4d9K9_bKQ,416.0,Hydro Pumped Storage,12W-0000000035-C,intra_zonal,EKW - Engadiner KW AG,1,MAW,PT1M,1,2018-08-31 08:22:00+02:00
2018-10-08 07:02:38+02:00,180,CH,Unplanned outage,A03,,2018-10-08 07:00:00+02:00,275j2Zv9-svQXbAIZbTwVw,336.0,Hydro Water Reservoir,12W-0000000021-S,intra_zonal,KVR - KW Vorderrhein AG,1,MAW,PT15M,1,2018-10-08 06:00:00+02:00
2018-10-24 10:18:58+02:00,272,CH,Unplanned outage,A03,,2018-10-24 07:40:00+02:00,MhwvgplDpn_LrQpH6AKp9A,416.0,Hydro Pumped Storage,12W-0000000035-C,intra_zonal,EKW - Engadiner KW AG,1,MAW,PT1M,4,2018-10-24 07:33:00+02:00
2018-10-24 10:20:02+02:00,232,CH,Unplanned outage,A03,,2018-10-24 07:45:00+02:00,E-0PUl4_ER8YdobSdyaGLQ,416.0,Hydro Pumped Storage,12W-0000000035-C,intra_zonal,EKW - Engadiner KW AG,1,MAW,PT1M,3,2018-10-24 07:40:00+02:00
2018-10-29 20:55:57+01:00,74,CH,Unplanned outage,A03,,2018-10-29 20:50:00+01:00,t0oFdwRxoigFlKtY8l94fQ,263.0,Hydro Pumped Storage,12W-0000000033-I,intra_zonal,KWM - KW Mattmark AG,1,MAW,PT1M,3,2018-10-29 20:45:00+01:00
2018-11-29 08:17:57+01:00,200,CH,Unplanned outage,A03,,2018-11-30 08:00:00+01:00,ObuKzM4avP1tfyv1gc0lyA,416.0,Hydro Pumped Storage,12W-0000000035-C,intra_zonal,EKW - Engadiner KW AG,1,MAW,PT15M,1,2018-11-29 05:00:00+01:00
2018-12-10 16:55:49+01:00,232,CH,Unplanned outage,A03,,2018-12-11 08:00:00+01:00,86bk3Lba7xfAnub7lEyEJA,416.0,Hydro Pumped Storage,12W-0000000035-C,intra_zonal,EKW - Engadiner KW AG,1,MAW,PT15M,3,2018-12-10 04:30:00+01:00
2019-01-29 12:02:40+01:00,530,CH,Unplanned outage,A03,,2019-01-29 12:00:00+01:00,Pg0fCuOqqlEGjOTkN0JV1w,640.0,Hydro Pumped Storage,12W-0000000016-H,intra_zonal,KHR - KW Hinterrhein AG,1,MAW,PT15M,3,2019-01-25 19:00:00+01:00
2019-03-26 16:26:35+01:00,88,CH,Unplanned outage,A03,,2019-03-18 12:45:00+01:00,8_MISSnTriHUOO3B9lyVSQ,416.0,Hydro Pumped Storage,12W-0000000035-C,intra_zonal,EKW - Engadiner KW AG,1,MAW,PT1M,6,2019-03-18 12:43:00+01:00
2019-03-26 16:27:59+01:00,232,CH,Unplanned outage,A03,,2019-03-26 17:00:00+01:00,B1H7f1tzT6bJa_Y16c9EzQ,416.0,Hydro Pumped Storage,12W-0000000035-C,intra_zonal,EKW - Engadiner KW AG,1,MAW,PT15M,5,2019-03-18 20:00:00+01:00
2019-03-26 16:29:04+01:00,232,CH,Unplanned outage,A03,,2019-03-18 12:43:00+01:00,EInAuGilbnj3bI298MGLHA,416.0,Hydro Pumped Storage,12W-0000000035-C,intra_zonal,EKW - Engadiner KW AG,1,MAW,PT1M,7,2019-03-18 12:27:00+01:00
2019-04-24 19:27:21+02:00,520,CH,Unplanned outage,A03,,2019-04-24 19:20:00+02:00,4dG5QZnUrd43_4xjOSVCpQ,640.0,Hydro Pumped Storage,12W-0000000016-H,intra_zonal,KHR - KW Hinterrhein AG,1,MAW,PT1M,2,2019-04-24 19:15:00+02:00
2019-04-25 16:07:14+02:00,520,CH,Unplanned outage,A03,,2019-04-25 01:00:00+02:00,F2twrGOKEnSL-sckUwJOYQ,640.0,Hydro Pumped Storage,12W-0000000016-H,intra_zonal,KHR - KW Hinterrhein AG,1,MAW,PT1M,4,2019-04-25 00:58:00+02:00
2019-06-05 15:14:11+02:00,232,CH,Unplanned outage,A03,,2019-06-03 12:00:00+02:00,Zeh64CKDDcf72TS56FcNXQ,336.0,Hydro Water Reservoir,12W-0000000021-S,intra_zonal,KVR - KW Vorderrhein AG,1,MAW,PT1M,4,2019-06-03 11:50:00+02:00
2019-06-11 08:54:31+02:00,132,CH,Unplanned outage,A03,,2019-06-11 09:00:00+02:00,Qq7Bfvv54jBZqp6iHYBokg,258.0,Hydro Water Reservoir,12W-0000000011-W,intra_zonal,KWZ - KW Zervreila AG,1,MAW,PT1M,1,2019-06-11 08:51:00+02:00
2019-06-14 09:12:58+02:00,132,CH,Unplanned outage,A03,,2019-06-17 00:00:00+02:00,osLNEjh1hSC2mzW6mvU8Wg,258.0,Hydro Water Reservoir,12W-0000000011-W,intra_zonal,KWZ - KW Zervreila AG,1,MAW,PT15M,1,2019-06-14 08:00:00+02:00
2019-06-30 07:40:24+02:00,232,CH,Unplanned outage,A03,,2019-06-30 06:15:00+02:00,d5G1lI-cFQlufLqWb5pQwA,336.0,Hydro Water Reservoir,12W-0000000021-S,intra_zonal,KVR - KW Vorderrhein AG,1,MAW,PT1M,1,2019-06-30 06:06:00+02:00
2019-08-07 09:44:09+02:00,516,CH,Unplanned outage,A03,,2019-06-13 13:15:00+02:00,z3dF6fFluhpqi51r0EigDg,640.0,Hydro Pumped Storage,12W-0000000016-H,intra_zonal,KHR - KW Hinterrhein AG,1,MAW,PT15M,10,2019-06-12 15:30:00+02:00
2019-08-12 09:43:17+02:00,232,CH,Unplanned outage,A03,,2019-08-12 06:00:00+02:00,6tlhnf7gCFmfo0Ei4dEv3Q,416.0,Hydro Pumped Storage,12W-0000000035-C,intra_zonal,EKW - Engadiner KW AG,1,MAW,PT15M,3,2019-08-12 05:00:00+02:00
2019-09-18 15:23:44+02:00,304,CH,Unplanned outage,A03,,2019-09-18 15:30:00+02:00,tyrnE2UjyPx-eM92HcCGfA,416.0,Hydro Pumped Storage,12W-0000000035-C,intra_zonal,EKW - Engadiner KW AG,1,MAW,PT1M,1,2019-09-18 15:21:00+02:00
2019-10-21 11:00:41+02:00,460,CH,Unplanned outage,A03,,2019-10-21 11:00:00+02:00,WJ_L2WRQmv6_YoXfdvXTxw,640.0,Hydro Pumped Storage,12W-0000000016-H,intra_zonal,KHR - KW Hinterrhein AG,1,MAW,PT15M,2,2019-10-21 10:00:00+02:00
2019-12-09 20:16:46+01:00,128,CH,Unplanned outage,A03,,2019-12-09 20:00:00+01:00,E3PRjMGsC6wVEpwBHZTdEg,416.0,Hydro Pumped Storage,12W-0000000035-C,intra_zonal,EKW - Engadiner KW AG,1,MAW,PT1M,1,2019-12-09 19:55:00+01:00
2020-01-10 08:12:19+01:00,460,CH,Unplanned outage,A03,,2020-01-14 12:00:00+01:00,NZAj6pQBxzGSxLHp_kLmcw,640.0,Hydro Pumped Storage,12W-0000000016-H,intra_zonal,KHR - KW Hinterrhein AG,1,MAW,PT15M,3,2020-01-13 06:00:00+01:00
2020-01-26 17:47:58+01:00,520,CH,Unplanned outage,A03,,2020-01-26 16:30:00+01:00,ykOKQK-4sb2TW13CivEZXw,640.0,Hydro Pumped Storage,12W-0000000016-H,intra_zonal,KHR - KW Hinterrhein AG,1,MAW,PT1M,2,2020-01-26 16:20:00+01:00
2020-04-06 16:56:55+02:00,314,CH,Unplanned outage,A03,,2020-04-06 18:00:00+02:00,OsekMbxP5iKnMyRySadwmg,416.0,Hydro Pumped Storage,12W-0000000035-C,intra_zonal,EKW - Engadiner KW AG,1,MAW,PT15M,1,2020-04-06 06:00:00+02:00
2020-06-04 12:03:24+02:00,400,CH,Unplanned outage,A03,,2020-06-04 12:00:00+02:00,ID1xjwQJYzdAJsby1QpZTg,640.0,Hydro Pumped Storage,12W-0000000016-H,intra_zonal,KHR - KW Hinterrhein AG,1,MAW,PT15M,2,2020-06-03 09:00:00+02:00
2020-06-30 18:23:50+02:00,180,CH,Unplanned outage,A03,,2020-06-30 18:15:00+02:00,fTdh-gAh45Y1AsomsiBrmQ,640.0,Hydro Pumped Storage,12W-0000000016-H,intra_zonal,KHR - KW Hinterrhein AG,1,MAW,PT15M,2,2020-06-30 14:00:00+02:00
2020-07-17 18:36:51+02:00,78,CH,Unplanned outage,A03,,2020-07-17 16:30:00+02:00,ecFc7Ndqb0DcVJRvfrDMfQ,263.0,Hydro Pumped Storage,12W-0000000033-I,intra_zonal,KWM - KW Mattmark AG,1,MAW,PT1M,2,2020-07-17 16:26:00+02:00
2020-07-20 10:28:16+02:00,232,CH,Unplanned outage,A03,,2020-07-19 19:15:00+02:00,Fwd_1KOah5CWU5cQQpuqcA,416.0,Hydro Pumped Storage,12W-0000000035-C,intra_zonal,EKW - Engadiner KW AG,1,MAW,PT1M,2,2020-07-19 19:01:00+02:00
2020-07-24 18:00:13+02:00,400,CH,Unplanned outage,A03,,2020-07-24 15:00:00+02:00,i5ZcjrG459oPTNWECxf9Uw,640.0,Hydro Pumped Storage,12W-0000000016-H,intra_zonal,KHR - KW Hinterrhein AG,1,MAW,PT1M,6,2020-07-24 14:47:00+02:00
2020-08-10 08:18:31+02:00,272,CH,Unplanned outage,A03,,2020-08-10 08:00:00+02:00,5vCqQRXheKmcgVpaY1IfCA,416.0,Hydro Pumped Storage,12W-0000000035-C,intra_zonal,EKW - Engadiner KW AG,1,MAW,PT15M,4,2020-08-09 18:00:00+02:00
2020-08-29 17:31:27+02:00,460,CH,Unplanned outage,A03,,2020-08-29 06:30:00+02:00,JIe9hBtoa5Sp_YNWV8pUfQ,640.0,Hydro Pumped Storage,12W-0000000016-H,intra_zonal,KHR - KW Hinterrhein AG,1,MAW,PT1M,4,2020-08-29 06:27:00+02:00
2020-09-14 16:16:20+02:00,520,CH,Unplanned outage,A03,,2020-09-13 01:15:00+02:00,c9hSOniUD0akcvKqQG4W9A,640.0,Hydro Pumped Storage,12W-0000000016-H,intra_zonal,KHR - KW Hinterrhein AG,1,MAW,PT1M,4,2020-09-13 01:07:00+02:00
2020-09-18 10:04:15+02:00,525,CH,Unplanned outage,A03,,2020-09-18 12:00:00+02:00,76IzMHZd8FHCbZ0Y1lFXmw,640.0,Hydro Pumped Storage,12W-0000000016-H,intra_zonal,KHR - KW Hinterrhein AG,1,MAW,PT15M,1,2020-09-18 10:00:00+02:00
2021-02-16 10:04:39+01:00,194,CH,Unplanned outage,A03,,2021-02-15 09:15:00+01:00,QSf9trOMW2jZTNJXHcTTQQ,336.0,Hydro Water Reservoir,12W-0000000021-S,intra_zonal,KVR - KW Vorderrhein AG,1,MAW,PT15M,3,2021-02-14 01:00:00+01:00
2021-03-25 17:34:49+01:00,128,CH,Unplanned outage,A03,,2021-03-25 17:30:00+01:00,0YJDek2_yfI8jJ_dXQuaVQ,416.0,Hydro Pumped Storage,12W-0000000035-C,intra_zonal,EKW - Engadiner KW AG,1,MAW,PT15M,3,2021-03-25 16:30:00+01:00
2021-04-10 15:14:46+02:00,273,CH,Unplanned outage,A03,,2021-04-12 06:00:00+02:00,JFkR5dZOpaGBSrJjJKTz3w,416.0,Hydro Pumped Storage,12W-0000000035-C,intra_zonal,EKW - Engadiner KW AG,1,MAW,PT15M,1,2021-04-10 12:00:00+02:00
2021-04-11 19:46:25+02:00,232,CH,Unplanned outage,A03,,2021-04-11 19:45:00+02:00,pV-6uoTS9V8xY0k2TuBFOw,336.0,Hydro Water Reservoir,12W-0000000021-S,intra_zonal,KVR - KW Vorderrhein AG,1,MAW,PT1M,1,2021-04-11 19:39:00+02:00
2021-09-27 12:57:13+02:00,184,CH,Unplanned outage,A03,,2021-04-04 19:00:00+02:00,k7l-fWw_SFqon5sGmC25bw,416.0,Hydro Pumped Storage,12W-0000000035-C,intra_zonal,EKW - Engadiner KW AG,1,MAW,PT15M,1,2021-04-04 06:00:00+02:00
2021-09-27 13:21:09+02:00,184,CH,Unplanned outage,A03,,2021-04-07 23:45:00+02:00,6B9b_Fe0S0nKMJdKEqleSg,416.0,Hydro Pumped Storage,12W-0000000035-C,intra_zonal,EKW - Engadiner KW AG,1,MAW,PT15M,1,2021-04-07 06:00:00+02:00
2021-09-27 13:21:32+02:00,184,CH,Unplanned outage,A03,,2021-04-06 19:00:00+02:00,KxscgwVxQHo-WGtvZv6O_w,416.0,Hydro Pumped Storage,12W-0000000035-C,intra_zonal,EKW - Engadiner KW AG,1,MAW,PT15M,1,2021-04-06 06:00:00+02:00
2021-09-27 13:22:26+02:00,184,CH,Unplanned outage,A03,,2021-04-05 19:00:00+02:00,waAMFg9MsATkVvfK849vcQ,416.0,Hydro Pumped Storage,12W-0000000035-C,intra_zonal,EKW - Engadiner KW AG,1,MAW,PT15M,1,2021-04-05 06:00:00+02:00
2021-08-08 11:46:12+02:00,520,CH,Unplanned outage,A03,,2021-08-07 21:15:00+02:00,gVj5rLFVFOeHb2bcFFHSig,640.0,Hydro Pumped Storage,12W-0000000016-H,intra_zonal,KHR - KW Hinterrhein AG,1,MAW,PT1M,7,2021-08-07 21:08:00+02:00
2021-08-31 17:21:34+02:00,232,CH,Unplanned outage,A03,,2021-09-01 13:00:00+02:00,7rE0HzUBt5OsXdu7XMskoQ,336.0,Hydro Water Reservoir,12W-0000000021-S,intra_zonal,KVR - KW Vorderrhein AG,1,MAW,PT15M,2,2021-08-31 16:00:00+02:00
2021-12-05 00:46:16+01:00,1,CH,Unplanned outage,A03,,2021-12-05 01:00:00+01:00,I6yWSgCELYvCPFcnlo5xXg,263.0,Hydro Pumped Storage,12W-0000000033-I,intra_zonal,KWM - KW Mattmark AG,1,MAW,PT15M,4,2021-12-04 19:00:00+01:00
2022-04-21 14:02:09+02:00,304,CH,Unplanned outage,A03,,2022-04-21 15:00:00+02:00,_-Cz5g-F6H8y3Vp4w_LITw,416.0,Hydro Pumped Storage,12W-0000000035-C,intra_zonal,EKW - Engadiner KW AG,1,MAW,PT15M,1,2022-04-20 18:00:00+02:00
2022-04-22 10:09:29+02:00,160,CH,Unplanned outage,A03,,2022-04-22 10:15:00+02:00,Wb9bU9g7HfQ2T-22w_Fh3A,416.0,Hydro Pumped Storage,12W-0000000035-C,intra_zonal,EKW - Engadiner KW AG,1,MAW,PT1M,1,2022-04-22 10:02:00+02:00
2022-04-23 08:58:58+02:00,460,CH,Unplanned outage,A03,,2022-04-23 12:00:00+02:00,TuHnLgFLEvUse-Po9lG1Rw,640.0,Hydro Pumped Storage,12W-0000000016-H,intra_zonal,KHR - KW Hinterrhein AG,1,MAW,PT15M,2,2022-04-23 05:15:00+02:00
2022-05-16 05:42:54+02:00,78,CH,Unplanned outage,A03,,2022-05-16 05:30:00+02:00,dh9LbCIDmIUxubQqos8gyQ,263.0,Hydro Pumped Storage,12W-0000000033-I,intra_zonal,KWM - KW Mattmark AG,1,MAW,PT15M,3,2022-05-16 04:15:00+02:00
2022-05-31 11:35:25+02:00,525,CH,Unplanned outage,A03,,2022-03-08 21:30:00+01:00,Ak_99sNFHJ5-mo2S1Uteyw,640.0,Hydro Pumped Storage,12W-0000000016-H,intra_zonal,KHR - KW Hinterrhein AG,1,MAW,PT1M,1,2022-03-08 21:18:00+01:00
2022-05-31 11:35:36+02:00,525,CH,Unplanned outage,A03,,2022-03-08 21:00:00+01:00,Ry0T-v0WAn8o4LTy3tJdXg,640.0,Hydro Pumped Storage,12W-0000000016-H,intra_zonal,KHR - KW Hinterrhein AG,1,MAW,PT15M,1,2022-03-08 17:15:00+01:00
2022-05-31 11:36:06+02:00,520,CH,Unplanned outage,A03,,2022-05-14 23:30:00+02:00,pSkRNqIXXfxS3KlST3IKxQ,640.0,Hydro Pumped Storage,12W-0000000016-H,intra_zonal,KHR - KW Hinterrhein AG,1,MAW,PT15M,1,2022-05-14 23:00:00+02:00
2022-05-31 11:36:21+02:00,520,CH,Unplanned outage,A03,,2022-05-14 09:15:00+02:00,hegTOgb4cyYEv1nNdscjfg,640.0,Hydro Pumped Storage,12W-0000000016-H,intra_zonal,KHR - KW Hinterrhein AG,1,MAW,PT1M,1,2022-05-14 09:06:00+02:00
2022-05-31 11:36:39+02:00,520,CH,Unplanned outage,A03,,2022-02-23 16:00:00+01:00,pUH3TsI13T0Gq7mcAGdlvQ,640.0,Hydro Pumped Storage,12W-0000000016-H,intra_zonal,KHR - KW Hinterrhein AG,1,MAW,PT15M,1,2022-02-14 07:45:00+01:00
2022-05-31 11:36:41+02:00,520,CH,Unplanned outage,A03,,2022-04-19 12:00:00+02:00,OEk4rBSzj8gucBCHBBj82Q,640.0,Hydro Pumped Storage,12W-0000000016-H,intra_zonal,KHR - KW Hinterrhein AG,1,MAW,PT15M,1,2022-04-15 19:00:00+02:00
2022-06-12 11:29:49+02:00,296,CH,Unplanned outage,A03,,2022-06-12 12:00:00+02:00,JzQzkXnZkMjUCNfiXTyJHg,416.0,Hydro Pumped Storage,12W-0000000035-C,intra_zonal,EKW - Engadiner KW AG,1,MAW,PT15M,1,2022-06-12 10:00:00+02:00
