2015-01-12 12:45:13+02:00,270,LV,Unplanned outage,A03,,2015-01-12 12:45:00+02:00,KDq735bvEcBeKYe9uBF1Rg,440.0,Fossil Gas,43W-RTEC-2-2---7,Latvia,RTEC2-2,1,MAW,PT1M,3,2015-01-12 10:40:00+02:00
2015-08-08 12:20:22+03:00,0,LV,Unplanned outage,A03,,2015-08-08 14:00:00+03:00,Sbjxt2XV3qALs0381pnGiw,440.0,Fossil Gas,43W-RTEC-2-2---7,Latvia,RTEC2-2,1,MAW,PT1M,1,2015-08-08 11:44:00+03:00
2015-08-19 10:32:15+03:00,0,LV,Unplanned outage,A03,,2015-08-19 10:20:00+03:00,iX25W1vymIguyf5Q5mqJBQ,440.0,Fossil Gas,43W-RTEC-2-2---7,Latvia,RTEC2-2,1,MAW,PT1M,2,2015-08-19 06:45:00+03:00
2015-09-01 09:01:22+03:00,0,LV,Unplanned outage,A03,,2015-09-01 09:30:00+03:00,yqIvAFXXVK0JLx2LH_thIQ,440.0,Fossil Gas,43W-RTEC-2-2---7,Latvia,RTEC2-2,1,MAW,PT1M,2,2015-09-01 06:50:00+03:00
2015-10-24 21:43:22+03:00,0,LV,Unplanned outage,A03,,2015-10-24 21:25:00+03:00,938-dxzbVwkwKwG4ktz6nw,440.0,Fossil Gas,43W-RTEC-2-2---7,Latvia,RTEC2-2,1,MAW,PT1M,4,2015-10-16 23:20:00+03:00
2015-11-15 17:06:37+02:00,0,LV,Unplanned outage,A03,,2015-11-15 17:00:00+02:00,hCFIXHDFne387iUmMjashw,440.0,Fossil Gas,43W-RTEC-2-2---7,Latvia,RTEC2-2,1,MAW,PT1M,3,2015-11-15 00:00:00+02:00
2015-12-14 06:23:12+02:00,0,LV,Unplanned outage,A03,,2015-12-14 09:00:00+02:00,YFA1xslO9EerkyldzsKpbA,441.0,Fossil Gas,43W-RTEC-2-1---C,Latvia,RTEC2-1,1,MAW,PT1M,1,2015-12-14 06:12:00+02:00
2015-12-22 06:32:11+02:00,0,LV,Unplanned outage,A03,,2015-12-22 06:30:00+02:00,01vUpkPIEzN-f7jJiOCccQ,440.0,Fossil Gas,43W-RTEC-2-2---7,Latvia,RTEC2-2,1,MAW,PT1M,2,2015-12-22 00:43:00+02:00
2016-01-08 11:08:14+02:00,292,LV,Unplanned outage,A03,,2016-01-08 11:00:00+02:00,dEKDp0TFXaUBe9aAtBZYPg,441.0,Fossil Gas,43W-RTEC-2-1---C,Latvia,RTEC2-1,1,MAW,PT1M,3,2016-01-07 13:33:00+02:00
2016-01-08 18:36:45+02:00,0,LV,Unplanned outage,A03,,2016-01-08 17:12:00+02:00,RoEidpctk57te7zuPYcVzg,441.0,Fossil Gas,43W-RTEC-2-1---C,Latvia,RTEC2-1,1,MAW,PT1M,2,2016-01-08 12:26:00+02:00
2016-01-09 09:14:07+02:00,0,LV,Unplanned outage,A03,,2016-01-09 09:10:00+02:00,9lYYsoN7Z3oTwaiacw-5_A,440.0,Fossil Gas,43W-RTEC-2-2---7,Latvia,RTEC2-2,1,MAW,PT1M,6,2016-01-08 02:22:00+02:00
2016-01-09 12:33:43+02:00,0,LV,Unplanned outage,A03,,2016-01-10 01:00:00+02:00,AeUoufxQBj15kkjhnSAbcg,440.0,Fossil Gas,43W-RTEC-2-2---7,Latvia,RTEC2-2,1,MAW,PT1M,2,2016-01-09 09:10:00+02:00
2016-02-02 17:58:11+02:00,0,LV,Unplanned outage,A03,,2016-02-02 17:53:00+02:00,1B6k0oarn82PpRJStqiocg,440.0,Fossil Gas,43W-RTEC-2-2---7,Latvia,RTEC2-2,1,MAW,PT1M,3,2016-02-01 12:28:00+02:00
2016-02-05 09:49:21+02:00,0,LV,Unplanned outage,A03,,2016-02-05 09:36:00+02:00,OJ54_WOAC4ml-mNiCV2PBg,440.0,Fossil Gas,43W-RTEC-2-2---7,Latvia,RTEC2-2,1,MAW,PT1M,2,2016-02-05 07:03:00+02:00
2016-02-08 06:53:13+02:00,270,LV,Unplanned outage,A03,,2016-02-08 12:00:00+02:00,3utNRp8edNxTViiEjBa0TA,440.0,Fossil Gas,43W-RTEC-2-2---7,Latvia,RTEC2-2,1,MAW,PT1M,1,2016-02-08 06:42:00+02:00
2016-04-18 12:01:22+03:00,0,LV,Unplanned outage,A03,,2016-04-18 12:00:00+03:00,Fq1rLYDGWTX6e00LPCN9tQ,440.0,Fossil Gas,43W-RTEC-2-2---7,Latvia,RTEC2-2,1,MAW,PT1M,2,2016-04-18 06:03:00+03:00
2016-05-23 12:22:38+03:00,292,LV,Unplanned outage,A03,,2016-05-23 12:10:00+03:00,pPw1UsYZ0ziWlkUbtBBYIw,441.0,Fossil Gas,43W-RTEC-2-1---C,Latvia,RTEC2-1,1,MAW,PT1M,2,2016-05-23 11:28:00+03:00
2016-07-26 10:25:11+03:00,0,LV,Unplanned outage,A03,,2016-07-26 10:15:00+03:00,SVYhT2itcx_0FWunuV4P8A,440.0,Fossil Gas,43W-RTEC-2-2---7,Latvia,RTEC2-2,1,MAW,PT1M,2,2016-07-26 08:30:00+03:00
2016-08-02 17:20:27+03:00,794,LV,Unplanned outage,A03,,2016-08-03 17:00:00+03:00,nlS4VrmzAKwOGA9q66kFBA,894.0,Hydro Run-of-river and poundage,43W-PLAV-HPP---J,Latvia,Plavinas HPP,1,MAW,PT1M,1,2016-08-02 16:40:00+03:00
2016-11-21 03:38:21+02:00,0,LV,Unplanned outage,A03,,2016-11-21 03:33:00+02:00,ZhhOgistTBHqkhln-XSohg,440.0,Fossil Gas,43W-RTEC-2-2---7,Latvia,RTEC2-2,1,MAW,PT1M,2,2016-11-21 00:46:00+02:00
2016-11-22 10:57:38+02:00,0,LV,Unplanned outage,A03,,2016-11-22 10:00:00+02:00,N_dJ44kYs8pc5FCba_fkXQ,440.0,Fossil Gas,43W-RTEC-2-2---7,Latvia,RTEC2-2,1,MAW,PT1M,2,2016-11-21 10:22:00+02:00
2016-12-04 12:40:43+02:00,0,LV,Unplanned outage,A03,,2016-12-04 16:00:00+02:00,2OU435TO5mLJZWx7q8aeUw,440.0,Fossil Gas,43W-RTEC-2-2---7,Latvia,RTEC2-2,1,MAW,PT1M,3,2016-12-04 10:03:00+02:00
2016-12-14 05:06:12+02:00,0,LV,Unplanned outage,A03,,2016-12-14 04:57:00+02:00,2pu4DLgvKWHR2G__IJvi3w,440.0,Fossil Gas,43W-RTEC-2-2---7,Latvia,RTEC2-2,1,MAW,PT1M,2,2016-12-14 03:04:00+02:00
2016-12-14 09:39:12+02:00,0,LV,Unplanned outage,A03,,2016-12-14 09:35:00+02:00,L1tDj68T3O6zVLbO_KKpZg,441.0,Fossil Gas,43W-RTEC-2-1---C,Latvia,RTEC2-1,1,MAW,PT1M,2,2016-12-14 04:57:00+02:00
2017-02-13 13:38:21+02:00,0,LV,Unplanned outage,A03,,2017-02-14 01:00:00+02:00,Rpti7l6rH_iHtWaTdPr7ew,440.0,Fossil Gas,43W-RTEC-2-2---7,Latvia,RTEC2-2,1,MAW,PT1M,1,2017-02-13 13:30:00+02:00
2017-02-27 17:45:28+02:00,0,LV,Unplanned outage,A03,,2017-02-27 17:40:00+02:00,82fiUYbD8EicS5bhFVYg-g,440.0,Fossil Gas,43W-RTEC-2-2---7,Latvia,RTEC2-2,1,MAW,PT1M,3,2017-02-27 02:05:00+02:00
2017-03-07 18:22:36+02:00,0,LV,Unplanned outage,A03,,2017-03-07 19:00:00+02:00,40mHz8FJG9z1FkpVa8hLbg,440.0,Fossil Gas,43W-RTEC-2-2---7,Latvia,RTEC2-2,1,MAW,PT1M,2,2017-03-06 13:59:00+02:00
2017-04-18 10:45:15+03:00,0,LV,Unplanned outage,A03,,2017-04-18 11:00:00+03:00,Ot-A-KTik-GXwnk5IxGKiw,440.0,Fossil Gas,43W-RTEC-2-2---7,Latvia,RTEC2-2,1,MAW,PT1M,2,2017-04-18 04:21:00+03:00
2017-04-28 17:14:23+03:00,0,LV,Unplanned outage,A03,,2017-04-28 17:10:00+03:00,0Z248SEHM3KcGc93dOJpzA,440.0,Fossil Gas,43W-RTEC-2-2---7,Latvia,RTEC2-2,1,MAW,PT1M,3,2017-04-28 13:24:00+03:00
2017-07-25 10:52:02+03:00,165,LV,Unplanned outage,A03,,2017-07-26 13:00:00+03:00,GbijlctLUDLuyDLVk478dQ,441.0,Fossil Gas,43W-RTEC-2-1---C,Latvia,RTEC2-1,1,MAW,PT1M,1,2017-07-26 01:00:00+03:00
2017-11-28 14:25:00+02:00,0,LV,Unplanned outage,A03,,2017-11-28 14:20:00+02:00,o7l2ivropn4Otj7bB9tw_g,440.0,Fossil Gas,43W-RTEC-2-2---7,Latvia,RTEC2-2,1,MAW,PT1M,3,2017-11-28 07:18:00+02:00
2017-12-05 10:12:40+02:00,0,LV,Unplanned outage,A03,,2017-12-05 10:02:00+02:00,jYJBT0NfkMdFerJjV4Xn-Q,440.0,Fossil Gas,43W-RTEC-2-2---7,Latvia,RTEC2-2,1,MAW,PT1M,2,2017-12-04 14:49:00+02:00
2017-12-06 07:38:49+02:00,0,LV,Unplanned outage,A03,,2017-12-06 11:00:00+02:00,p8be3y0HmMPlmnTLYIvbJg,440.0,Fossil Gas,43W-RTEC-2-2---7,Latvia,RTEC2-2,1,MAW,PT1M,1,2017-12-06 06:50:00+02:00
2018-05-24 10:58:47+03:00,155,LV,Unplanned outage,A03,,2018-05-22 09:30:00+03:00,9Yw51LnTPv2jS9DuaZ5TkA,441.0,Fossil Gas,43W-RTEC-2-1---C,Latvia,RTEC2-1,1,MAW,PT1M,2,2018-05-22 09:26:00+03:00
2018-06-19 22:36:25+03:00,0,LV,Unplanned outage,A03,,2018-06-19 18:00:00+03:00,QjSUZdsKSM_xZWfgSgalcg,440.0,Fossil Gas,43W-RTEC-2-2---7,Latvia,RTEC2-2,1,MAW,PT1M,2,2018-06-19 17:52:00+03:00
2018-08-10 11:38:56+03:00,0,LV,Unplanned outage,A03,,2018-08-06 10:30:00+03:00,PeRAzcSxMUyQccKTesfkWw,440.0,Fossil Gas,43W-RTEC-2-2---7,Latvia,RTEC2-2,1,MAW,PT1M,2,2018-08-06 10:18:00+03:00
2018-08-17 11:18:27+03:00,0,LV,Unplanned outage,A03,,2018-08-17 11:15:00+03:00,v3eVNJyi9kflaYT6nQAmNA,440.0,Fossil Gas,43W-RTEC-2-2---7,Latvia,RTEC2-2,1,MAW,PT1M,1,2018-08-17 11:10:00+03:00
2019-03-28 08:18:09+02:00,0,LV,Unplanned outage,A03,,2019-03-27 13:30:00+02:00,jxZnSxwENeTbXSGO2n2hrw,441.0,Fossil Gas,43W-RTEC-2-1---C,Latvia,RTEC2-1,1,MAW,PT1M,4,2019-03-27 13:21:00+02:00
2019-05-22 12:08:15+03:00,0,LV,Unplanned outage,A03,,2019-05-22 12:00:00+03:00,E40CmnBs-cbXtpZCNJ2oiw,440.0,Fossil Gas,43W-RTEC-2-2---7,Latvia,RTEC2-2,1,MAW,PT60M,2,2019-05-22 05:00:00+03:00
2019-05-22 21:22:41+03:00,0,LV,Unplanned outage,A03,,2019-05-22 14:30:00+03:00,mI-TrlmRQ4NTPF1_sFcnqg,440.0,Fossil Gas,43W-RTEC-2-2---7,Latvia,RTEC2-2,1,MAW,PT1M,3,2019-05-22 14:28:00+03:00
2019-06-10 06:48:24+03:00,0,LV,Unplanned outage,A03,,2019-06-10 06:30:00+03:00,KPVwrhEaoEDpNUwI0mT43A,440.0,Fossil Gas,43W-RTEC-2-2---7,Latvia,RTEC2-2,1,MAW,PT1M,1,2019-06-10 06:25:00+03:00
2019-06-27 08:57:23+03:00,0,LV,Unplanned outage,A03,,2019-06-26 08:00:00+03:00,6mH8fmcIHXUSx6aDwqnLbQ,441.0,Fossil Gas,43W-RTEC-2-1---C,Latvia,RTEC2-1,1,MAW,PT1M,4,2019-06-26 07:54:00+03:00
2019-08-12 07:36:27+03:00,0,LV,Unplanned outage,A03,,2019-08-12 07:30:00+03:00,X330-XBlekcFS8bwHjmLoA,441.0,Fossil Gas,43W-RTEC-2-1---C,Latvia,RTEC2-1,1,MAW,PT1M,1,2019-08-12 07:25:00+03:00
2019-08-15 13:21:46+03:00,0,LV,Unplanned outage,A03,,2019-08-12 10:45:00+03:00,vpe75awBWDOzAVBLCICYvw,440.0,Fossil Gas,43W-RTEC-2-2---7,Latvia,RTEC2-2,1,MAW,PT1M,1,2019-08-12 10:37:00+03:00
2019-08-18 11:34:11+03:00,0,LV,Unplanned outage,A03,,2019-08-18 11:45:00+03:00,FFQdJfNs2GBw8Hx3EG4CPQ,441.0,Fossil Gas,43W-RTEC-2-1---C,Latvia,RTEC2-1,1,MAW,PT1M,1,2019-08-18 11:31:00+03:00
2020-04-21 11:24:45+03:00,0,LV,Unplanned outage,A03,,2020-04-21 11:22:00+03:00,USqV_YYgKXoZgNTToNAEnQ,441.0,Fossil Gas,43W-RTEC-2-1---C,Latvia,RTEC2-1,1,MAW,PT1M,1,2020-04-21 11:15:00+03:00
2020-05-29 06:23:38+03:00,0,LV,Unplanned outage,A03,,2020-05-29 06:00:00+03:00,Md1bF_46assxSrF94jjtgg,440.0,Fossil Gas,43W-RTEC-2-2---7,Latvia,RTEC2-2,1,MAW,PT1M,1,2020-05-29 05:55:00+03:00
2020-05-29 07:27:38+03:00,0,LV,Unplanned outage,A03,,2020-05-29 07:30:00+03:00,x2_Un4uPvCu2EuqDRJpXMA,441.0,Fossil Gas,43W-RTEC-2-1---C,Latvia,RTEC2-1,1,MAW,PT1M,1,2020-05-29 07:17:00+03:00
2020-06-09 12:40:38+03:00,540,LV,Unplanned outage,A03,,2020-06-11 01:00:00+03:00,JqEk-l7TWKxXP2n6iY_KVw,894.0,Hydro Run-of-river and poundage,43W-PLAV-HPP---J,Latvia,Plavinas HPP,1,MAW,PT60M,1,2020-06-10 01:00:00+03:00
2020-06-09 12:41:07+03:00,67,LV,Unplanned outage,A03,,2020-06-11 01:00:00+03:00,U3UAY2SQNUw80xumWQwS3Q,402.0,Hydro Run-of-river and poundage,43W-RIG-HPP----1,Latvia,Riga HPP,1,MAW,PT60M,1,2020-06-10 01:00:00+03:00
2020-06-09 13:29:11+03:00,0,LV,Unplanned outage,A03,,2020-06-09 13:00:00+03:00,iz_AVMjg9C8_CLzrIIIhdA,441.0,Fossil Gas,43W-RTEC-2-1---C,Latvia,RTEC2-1,1,MAW,PT60M,4,2020-06-09 10:00:00+03:00
2020-06-10 11:23:35+03:00,0,LV,Unplanned outage,A03,,2020-06-09 09:45:00+03:00,5JLUWbjr00QCjl4SvWthZw,440.0,Fossil Gas,43W-RTEC-2-2---7,Latvia,RTEC2-2,1,MAW,PT1M,4,2020-06-09 09:34:00+03:00
2020-08-05 22:38:41+03:00,0,LV,Unplanned outage,A03,,2020-08-03 18:15:00+03:00,4fPbvq_7vvRC87tvYxibTg,440.0,Fossil Gas,43W-RTEC-2-2---7,Latvia,RTEC2-2,1,MAW,PT1M,4,2020-08-03 18:11:00+03:00
2021-01-04 16:14:49+02:00,0,LV,Unplanned outage,A03,,2021-01-04 16:15:00+02:00,jeEwmRQr8az__EDV5Xnadw,440.0,Fossil Gas,43W-RTEC-2-2---7,Latvia,RTEC2-2,1,MAW,PT1M,1,2021-01-04 16:13:00+02:00
2021-06-16 05:41:11+03:00,0,LV,Unplanned outage,A03,,2021-06-16 05:30:00+03:00,_Mmg__I94Jxv7iltrLzdSA,440.0,Fossil Gas,43W-RTEC-2-2---7,Latvia,RTEC2-2,1,MAW,PT1M,1,2021-06-16 05:24:00+03:00
2021-06-22 06:24:37+03:00,0,LV,Unplanned outage,A03,,2021-06-22 04:30:00+03:00,AjWlP2SwqPVEF5TDS8LJ1Q,441.0,Fossil Gas,43W-RTEC-2-1---C,Latvia,RTEC2-1,1,MAW,PT1M,2,2021-06-22 04:28:00+03:00
2021-09-07 07:52:39+03:00,0,LV,Unplanned outage,A03,,2021-09-07 05:45:00+03:00,KJpnTHRqAgr8J4hf7GjeMA,440.0,Fossil Gas,43W-RTEC-2-2---7,Latvia,RTEC2-2,1,MAW,PT1M,2,2021-09-07 05:40:00+03:00
2021-09-08 10:42:39+03:00,0,LV,Unplanned outage,A03,,2021-09-07 18:45:00+03:00,PSQmRcnumE6G4FvBtRMGTg,440.0,Fossil Gas,43W-RTEC-2-2---7,Latvia,RTEC2-2,1,MAW,PT1M,3,2021-09-07 18:42:00+03:00
2021-09-10 06:07:49+03:00,0,LV,Unplanned outage,A03,,2021-09-10 05:30:00+03:00,4QkxmI5LVvXkskDGhnEHOA,440.0,Fossil Gas,43W-RTEC-2-2---7,Latvia,RTEC2-2,1,MAW,PT1M,2,2021-09-10 05:20:00+03:00
2021-12-20 08:21:38+02:00,26,LV,Unplanned outage,A03,,2021-12-20 08:05:00+02:00,YQ3OOXioqn1KEUSq1RYNKQ,441.0,Fossil Gas,43W-RTEC-2-1---C,Latvia,RTEC2-1,1,MAW,PT1M,2,2021-12-20 07:50:00+02:00
2021-12-26 11:13:17+02:00,0,LV,Unplanned outage,A03,,2021-12-26 11:00:00+02:00,E-cRLBve97kpsOHxg_dyNA,440.0,Fossil Gas,43W-RTEC-2-2---7,Latvia,RTEC2-2,1,MAW,PT60M,2,2021-12-26 07:00:00+02:00
2022-02-02 21:25:03+02:00,0,LV,Unplanned outage,A03,,2022-02-02 19:45:00+02:00,8UXxnM-08XeB9IByhEDzOA,440.0,Fossil Gas,43W-RTEC-2-2---7,Latvia,RTEC2-2,1,MAW,PT1M,2,2022-02-02 19:37:00+02:00
