2014-12-19 21:18:54+01:00,320,SE_3,Unplanned outage,A03,,2014-12-20 17:00:00+01:00,MFnNuIJqRhQVzNYTNkoFVQ,1167.0,Nuclear,46WPU0000000017S,SE3,Forsmark block 3,1,MAW,PT1M,3,2014-12-19 18:21:00+01:00
2014-12-24 20:01:23+01:00,0,SE_3,Unplanned outage,A03,,2014-12-24 23:00:00+01:00,qTjfEBTCbMIoxPRReeC_1A,250.0,Fossil Gas,46WPU0000000062N,SE3,Rya KVV ,1,MAW,PT1M,4,2014-12-19 08:40:00+01:00
2014-12-26 00:31:31+01:00,0,SE_3,Unplanned outage,A03,,2014-12-26 00:28:00+01:00,ojAlvsf_R-wdJFgrE9CeWQ,330.0,Hydro Water Reservoir,46WPU0000000018Q,SE3,Trängslet,1,MAW,PT1M,2,2014-12-25 23:14:00+01:00
2014-12-27 03:51:14+01:00,0,SE_3,Unplanned outage,A03,,2014-12-27 03:40:00+01:00,p3oxWG4hEni2qUxGYaitXw,878.0,Nuclear,46WPU00000000105,SE3,Ringhals 1,1,MAW,PT1M,4,2014-12-25 19:27:00+01:00
2014-12-29 09:08:14+01:00,300,SE_3,Unplanned outage,A03,,2014-12-28 16:30:00+01:00,aNABLWcScJtvg_nP-EELEw,1400.0,Nuclear,46WPU0000000061P,SE3,Oskarshamn 3,1,MAW,PT1M,4,2014-12-28 02:38:00+01:00
2015-01-04 19:52:23+01:00,439,SE_3,Unplanned outage,A03,,2015-01-04 19:39:00+01:00,v7Ns3-FIAiCsST5T-oVOMA,878.0,Nuclear,46WPU00000000105,SE3,Ringhals 1,1,MAW,PT1M,3,2015-01-03 02:40:00+01:00
2015-01-09 21:49:43+01:00,0,SE_3,Unplanned outage,A03,,2015-01-09 21:10:00+01:00,tX3z0cbKKirch4GcNsMNBw,1400.0,Nuclear,46WPU0000000061P,SE3,Oskarshamn 3,1,MAW,PT1M,9,2015-01-04 09:44:00+01:00
2015-01-10 02:24:43+01:00,230,SE_3,Unplanned outage,A03,,2015-01-10 01:38:00+01:00,gX1ay5sRJeilfqoGGTyh5A,1400.0,Nuclear,46WPU0000000061P,SE3,Oskarshamn 3,1,MAW,PT1M,2,2015-01-09 21:35:00+01:00
2015-01-10 05:26:13+01:00,0,SE_3,Unplanned outage,A03,,2015-01-10 05:15:00+01:00,OXYDs_AuowC6iYZACWmNdQ,1400.0,Nuclear,46WPU0000000061P,SE3,Oskarshamn 3,1,MAW,PT1M,3,2015-01-10 01:38:00+01:00
2015-01-12 19:45:23+01:00,300,SE_3,Unplanned outage,A03,,2015-01-12 20:30:00+01:00,XX-ABfJcxg2UT8vXLhc_cw,1400.0,Nuclear,46WPU0000000061P,SE3,Oskarshamn 3,1,MAW,PT1M,3,2015-01-12 08:20:00+01:00
2015-01-12 22:42:32+01:00,314,SE_3,Unplanned outage,A03,,2015-01-12 22:35:00+01:00,Xr1x0D8XQjTGFqkYCzHMvA,320.0,Fossil Oil,46WPU0000000023X,SE3,Värtaverket,1,MAW,PT1M,3,2015-01-12 21:06:00+01:00
2015-01-13 00:44:33+01:00,0,SE_3,Unplanned outage,A03,,2015-01-13 00:22:00+01:00,ARKwE72dKQIvSsXMaFpWGQ,878.0,Nuclear,46WPU00000000105,SE3,Ringhals 1,1,MAW,PT1M,5,2015-01-11 09:07:00+01:00
2015-01-17 14:48:24+01:00,0,SE_3,Unplanned outage,A03,,2015-01-17 14:29:00+01:00,jJzJhVH9B0h7ZACek_jaOQ,1400.0,Nuclear,46WPU0000000061P,SE3,Oskarshamn 3,1,MAW,PT1M,11,2015-01-13 07:58:00+01:00
2015-01-17 18:11:35+01:00,314,SE_3,Unplanned outage,A03,,2015-01-18 18:00:00+01:00,aRimOB0Q7Y7sKowz_Omqhg,320.0,Fossil Oil,46WPU0000000023X,SE3,Värtaverket,1,MAW,PT1M,2,2015-01-17 12:18:00+01:00
2015-01-26 09:29:24+01:00,314,SE_3,Unplanned outage,A03,,2015-01-24 00:05:00+01:00,eFtMgdl1_tG491yv7dVWow,320.0,Fossil Oil,46WPU0000000023X,SE3,Värtaverket,1,MAW,PT1M,3,2015-01-23 22:07:00+01:00
2015-01-30 08:12:17+01:00,150,SE_3,Unplanned outage,A03,,2015-01-30 11:00:00+01:00,f03O445Er0d7Y4oQSSxcVQ,250.0,Fossil Gas,46WPU0000000062N,SE3,Rya KVV ,1,MAW,PT1M,4,2015-01-13 00:00:00+01:00
2015-02-14 22:26:22+01:00,230,SE_3,Unplanned outage,A03,,2015-02-14 22:23:00+01:00,f-F-wy62aIaffOpLBub-BA,330.0,Hydro Water Reservoir,46WPU0000000018Q,SE3,Trängslet,1,MAW,PT1M,2,2015-02-14 21:22:00+01:00
2015-02-26 22:12:03+01:00,441,SE_3,Unplanned outage,A03,,2015-02-26 22:00:00+01:00,3PKG6UPLEyfjWAcUx2_QOA,878.0,Nuclear,46WPU00000000105,SE3,Ringhals 1,1,MAW,PT1M,3,2015-02-26 16:58:00+01:00
2015-03-02 00:17:21+01:00,441,SE_3,Unplanned outage,A03,,2015-03-02 12:00:00+01:00,6Dq1DXCDgiq_BF_TvLHrdg,878.0,Nuclear,46WPU00000000105,SE3,Ringhals 1,1,MAW,PT1M,3,2015-02-27 13:30:00+01:00
2015-03-23 14:28:08+01:00,0,SE_3,Unplanned outage,A03,,2015-04-06 18:30:00+02:00,zK5gvDndlZ7BX9jSV2AGGw,473.0,Nuclear,46WPU0000000059C,SE3,Oskarshamn 1,1,MAW,PT1M,2,2015-03-23 13:29:00+01:00
2015-03-23 18:16:38+01:00,1030,SE_3,Unplanned outage,A03,,2015-03-24 00:00:00+01:00,SxOjDB0tfoHAmQ2VT-5-eA,1167.0,Nuclear,46WPU0000000017S,SE3,Forsmark block 3,1,MAW,PT1M,8,2015-03-22 23:00:00+01:00
2015-03-31 05:39:15+02:00,0,SE_3,Unplanned outage,A03,,2015-03-31 20:00:00+02:00,G7g-0uUFBKI_X14VCOG1gQ,984.0,Nuclear,46WPU0000000015W,SE3,Forsmark block 1,1,MAW,PT1M,4,2015-03-26 15:50:00+01:00
2015-04-02 20:48:44+02:00,80,SE_3,Unplanned outage,A03,,2015-04-03 18:00:00+02:00,K-e8YIk00HrXIOHR-gLclA,250.0,Fossil Gas,46WPU0000000062N,SE3,Rya KVV ,1,MAW,PT1M,1,2015-04-02 20:35:00+02:00
2015-04-04 16:43:34+02:00,374,SE_3,Unplanned outage,A03,,2015-04-04 20:00:00+02:00,S5ginc1aHYJj4swcy9YCRQ,320.0,Fossil Oil,46WPU0000000023X,SE3,Värtaverket,1,MAW,PT1M,2,2015-04-03 21:18:00+02:00
2015-04-12 03:03:14+02:00,0,SE_3,Unplanned outage,A03,,2015-04-12 02:44:00+02:00,4F3PkhrGs0nIn50KPY_lXw,938.0,Nuclear,46WPU0000000014Y,SE3,Ringhals 4,1,MAW,PT1M,5,2015-04-09 11:32:00+02:00
2015-04-12 08:04:14+02:00,0,SE_3,Unplanned outage,A03,,2015-04-12 07:55:00+02:00,5zGYVvOGdlWvL1-xsHdGQg,938.0,Nuclear,46WPU0000000014Y,SE3,Ringhals 4,1,MAW,PT1M,2,2015-04-12 04:20:00+02:00
2015-04-12 11:05:28+02:00,0,SE_3,Unplanned outage,A03,,2015-04-12 10:45:00+02:00,fSCGoW-YYjXqpwp92h4Oog,938.0,Nuclear,46WPU0000000014Y,SE3,Ringhals 4,1,MAW,PT1M,2,2015-04-12 07:55:00+02:00
2015-04-15 11:30:02+02:00,230,SE_3,Unplanned outage,A03,,2015-04-15 11:23:00+02:00,8fO_qWR85tlImwz6k2zpQg,330.0,Hydro Water Reservoir,46WPU0000000018Q,SE3,Trängslet,1,MAW,PT1M,3,2015-04-15 02:50:00+02:00
2015-04-15 21:53:08+02:00,374,SE_3,Unplanned outage,A03,,2015-04-15 21:41:00+02:00,HqI-qy2_xudQ03d81wdzzA,320.0,Fossil Oil,46WPU0000000023X,SE3,Värtaverket,1,MAW,PT1M,7,2015-04-13 10:32:00+02:00
2015-04-17 13:03:53+02:00,374,SE_3,Unplanned outage,A03,,2015-04-17 14:00:00+02:00,cDijjqN4AT_vYIdU8X54-g,320.0,Fossil Oil,46WPU0000000023X,SE3,Värtaverket,1,MAW,PT1M,6,2015-04-16 04:01:00+02:00
2015-04-20 08:41:15+02:00,80,SE_3,Unplanned outage,A03,,2015-04-23 16:00:00+02:00,DPzczWMkZKBrwVSwXsWbDg,250.0,Fossil Gas,46WPU0000000062N,SE3,Rya KVV ,1,MAW,PT1M,1,2015-04-20 08:30:00+02:00
2015-05-12 15:59:24+02:00,200,SE_3,Unplanned outage,A03,,2015-05-12 15:53:00+02:00,UIgB7m1uAHPbPLUSomZ33Q,330.0,Hydro Water Reservoir,46WPU0000000018Q,SE3,Trängslet,1,MAW,PT1M,2,2015-05-12 04:01:00+02:00
2015-05-19 12:56:11+02:00,40,SE_3,Unplanned outage,A03,,2015-05-19 17:00:00+02:00,sFN-fE_KdI4Ol4TJVYnYpQ,330.0,Hydro Water Reservoir,46WPU0000000018Q,SE3,Trängslet,1,MAW,PT1M,2,2015-05-19 12:25:00+02:00
2015-06-09 16:38:38+02:00,820,SE_3,Unplanned outage,A03,,2015-06-10 13:00:00+02:00,BQB3NSIfneFdu_H2M9R2eA,1167.0,Nuclear,46WPU0000000017S,SE3,Forsmark block 3,1,MAW,PT1M,6,2015-06-08 09:00:00+02:00
2015-06-16 08:47:18+02:00,0,SE_3,Unplanned outage,A03,,2015-06-16 08:25:00+02:00,XE5Y4vCEU5jwlrKNcmwu5Q,1400.0,Nuclear,46WPU0000000061P,SE3,Oskarshamn 3,1,MAW,PT1M,3,2015-06-16 04:15:00+02:00
2015-06-18 21:14:32+02:00,460,SE_3,Unplanned outage,A03,,2015-06-18 18:00:00+02:00,OzbNcZmJx2QKryq3oFLIYA,984.0,Nuclear,46WPU0000000015W,SE3,Forsmark block 1,1,MAW,PT1M,3,2015-06-16 11:10:00+02:00
2015-06-20 08:40:35+02:00,0,SE_3,Unplanned outage,A03,,2015-06-20 08:21:00+02:00,jycbVMREl6xZ0IFILNxJ-w,1400.0,Nuclear,46WPU0000000061P,SE3,Oskarshamn 3,1,MAW,PT1M,7,2015-06-16 15:30:00+02:00
2015-06-22 11:39:17+02:00,0,SE_3,Unplanned outage,A03,,2015-06-22 11:34:00+02:00,42gR7NR1PbO9-lbD7UHSIQ,330.0,Hydro Water Reservoir,46WPU0000000018Q,SE3,Trängslet,1,MAW,PT1M,2,2015-06-22 11:01:00+02:00
2015-06-23 14:35:45+02:00,0,SE_3,Unplanned outage,A03,,2015-06-24 15:00:00+02:00,DzZtthzlVc5hplo2YqPIRA,1062.0,Nuclear,46WPU00000000121,SE3,Ringhals 3,1,MAW,PT1M,1,2015-06-23 14:00:00+02:00
2015-06-24 05:21:49+02:00,0,SE_3,Unplanned outage,A03,,2015-06-24 04:40:00+02:00,V5koUOI1wToTCNoyaW6YlQ,1062.0,Nuclear,46WPU00000000121,SE3,Ringhals 3,1,MAW,PT1M,1,2015-06-23 14:00:00+02:00
2015-06-25 08:30:12+02:00,1200,SE_3,Unplanned outage,A03,,2015-06-25 01:00:00+02:00,gI2E1nDiSm9-jybeJUxINA,1400.0,Nuclear,46WPU0000000061P,SE3,Oskarshamn 3,1,MAW,PT1M,2,2015-06-24 17:00:00+02:00
2015-07-01 12:30:12+02:00,0,SE_3,Unplanned outage,A03,,2015-07-01 12:14:00+02:00,3hru0lMjCTr7IGV0yNfKWQ,878.0,Nuclear,46WPU00000000105,SE3,Ringhals 1,1,MAW,PT1M,5,2015-06-27 04:30:00+02:00
2015-07-03 02:28:25+02:00,200,SE_3,Unplanned outage,A03,,2015-07-03 09:00:00+02:00,JcbDBmqb2HAdZrpZdtptIw,984.0,Nuclear,46WPU0000000015W,SE3,Forsmark block 1,1,MAW,PT1M,2,2015-07-03 00:39:00+02:00
2015-07-03 16:37:57+02:00,267,SE_3,Unplanned outage,A03,,2015-07-03 16:15:00+02:00,szj9hWN7oSL-DxfjOGJodg,1062.0,Nuclear,46WPU00000000121,SE3,Ringhals 3,1,MAW,PT1M,8,2015-06-24 09:30:00+02:00
2015-07-05 19:21:40+02:00,1200,SE_3,Unplanned outage,A03,,2015-07-06 06:00:00+02:00,nBzt1o2O62m2yV6GZPlc1w,1400.0,Nuclear,46WPU0000000061P,SE3,Oskarshamn 3,1,MAW,PT1M,4,2015-07-05 02:40:00+02:00
2015-08-20 10:45:14+02:00,1200,SE_3,Unplanned outage,A03,,2015-08-20 10:15:00+02:00,PZanJoMeL3ShzLpwnVkOQw,1400.0,Nuclear,46WPU0000000061P,SE3,Oskarshamn 3,1,MAW,PT1M,9,2015-06-30 09:00:00+02:00
2015-07-28 11:37:12+02:00,200,SE_3,Unplanned outage,A03,,2015-07-28 11:31:00+02:00,CfX-g7sksFWKVmM4wF9dIA,330.0,Hydro Water Reservoir,46WPU0000000018Q,SE3,Trängslet,1,MAW,PT1M,8,2015-07-08 08:31:00+02:00
2015-08-08 13:57:20+02:00,200,SE_3,Unplanned outage,A03,,2015-08-08 13:51:00+02:00,X0PPyHe8ojpEld-HCbYtGA,330.0,Hydro Water Reservoir,46WPU0000000018Q,SE3,Trängslet,1,MAW,PT1M,2,2015-08-08 13:24:00+02:00
2015-08-30 01:39:11+02:00,230,SE_3,Unplanned outage,A03,,2015-08-30 01:19:00+02:00,m8-am0eXv5LgYxddT2MWfw,330.0,Hydro Water Reservoir,46WPU0000000018Q,SE3,Trängslet,1,MAW,PT1M,2,2015-08-30 00:13:00+02:00
2015-09-20 17:45:11+02:00,200,SE_3,Unplanned outage,A03,,2015-09-20 17:42:00+02:00,Hxq-yMaSw0oRHqqfT8exuA,330.0,Hydro Water Reservoir,46WPU0000000018Q,SE3,Trängslet,1,MAW,PT1M,2,2015-09-20 16:59:00+02:00
2015-09-22 13:50:11+02:00,923,SE_3,Unplanned outage,A03,,2015-09-22 17:00:00+02:00,LF9bv08B0Mn15gbsfEUyhA,938.0,Nuclear,46WPU0000000014Y,SE3,Ringhals 4,1,MAW,PT1M,2,2015-09-22 01:45:00+02:00
2015-10-05 05:52:11+02:00,0,SE_3,Unplanned outage,A03,,2015-10-04 22:25:00+02:00,5aC2zqBeJESxuXoMWi2u9w,473.0,Nuclear,46WPU0000000059C,SE3,Oskarshamn 1,1,MAW,PT1M,4,2015-09-24 21:00:00+02:00
2015-10-07 17:37:25+02:00,230,SE_3,Unplanned outage,A03,,2015-10-07 17:32:00+02:00,4R_VKwzTcNddXYTKbrQN2A,330.0,Hydro Water Reservoir,46WPU0000000018Q,SE3,Trängslet,1,MAW,PT1M,3,2015-10-07 14:47:00+02:00
2015-10-08 22:24:21+02:00,0,SE_3,Unplanned outage,A03,,2015-10-08 22:10:00+02:00,wt0FgfvBGsqlWYK6Toxa3A,473.0,Nuclear,46WPU0000000059C,SE3,Oskarshamn 1,1,MAW,PT1M,7,2015-10-05 10:45:00+02:00
2015-10-26 17:57:02+01:00,130,SE_3,Unplanned outage,A03,,2015-10-26 17:53:00+01:00,lEZuPp9ELopN3aMdRFTpaQ,330.0,Hydro Water Reservoir,46WPU0000000018Q,SE3,Trängslet,1,MAW,PT1M,2,2015-10-26 17:02:00+01:00
2015-10-27 04:00:11+01:00,510,SE_3,Unplanned outage,A03,,2015-10-27 04:00:00+01:00,I4u3S2G7Bt4BUvW7FKh23Q,878.0,Nuclear,46WPU00000000105,SE3,Ringhals 1,1,MAW,PT1M,1,2015-10-26 22:20:00+01:00
2015-10-27 08:39:06+01:00,130,SE_3,Unplanned outage,A03,,2015-10-27 08:33:00+01:00,kfHIcjywrVTjmf_izX2jmg,330.0,Hydro Water Reservoir,46WPU0000000018Q,SE3,Trängslet,1,MAW,PT1M,2,2015-10-27 06:39:00+01:00
2015-10-27 11:17:13+01:00,200,SE_3,Unplanned outage,A03,,2015-10-27 11:45:00+01:00,ujw5MPIVpEptkq-zMi7CuA,330.0,Hydro Water Reservoir,46WPU0000000018Q,SE3,Trängslet,1,MAW,PT1M,2,2015-10-27 08:43:00+01:00
2015-10-28 09:14:12+01:00,230,SE_3,Unplanned outage,A03,,2015-10-28 09:08:00+01:00,vZNyb0ghEh7CQ1S5Dz6MFQ,330.0,Hydro Water Reservoir,46WPU0000000018Q,SE3,Trängslet,1,MAW,PT1M,3,2015-10-28 07:13:00+01:00
2015-10-31 20:08:16+01:00,200,SE_3,Unplanned outage,A03,,2015-10-31 21:00:00+01:00,3ox4QKoq4fJxAcxxFtMsAw,330.0,Hydro Water Reservoir,46WPU0000000018Q,SE3,Trängslet,1,MAW,PT1M,1,2015-10-31 19:59:00+01:00
2015-11-01 21:03:22+01:00,230,SE_3,Unplanned outage,A03,,2015-11-01 22:00:00+01:00,FiI5U-dyUw-dRkH48EBhOA,330.0,Hydro Water Reservoir,46WPU0000000018Q,SE3,Trängslet,1,MAW,PT1M,1,2015-11-01 20:58:00+01:00
2015-11-02 08:16:10+01:00,230,SE_3,Unplanned outage,A03,,2015-11-02 08:14:00+01:00,h__iCb2FAdamu-2jxOZKOw,330.0,Hydro Water Reservoir,46WPU0000000018Q,SE3,Trängslet,1,MAW,PT1M,2,2015-11-02 07:30:00+01:00
2015-11-11 17:02:38+01:00,374,SE_3,Unplanned outage,A03,,2015-11-11 16:56:00+01:00,6gwCvmwoaajmApehei_9PA,320.0,Fossil Oil,46WPU0000000023X,SE3,Värtaverket,1,MAW,PT1M,2,2015-11-11 16:36:00+01:00
2015-11-16 15:19:31+01:00,895,SE_3,Unplanned outage,A03,,2015-11-16 16:00:00+01:00,Za2Cxb9T5A46Bz-tGdo9PQ,938.0,Nuclear,46WPU0000000014Y,SE3,Ringhals 4,1,MAW,PT1M,2,2015-11-16 06:25:00+01:00
2015-11-21 00:23:33+01:00,230,SE_3,Unplanned outage,A03,,2015-11-21 00:20:00+01:00,W2s8h7HwE3sbMhBYATvc1w,330.0,Hydro Water Reservoir,46WPU0000000018Q,SE3,Trängslet,1,MAW,PT1M,3,2015-11-20 20:15:00+01:00
2015-11-23 13:00:45+01:00,531,SE_3,Unplanned outage,A03,,2015-11-23 12:30:00+01:00,wQaih0IZIyPBHmw24Cx-vg,1062.0,Nuclear,46WPU00000000121,SE3,Ringhals 3,1,MAW,PT1M,4,2015-11-20 08:55:00+01:00
2015-12-19 05:54:13+01:00,0,SE_3,Unplanned outage,A03,,2015-12-19 05:39:00+01:00,huLcrx1DIZLUP_wY1qKw4A,1400.0,Nuclear,46WPU0000000061P,SE3,Oskarshamn 3,1,MAW,PT1M,6,2015-12-15 03:45:00+01:00
2015-12-29 06:47:11+01:00,374,SE_3,Unplanned outage,A03,,2015-12-29 10:00:00+01:00,H_7Jwy19d9T5w7aa8R0hXw,320.0,Fossil Oil,46WPU0000000023X,SE3,Värtaverket,1,MAW,PT1M,6,2015-12-28 08:57:00+01:00
2016-01-04 12:15:28+01:00,314,SE_3,Unplanned outage,A03,,2016-01-04 16:00:00+01:00,Btwge3KIp4H6GQbMbj78IA,320.0,Fossil Oil,46WPU0000000023X,SE3,Värtaverket,1,MAW,PT1M,1,2016-01-04 12:04:00+01:00
2016-01-09 07:57:24+01:00,374,SE_3,Unplanned outage,A03,,2016-01-09 07:53:00+01:00,Bicz4rm-HqCHeH5COimIkA,320.0,Fossil Oil,46WPU0000000023X,SE3,Värtaverket,1,MAW,PT1M,2,2016-01-09 07:06:00+01:00
2016-01-09 23:26:47+01:00,314,SE_3,Unplanned outage,A03,,2016-01-09 23:16:00+01:00,k754aA1g9jImZ1WGHH3kjQ,320.0,Fossil Oil,46WPU0000000023X,SE3,Värtaverket,1,MAW,PT1M,6,2016-01-09 14:56:00+01:00
2016-01-10 04:46:11+01:00,314,SE_3,Unplanned outage,A03,,2016-01-10 04:40:00+01:00,hjrgd50lhYtejfjHUIObrw,320.0,Fossil Oil,46WPU0000000023X,SE3,Värtaverket,1,MAW,PT1M,2,2016-01-10 02:50:00+01:00
2016-01-10 08:07:26+01:00,314,SE_3,Unplanned outage,A03,,2016-01-10 07:45:00+01:00,f_CHS4jCjnkBKd07rREdRQ,320.0,Fossil Oil,46WPU0000000023X,SE3,Värtaverket,1,MAW,PT1M,2,2016-01-10 07:04:00+01:00
2016-01-14 23:43:32+01:00,230,SE_3,Unplanned outage,A03,,2016-01-15 00:00:00+01:00,p12Hn1YaeqOK891ozoYlLQ,330.0,Hydro Water Reservoir,46WPU0000000018Q,SE3,Trängslet,1,MAW,PT1M,1,2016-01-14 22:40:00+01:00
2016-01-26 19:24:19+01:00,230,SE_3,Unplanned outage,A03,,2016-01-26 18:14:00+01:00,IyoA55reHeEj2azeR-ih-Q,330.0,Hydro Water Reservoir,46WPU0000000018Q,SE3,Trängslet,1,MAW,PT1M,2,2016-01-26 13:35:00+01:00
2016-01-28 06:11:54+01:00,374,SE_3,Unplanned outage,A03,,2016-01-28 06:03:00+01:00,UlhsnWAqYCcbsn_U8AQlgA,320.0,Fossil Oil,46WPU0000000023X,SE3,Värtaverket,1,MAW,PT1M,2,2016-01-27 15:55:00+01:00
2016-02-02 08:25:47+01:00,230,SE_3,Unplanned outage,A03,,2016-02-02 08:15:00+01:00,mw5UfHxQ9Eq5nLz4AHur5w,330.0,Hydro Water Reservoir,46WPU0000000018Q,SE3,Trängslet,1,MAW,PT1M,4,2016-02-02 07:00:00+01:00
2016-02-07 18:47:41+01:00,859,SE_3,Unplanned outage,A03,,2016-02-07 18:45:00+01:00,fZYpa5-50shoq7vtz8GzyQ,1118.0,Nuclear,46WPU0000000014Y,SE3,Ringhals 4,1,MAW,PT1M,2,2016-02-07 14:10:00+01:00
2016-02-08 03:59:12+01:00,374,SE_3,Unplanned outage,A03,,2016-02-08 05:00:00+01:00,bXOfsGWvqgKgj_urLMOXNQ,320.0,Fossil Oil,46WPU0000000023X,SE3,Värtaverket,1,MAW,PT1M,5,2016-02-07 11:55:00+01:00
2016-02-08 15:12:55+01:00,80,SE_3,Unplanned outage,A03,,2016-02-09 15:00:00+01:00,lxJJzZk8o87UDnJMTLoFJQ,250.0,Fossil Gas,46WPU0000000062N,SE3,Rya KVV ,1,MAW,PT1M,2,2016-02-08 14:28:00+01:00
2016-02-16 17:38:43+01:00,485,SE_3,Unplanned outage,A03,,2016-02-16 19:00:00+01:00,OThoDtw0dvnS-eDn7I-jnQ,1400.0,Nuclear,46WPU0000000061P,SE3,Oskarshamn 3,1,MAW,PT1M,3,2016-02-15 22:07:00+01:00
2016-02-21 19:38:20+01:00,230,SE_3,Unplanned outage,A03,,2016-02-21 20:30:00+01:00,3juKUw63qmV362NORbAO3w,330.0,Hydro Water Reservoir,46WPU0000000018Q,SE3,Trängslet,1,MAW,PT1M,1,2016-02-21 19:30:00+01:00
2016-02-22 15:13:32+01:00,230,SE_3,Unplanned outage,A03,,2016-02-22 16:30:00+01:00,zUuaYzYyeLCuivrDFrjYkw,330.0,Hydro Water Reservoir,46WPU0000000018Q,SE3,Trängslet,1,MAW,PT1M,1,2016-02-22 15:03:00+01:00
2016-02-23 02:13:14+01:00,230,SE_3,Unplanned outage,A03,,2016-02-23 02:02:00+01:00,5dNn5yDOjRvieOeM8WTgkg,330.0,Hydro Water Reservoir,46WPU0000000018Q,SE3,Trängslet,1,MAW,PT1M,2,2016-02-23 01:06:00+01:00
2016-02-24 14:43:46+01:00,230,SE_3,Unplanned outage,A03,,2016-02-24 14:28:00+01:00,1TLrbR-QOihUcnW1A13eWQ,330.0,Hydro Water Reservoir,46WPU0000000018Q,SE3,Trängslet,1,MAW,PT1M,2,2016-02-24 12:10:00+01:00
2016-02-24 23:10:49+01:00,230,SE_3,Unplanned outage,A03,,2016-02-25 02:00:00+01:00,gjfBl0GqJxB0k_l6Mykydw,330.0,Hydro Water Reservoir,46WPU0000000018Q,SE3,Trängslet,1,MAW,PT1M,1,2016-02-24 23:00:00+01:00
2016-02-26 20:17:42+01:00,0,SE_3,Unplanned outage,A03,,2016-02-26 19:30:00+01:00,xRRG7Oyndy-e3u65Oa1KlA,881.0,Nuclear,46WPU00000000105,SE3,Ringhals 1,1,MAW,PT1M,10,2016-02-20 10:48:00+01:00
2016-03-01 17:22:46+01:00,230,SE_3,Unplanned outage,A03,,2016-03-01 19:30:00+01:00,wbmyFxpQkwfeZCRyjARm6g,330.0,Hydro Water Reservoir,46WPU0000000018Q,SE3,Trängslet,1,MAW,PT1M,1,2016-03-01 17:15:00+01:00
2016-03-02 09:25:11+01:00,0,SE_3,Unplanned outage,A03,,2016-03-01 08:00:00+01:00,LiNT5cyFRuRjsgVQTEy89Q,881.0,Nuclear,46WPU00000000105,SE3,Ringhals 1,1,MAW,PT1M,6,2016-02-29 14:27:00+01:00
2016-03-03 16:24:21+01:00,780,SE_3,Unplanned outage,A03,,2016-03-03 16:20:00+01:00,JwiqewKSj2fXEv6oD-x5tA,881.0,Nuclear,46WPU00000000105,SE3,Ringhals 1,1,MAW,PT1M,2,2016-03-02 12:45:00+01:00
2016-03-11 13:22:59+01:00,230,SE_3,Unplanned outage,A03,,2016-03-11 13:07:00+01:00,VUCsrPV1GJHX39RTvaYwVw,330.0,Hydro Water Reservoir,46WPU0000000018Q,SE3,Trängslet,1,MAW,PT1M,2,2016-03-11 12:48:00+01:00
2016-03-28 11:10:11+02:00,374,SE_3,Unplanned outage,A03,,2016-03-28 23:00:00+02:00,DJg6oRG1q-ZCEThpSsxA3Q,320.0,Fossil Oil,46WPU0000000023X,SE3,Värtaverket,1,MAW,PT1M,2,2016-03-28 05:23:00+02:00
2016-04-01 13:24:49+02:00,601,SE_3,Unplanned outage,A03,,2016-04-01 14:00:00+02:00,velOu29DRJtq7MkYIsIoBA,881.0,Nuclear,46WPU00000000105,SE3,Ringhals 1,1,MAW,PT1M,3,2016-04-01 00:39:00+02:00
2016-04-19 18:43:27+02:00,374,SE_3,Unplanned outage,A03,,2016-04-19 20:00:00+02:00,jZ0zwcSqtPTB4d14fYAjnQ,320.0,Fossil Oil,46WPU0000000023X,SE3,Värtaverket,1,MAW,PT1M,2,2016-04-18 23:55:00+02:00
2016-04-20 13:39:11+02:00,374,SE_3,Unplanned outage,A03,,2016-04-20 18:00:00+02:00,aCCmuwmvCr-aaCcN3TZhcw,320.0,Fossil Oil,46WPU0000000023X,SE3,Värtaverket,1,MAW,PT1M,2,2016-04-20 03:52:00+02:00
2016-04-26 22:45:25+02:00,1200,SE_3,Unplanned outage,A03,,2016-04-27 14:00:00+02:00,GoZ3mMwryqH8s6-XD8mRnw,1400.0,Nuclear,46WPU0000000061P,SE3,Oskarshamn 3,1,MAW,PT1M,4,2016-04-23 14:00:00+02:00
2016-05-12 11:14:23+02:00,230,SE_3,Unplanned outage,A03,,2016-05-12 11:05:00+02:00,qSaXJiVgSQGI3X7mmpeXeQ,330.0,Hydro Water Reservoir,46WPU0000000018Q,SE3,Trängslet,1,MAW,PT1M,2,2016-05-12 10:34:00+02:00
2016-05-13 06:54:10+02:00,200,SE_3,Unplanned outage,A03,,2016-05-13 09:00:00+02:00,yU1GddaimO4YBBWBT5qzFQ,330.0,Hydro Water Reservoir,46WPU0000000018Q,SE3,Trängslet,1,MAW,PT1M,1,2016-05-13 06:37:00+02:00
2016-05-17 18:10:10+02:00,230,SE_3,Unplanned outage,A03,,2016-05-17 18:07:00+02:00,rCX-yhO8pSK9Itz-t1r-2g,330.0,Hydro Water Reservoir,46WPU0000000018Q,SE3,Trängslet,1,MAW,PT1M,2,2016-05-17 17:45:00+02:00
2016-05-21 10:20:58+02:00,230,SE_3,Unplanned outage,A03,,2016-05-21 11:30:00+02:00,pfpLdxGaMvwJMCvNf8lf3w,330.0,Hydro Water Reservoir,46WPU0000000018Q,SE3,Trängslet,1,MAW,PT1M,1,2016-05-21 10:17:00+02:00
2016-05-25 06:42:11+02:00,200,SE_3,Unplanned outage,A03,,2016-05-25 08:00:00+02:00,9CgJWu8EebdlXl0eXDm-xA,330.0,Hydro Water Reservoir,46WPU0000000018Q,SE3,Trängslet,1,MAW,PT1M,1,2016-05-25 06:34:00+02:00
2016-05-26 11:39:12+02:00,200,SE_3,Unplanned outage,A03,,2016-05-26 11:35:00+02:00,913IlqnzIx4k-O_IHBjpdQ,330.0,Hydro Water Reservoir,46WPU0000000018Q,SE3,Trängslet,1,MAW,PT1M,4,2016-05-26 05:29:00+02:00
2016-06-07 20:40:21+02:00,100,SE_3,Unplanned outage,A03,,2016-06-07 22:00:00+02:00,u895IU3tYaIdn2VfML-PWA,330.0,Hydro Water Reservoir,46WPU0000000018Q,SE3,Trängslet,1,MAW,PT1M,2,2016-06-07 20:35:00+02:00
2016-06-22 20:05:29+02:00,630,SE_3,Unplanned outage,A03,,2016-06-23 23:59:00+02:00,j6DLvtDjl0WL3noGerCwiA,881.0,Nuclear,46WPU00000000105,SE3,Ringhals 1,1,MAW,PT1M,1,2016-06-22 18:30:00+02:00
2016-06-28 20:44:21+02:00,230,SE_3,Unplanned outage,A03,,2016-06-28 22:00:00+02:00,ppPmyTQvHpnLIoBKLT1kxA,330.0,Hydro Water Reservoir,46WPU0000000018Q,SE3,Trängslet,1,MAW,PT1M,1,2016-06-28 20:33:00+02:00
2016-06-30 04:41:11+02:00,230,SE_3,Unplanned outage,A03,,2016-06-30 04:37:00+02:00,OjXJINTGqR0nJpxENGZLhQ,330.0,Hydro Water Reservoir,46WPU0000000018Q,SE3,Trängslet,1,MAW,PT1M,2,2016-06-30 03:55:00+02:00
2016-07-05 14:40:21+02:00,940,SE_3,Unplanned outage,A03,,2016-07-05 17:00:00+02:00,opDSuKp931KDOnW8Fnn9BA,1400.0,Nuclear,46WPU0000000061P,SE3,Oskarshamn 3,1,MAW,PT1M,4,2016-07-04 14:15:00+02:00
2016-07-07 22:07:50+02:00,200,SE_3,Unplanned outage,A03,,2016-07-07 23:00:00+02:00,jjw7mDzUzhORV0T6nEZTHQ,330.0,Hydro Water Reservoir,46WPU0000000018Q,SE3,Trängslet,1,MAW,PT1M,1,2016-07-07 22:00:00+02:00
2016-07-09 22:14:21+02:00,200,SE_3,Unplanned outage,A03,,2016-07-09 23:59:00+02:00,RltkwetN8zWu0nHsxJPRdQ,330.0,Hydro Water Reservoir,46WPU0000000018Q,SE3,Trängslet,1,MAW,PT1M,1,2016-07-09 22:05:00+02:00
2016-07-11 00:49:21+02:00,230,SE_3,Unplanned outage,A03,,2016-07-11 00:43:00+02:00,mZ2AsF59H99arAcRqNLqmg,330.0,Hydro Water Reservoir,46WPU0000000018Q,SE3,Trängslet,1,MAW,PT1M,3,2016-07-10 22:09:00+02:00
2016-07-17 14:11:12+02:00,1030,SE_3,Unplanned outage,A03,,2016-07-17 14:17:00+02:00,4-fqY7t1F2XnnEYctXHYkw,1167.0,Nuclear,46WPU0000000017S,SE3,Forsmark block 3,1,MAW,PT1M,1,2016-07-17 13:17:00+02:00
2016-07-25 14:52:36+02:00,250,SE_3,Unplanned outage,A03,,2016-07-26 09:00:00+02:00,4MW-8lJa1bylP6giXRjR9w,1120.0,Nuclear,46WPU0000000016U,SE3,Forsmark block 2,1,MAW,PT1M,3,2016-07-25 05:30:00+02:00
2016-08-01 15:05:26+02:00,480,SE_3,Unplanned outage,A03,,2016-08-04 08:00:00+02:00,Xj_G0-KYGrXxrg44KsMcFw,1120.0,Nuclear,46WPU0000000016U,SE3,Forsmark block 2,1,MAW,PT1M,6,2016-07-26 09:50:00+02:00
2016-08-07 21:33:21+02:00,230,SE_3,Unplanned outage,A03,,2016-08-07 23:00:00+02:00,MPcQIwcwCKd5FWkTtWv5VA,330.0,Hydro Water Reservoir,46WPU0000000018Q,SE3,Trängslet,1,MAW,PT1M,1,2016-08-07 21:22:00+02:00
2016-08-10 11:14:46+02:00,0,SE_3,Unplanned outage,A03,,2016-08-10 14:00:00+02:00,MFQYGOg0a0eD5teZi-cgFA,1167.0,Nuclear,46WPU0000000017S,SE3,Forsmark block 3,1,MAW,PT1M,10,2016-07-28 08:00:00+02:00
2016-08-24 15:21:20+02:00,556,SE_3,Unplanned outage,A03,,2016-08-24 14:30:00+02:00,sbbCBDiU_CzKpUuMJ9k8HQ,1118.0,Nuclear,46WPU0000000014Y,SE3,Ringhals 4,1,MAW,PT1M,5,2016-08-12 20:40:00+02:00
2016-08-26 16:39:31+02:00,820,SE_3,Unplanned outage,A03,,2016-08-26 18:30:00+02:00,8YQIcznJ0i7Bl3vNtKDuEA,984.0,Nuclear,46WPU0000000015W,SE3,Forsmark block 1,1,MAW,PT1M,6,2016-08-25 22:26:00+02:00
2016-08-29 14:34:25+02:00,0,SE_3,Unplanned outage,A03,,2016-08-29 14:25:00+02:00,_a8YU1GWjbZZNUoH2BpflQ,1118.0,Nuclear,46WPU0000000014Y,SE3,Ringhals 4,1,MAW,PT1M,8,2016-08-24 14:30:00+02:00
2016-10-03 12:37:10+02:00,200,SE_3,Unplanned outage,A03,,2016-10-03 12:16:00+02:00,gQTg-zICZkf8h-PmQeucGg,330.0,Hydro Water Reservoir,46WPU0000000018Q,SE3,Trängslet,1,MAW,PT1M,4,2016-10-02 21:09:00+02:00
2016-10-04 15:17:45+02:00,400,SE_3,Unplanned outage,A03,,2016-10-04 13:47:00+02:00,49JPRhP_El_nvV7OGAXCwg,881.0,Nuclear,46WPU00000000105,SE3,Ringhals 1,1,MAW,PT1M,2,2016-10-04 12:12:00+02:00
2016-10-07 16:14:28+02:00,920,SE_3,Unplanned outage,A03,,2016-10-07 14:00:00+02:00,Niwdb9GfSztDO9wM1qYT6g,1120.0,Nuclear,46WPU0000000016U,SE3,Forsmark block 2,1,MAW,PT1M,2,2016-10-07 12:36:00+02:00
2016-10-12 13:39:48+02:00,0,SE_3,Unplanned outage,A03,,2016-10-12 23:00:00+02:00,bXZGGnPVAceqsSSHJ1vQEw,881.0,Nuclear,46WPU00000000105,SE3,Ringhals 1,1,MAW,PT1M,6,2016-10-08 22:13:00+02:00
2016-10-13 08:36:42+02:00,471,SE_3,Unplanned outage,A03,,2016-10-14 03:00:00+02:00,JJROU7Z-0l33z0p-0DAi3g,881.0,Nuclear,46WPU00000000105,SE3,Ringhals 1,1,MAW,PT1M,2,2016-10-13 00:05:00+02:00
2016-10-13 10:54:09+02:00,531,SE_3,Unplanned outage,A03,,2016-10-13 10:00:00+02:00,jcl9-OofNIRE3OYOYTtyIg,1062.0,Nuclear,46WPU00000000121,SE3,Ringhals 3,1,MAW,PT1M,2,2016-10-13 09:00:00+02:00
2016-10-14 21:22:05+02:00,270,SE_3,Unplanned outage,A03,,2016-10-15 19:00:00+02:00,xldoxjMuuxkv52Z8gT4-lg,1120.0,Nuclear,46WPU0000000016U,SE3,Forsmark block 2,1,MAW,PT1M,2,2016-10-14 13:28:00+02:00
2016-10-15 00:38:56+02:00,532,SE_3,Unplanned outage,A03,,2016-10-15 02:00:00+02:00,36fp75x336VczPNT3lC00A,1062.0,Nuclear,46WPU00000000121,SE3,Ringhals 3,1,MAW,PT1M,2,2016-10-14 18:48:00+02:00
2016-11-12 13:33:14+01:00,374,SE_3,Unplanned outage,A03,,2016-11-12 16:00:00+01:00,osbq3EgPsOi4ETLNC1Gb2w,320.0,Fossil Oil,46WPU0000000023X,SE3,Värtaverket,1,MAW,PT1M,14,2016-10-10 16:29:00+02:00
2016-11-13 04:42:29+01:00,1010,SE_3,Unplanned outage,A03,,2016-11-13 16:00:00+01:00,Akl20WXTwK-mVAu-nDpBhA,1120.0,Nuclear,46WPU0000000016U,SE3,Forsmark block 2,1,MAW,PT1M,2,2016-11-12 22:31:00+01:00
2016-11-13 10:44:12+01:00,374,SE_3,Unplanned outage,A03,,2016-11-13 10:40:00+01:00,syaGqKjJe9mrlaYu1YxLkg,320.0,Fossil Oil,46WPU0000000023X,SE3,Värtaverket,1,MAW,PT1M,2,2016-11-12 18:45:00+01:00
2016-11-21 10:45:41+01:00,374,SE_3,Unplanned outage,A03,,2016-11-21 14:00:00+01:00,NPKTQHMW9qXax4kyIq7MlA,320.0,Fossil Oil,46WPU0000000023X,SE3,Värtaverket,1,MAW,PT1M,12,2016-11-13 15:23:00+01:00
2016-11-22 14:26:31+01:00,374,SE_3,Unplanned outage,A03,,2016-11-22 14:00:00+01:00,XxO97FOP31uezCuHqeLy1Q,320.0,Fossil Oil,46WPU0000000023X,SE3,Värtaverket,1,MAW,PT1M,2,2016-11-22 10:57:00+01:00
2016-11-25 03:38:33+01:00,314,SE_3,Unplanned outage,A03,,2016-11-25 03:33:00+01:00,vPvRR_yEZJ5m-G6xt1XTsg,320.0,Fossil Oil,46WPU0000000023X,SE3,Värtaverket,1,MAW,PT1M,2,2016-11-25 02:35:00+01:00
2016-11-25 15:31:05+01:00,374,SE_3,Unplanned outage,A03,,2016-11-25 12:33:00+01:00,QrWpeZawD7oiKxyRIah4iA,320.0,Fossil Oil,46WPU0000000023X,SE3,Värtaverket,1,MAW,PT1M,2,2016-11-25 10:32:00+01:00
2016-11-26 18:02:52+01:00,300,SE_3,Unplanned outage,A03,,2016-11-26 23:59:00+01:00,eLHaxAXWQLS4K5OZC1BaPA,1400.0,Nuclear,46WPU0000000061P,SE3,Oskarshamn 3,1,MAW,PT1M,2,2016-11-26 16:48:00+01:00
2016-12-01 09:58:48+01:00,374,SE_3,Unplanned outage,A03,,2016-12-01 09:53:00+01:00,S8a5Eq6tA2F62CX-GS0uIw,320.0,Fossil Oil,46WPU0000000023X,SE3,Värtaverket,1,MAW,PT1M,2,2016-12-01 09:04:00+01:00
2016-12-12 02:12:05+01:00,345,SE_3,Unplanned outage,A03,,2016-12-12 05:00:00+01:00,B9xcOHWFw0aFtCJwUUrddg,473.0,Nuclear,46WPU0000000059C,SE3,Oskarshamn 1,1,MAW,PT1M,2,2016-12-11 04:11:00+01:00
2016-12-14 08:12:50+01:00,314,SE_3,Unplanned outage,A03,,2016-12-14 08:10:00+01:00,NA0C0cbxMnpmx3hdSX5x4g,320.0,Fossil Oil,46WPU0000000023X,SE3,Värtaverket,1,MAW,PT1M,2,2016-12-13 17:15:00+01:00
2017-01-05 11:35:30+01:00,230,SE_3,Unplanned outage,A03,,2017-01-05 11:29:00+01:00,pFOC8McdIfTj4eiUT4mGKA,330.0,Hydro Water Reservoir,46WPU0000000018Q,SE3,Trängslet,1,MAW,PT1M,2,2017-01-05 10:25:00+01:00
2017-01-20 15:21:22+01:00,500,SE_3,Unplanned outage,A03,,2017-01-22 07:00:00+01:00,Usjhbi3x46g5wgMm4dGJSQ,984.0,Nuclear,46WPU0000000015W,SE3,Forsmark block 1,1,MAW,PT1M,4,2017-01-18 19:00:00+01:00
2017-01-30 21:06:01+01:00,460,SE_3,Unplanned outage,A03,,2017-02-02 21:00:00+01:00,VlUIToQi6biUojz3lXoz6g,984.0,Nuclear,46WPU0000000015W,SE3,Forsmark block 1,1,MAW,PT1M,3,2017-01-29 09:30:00+01:00
2017-03-10 07:50:35+01:00,100,SE_3,Unplanned outage,A03,,2017-03-10 07:45:00+01:00,71moOMLnvrVNFZB31yu-wg,330.0,Hydro Water Reservoir,46WPU0000000018Q,SE3,Trängslet,1,MAW,PT1M,2,2017-03-10 07:05:00+01:00
2017-03-18 20:18:05+01:00,840,SE_3,Unplanned outage,A03,,2017-03-19 05:00:00+01:00,jUCyTgYHwxF2gHVzOUPWGQ,984.0,Nuclear,46WPU0000000015W,SE3,Forsmark block 1,1,MAW,PT1M,2,2017-03-18 14:40:00+01:00
2017-03-31 21:01:27+02:00,0,SE_3,Unplanned outage,A03,,2017-04-03 03:00:00+02:00,ePmttZqQJCbfbU62empBEA,1167.0,Nuclear,46WPU0000000017S,SE3,Forsmark block 3,1,MAW,PT1M,11,2017-03-24 07:00:00+01:00
2017-04-01 18:15:55+02:00,0,SE_3,Unplanned outage,A03,,2017-04-03 06:00:00+02:00,9NVECGngBipaMYM0LXYQ1Q,1167.0,Nuclear,46WPU0000000017S,SE3,Forsmark block 3,1,MAW,PT1M,1,2017-03-24 07:00:00+01:00
2017-04-21 15:28:46+02:00,0,SE_3,Unplanned outage,A03,,2017-04-19 08:30:00+02:00,3zrL_ezY6SPL-OeU2qAPvQ,1167.0,Nuclear,46WPU0000000017S,SE3,Forsmark block 3,1,MAW,PT1M,13,2017-04-12 13:00:00+02:00
2017-06-01 12:22:15+02:00,0,SE_3,Unplanned outage,A03,,2017-05-31 22:00:00+02:00,07wYL8zPCmcXTCNIP_bI4Q,1167.0,Nuclear,46WPU0000000017S,SE3,Forsmark block 3,1,MAW,PT1M,9,2017-05-24 10:00:00+02:00
2017-06-20 22:23:16+02:00,880,SE_3,Unplanned outage,A03,,2017-06-20 23:30:00+02:00,nhmnNW8tXAF1mJpXPSBFWQ,1120.0,Nuclear,46WPU0000000016U,SE3,Forsmark block 2,1,MAW,PT1M,6,2017-06-18 20:27:00+02:00
2017-06-27 09:05:09+02:00,210,SE_3,Unplanned outage,A03,,2017-06-26 05:44:00+02:00,LcV3dE8tF0w8LdUKoU332Q,1065.0,Nuclear,46WPU00000000121,SE3,Ringhals 3,1,MAW,PT1M,4,2017-06-25 23:50:00+02:00
2017-08-02 11:41:08+02:00,0,SE_3,Unplanned outage,A03,,2017-08-04 12:00:00+02:00,Mgta-i21x4M3A-gWrgqexA,250.0,Fossil Gas,46WPU0000000062N,SE3,Rya KVV ,1,MAW,PT1M,1,2017-08-02 11:32:00+02:00
2017-08-09 10:41:45+02:00,830,SE_3,Unplanned outage,A03,,2017-08-09 14:00:00+02:00,P2z_3A4leFCc664IeYTtmQ,984.0,Nuclear,46WPU0000000015W,SE3,Forsmark block 1,1,MAW,PT1M,1,2017-08-09 12:00:00+02:00
2017-08-17 15:13:23+02:00,450,SE_3,Unplanned outage,A03,,2017-08-18 16:00:00+02:00,TKYqf1oGxMkxxaPI3gj6zQ,1120.0,Nuclear,46WPU0000000016U,SE3,Forsmark block 2,1,MAW,PT1M,1,2017-08-18 07:00:00+02:00
2017-08-25 06:59:55+02:00,200,SE_3,Unplanned outage,A03,,2017-08-25 08:00:00+02:00,g3xWsvP3qZcDSOxyCXWc7Q,330.0,Hydro Water Reservoir,46WPU0000000018Q,SE3,Trängslet,1,MAW,PT1M,1,2017-08-25 06:47:00+02:00
2017-10-18 11:36:49+02:00,684,SE_3,Unplanned outage,A03,,2017-10-18 15:00:00+02:00,3Bto2pr1Ecbgi-8gati31Q,984.0,Nuclear,46WPU0000000015W,SE3,Forsmark block 1,1,MAW,PT1M,2,2017-10-16 22:45:00+02:00
2017-10-19 08:20:54+02:00,0,SE_3,Unplanned outage,A03,,2017-10-19 08:00:00+02:00,U7I0m1tzOEcL9TBwImTf-Q,1400.0,Nuclear,46WPU0000000061P,SE3,Oskarshamn 3,1,MAW,PT1M,3,2017-10-18 16:30:00+02:00
2017-10-19 11:05:49+02:00,264,SE_3,Unplanned outage,A03,,2017-10-17 03:45:00+02:00,I5vXUDHRHdsT5QcC5eOCuA,1120.0,Nuclear,46WPU0000000016U,SE3,Forsmark block 2,1,MAW,PT1M,4,2017-10-17 03:30:00+02:00
2017-10-28 13:52:28+02:00,0,SE_3,Unplanned outage,A03,,2017-10-28 15:30:00+02:00,bESDBQf1o5svaF7EZaDGyw,1167.0,Nuclear,46WPU0000000017S,SE3,Forsmark block 3,1,MAW,PT1M,6,2017-10-05 20:20:00+02:00
2017-11-11 17:18:00+01:00,0,SE_3,Unplanned outage,A03,,2017-11-11 04:00:00+01:00,7rwEBHP7j1LucMhweud9mg,1106.0,Nuclear,46WPU0000000014Y,SE3,Ringhals 4,1,MAW,PT1M,5,2017-11-08 15:50:00+01:00
2017-11-30 11:11:15+01:00,106,SE_3,Unplanned outage,A03,,2017-12-01 12:00:00+01:00,HHP4nzO_BEqh59sVnjUDtQ,250.0,Fossil Gas,46WPU0000000062N,SE3,Rya KVV ,1,MAW,PT1M,1,2017-11-24 14:45:00+01:00
2017-11-30 12:14:38+01:00,106,SE_3,Unplanned outage,A03,,2017-11-30 12:45:00+01:00,OZ2IsmW66XMM3uOO-_wN6Q,250.0,Fossil Gas,46WPU0000000062N,SE3,Rya KVV ,1,MAW,PT1M,2,2017-11-30 11:15:00+01:00
2018-01-03 10:26:19+01:00,1020,SE_3,Unplanned outage,A03,,2017-12-23 15:45:00+01:00,edwJj2_qgmFQIiwUolp9iw,1120.0,Nuclear,46WPU0000000016U,SE3,Forsmark block 2,1,MAW,PT1M,5,2017-12-23 15:35:00+01:00
2018-01-03 17:17:14+01:00,35,SE_3,Unplanned outage,A03,,2018-01-03 17:00:00+01:00,720wDtuACFGFx8b0947rFg,261.0,Fossil Gas,46WPU0000000062N,SE3,Rya KVV ,1,MAW,PT60M,2,2018-01-03 16:00:00+01:00
2018-01-05 12:02:07+01:00,990,SE_3,Unplanned outage,A03,,2018-01-02 04:00:00+01:00,QLaF6LCN4P5oG2tn1f52MA,1159.0,Nuclear,46WPU0000000017S,SE3,Forsmark block 3,1,MAW,PT1M,5,2018-01-02 03:46:00+01:00
2018-01-12 13:36:49+01:00,1020,SE_3,Unplanned outage,A03,,2018-01-19 12:00:00+01:00,RdsH__3y2rwH0o-EInJfaQ,1116.0,Nuclear,46WPU0000000016U,SE3,Forsmark block 2,1,MAW,PT60M,1,2018-01-12 14:00:00+01:00
2018-01-22 07:13:32+01:00,229,SE_3,Unplanned outage,A03,,2018-01-22 07:15:00+01:00,G1dazB6FBDCbjB-M7Y8wZw,330.0,Hydro Water Reservoir,46WPU0000000018Q,SE3,Trängslet,1,MAW,PT1M,1,2018-01-22 07:09:00+01:00
2018-01-22 09:56:30+01:00,229,SE_3,Unplanned outage,A03,,2018-01-22 09:30:00+01:00,Wcz6gs6f1lGiaErjg__0Fg,330.0,Hydro Water Reservoir,46WPU0000000018Q,SE3,Trängslet,1,MAW,PT30M,2,2018-01-22 09:00:00+01:00
2018-01-24 19:11:49+01:00,0,SE_3,Unplanned outage,A03,,2018-01-24 20:00:00+01:00,H2M6EJcvHaKQOmk_RH0mng,330.0,Hydro Water Reservoir,46WPU0000000018Q,SE3,Trängslet,1,MAW,PT60M,1,2018-01-24 19:00:00+01:00
2018-02-18 01:10:01+01:00,0,SE_3,Unplanned outage,A03,,2018-02-18 01:15:00+01:00,5ptbBNWntevx_Gurf1QZsg,261.0,Fossil Gas,46WPU0000000062N,SE3,Rya KVV ,1,MAW,PT1M,1,2018-02-18 01:12:00+01:00
2018-02-21 14:30:31+01:00,200,SE_3,Unplanned outage,A03,,2018-02-21 05:45:00+01:00,eNsUvEuUtJ368-gCOAhqTw,330.0,Hydro Water Reservoir,46WPU0000000018Q,SE3,Trängslet,1,MAW,PT1M,4,2018-02-21 05:37:00+01:00
2018-03-17 04:31:41+01:00,0,SE_3,Unplanned outage,A03,,2018-03-17 04:20:00+01:00,iOXypj98b402oyhOiA913w,881.0,Nuclear,46WPU00000000105,SE3,Ringhals 1,1,MAW,PT1M,5,2018-03-17 04:15:00+01:00
2018-03-18 08:11:32+01:00,579,SE_3,Unplanned outage,A03,,2018-03-18 09:00:00+01:00,d-1KyFFoevze32psZ9E3yg,881.0,Nuclear,46WPU00000000105,SE3,Ringhals 1,1,MAW,PT60M,2,2018-03-17 10:00:00+01:00
2018-04-03 22:09:15+02:00,400,SE_3,Unplanned outage,A03,,2018-04-03 09:00:00+02:00,lClp4DANefLe-TFaqrtSlg,986.0,Nuclear,46WPU0000000015W,SE3,Forsmark block 1,1,MAW,PT1M,3,2018-04-03 08:50:00+02:00
2018-04-04 11:10:48+02:00,230,SE_3,Unplanned outage,A03,,2018-04-04 13:00:00+02:00,Xv6muGzGlmTrVpdNSfFb3w,330.0,Hydro Water Reservoir,46WPU0000000018Q,SE3,Trängslet,1,MAW,PT60M,3,2018-04-04 04:00:00+02:00
2018-04-04 13:53:56+02:00,400,SE_3,Unplanned outage,A03,,2018-04-04 16:00:00+02:00,ApoRv4DBfMIUbA7wE-GcMg,986.0,Nuclear,46WPU0000000015W,SE3,Forsmark block 1,1,MAW,PT60M,2,2018-04-04 00:00:00+02:00
2018-04-25 10:02:23+02:00,0,SE_3,Unplanned outage,A03,,2018-04-25 12:00:00+02:00,1pHLfohaEqdSoPLq2mnm7g,1106.0,Nuclear,46WPU0000000014Y,SE3,Ringhals 4,1,MAW,PT60M,1,2018-04-25 09:00:00+02:00
2018-05-22 21:15:06+02:00,230,SE_3,Unplanned outage,A03,,2018-05-22 23:00:00+02:00,gQeQeiMlT9G5afHQVbJfTw,330.0,Hydro Water Reservoir,46WPU0000000018Q,SE3,Trängslet,1,MAW,PT60M,1,2018-05-22 22:00:00+02:00
2018-05-24 09:46:52+02:00,470,SE_3,Unplanned outage,A03,,2018-04-06 17:00:00+02:00,duSccQf_7G24hfY_BArPFQ,986.0,Nuclear,46WPU0000000015W,SE3,Forsmark block 1,1,MAW,PT60M,3,2018-04-06 02:00:00+02:00
2018-05-24 09:51:49+02:00,0,SE_3,Unplanned outage,A03,,2018-04-25 15:00:00+02:00,Nzj_gYbrfXMs4AILPCUVHA,1106.0,Nuclear,46WPU0000000014Y,SE3,Ringhals 4,1,MAW,PT60M,3,2018-04-25 12:00:00+02:00
2018-06-04 13:52:07+02:00,950,SE_3,Unplanned outage,A03,,2018-06-04 14:00:00+02:00,6UmV5T7VyGW0LH8XMJ-zrQ,1159.0,Nuclear,46WPU0000000017S,SE3,Forsmark block 3,1,MAW,PT60M,4,2018-06-02 12:00:00+02:00
2018-06-06 23:12:05+02:00,750,SE_3,Unplanned outage,A03,,2018-06-07 09:00:00+02:00,aHepHI_fgNadWVvCBMlrfA,986.0,Nuclear,46WPU0000000015W,SE3,Forsmark block 1,1,MAW,PT60M,2,2018-06-06 18:00:00+02:00
2018-06-12 16:56:13+02:00,570,SE_3,Unplanned outage,A03,,2018-06-14 23:59:00+02:00,1PbPi32QKamHiHqLDOdkww,1159.0,Nuclear,46WPU0000000017S,SE3,Forsmark block 3,1,MAW,PT1M,1,2018-06-14 23:45:00+02:00
2018-06-14 16:50:57+02:00,570,SE_3,Unplanned outage,A03,,2018-06-14 16:00:00+02:00,PWLV5EGQ8-AUIpJ-kqw6Pg,1159.0,Nuclear,46WPU0000000017S,SE3,Forsmark block 3,1,MAW,PT60M,1,2018-06-12 17:00:00+02:00
2018-06-16 11:20:41+02:00,0,SE_3,Unplanned outage,A03,,2018-06-16 11:30:00+02:00,rbxVAYB14yKr_Pc0FYmuVA,1065.0,Nuclear,46WPU00000000121,SE3,Ringhals 3,1,MAW,PT15M,1,2018-06-16 11:15:00+02:00
2018-06-16 21:31:50+02:00,0,SE_3,Unplanned outage,A03,,2018-06-16 22:00:00+02:00,G3iwW1oLIgvh6NBkfw1ssA,1065.0,Nuclear,46WPU00000000121,SE3,Ringhals 3,1,MAW,PT30M,1,2018-06-16 21:30:00+02:00
2018-06-17 06:53:21+02:00,0,SE_3,Unplanned outage,A03,,2018-06-17 07:00:00+02:00,PznlQfDbHU9nezIW6gWgig,1065.0,Nuclear,46WPU00000000121,SE3,Ringhals 3,1,MAW,PT30M,1,2018-06-17 06:30:00+02:00
2018-06-19 21:55:05+02:00,744,SE_3,Unplanned outage,A03,,2018-06-20 01:00:00+02:00,IASB1h9Ud74DVhEUB2KRmQ,1065.0,Nuclear,46WPU00000000121,SE3,Ringhals 3,1,MAW,PT60M,4,2018-06-18 09:00:00+02:00
2018-07-04 09:08:04+02:00,770,SE_3,Unplanned outage,A03,,2018-07-06 17:00:00+02:00,JyNBuTq_JONTWGsDnwrEbQ,1159.0,Nuclear,46WPU0000000017S,SE3,Forsmark block 3,1,MAW,PT60M,1,2018-07-05 09:00:00+02:00
2018-07-07 15:54:09+02:00,0,SE_3,Unplanned outage,A03,,2018-07-07 17:00:00+02:00,cWULhqiv_Sgnvjh0ZhLAmg,1159.0,Nuclear,46WPU0000000017S,SE3,Forsmark block 3,1,MAW,PT60M,5,2018-07-05 12:00:00+02:00
2018-07-07 22:12:15+02:00,800,SE_3,Unplanned outage,A03,,2018-07-07 23:00:00+02:00,qZvskq9qAsCM4DSCedorFQ,1159.0,Nuclear,46WPU0000000017S,SE3,Forsmark block 3,1,MAW,PT30M,1,2018-07-07 22:30:00+02:00
2018-07-25 12:24:34+02:00,0,SE_3,Unplanned outage,A03,,2018-07-25 12:00:00+02:00,6yf01ceCUEnCue7wik5IMA,261.0,Fossil Gas,46WPU0000000062N,SE3,Rya KVV ,1,MAW,PT60M,2,2018-07-24 08:00:00+02:00
2018-07-28 21:50:34+02:00,0,SE_3,Unplanned outage,A03,,2018-07-28 20:45:00+02:00,fo0xcak7EC-zycWlIaHkKA,330.0,Hydro Water Reservoir,46WPU0000000018Q,SE3,Trängslet,1,MAW,PT1M,2,2018-07-28 20:35:00+02:00
2018-07-29 07:53:14+02:00,0,SE_3,Unplanned outage,A03,,2018-07-29 07:50:00+02:00,prsg5Nb-NcDwHzjQt3ERnw,330.0,Hydro Water Reservoir,46WPU0000000018Q,SE3,Trängslet,1,MAW,PT1M,2,2018-07-29 07:45:00+02:00
2018-08-03 18:29:39+02:00,0,SE_3,Unplanned outage,A03,,2018-07-30 19:30:00+02:00,nsErUxdlIR7XGduVUjzrBw,904.0,Nuclear,46WPU00000000113,SE3,Ringhals 2,1,MAW,PT15M,7,2018-07-30 19:15:00+02:00
2018-08-05 15:11:53+02:00,1000,SE_3,Unplanned outage,A03,,2018-08-05 23:59:00+02:00,5fy0er_22EEvBuuHrlZ3AA,1159.0,Nuclear,46WPU0000000017S,SE3,Forsmark block 3,1,MAW,PT1M,1,2018-08-05 23:45:00+02:00
2018-08-05 15:17:54+02:00,1000,SE_3,Unplanned outage,A03,,2018-08-05 15:00:00+02:00,LWj3c0Pra9sZ-Z9z-DTsfw,1159.0,Nuclear,46WPU0000000017S,SE3,Forsmark block 3,1,MAW,PT60M,3,2018-08-05 13:00:00+02:00
2018-08-05 17:14:55+02:00,1000,SE_3,Unplanned outage,A03,,2018-08-05 17:15:00+02:00,T4PE3xBVWvKqasyQHoxgYA,1159.0,Nuclear,46WPU0000000017S,SE3,Forsmark block 3,1,MAW,PT15M,1,2018-08-05 17:00:00+02:00
2018-08-20 00:45:14+02:00,0,SE_3,Unplanned outage,A03,,2018-08-20 06:00:00+02:00,V3_dhw9Z2Uv6ywSpX52QsA,881.0,Nuclear,46WPU00000000105,SE3,Ringhals 1,1,MAW,PT60M,4,2018-08-18 00:00:00+02:00
2018-08-31 22:40:26+02:00,0,SE_3,Unplanned outage,A03,,2018-08-31 22:33:00+02:00,n2DReHV7jcLC2OvmkPjcyw,881.0,Nuclear,46WPU00000000105,SE3,Ringhals 1,1,MAW,PT1M,6,2018-08-31 22:30:00+02:00
2018-09-01 17:29:57+02:00,0,SE_3,Unplanned outage,A03,,2018-09-01 23:00:00+02:00,Cp_iaxdw2gvf5FXMdD3OJg,881.0,Nuclear,46WPU00000000105,SE3,Ringhals 1,1,MAW,PT60M,2,2018-09-01 02:00:00+02:00
2018-09-02 02:54:35+02:00,0,SE_3,Unplanned outage,A03,,2018-09-02 01:00:00+02:00,2bkJy3Z8HzOv41eF_icI5A,881.0,Nuclear,46WPU00000000105,SE3,Ringhals 1,1,MAW,PT30M,3,2018-09-02 00:30:00+02:00
2018-09-02 02:59:04+02:00,0,SE_3,Unplanned outage,A03,,2018-09-02 02:30:00+02:00,LxVk8Nk2h138n9aPDygkVQ,881.0,Nuclear,46WPU00000000105,SE3,Ringhals 1,1,MAW,PT1M,1,2018-09-02 02:29:00+02:00
2018-09-27 09:34:36+02:00,0,SE_3,Unplanned outage,A03,,2018-09-30 07:00:00+02:00,yHHAFU5QnjFl0-GeHDRLpw,1159.0,Nuclear,46WPU0000000017S,SE3,Forsmark block 3,1,MAW,PT60M,1,2018-09-21 21:00:00+02:00
2018-10-15 14:54:29+02:00,0,SE_3,Unplanned outage,A03,,2018-10-23 23:59:00+02:00,qkvB2a_qmXwxLb3-Ff12oQ,261.0,Fossil Gas,46WPU0000000062N,SE3,Rya KVV ,1,MAW,PT1M,1,2018-10-23 23:45:00+02:00
2018-10-19 21:12:19+02:00,736,SE_3,Unplanned outage,A03,,2018-10-19 22:00:00+02:00,H5b6xoXPyfahu6XAZrrs7Q,881.0,Nuclear,46WPU00000000105,SE3,Ringhals 1,1,MAW,PT60M,1,2018-10-19 21:00:00+02:00
2018-11-07 07:50:59+01:00,400,SE_3,Unplanned outage,A03,,2018-11-07 09:00:00+01:00,Ve2ZakhtNmURJDfliCzcOQ,986.0,Nuclear,46WPU0000000015W,SE3,Forsmark block 1,1,MAW,PT60M,2,2018-11-07 06:00:00+01:00
2018-11-19 10:54:28+01:00,128,SE_3,Unplanned outage,A03,,2018-11-22 15:00:00+01:00,tzhwzAlI4mHWkUEfDzQj9Q,261.0,Fossil Gas,46WPU0000000062N,SE3,Rya KVV ,1,MAW,PT60M,1,2018-11-19 11:00:00+01:00
2018-11-28 12:53:57+01:00,0,SE_3,Unplanned outage,A03,,2018-11-27 21:00:00+01:00,XD0K3-rtfA4PQVSOgrWeag,904.0,Nuclear,46WPU00000000113,SE3,Ringhals 2,1,MAW,PT30M,4,2018-11-27 20:30:00+01:00
2018-12-03 07:58:51+01:00,0,SE_3,Unplanned outage,A03,,2018-12-02 11:00:00+01:00,ZY9gqV_x_7gzc2_Sxzagag,1106.0,Nuclear,46WPU0000000014Y,SE3,Ringhals 4,1,MAW,PT1M,3,2018-12-02 10:57:00+01:00
2018-12-05 19:02:38+01:00,965,SE_3,Unplanned outage,A03,,2018-12-04 18:15:00+01:00,S6I1Q7R-8rox-I_leB7OPg,1106.0,Nuclear,46WPU0000000014Y,SE3,Ringhals 4,1,MAW,PT1M,2,2018-12-04 18:10:00+01:00
2018-12-27 15:36:46+01:00,0,SE_3,Unplanned outage,A03,,2018-12-27 02:00:00+01:00,x-K091H2Oe8iXyt6UXfwBw,904.0,Nuclear,46WPU00000000113,SE3,Ringhals 2,1,MAW,PT1M,2,2018-12-27 01:50:00+01:00
2019-01-28 08:39:00+01:00,57,SE_3,Unplanned outage,A03,,2019-01-28 09:00:00+01:00,QcVrQ1ZLOpom4pa889M4bQ,245.0,Fossil Oil,46WPU0000000064J,SE3,Aros G3,1,MAW,PT60M,2,2019-01-10 11:00:00+01:00
2019-03-06 09:39:18+01:00,0,SE_3,Unplanned outage,A03,,2019-03-06 11:00:00+01:00,sessLwVsP-bXJmhC8iXxSA,1159.0,Nuclear,46WPU0000000017S,SE3,Forsmark block 3,1,MAW,PT60M,10,2019-03-04 14:00:00+01:00
2019-04-05 00:28:11+02:00,0,SE_3,Unplanned outage,A03,,2019-04-01 22:00:00+02:00,1Mn5e7eKhZhsYAC2a5Pm8g,1063.0,Nuclear,46WPU00000000121,SE3,Ringhals 3,1,MAW,PT1M,3,2019-04-01 21:50:00+02:00
2019-06-04 09:42:13+02:00,770,SE_3,Unplanned outage,A03,,2019-06-04 13:00:00+02:00,z4ByFGNd6kCQQ5bT55sW0Q,1159.0,Nuclear,46WPU0000000017S,SE3,Forsmark block 3,1,MAW,PT60M,1,2019-06-04 10:00:00+02:00
2019-06-20 14:00:18+02:00,320,SE_3,Unplanned outage,A03,,2019-06-20 14:00:00+02:00,XV4iYeGo55is58GeSeUkkA,1159.0,Nuclear,46WPU0000000017S,SE3,Forsmark block 3,1,MAW,PT30M,1,2019-06-20 13:30:00+02:00
2019-07-07 13:24:05+02:00,550,SE_3,Unplanned outage,A03,,2019-07-05 19:00:00+02:00,4eJ8sOiyyDiNUIBCI4FwgQ,988.0,Nuclear,46WPU0000000015W,SE3,Forsmark block 1,1,MAW,PT60M,6,2019-07-04 02:00:00+02:00
2019-07-23 20:08:53+02:00,0,SE_3,Unplanned outage,A03,,2019-07-25 01:00:00+02:00,9cwLPU8yg5Ab3p2-l7LNBQ,988.0,Nuclear,46WPU0000000015W,SE3,Forsmark block 1,1,MAW,PT60M,2,2019-07-20 19:00:00+02:00
2019-08-15 20:55:51+02:00,0,SE_3,Unplanned outage,A03,,2019-08-15 14:30:00+02:00,sxrwq42SCDrJHBDiqSFEIQ,260.0,Fossil Gas,46WPU0000000062N,SE3,Rya KVV ,1,MAW,PT1M,3,2019-08-15 14:29:00+02:00
2019-08-16 18:12:19+02:00,0,SE_3,Unplanned outage,A03,,2019-08-16 13:00:00+02:00,eSu2RbKGGhDJtlqRc-stpg,260.0,Fossil Gas,46WPU0000000062N,SE3,Rya KVV ,1,MAW,PT30M,2,2019-08-16 12:30:00+02:00
2019-08-22 02:48:41+02:00,0,SE_3,Unplanned outage,A03,,2019-08-22 04:00:00+02:00,sozIFZ00BcrlUJ-z6c700w,881.0,Nuclear,46WPU00000000105,SE3,Ringhals 1,1,MAW,PT60M,3,2019-08-21 07:00:00+02:00
2019-08-30 07:39:10+02:00,350,SE_3,Unplanned outage,A03,,2019-08-26 03:15:00+02:00,XBdTEXvfNHFJhwSjRl3IoA,881.0,Nuclear,46WPU00000000105,SE3,Ringhals 1,1,MAW,PT1M,5,2019-08-26 03:12:00+02:00
2019-09-25 20:47:57+02:00,400,SE_3,Unplanned outage,A03,,2019-09-25 15:00:00+02:00,AFacKHn7f54Xf7SLqqimsQ,1159.0,Nuclear,46WPU0000000017S,SE3,Forsmark block 3,1,MAW,PT30M,2,2019-09-25 14:30:00+02:00
2019-10-17 09:05:53+02:00,540,SE_3,Unplanned outage,A03,,2019-10-16 10:00:00+02:00,NAQuazkPPRdduIwic1L9GQ,1103.0,Nuclear,46WPU0000000014Y,SE3,Ringhals 4,1,MAW,PT15M,3,2019-10-16 09:45:00+02:00
2019-10-18 07:36:40+02:00,800,SE_3,Unplanned outage,A03,,2019-10-18 13:00:00+02:00,NSrqG640Jcl3uudLeFuwpg,1159.0,Nuclear,46WPU0000000017S,SE3,Forsmark block 3,1,MAW,PT60M,1,2019-10-18 12:00:00+02:00
2019-10-18 16:58:56+02:00,670,SE_3,Unplanned outage,A03,,2019-10-18 17:00:00+02:00,78b71HEh5Vk_k4mjOAWKqQ,1103.0,Nuclear,46WPU0000000014Y,SE3,Ringhals 4,1,MAW,PT60M,4,2019-10-17 20:00:00+02:00
2019-11-29 09:29:26+01:00,85,SE_3,Unplanned outage,A03,,2019-11-28 13:30:00+01:00,h1S2_GICWA4HliXrMkbWpA,213.0,Wind Onshore,46WPU0000000065H,SE3,Jädraås Vindkraftpark,1,MAW,PT15M,2,2019-11-28 13:15:00+01:00
2019-12-04 10:42:55+01:00,0,SE_3,Unplanned outage,A03,,2019-12-05 21:00:00+01:00,cssVNLxG85qAGsISSncHCQ,1063.0,Nuclear,46WPU00000000121,SE3,Ringhals 3,1,MAW,PT60M,2,2019-12-05 05:00:00+01:00
2019-12-06 09:33:33+01:00,455,SE_3,Unplanned outage,A03,,2019-12-07 04:00:00+01:00,kjJ3anBwwXVFSHyTpRsmkg,1063.0,Nuclear,46WPU00000000121,SE3,Ringhals 3,1,MAW,PT60M,1,2019-12-06 09:00:00+01:00
2019-12-14 09:26:08+01:00,0,SE_3,Unplanned outage,A03,,2019-12-14 09:15:00+01:00,Ir8OKkhAygrAUMlvA1wJfw,213.0,Wind Onshore,46WPU0000000065H,SE3,Jädraås Vindkraftpark,1,MAW,PT15M,2,2019-12-14 09:00:00+01:00
2019-12-16 15:54:06+01:00,504,SE_3,Unplanned outage,A03,,2019-12-16 16:30:00+01:00,plK8yPyTigumoB9_0E09Uw,1116.0,Nuclear,46WPU0000000016U,SE3,Forsmark block 2,1,MAW,PT30M,7,2019-12-16 16:00:00+01:00
2020-01-23 14:53:13+01:00,0,SE_3,Unplanned outage,A03,,2020-01-23 14:00:00+01:00,2l78xr3e3Enby1Js_D3qIA,260.0,Fossil Gas,46WPU0000000062N,SE3,Rya KVV ,1,MAW,PT60M,2,2020-01-23 07:00:00+01:00
2020-02-19 13:01:33+01:00,0,SE_3,Unplanned outage,A03,,2020-02-14 13:00:00+01:00,hS0phXwRCEela2namgOgiw,881.0,Nuclear,46WPU00000000105,SE3,Ringhals 1,1,MAW,PT30M,4,2020-02-14 12:30:00+01:00
2020-02-25 10:28:06+01:00,0,SE_3,Unplanned outage,A03,,2020-02-26 12:00:00+01:00,rc-dBrlEGZNn9NFH8WiYRA,1063.0,Nuclear,46WPU00000000121,SE3,Ringhals 3,1,MAW,PT60M,5,2020-02-14 14:00:00+01:00
2020-02-26 10:18:50+01:00,80,SE_3,Unplanned outage,A03,,2020-02-26 18:00:00+01:00,1pU98L6sLPMqOm1_4lmMxw,260.0,Fossil Gas,46WPU0000000062N,SE3,Rya KVV ,1,MAW,PT60M,1,2020-02-26 10:00:00+01:00
2020-02-27 16:27:08+01:00,520,SE_3,Unplanned outage,A03,,2020-02-28 18:00:00+01:00,StMX53v4Yk5nrxlitbYJyA,1063.0,Nuclear,46WPU00000000121,SE3,Ringhals 3,1,MAW,PT60M,2,2020-02-27 20:00:00+01:00
2020-03-19 15:15:20+01:00,970,SE_3,Unplanned outage,A03,,2020-03-19 14:30:00+01:00,N87NPcj4G9CaK0MY43CnNQ,1140.0,Nuclear,46WPU0000000014Y,SE3,Ringhals 4,1,MAW,PT1M,1,2020-03-19 14:21:00+01:00
2020-05-09 19:24:56+02:00,1022,SE_3,Unplanned outage,A03,,2020-05-09 20:30:00+02:00,RYWCq7eWU2PJeX5XPsD_ew,1172.0,Nuclear,46WPU0000000017S,SE3,Forsmark block 3,1,MAW,PT1M,1,2020-05-09 20:20:00+02:00
2020-05-17 10:45:15+02:00,1050,SE_3,Unplanned outage,A03,,2020-05-17 08:00:00+02:00,QcrHUKetmaTpfiFL60x84g,1172.0,Nuclear,46WPU0000000017S,SE3,Forsmark block 3,1,MAW,PT60M,2,2020-05-17 06:00:00+02:00
2020-05-31 23:56:29+02:00,472,SE_3,Unplanned outage,A03,,2020-06-01 03:00:00+02:00,CbTsLW6W2Bp8RyA3ZIS-PQ,1140.0,Nuclear,46WPU0000000014Y,SE3,Ringhals 4,1,MAW,PT60M,2,2020-05-31 21:00:00+02:00
2020-06-01 13:10:45+02:00,580,SE_3,Unplanned outage,A03,,2020-06-01 08:00:00+02:00,W-5q80gIhvC-2K9D0zhY_w,1140.0,Nuclear,46WPU0000000014Y,SE3,Ringhals 4,1,MAW,PT1M,2,2020-06-01 07:55:00+02:00
2020-06-04 21:56:46+02:00,818,SE_3,Unplanned outage,A03,,2020-06-04 23:50:00+02:00,y6aYf8yf5ZDEClncYONyYQ,1140.0,Nuclear,46WPU0000000014Y,SE3,Ringhals 4,1,MAW,PT1M,2,2020-06-04 23:45:00+02:00
2020-06-23 21:51:19+02:00,80,SE_3,Unplanned outage,A03,,2020-06-23 21:30:00+02:00,pmIfnb5F2AJR03cJSkMSTg,260.0,Fossil Gas,46WPU0000000062N,SE3,Rya KVV ,1,MAW,PT30M,3,2020-06-23 21:00:00+02:00
2020-06-24 17:59:47+02:00,430,SE_3,Unplanned outage,A03,,2020-06-21 00:00:00+02:00,1k4dj63erCvkH6QznRt9hA,1118.0,Nuclear,46WPU0000000016U,SE3,Forsmark block 2,1,MAW,PT30M,4,2020-06-20 23:30:00+02:00
2020-07-11 19:04:52+02:00,900,SE_3,Unplanned outage,A03,,2020-07-11 16:45:00+02:00,Obaj0KiuzCbtdYEVInki2Q,1172.0,Nuclear,46WPU0000000017S,SE3,Forsmark block 3,1,MAW,PT1M,2,2020-07-11 16:40:00+02:00
2020-08-13 21:21:45+02:00,150,SE_3,Unplanned outage,A03,,2020-08-12 18:00:00+02:00,R193aVVbn2SRbf9kDJixNg,1063.0,Nuclear,46WPU00000000121,SE3,Ringhals 3,1,MAW,PT30M,4,2020-08-12 17:30:00+02:00
2020-08-17 15:31:08+02:00,660,SE_3,Unplanned outage,A03,,2020-08-19 13:00:00+02:00,Ej5L9qvh8uYzfwgW2LZ1_A,1063.0,Nuclear,46WPU00000000121,SE3,Ringhals 3,1,MAW,PT60M,2,2020-08-15 17:00:00+02:00
2020-08-19 21:21:41+02:00,0,SE_3,Unplanned outage,A03,,2020-08-19 23:00:00+02:00,I5a7RJZ45h_atifwUpNmOA,330.0,Hydro Water Reservoir,46WPU0000000018Q,SE3,Trängslet,1,MAW,PT60M,1,2020-08-19 22:00:00+02:00
2020-08-21 07:04:33+02:00,0,SE_3,Unplanned outage,A03,,2020-08-21 06:45:00+02:00,R15NIm-gg6O59M9BwsRjmg,881.0,Nuclear,46WPU00000000105,SE3,Ringhals 1,1,MAW,PT15M,7,2020-08-21 06:30:00+02:00
2020-08-21 13:38:42+02:00,0,SE_3,Unplanned outage,A03,,2020-08-21 15:00:00+02:00,y-oT2-xdX9n4yGsgYjHolQ,881.0,Nuclear,46WPU00000000105,SE3,Ringhals 1,1,MAW,PT30M,3,2020-08-21 14:30:00+02:00
2020-08-26 20:55:28+02:00,420,SE_3,Unplanned outage,A03,,2020-08-25 20:30:00+02:00,AYA0mUAttZA4NHqi_oh9_g,1118.0,Nuclear,46WPU0000000016U,SE3,Forsmark block 2,1,MAW,PT1M,2,2020-08-25 20:20:00+02:00
2020-09-09 09:34:18+02:00,450,SE_3,Unplanned outage,A03,,2020-09-09 09:00:00+02:00,_c60bPV6OxT5_KlywPB8SA,1140.0,Nuclear,46WPU0000000014Y,SE3,Ringhals 4,1,MAW,PT60M,4,2020-09-06 08:00:00+02:00
2020-09-16 13:29:12+02:00,0,SE_3,Unplanned outage,A03,,2020-09-16 08:00:00+02:00,PMn4HrliHe-OopgJz2gUcQ,1172.0,Nuclear,46WPU0000000017S,SE3,Forsmark block 3,1,MAW,PT60M,6,2020-09-15 03:00:00+02:00
2020-09-19 11:24:40+02:00,0,SE_3,Unplanned outage,A03,,2020-09-09 10:00:00+02:00,TawHa_5VJtpssGYau33Gzg,1140.0,Nuclear,46WPU0000000014Y,SE3,Ringhals 4,1,MAW,PT30M,7,2020-09-09 09:30:00+02:00
2020-09-22 12:40:11+02:00,525,SE_3,Unplanned outage,A03,,2020-09-20 14:30:00+02:00,UrjGg1y_j_7lQmy2tRdwdw,1140.0,Nuclear,46WPU0000000014Y,SE3,Ringhals 4,1,MAW,PT1M,2,2020-09-20 14:25:00+02:00
2020-10-04 09:59:12+02:00,880,SE_3,Unplanned outage,A03,,2020-10-04 10:00:00+02:00,oamD8YFnCwyi5lUPp3rPXw,1140.0,Nuclear,46WPU0000000014Y,SE3,Ringhals 4,1,MAW,PT15M,1,2020-10-04 09:45:00+02:00
2020-10-05 15:06:23+02:00,980,SE_3,Unplanned outage,A03,,2020-10-04 15:00:00+02:00,7U05uSqdtihlNvqrKf3_Hw,1140.0,Nuclear,46WPU0000000014Y,SE3,Ringhals 4,1,MAW,PT30M,2,2020-10-04 14:30:00+02:00
2020-11-13 10:03:41+01:00,600,SE_3,Unplanned outage,A03,,2020-11-13 13:00:00+01:00,cttBJ-_Pp3aKnWfBwpHmkw,881.0,Nuclear,46WPU00000000105,SE3,Ringhals 1,1,MAW,PT60M,2,2020-11-13 11:00:00+01:00
2020-12-12 02:58:51+01:00,690,SE_3,Unplanned outage,A03,,2020-12-12 23:45:00+01:00,YiwRNf2-t_kDuFyk2rbQeg,1172.0,Nuclear,46WPU0000000017S,SE3,Forsmark block 3,1,MAW,PT15M,2,2020-12-12 23:30:00+01:00
2021-01-04 05:28:08+01:00,86,SE_3,Unplanned outage,A03,,2021-01-04 05:30:00+01:00,JFMUmpmMBMzRSipWnM0iog,260.0,Fossil Gas,46WPU0000000062N,SE3,Rya KVV ,1,MAW,PT1M,1,2021-01-04 05:20:00+01:00
2021-01-21 15:18:17+01:00,0,SE_3,Unplanned outage,A03,,2021-01-22 18:00:00+01:00,gfa_AwqU6lF78Xj2N4F11A,260.0,Fossil Gas,46WPU0000000062N,SE3,Rya KVV ,1,MAW,PT60M,5,2021-01-18 13:00:00+01:00
2021-03-12 19:10:47+01:00,840,SE_3,Unplanned outage,A03,,2021-03-12 23:45:00+01:00,pkKzRvorMZZrG1zL2Vk8bg,988.0,Nuclear,46WPU0000000015W,SE3,Forsmark block 1,1,MAW,PT15M,1,2021-03-12 23:30:00+01:00
2021-03-26 17:21:18+01:00,982,SE_3,Unplanned outage,A03,,2021-03-26 04:30:00+01:00,WHUr2F1wlP4eYBvFxbncEA,1118.0,Nuclear,46WPU0000000016U,SE3,Forsmark block 2,1,MAW,PT15M,3,2021-03-26 04:15:00+01:00
2021-05-17 13:22:18+02:00,87,SE_3,Unplanned outage,A03,,2021-05-20 08:00:00+02:00,P0_sT8KUpHZ8Mtb1yDYJdg,260.0,Fossil Gas,46WPU0000000062N,SE3,Rya KVV ,1,MAW,PT60M,7,2021-04-01 10:00:00+02:00
2021-06-03 22:19:56+02:00,450,SE_3,Unplanned outage,A03,,2021-06-04 00:00:00+02:00,DiLC1iCIlIiNheHE0rbVFA,1118.0,Nuclear,46WPU0000000016U,SE3,Forsmark block 2,1,MAW,PT60M,6,2021-05-30 10:00:00+02:00
2021-06-05 08:17:40+02:00,750,SE_3,Unplanned outage,A03,,2021-06-05 09:00:00+02:00,dU4MB3N3dntm9izMvSlg7g,1118.0,Nuclear,46WPU0000000016U,SE3,Forsmark block 2,1,MAW,PT30M,1,2021-06-05 08:30:00+02:00
2021-06-19 18:51:49+02:00,450,SE_3,Unplanned outage,A03,,2021-06-19 20:00:00+02:00,2egHe5NNG_SuzfaurIGdhw,1118.0,Nuclear,46WPU0000000016U,SE3,Forsmark block 2,1,MAW,PT60M,3,2021-06-19 11:00:00+02:00
2021-08-22 22:28:22+02:00,970,SE_3,Unplanned outage,A03,,2021-08-22 23:00:00+02:00,u1JjxnIqpgvrNW3Di_Qgrw,1118.0,Nuclear,46WPU0000000016U,SE3,Forsmark block 2,1,MAW,PT60M,2,2021-08-22 18:00:00+02:00
2021-08-27 14:52:47+02:00,0,SE_3,Unplanned outage,A03,,2021-08-23 02:30:00+02:00,0Vj8X9dp2rGw8fjzhsdy5A,1118.0,Nuclear,46WPU0000000016U,SE3,Forsmark block 2,1,MAW,PT1M,6,2021-08-23 02:25:00+02:00
2021-09-03 07:24:41+02:00,0,SE_3,Unplanned outage,A03,,2021-09-03 02:30:00+02:00,EMxyMhS_Of5Ng080dFLo-g,260.0,Fossil Gas,46WPU0000000062N,SE3,Rya KVV ,1,MAW,PT1M,2,2021-09-03 02:20:00+02:00
2021-09-05 13:18:13+02:00,880,SE_3,Unplanned outage,A03,,2021-09-05 14:30:00+02:00,uIiGL2j0PL90HIoUsSrOKA,988.0,Nuclear,46WPU0000000015W,SE3,Forsmark block 1,1,MAW,PT30M,4,2021-09-05 14:00:00+02:00
2021-09-06 14:37:41+02:00,751,SE_3,Unplanned outage,A03,,2021-09-06 15:00:00+02:00,jdwFpbj-IEar9MMAP0fAcw,1063.0,Nuclear,46WPU00000000121,SE3,Ringhals 3,1,MAW,PT30M,1,2021-09-06 14:30:00+02:00
2021-09-11 22:01:55+02:00,340,SE_3,Unplanned outage,A03,,2021-09-10 10:00:00+02:00,v8alI6FpSNj44QhrOK2mpg,1140.0,Nuclear,46WPU0000000014Y,SE3,Ringhals 4,1,MAW,PT30M,3,2021-09-10 09:30:00+02:00
2021-09-13 14:56:17+02:00,0,SE_3,Unplanned outage,A03,,2021-09-17 13:00:00+02:00,FG1LinBwqAfdaFv7hKNYsA,260.0,Fossil Gas,46WPU0000000062N,SE3,Rya KVV ,1,MAW,PT60M,3,2021-09-13 15:00:00+02:00
2021-09-13 16:56:47+02:00,380,SE_3,Unplanned outage,A03,,2021-09-12 22:45:00+02:00,9FnCuT5AD-j4eXZKR-knkQ,988.0,Nuclear,46WPU0000000015W,SE3,Forsmark block 1,1,MAW,PT1M,4,2021-09-12 22:40:00+02:00
2021-09-15 20:44:18+02:00,300,SE_3,Unplanned outage,A03,,2021-09-15 21:00:00+02:00,rZMvDhwRyqEcGSVJgP0qJw,1140.0,Nuclear,46WPU0000000014Y,SE3,Ringhals 4,1,MAW,PT60M,4,2021-09-12 19:00:00+02:00
2021-09-17 10:41:13+02:00,721,SE_3,Unplanned outage,A03,,2021-09-17 11:00:00+02:00,_JzW9m1KEDUf3U7xqx793A,1140.0,Nuclear,46WPU0000000014Y,SE3,Ringhals 4,1,MAW,PT60M,1,2021-09-17 10:00:00+02:00
2021-09-24 09:27:42+02:00,752,SE_3,Unplanned outage,A03,,2021-09-24 09:30:00+02:00,HLuQPaMLpUkRjk5xBepGiw,1063.0,Nuclear,46WPU00000000121,SE3,Ringhals 3,1,MAW,PT30M,1,2021-09-24 09:00:00+02:00
2021-10-02 22:54:31+02:00,1010,SE_3,Unplanned outage,A03,,2021-09-25 11:00:00+02:00,qGsH8TRVXcfQHvf1mUGQ2A,1118.0,Nuclear,46WPU0000000016U,SE3,Forsmark block 2,1,MAW,PT30M,6,2021-09-25 10:30:00+02:00
2021-10-04 15:40:36+02:00,490,SE_3,Unplanned outage,A03,,2021-10-04 10:00:00+02:00,w9snqP5fDrqjen6vh4dxsA,1118.0,Nuclear,46WPU0000000016U,SE3,Forsmark block 2,1,MAW,PT1M,2,2021-10-04 09:58:00+02:00
2021-11-12 08:08:10+01:00,128,SE_3,Unplanned outage,A03,,2021-11-02 13:45:00+01:00,sPXcVOfGvBzzQAppWibz6g,260.0,Fossil Gas,46WPU0000000062N,SE3,Rya KVV ,1,MAW,PT1M,3,2021-11-02 13:35:00+01:00
2021-11-29 09:10:40+01:00,130,SE_3,Unplanned outage,A03,,2021-11-29 09:00:00+01:00,X5IdeDr9ueRgFO206n0wyQ,260.0,Fossil Gas,46WPU0000000062N,SE3,Rya KVV ,1,MAW,PT60M,2,2021-11-29 07:00:00+01:00
2021-12-16 15:16:04+01:00,0,SE_3,Unplanned outage,A03,,2021-12-16 16:00:00+01:00,3HFeZaYZzMsSv7GJ6nJPrg,260.0,Fossil Gas,46WPU0000000062N,SE3,Rya KVV ,1,MAW,PT60M,2,2021-12-15 10:00:00+01:00
2021-12-17 14:02:13+01:00,340,SE_3,Unplanned outage,A03,,2021-12-17 14:00:00+01:00,bwl8UA_SX4HBvSxjjNmOcw,1140.0,Nuclear,46WPU0000000014Y,SE3,Ringhals 4,1,MAW,PT30M,2,2021-12-17 13:30:00+01:00
2021-12-19 22:52:59+01:00,250,SE_3,Unplanned outage,A03,,2021-12-20 01:00:00+01:00,sXYuUsGThC-ruXpwHhm-7w,1140.0,Nuclear,46WPU0000000014Y,SE3,Ringhals 4,1,MAW,PT60M,2,2021-12-19 18:00:00+01:00
2021-12-20 04:13:36+01:00,0,SE_3,Unplanned outage,A03,,2021-12-20 10:00:00+01:00,lqOlyq3SX_JTcHJ9hugNBQ,260.0,Fossil Gas,46WPU0000000062N,SE3,Rya KVV ,1,MAW,PT60M,1,2021-12-20 04:00:00+01:00
2021-12-20 10:44:43+01:00,610,SE_3,Unplanned outage,A03,,2021-12-20 11:00:00+01:00,Df1F7Ldpzzd-8q0RVaI30g,1140.0,Nuclear,46WPU0000000014Y,SE3,Ringhals 4,1,MAW,PT30M,1,2021-12-20 10:30:00+01:00
2021-12-28 12:51:44+01:00,366,SE_3,Unplanned outage,A03,,2021-12-28 01:00:00+01:00,ctIBDm9u687E8tS3jpMrsg,988.0,Nuclear,46WPU0000000015W,SE3,Forsmark block 1,1,MAW,PT1M,5,2021-12-28 00:58:00+01:00
2022-01-01 10:26:42+01:00,0,SE_3,Unplanned outage,A03,,2021-12-29 18:30:00+01:00,n7g-SCuwx02auzB7dNkqyw,1063.0,Nuclear,46WPU00000000121,SE3,Ringhals 3,1,MAW,PT15M,5,2021-12-29 18:15:00+01:00
2022-01-11 07:50:39+01:00,0,SE_3,Unplanned outage,A03,,2022-01-11 07:33:00+01:00,TSSI-pNx9puN_JohcW42eA,1063.0,Nuclear,46WPU00000000121,SE3,Ringhals 3,1,MAW,PT1M,5,2022-01-11 07:30:00+01:00
2022-01-11 08:38:13+01:00,0,SE_3,Unplanned outage,A03,,2022-01-11 08:00:00+01:00,L46IoXtf3ivILzzMlu1Qfg,1063.0,Nuclear,46WPU00000000121,SE3,Ringhals 3,1,MAW,PT1M,1,2022-01-11 07:55:00+01:00
2022-03-14 01:55:09+01:00,540,SE_3,Unplanned outage,A03,,2022-03-15 02:00:00+01:00,2SN1dlItgn0tYr0G5_8HuQ,1172.0,Nuclear,46WPU0000000017S,SE3,Forsmark block 3,1,MAW,PT60M,3,2022-03-13 22:00:00+01:00
2022-03-28 13:08:15+02:00,0,SE_3,Unplanned outage,A03,,2022-03-28 06:45:00+02:00,soPra_zyRBpkRXU5UEa36g,260.0,Fossil Gas,46WPU0000000062N,SE3,Rya KVV ,1,MAW,PT1M,3,2022-03-28 06:38:00+02:00
2022-04-10 19:11:22+02:00,747,SE_3,Unplanned outage,A03,,2022-04-09 23:45:00+02:00,-xxQxTibmsL6xenQXSiq4g,1118.0,Nuclear,46WPU0000000016U,SE3,Forsmark block 2,1,MAW,PT15M,2,2022-04-09 23:30:00+02:00
2022-06-30 20:21:06+02:00,428,SE_3,Unplanned outage,A03,,2022-06-30 20:00:00+02:00,-L70O9BVRjmhT6XZ2Z37cA,1063.0,Nuclear,46WPU00000000121,SE3,Ringhals 3,1,MAW,PT1M,1,2022-06-30 19:50:00+02:00
2022-07-06 14:28:43+02:00,710,SE_3,Unplanned outage,A03,,2022-07-06 15:00:00+02:00,9OMgdOnKUp94nZHLPCTZBA,988.0,Nuclear,46WPU0000000015W,SE3,Forsmark block 1,1,MAW,PT60M,20,2022-05-31 17:00:00+02:00
