2014-12-19 15:41:53+02:00,1192,EE,Unplanned outage,A03,,2014-12-29 01:00:00+02:00,qdaJ_vJg7bafPTMtHdyjPA,1369.0,Fossil Oil shale,38W-MT--EEJ----3,Narva,Eesti Elektrijaam,1,MAW,PT1M,1,2014-12-24 01:00:00+02:00
2014-12-28 10:25:13+02:00,1192,EE,Unplanned outage,A03,,2015-01-01 01:00:00+02:00,N-C3QM9ij_WYoCpDmF6wGw,1369.0,Fossil Oil shale,38W-MT--EEJ----3,Narva,Eesti Elektrijaam,1,MAW,PT1M,2,2014-12-24 01:00:00+02:00
2014-12-31 17:36:14+02:00,412,EE,Unplanned outage,A03,,2014-12-31 18:30:00+02:00,onnEp70u-804KroYmFLd9A,472.0,Fossil Oil shale,38W-MT--BEJ----R,Narva,Balti Elektrijaam,1,MAW,PT1M,3,2014-12-24 01:00:00+02:00
2015-01-09 11:52:54+02:00,430,EE,Unplanned outage,A03,,2015-01-10 01:00:00+02:00,SzJo8eH89l3tptcFPjbrsw,472.0,Fossil Oil shale,38W-MT--BEJ----R,Narva,Balti Elektrijaam,1,MAW,PT1M,2,2015-01-09 11:20:00+02:00
2015-01-20 13:39:14+02:00,412,EE,Unplanned outage,A03,,2015-01-20 14:00:00+02:00,a6fHKMHdTYvde-uCGv3ipQ,472.0,Fossil Oil shale,38W-MT--BEJ----R,Narva,Balti Elektrijaam,1,MAW,PT1M,4,2015-01-17 20:51:00+02:00
2015-02-18 14:56:13+02:00,412,EE,Unplanned outage,A03,,2015-02-18 16:00:00+02:00,1nM6CsTxLMJ3WHoqm2iyew,472.0,Fossil Oil shale,38W-MT--BEJ----R,Narva,Balti Elektrijaam,1,MAW,PT1M,5,2015-02-12 10:22:00+02:00
2015-03-16 14:53:30+02:00,1192,EE,Unplanned outage,A03,,2015-03-18 01:00:00+02:00,ctUiKpqAzsWgB5DGfMAjzg,1369.0,Fossil Oil shale,38W-MT--EEJ----3,Narva,Eesti Elektrijaam,1,MAW,PT1M,1,2015-03-17 01:00:00+02:00
2015-03-18 02:37:23+02:00,405,EE,Unplanned outage,A03,,2015-03-18 03:00:00+02:00,NDtPSv8RjG0XWRqIK5ZSwQ,472.0,Fossil Oil shale,38W-MT--BEJ----R,Narva,Balti Elektrijaam,1,MAW,PT1M,2,2015-03-18 02:00:00+02:00
2015-03-24 14:49:23+02:00,1250,EE,Unplanned outage,A03,,2015-03-24 23:00:00+02:00,wcq_t4Hyc31dYS9Qs8-nmA,1369.0,Fossil Oil shale,38W-MT--EEJ----3,Narva,Eesti Elektrijaam,1,MAW,PT1M,2,2015-03-21 18:00:00+02:00
2015-04-16 18:13:43+03:00,1251,EE,Unplanned outage,A03,,2015-04-16 21:00:00+03:00,aGzMtjsRmBvGN5aKWwrWZA,1369.0,Fossil Oil shale,38W-MT--EEJ----3,Narva,Eesti Elektrijaam,1,MAW,PT1M,3,2015-04-16 10:26:00+03:00
2015-04-24 13:23:59+03:00,425,EE,Unplanned outage,A03,,2015-04-24 13:08:00+03:00,0S4VntzE7Mk-jOM2ILhbbg,472.0,Fossil Oil shale,38W-MT--BEJ----R,Narva,Balti Elektrijaam,1,MAW,PT1M,4,2015-04-24 08:46:00+03:00
2015-04-24 15:57:08+03:00,425,EE,Unplanned outage,A03,,2015-04-24 15:41:00+03:00,7fbvAI5qrW65Qs33-B_ycg,472.0,Fossil Oil shale,38W-MT--BEJ----R,Narva,Balti Elektrijaam,1,MAW,PT1M,2,2015-04-24 13:32:00+03:00
2015-05-05 10:16:24+03:00,1515,EE,Unplanned outage,A03,,2015-05-05 12:00:00+03:00,lvBGyZKswjFQk_dCJB1kpA,1369.0,Fossil Oil shale,38W-MT--EEJ----3,Narva,Eesti Elektrijaam,1,MAW,PT1M,3,2015-05-03 22:00:00+03:00
2015-05-07 17:55:24+03:00,412,EE,Unplanned outage,A03,,2015-05-07 17:45:00+03:00,WD9F4ES0Wtz751BKFmObag,472.0,Fossil Oil shale,38W-MT--BEJ----R,Narva,Balti Elektrijaam,1,MAW,PT1M,4,2015-05-05 07:14:00+03:00
2015-05-15 09:51:34+03:00,1435,EE,Unplanned outage,A03,,2015-05-15 11:00:00+03:00,c13McG9Y2gZnQ2Est-u8Pw,1369.0,Fossil Oil shale,38W-MT--EEJ----3,Narva,Eesti Elektrijaam,1,MAW,PT1M,4,2015-05-15 05:37:00+03:00
2015-05-26 05:50:18+03:00,440,EE,Unplanned outage,A03,,2015-05-26 05:45:00+03:00,2vlcslFNhnUSvzR_swXRrA,472.0,Fossil Oil shale,38W-MT--BEJ----R,Narva,Balti Elektrijaam,1,MAW,PT1M,2,2015-05-26 05:05:00+03:00
2015-06-26 10:27:11+03:00,1515,EE,Unplanned outage,A03,,2015-06-26 11:00:00+03:00,7Ubkg19YoXVFrzNxHpgNIQ,1369.0,Fossil Oil shale,38W-MT--EEJ----3,Narva,Eesti Elektrijaam,1,MAW,PT1M,2,2015-06-26 05:20:00+03:00
2015-06-29 11:55:11+03:00,430,EE,Unplanned outage,A03,,2015-06-30 06:00:00+03:00,YtRyvRQ9sn-_8LwccRgU8A,472.0,Fossil Oil shale,38W-MT--BEJ----R,Narva,Balti Elektrijaam,1,MAW,PT1M,1,2015-06-29 11:40:00+03:00
2015-07-02 15:03:22+03:00,1529,EE,Unplanned outage,A03,,2015-07-02 15:00:00+03:00,T5iv5Kh2mbn8-OzgTA0qWQ,1369.0,Fossil Oil shale,38W-MT--EEJ----3,Narva,Eesti Elektrijaam,1,MAW,PT1M,3,2015-07-01 13:00:00+03:00
2015-07-04 09:40:10+03:00,420,EE,Unplanned outage,A03,,2015-07-04 09:35:00+03:00,46ytSP6gEsDLcXs4-UXAvQ,472.0,Fossil Oil shale,38W-MT--BEJ----R,Narva,Balti Elektrijaam,1,MAW,PT1M,2,2015-07-02 21:30:00+03:00
2015-09-02 15:32:49+03:00,1466,EE,Unplanned outage,A03,,2015-09-02 16:00:00+03:00,miDV4oTi5Djh0Fj4zkDv9Q,1369.0,Fossil Oil shale,38W-MT--EEJ----3,Narva,Eesti Elektrijaam,1,MAW,PT1M,5,2015-08-24 18:45:00+03:00
2015-09-10 14:56:41+03:00,192,EE,Unplanned outage,A03,,2015-09-14 06:00:00+03:00,qu9ujYJ9IY2-BfgCXztKRQ,472.0,Fossil Oil shale,38W-MT--BEJ----R,Narva,Balti Elektrijaam,1,MAW,PT1M,1,2015-09-08 21:01:00+03:00
2015-09-13 16:34:44+03:00,130,EE,Unplanned outage,A03,,2015-09-13 18:00:00+03:00,uh9-GTLlF6Kh5bTGXc99zw,472.0,Fossil Oil shale,38W-MT--BEJ----R,Narva,Balti Elektrijaam,1,MAW,PT1M,2,2015-09-13 00:02:00+03:00
2015-09-22 02:23:51+03:00,192,EE,Unplanned outage,A03,,2015-09-18 15:30:00+03:00,_u1m8CjRuu2IW794tBvPgg,472.0,Fossil Oil shale,38W-MT--BEJ----R,Narva,Balti Elektrijaam,1,MAW,PT1M,2,2015-09-13 00:30:00+03:00
2015-10-16 19:02:20+03:00,1192,EE,Unplanned outage,A03,,2015-10-16 19:00:00+03:00,Sz29kevyHFRWmVL8dsw5EQ,1369.0,Fossil Oil shale,38W-MT--EEJ----3,Narva,Eesti Elektrijaam,1,MAW,PT1M,3,2015-10-14 07:10:00+03:00
2015-10-24 08:58:10+03:00,1192,EE,Unplanned outage,A03,,2015-10-24 12:00:00+03:00,qw0kNX_y98vdR4TWngCE9g,1369.0,Fossil Oil shale,38W-MT--EEJ----3,Narva,Eesti Elektrijaam,1,MAW,PT1M,5,2015-10-24 02:34:00+03:00
2015-11-09 06:21:11+02:00,1192,EE,Unplanned outage,A03,,2015-11-09 06:10:00+02:00,vjlgUfYKHQ4x7z5OsQKr7g,1369.0,Fossil Oil shale,38W-MT--EEJ----3,Narva,Eesti Elektrijaam,1,MAW,PT1M,3,2015-11-08 22:05:00+02:00
2015-11-14 12:34:21+02:00,1192,EE,Unplanned outage,A03,,2015-11-14 12:30:00+02:00,EmNl2DxJfAWmoVd0DuGc5A,1369.0,Fossil Oil shale,38W-MT--EEJ----3,Narva,Eesti Elektrijaam,1,MAW,PT1M,2,2015-11-14 08:08:00+02:00
2015-11-23 14:54:57+02:00,192,EE,Unplanned outage,A03,,2015-11-23 13:20:00+02:00,SyaZjt35317FS21HBUEb3w,472.0,Fossil Oil shale,38W-MT--BEJ----R,Narva,Balti Elektrijaam,1,MAW,PT1M,2,2015-11-23 04:31:00+02:00
2015-11-29 21:28:21+02:00,1182,EE,Unplanned outage,A03,,2015-11-29 21:00:00+02:00,3EdgRhla1vqLyWpMao-ctQ,1369.0,Fossil Oil shale,38W-MT--EEJ----3,Narva,Eesti Elektrijaam,1,MAW,PT1M,3,2015-11-26 23:50:00+02:00
2015-12-01 16:40:15+02:00,210,EE,Unplanned outage,A03,,2015-12-01 18:00:00+02:00,KPx78sz19zawS0Uxq9YMKQ,472.0,Fossil Oil shale,38W-MT--BEJ----R,Narva,Balti Elektrijaam,1,MAW,PT1M,2,2015-12-01 14:54:00+02:00
2015-12-08 15:01:23+02:00,1254,EE,Unplanned outage,A03,,2015-12-08 15:00:00+02:00,Cu7p0tmTaaanPkQbEI_O1w,1369.0,Fossil Oil shale,38W-MT--EEJ----3,Narva,Eesti Elektrijaam,1,MAW,PT1M,3,2015-12-06 18:40:00+02:00
2015-12-24 15:13:04+02:00,202,EE,Unplanned outage,A03,,2015-12-24 15:05:00+02:00,7MVSF5GPf9LUJsTYIx6xsQ,472.0,Fossil Oil shale,38W-MT--BEJ----R,Narva,Balti Elektrijaam,1,MAW,PT1M,2,2015-12-22 02:30:00+02:00
2015-12-25 11:11:16+02:00,1192,EE,Unplanned outage,A03,,2015-12-27 01:00:00+02:00,pXNM4dfC7mDo2qn2wwFrUw,1369.0,Fossil Oil shale,38W-MT--EEJ----3,Narva,Eesti Elektrijaam,1,MAW,PT1M,3,2015-12-24 10:30:00+02:00
2015-12-28 10:51:37+02:00,1192,EE,Unplanned outage,A03,,2015-12-28 10:40:00+02:00,iS7hyYQn6vI10HlMq2mAsQ,1369.0,Fossil Oil shale,38W-MT--EEJ----3,Narva,Eesti Elektrijaam,1,MAW,PT1M,2,2015-12-28 04:00:00+02:00
2016-01-08 04:38:11+02:00,1251,EE,Unplanned outage,A03,,2016-01-08 07:00:00+02:00,z5XQJJLZzWoLeAZfjREqoA,1369.0,Fossil Oil shale,38W-MT--EEJ----3,Narva,Eesti Elektrijaam,1,MAW,PT1M,3,2016-01-08 00:45:00+02:00
2016-01-08 22:49:20+02:00,192,EE,Unplanned outage,A03,,2016-01-09 01:00:00+02:00,dQH7P8MSBhXHKmz8LPlm7Q,472.0,Fossil Oil shale,38W-MT--BEJ----R,Narva,Balti Elektrijaam,1,MAW,PT1M,4,2016-01-08 16:40:00+02:00
2016-01-22 18:05:21+02:00,1192,EE,Unplanned outage,A03,,2016-01-25 06:00:00+02:00,7IQ0MGcBFBnbQu5v37DUBA,1369.0,Fossil Oil shale,38W-MT--EEJ----3,Narva,Eesti Elektrijaam,1,MAW,PT1M,3,2016-01-19 23:35:00+02:00
2016-01-31 10:06:49+02:00,0,EE,Unplanned outage,A03,,2016-01-31 09:30:00+02:00,PV_azP3FBsj7sd0-nB5Meg,270.0,Fossil Oil shale,38W-KTJ-AUVERE-Z,Auvere,Auvere kondensatsioonielektrijaam,1,MAW,PT1M,2,2016-01-31 07:35:00+02:00
2016-02-03 20:59:21+02:00,0,EE,Unplanned outage,A03,,2016-02-03 22:00:00+02:00,7YBfy22glK40wSIJmtk9Tg,270.0,Fossil Oil shale,38W-KTJ-AUVERE-Z,Auvere,Auvere kondensatsioonielektrijaam,1,MAW,PT1M,3,2016-02-03 18:45:00+02:00
2016-02-08 10:13:44+02:00,192,EE,Unplanned outage,A03,,2016-02-08 21:00:00+02:00,NNTJkYt3-Fl3Fopbil6DiA,472.0,Fossil Oil shale,38W-MT--BEJ----R,Narva,Balti Elektrijaam,1,MAW,PT1M,3,2016-02-04 21:50:00+02:00
2016-02-23 09:26:11+02:00,130,EE,Unplanned outage,A03,,2016-02-23 11:00:00+02:00,vtzyDhyZHt6LWm5dCFTHZw,472.0,Fossil Oil shale,38W-MT--BEJ----R,Narva,Balti Elektrijaam,1,MAW,PT1M,10,2016-02-15 03:10:00+02:00
2016-02-25 07:21:04+02:00,1254,EE,Unplanned outage,A03,,2016-02-25 08:00:00+02:00,XyrNUMpkhWgByLRrd3RCWA,1369.0,Fossil Oil shale,38W-MT--EEJ----3,Narva,Eesti Elektrijaam,1,MAW,PT1M,1,2016-02-25 07:00:00+02:00
2016-02-25 08:25:59+02:00,1254,EE,Unplanned outage,A03,,2016-02-25 09:00:00+02:00,rxLW0b_6NpYOh8ck-RMHtA,1369.0,Fossil Oil shale,38W-MT--EEJ----3,Narva,Eesti Elektrijaam,1,MAW,PT1M,1,2016-02-25 08:10:00+02:00
2016-03-18 05:26:10+02:00,130,EE,Unplanned outage,A03,,2016-03-18 07:00:00+02:00,N4KE3Q_zDmSrIl62Ho_WiA,472.0,Fossil Oil shale,38W-MT--BEJ----R,Narva,Balti Elektrijaam,1,MAW,PT1M,5,2016-03-18 00:17:00+02:00
2016-03-21 10:45:31+02:00,1192,EE,Unplanned outage,A03,,2016-03-22 08:00:00+02:00,4Hu1qEyF7zmwcQ9q_V_4Cw,1369.0,Fossil Oil shale,38W-MT--EEJ----3,Narva,Eesti Elektrijaam,1,MAW,PT1M,2,2016-03-18 06:25:00+02:00
2016-03-31 02:59:21+03:00,1192,EE,Unplanned outage,A03,,2016-03-31 04:00:00+03:00,jT08zLjlCo9f4eNopHwI9w,1369.0,Fossil Oil shale,38W-MT--EEJ----3,Narva,Eesti Elektrijaam,1,MAW,PT1M,3,2016-03-30 21:00:00+03:00
2016-04-12 11:44:10+03:00,1161,EE,Unplanned outage,A03,,2016-04-12 11:35:00+03:00,4ZIkpzsblV1p7TxXJueOyA,1369.0,Fossil Oil shale,38W-MT--EEJ----3,Narva,Eesti Elektrijaam,1,MAW,PT1M,4,2016-04-12 10:19:00+03:00
2016-04-28 10:25:31+03:00,195,EE,Unplanned outage,A03,,2016-04-28 11:30:00+03:00,bGBuXOOSp86qHCYy6vlldg,472.0,Fossil Oil shale,38W-MT--BEJ----R,Narva,Balti Elektrijaam,1,MAW,PT1M,1,2016-04-28 10:15:00+03:00
2016-05-03 13:10:15+03:00,1192,EE,Unplanned outage,A03,,2016-05-03 13:03:00+03:00,c2mCvOs1vW00HOPMXYGNmg,1369.0,Fossil Oil shale,38W-MT--EEJ----3,Narva,Eesti Elektrijaam,1,MAW,PT1M,3,2016-04-26 07:40:00+03:00
2016-05-06 12:11:12+03:00,1182,EE,Unplanned outage,A03,,2016-05-07 08:00:00+03:00,H4ZPYaCXh9gPs0ELMg2Otg,1369.0,Fossil Oil shale,38W-MT--EEJ----3,Narva,Eesti Elektrijaam,1,MAW,PT1M,4,2016-04-29 01:00:00+03:00
2016-05-11 10:10:31+03:00,1251,EE,Unplanned outage,A03,,2016-05-12 01:00:00+03:00,49F7nPJWJv3FgHaK_AIWvg,1369.0,Fossil Oil shale,38W-MT--EEJ----3,Narva,Eesti Elektrijaam,1,MAW,PT1M,2,2016-05-09 15:10:00+03:00
2016-05-21 18:33:23+03:00,0,EE,Unplanned outage,A03,,2016-05-21 18:27:00+03:00,S6HcBPrL9ISSaOGl4hbBVw,270.0,Fossil Oil shale,38W-KTJ-AUVERE-Z,Auvere,Auvere kondensatsioonielektrijaam,1,MAW,PT1M,5,2016-05-21 12:18:00+03:00
2016-05-22 20:10:55+03:00,1192,EE,Unplanned outage,A03,,2016-05-22 20:00:00+03:00,e0EPaYCJJNWK96YVSqUZRg,1369.0,Fossil Oil shale,38W-MT--EEJ----3,Narva,Eesti Elektrijaam,1,MAW,PT1M,4,2016-04-29 01:00:00+03:00
2016-05-22 20:13:37+03:00,1192,EE,Unplanned outage,A03,,2016-05-22 20:00:00+03:00,eXab5R3U93tBVBETgt6t4A,1369.0,Fossil Oil shale,38W-MT--EEJ----3,Narva,Eesti Elektrijaam,1,MAW,PT1M,3,2016-05-16 06:00:00+03:00
2016-05-26 04:17:52+03:00,205,EE,Unplanned outage,A03,,2016-05-26 07:00:00+03:00,YVCnEQoZHgH-WayeePrL9Q,472.0,Fossil Oil shale,38W-MT--BEJ----R,Narva,Balti Elektrijaam,1,MAW,PT1M,6,2016-05-25 00:15:00+03:00
2016-05-31 07:55:30+03:00,1192,EE,Unplanned outage,A03,,2016-05-31 10:00:00+03:00,aTLERXCjH6DCCIXA0WrYqA,1369.0,Fossil Oil shale,38W-MT--EEJ----3,Narva,Eesti Elektrijaam,1,MAW,PT1M,2,2016-05-31 00:54:00+03:00
2016-06-03 12:33:23+03:00,130,EE,Unplanned outage,A03,,2016-06-03 13:30:00+03:00,vONaBlYjKV0Id_NyLrz9Dg,472.0,Fossil Oil shale,38W-MT--BEJ----R,Narva,Balti Elektrijaam,1,MAW,PT1M,8,2016-05-26 13:29:00+03:00
2016-06-06 00:00:23+03:00,1192,EE,Unplanned outage,A03,,2016-06-06 06:00:00+03:00,LtY2uIfc6mFuJLFfwSrxag,1369.0,Fossil Oil shale,38W-MT--EEJ----3,Narva,Eesti Elektrijaam,1,MAW,PT1M,3,2016-06-04 01:00:00+03:00
2016-06-06 12:17:14+03:00,174,EE,Unplanned outage,A03,,2016-06-06 13:30:00+03:00,L9mwfkVntU2g8iLYqeEY2w,270.0,Fossil Oil shale,38W-KTJ-AUVERE-Z,Auvere,Auvere kondensatsioonielektrijaam,1,MAW,PT1M,2,2016-06-06 09:30:00+03:00
2016-06-08 04:20:15+03:00,130,EE,Unplanned outage,A03,,2016-06-09 06:00:00+03:00,X-R5L984M6sxHag6KcCceA,472.0,Fossil Oil shale,38W-MT--BEJ----R,Narva,Balti Elektrijaam,1,MAW,PT1M,7,2016-06-05 12:59:00+03:00
2016-06-14 08:33:22+03:00,220,EE,Unplanned outage,A03,,2016-06-14 09:00:00+03:00,q6wGHQzAJR09qRbhlJHeEA,472.0,Fossil Oil shale,38W-MT--BEJ----R,Narva,Balti Elektrijaam,1,MAW,PT1M,3,2016-06-13 22:24:00+03:00
2016-06-15 18:46:21+03:00,0,EE,Unplanned outage,A03,,2016-06-15 20:33:00+03:00,FwoP2wjdj0R5SasXDwcEfA,270.0,Fossil Oil shale,38W-KTJ-AUVERE-Z,Auvere,Auvere kondensatsioonielektrijaam,1,MAW,PT1M,10,2016-06-12 21:00:00+03:00
2016-06-21 19:27:21+03:00,0,EE,Unplanned outage,A03,,2016-06-21 22:00:00+03:00,rspeRiis6beRJboiLYDsGw,270.0,Fossil Oil shale,38W-KTJ-AUVERE-Z,Auvere,Auvere kondensatsioonielektrijaam,1,MAW,PT1M,10,2016-06-20 22:22:00+03:00
2016-06-24 12:57:16+03:00,0,EE,Unplanned outage,A03,,2016-06-24 13:50:00+03:00,d3JEg5FpMeFP7V1c56nPug,270.0,Fossil Oil shale,38W-KTJ-AUVERE-Z,Auvere,Auvere kondensatsioonielektrijaam,1,MAW,PT1M,4,2016-06-24 08:01:00+03:00
2016-06-30 11:11:34+03:00,1192,EE,Unplanned outage,A03,,2016-07-01 07:00:00+03:00,ri8Z2XVkGheMKlGBL95_hg,1369.0,Fossil Oil shale,38W-MT--EEJ----3,Narva,Eesti Elektrijaam,1,MAW,PT1M,2,2016-06-04 01:00:00+03:00
2016-06-30 17:43:20+03:00,1192,EE,Unplanned outage,A03,,2016-07-01 05:00:00+03:00,jYkhAubhPvKnwbjJW8KdPg,1369.0,Fossil Oil shale,38W-MT--EEJ----3,Narva,Eesti Elektrijaam,1,MAW,PT1M,6,2016-06-08 01:00:00+03:00
2016-07-01 05:50:11+03:00,1182,EE,Unplanned outage,A03,,2016-07-01 09:00:00+03:00,qRP4q4A0ltjM0pxY_tOdXQ,1369.0,Fossil Oil shale,38W-MT--EEJ----3,Narva,Eesti Elektrijaam,1,MAW,PT1M,3,2016-07-01 02:50:00+03:00
2016-08-03 13:26:21+03:00,192,EE,Unplanned outage,A03,,2016-08-03 15:00:00+03:00,3iQIYDwC9rRN7ksnoBTUMg,472.0,Fossil Oil shale,38W-MT--BEJ----R,Narva,Balti Elektrijaam,1,MAW,PT1M,6,2016-03-05 01:00:00+02:00
2016-10-16 10:37:19+03:00,1192,EE,Unplanned outage,A03,,2016-10-17 06:00:00+03:00,Siul2ppd8CoD-VrVW_XdAw,1369.0,Fossil Oil shale,38W-MT--EEJ----3,Narva,Eesti Elektrijaam,1,MAW,PT1M,3,2016-03-01 01:00:00+02:00
2016-07-16 02:29:22+03:00,1251,EE,Unplanned outage,A03,,2016-07-16 03:00:00+03:00,umNw4fsYPjrXiXKkWUYH9w,1369.0,Fossil Oil shale,38W-MT--EEJ----3,Narva,Eesti Elektrijaam,1,MAW,PT1M,3,2016-07-11 01:34:00+03:00
2016-07-21 02:56:21+03:00,0,EE,Unplanned outage,A03,,2016-07-21 04:00:00+03:00,PyyFrbx48tXRlZMBUVLgeg,270.0,Fossil Oil shale,38W-KTJ-AUVERE-Z,Auvere,Auvere kondensatsioonielektrijaam,1,MAW,PT1M,2,2016-07-21 01:46:00+03:00
2016-07-21 09:53:10+03:00,1182,EE,Unplanned outage,A03,,2016-07-21 11:00:00+03:00,QKgbLxdFFulprjrzP-3GAw,1369.0,Fossil Oil shale,38W-MT--EEJ----3,Narva,Eesti Elektrijaam,1,MAW,PT1M,1,2016-07-21 09:40:00+03:00
2016-07-25 09:27:11+03:00,0,EE,Unplanned outage,A03,,2016-07-25 09:17:00+03:00,FckzTnXOAYEr1Eud07uV-w,270.0,Fossil Oil shale,38W-KTJ-AUVERE-Z,Auvere,Auvere kondensatsioonielektrijaam,1,MAW,PT1M,2,2016-07-25 09:02:00+03:00
2016-07-27 06:31:11+03:00,127,EE,Unplanned outage,A03,,2016-07-27 07:00:00+03:00,iHjb7XXr78J9xgVLVOflRg,270.0,Fossil Oil shale,38W-KTJ-AUVERE-Z,Auvere,Auvere kondensatsioonielektrijaam,1,MAW,PT1M,2,2016-07-27 05:50:00+03:00
2016-07-31 20:23:33+03:00,99,EE,Unplanned outage,A03,,2016-07-31 21:00:00+03:00,BFN3EyZXcGiRNmikFDdwwQ,270.0,Fossil Oil shale,38W-KTJ-AUVERE-Z,Auvere,Auvere kondensatsioonielektrijaam,1,MAW,PT1M,2,2016-07-31 19:29:00+03:00
2016-08-01 03:30:21+03:00,99,EE,Unplanned outage,A03,,2016-08-01 08:00:00+03:00,uIDGv4PfFx-vKfI2Qr5nlw,270.0,Fossil Oil shale,38W-KTJ-AUVERE-Z,Auvere,Auvere kondensatsioonielektrijaam,1,MAW,PT1M,3,2016-07-31 23:54:00+03:00
2016-08-01 23:15:21+03:00,173,EE,Unplanned outage,A03,,2016-08-02 08:00:00+03:00,hlTebTjFSAGYOs1YWdXuyA,270.0,Fossil Oil shale,38W-KTJ-AUVERE-Z,Auvere,Auvere kondensatsioonielektrijaam,1,MAW,PT1M,3,2016-08-01 16:57:00+03:00
2016-08-03 20:49:24+03:00,1182,EE,Unplanned outage,A03,,2016-08-03 21:35:00+03:00,0ZF_DowczwArMsNtqm3d_Q,1369.0,Fossil Oil shale,38W-MT--EEJ----3,Narva,Eesti Elektrijaam,1,MAW,PT1M,1,2016-08-03 20:35:00+03:00
2016-08-04 19:29:22+03:00,0,EE,Unplanned outage,A03,,2016-08-04 20:15:00+03:00,BDN9eQuHr_z-hx0m3zSPmQ,270.0,Fossil Oil shale,38W-KTJ-AUVERE-Z,Auvere,Auvere kondensatsioonielektrijaam,1,MAW,PT1M,12,2016-08-03 20:00:00+03:00
2016-09-24 11:34:25+03:00,1192,EE,Unplanned outage,A03,,2016-09-25 01:00:00+03:00,afQ-eWggtmwN4AehDG4K2Q,1369.0,Fossil Oil shale,38W-MT--EEJ----3,Narva,Eesti Elektrijaam,1,MAW,PT1M,2,2016-09-21 00:10:00+03:00
2016-09-25 08:06:27+03:00,1192,EE,Unplanned outage,A03,,2016-09-25 08:00:00+03:00,_Osf7rVhh5CP5HrZ--_Vdw,1369.0,Fossil Oil shale,38W-MT--EEJ----3,Narva,Eesti Elektrijaam,1,MAW,PT1M,3,2016-09-11 21:05:00+03:00
2016-10-04 05:55:25+03:00,0,EE,Unplanned outage,A03,,2016-10-04 08:00:00+03:00,X6eqhtfOJbVazViRMY_f1w,270.0,Fossil Oil shale,38W-KTJ-AUVERE-Z,Auvere,Auvere kondensatsioonielektrijaam,1,MAW,PT1M,54,2016-08-09 09:00:00+03:00
2016-10-14 15:39:13+03:00,0,EE,Unplanned outage,A03,,2016-10-15 00:30:00+03:00,UqS5xXQZ6nPoKQ8-pmU1AA,270.0,Fossil Oil shale,38W-KTJ-AUVERE-Z,Auvere,Auvere kondensatsioonielektrijaam,1,MAW,PT1M,4,2016-10-07 01:00:00+03:00
2016-10-16 06:29:13+03:00,192,EE,Unplanned outage,A03,,2016-10-16 06:15:00+03:00,Z4gpmkE5LYYfQLAXEkcekA,472.0,Fossil Oil shale,38W-MT--BEJ----R,Narva,Balti Elektrijaam,1,MAW,PT1M,15,2016-09-19 06:15:00+03:00
2016-10-25 15:28:44+03:00,1192,EE,Unplanned outage,A03,,2016-10-25 14:14:00+03:00,-utaDWhFLimSY7UtMey2DA,1369.0,Fossil Oil shale,38W-MT--EEJ----3,Narva,Eesti Elektrijaam,1,MAW,PT1M,5,2016-10-15 12:20:00+03:00
2016-11-05 21:14:57+02:00,1192,EE,Unplanned outage,A03,,2016-11-05 21:00:00+02:00,uJUvDfgorl2ediw3XIO4Uw,1369.0,Fossil Oil shale,38W-MT--EEJ----3,Narva,Eesti Elektrijaam,1,MAW,PT1M,4,2016-10-27 17:40:00+03:00
2016-11-13 10:27:12+02:00,1251,EE,Unplanned outage,A03,,2016-11-13 16:00:00+02:00,SGDGejbwGMB0pbXezWo3NQ,1369.0,Fossil Oil shale,38W-MT--EEJ----3,Narva,Eesti Elektrijaam,1,MAW,PT1M,1,2016-11-13 10:10:00+02:00
2016-12-01 16:58:51+02:00,192,EE,Unplanned outage,A03,,2016-12-01 17:00:00+02:00,NskVCAHN46HbUsDQgLadsQ,472.0,Fossil Oil shale,38W-MT--BEJ----R,Narva,Balti Elektrijaam,1,MAW,PT1M,4,2016-11-27 20:35:00+02:00
