2016-07-22 15:53:46+02:00,177.9,DE_50HZ,Unplanned outage,A03,,2016-07-22 19:00:00+02:00,w9S7NzD0bhvJ-wiBJTBwbA,336.3,Wind Offshore,11WD8BALT3W---PS,intra_zonal,Windpark Baltic 1 and 2,1,MAW,PT1M,1,2016-07-22 15:45:00+02:00
2016-11-13 17:32:56+01:00,195.5,DE_50HZ,Unplanned outage,A03,,2016-11-13 17:15:00+01:00,-wvO05Z9GIanhRh0haKL6w,336.3,Wind Offshore,11WD8BALT3W---PS,intra_zonal,Windpark Baltic 1 and 2,1,MAW,PT1M,3,2016-11-12 15:45:00+01:00
2017-12-19 15:47:49+01:00,188.7,DE_50HZ,Unplanned outage,A03,,2017-12-19 15:30:00+01:00,PN-D4c69RgBcB5csEbCAeA,336.3,Wind Offshore,11WD8BALT3W---PS,intra_zonal,Windpark Baltic 1 and 2,1,MAW,PT1M,1,2017-12-19 15:25:00+01:00
2018-05-15 12:46:37+02:00,228.3,DE_50HZ,Unplanned outage,A03,,2018-05-15 19:00:00+02:00,uT6S0WWK1vhMcFnGSgiG4A,336.3,Wind Offshore,11WD8BALT3W---PS,intra_zonal,Windpark Baltic 1 and 2,1,MAW,PT15M,1,2018-05-15 12:45:00+02:00
2018-08-08 12:16:04+02:00,192.3,DE_50HZ,Unplanned outage,A03,,2018-08-08 19:00:00+02:00,3Gu-k2MQ90mgiwotNpmXhw,336.3,Wind Offshore,11WD8BALT3W---PS,intra_zonal,Windpark Baltic 1 and 2,1,MAW,PT15M,1,2018-08-08 11:45:00+02:00
2018-08-09 13:55:53+02:00,250,DE_50HZ,Unplanned outage,A03,,2018-07-30 15:30:00+02:00,TDH0Y6zQqlBbAVVPpQikYA,350.0,Wind Offshore,11W0-0000-0026-Y,Deutschland,Wikinger_Prod,1,MAW,PT15M,2,2018-07-30 15:00:00+02:00
2018-09-24 15:54:42+02:00,245,DE_50HZ,Unplanned outage,A03,,2018-08-18 14:00:00+02:00,4ylpVDMB0L0LmIFw2nZgdQ,350.0,Wind Offshore,11W0-0000-0026-Y,Deutschland,Wikinger_Prod,1,MAW,PT15M,1,2018-08-18 10:30:00+02:00
2018-09-24 15:54:48+02:00,235,DE_50HZ,Unplanned outage,A03,,2018-08-24 00:00:00+02:00,xAsbTOywAb4LvIX8jmkiRg,350.0,Wind Offshore,11W0-0000-0026-Y,Deutschland,Wikinger_Prod,1,MAW,PT15M,1,2018-08-23 23:00:00+02:00
2018-09-24 15:55:18+02:00,235,DE_50HZ,Unplanned outage,A03,,2018-08-23 22:00:00+02:00,NRR1SkNaLHH0ntbMEvJYVQ,350.0,Wind Offshore,11W0-0000-0026-Y,Deutschland,Wikinger_Prod,1,MAW,PT15M,1,2018-08-23 21:00:00+02:00
2018-09-24 15:55:34+02:00,235,DE_50HZ,Unplanned outage,A03,,2018-08-24 09:00:00+02:00,KsAk9LhK2ruFElVzaCstfg,350.0,Wind Offshore,11W0-0000-0026-Y,Deutschland,Wikinger_Prod,1,MAW,PT15M,1,2018-08-24 00:00:00+02:00
2018-09-24 15:56:14+02:00,0,DE_50HZ,Unplanned outage,A03,,2018-08-27 07:00:00+02:00,k9djlMceOeMsI3p-JYRMiw,350.0,Wind Offshore,11W0-0000-0026-Y,Deutschland,Wikinger_Prod,1,MAW,PT15M,1,2018-08-27 04:00:00+02:00
2018-09-24 15:56:55+02:00,220,DE_50HZ,Unplanned outage,A03,,2018-08-23 21:00:00+02:00,9aPpLAkgUHcRTU_HrTOQ_g,350.0,Wind Offshore,11W0-0000-0026-Y,Deutschland,Wikinger_Prod,1,MAW,PT15M,1,2018-08-23 19:00:00+02:00
2018-09-24 15:57:01+02:00,210,DE_50HZ,Unplanned outage,A03,,2018-09-20 02:30:00+02:00,xo4ug2ch3kQy56zAKtsqyw,350.0,Wind Offshore,11W0-0000-0026-Y,Deutschland,Wikinger_Prod,1,MAW,PT15M,1,2018-09-19 12:30:00+02:00
2018-09-24 15:57:03+02:00,235,DE_50HZ,Unplanned outage,A03,,2018-08-23 23:00:00+02:00,aBbiXcP554y8EHgQloU02A,350.0,Wind Offshore,11W0-0000-0026-Y,Deutschland,Wikinger_Prod,1,MAW,PT15M,1,2018-08-23 22:00:00+02:00
2018-09-24 15:57:18+02:00,235,DE_50HZ,Unplanned outage,A03,,2018-08-23 19:00:00+02:00,DmrFZmr1c-pLP8yVNaKx6g,350.0,Wind Offshore,11W0-0000-0026-Y,Deutschland,Wikinger_Prod,1,MAW,PT15M,1,2018-08-23 11:30:00+02:00
2018-09-29 16:46:02+02:00,245,DE_50HZ,Unplanned outage,A03,,2018-09-29 16:30:00+02:00,dLq7QcGtWzMYSckV49nnZA,350.0,Wind Offshore,11W0-0000-0026-Y,Deutschland,Wikinger_Prod,1,MAW,PT15M,1,2018-09-29 10:00:00+02:00
2018-10-02 03:11:35+02:00,250,DE_50HZ,Unplanned outage,A03,,2018-10-02 03:00:00+02:00,MKWS53OG8XK1Gb-mPIjl2Q,350.0,Wind Offshore,11W0-0000-0026-Y,Deutschland,Wikinger_Prod,1,MAW,PT15M,1,2018-10-01 09:00:00+02:00
2018-10-15 09:20:35+02:00,100,DE_50HZ,Unplanned outage,A03,,2018-10-15 10:00:00+02:00,1uhcvqdUx6Hrrr8Fg95eSQ,350.0,Wind Offshore,11W0-0000-0026-Y,Deutschland,Wikinger_Prod,1,MAW,PT15M,1,2018-10-15 09:00:00+02:00
2019-01-30 17:36:42+01:00,225,DE_50HZ,Unplanned outage,A03,,2019-01-30 17:30:00+01:00,NwoqAbr82Lr7tWiYr4jYGg,350.0,Wind Offshore,11W0-0000-0026-Y,Deutschland,Wikinger_Prod,1,MAW,PT15M,1,2019-01-30 16:30:00+01:00
2019-02-22 12:01:04+01:00,250,DE_50HZ,Unplanned outage,A03,,2019-02-22 12:00:00+01:00,x14Y8TowMxEUWV0Bx4xuhw,350.0,Wind Offshore,11W0-0000-0026-Y,Deutschland,Wikinger_Prod,1,MAW,PT15M,1,2019-02-22 11:30:00+01:00
2019-06-24 10:51:12+02:00,245,DE_50HZ,Unplanned outage,A03,,2019-06-24 16:00:00+02:00,mGE8tO-ymNQ3RFXFzNDEHg,350.0,Wind Offshore,11W0-0000-0026-Y,Deutschland,Wikinger_Prod,1,MAW,PT15M,1,2019-06-24 10:30:00+02:00
2019-09-04 13:25:43+02:00,250,DE_50HZ,Unplanned outage,A03,,2019-05-27 17:15:00+02:00,e37sFu8u_laM6FOMWYULEw,378.0,Wind Offshore,11W0-0000-0152-T,intra_zonal,Arkona,1,MAW,PT15M,1,2019-05-27 16:15:00+02:00
2019-09-04 13:26:55+02:00,250,DE_50HZ,Unplanned outage,A03,,2019-06-21 17:00:00+02:00,RPOR20hSabf3pzBJYYD9pA,378.0,Wind Offshore,11W0-0000-0152-T,intra_zonal,Arkona,1,MAW,PT15M,1,2019-06-21 08:30:00+02:00
2019-09-04 13:27:07+02:00,253,DE_50HZ,Unplanned outage,A03,,2019-05-27 10:00:00+02:00,AQBgboQCcLYA-FQu46-TGw,378.0,Wind Offshore,11W0-0000-0152-T,intra_zonal,Arkona,1,MAW,PT15M,1,2019-05-22 10:00:00+02:00
2019-08-17 10:42:23+02:00,250,DE_50HZ,Unplanned outage,A03,,2019-08-17 10:30:00+02:00,lQZOm8SFxFNX4YU0gz0aXA,350.0,Wind Offshore,11W0-0000-0026-Y,Deutschland,Wikinger_Prod,1,MAW,PT15M,1,2019-08-17 09:00:00+02:00
2019-08-19 10:55:52+02:00,245,DE_50HZ,Unplanned outage,A03,,2019-08-19 10:30:00+02:00,NjeJaIGpnm5_Y7haq8B1Sw,350.0,Wind Offshore,11W0-0000-0026-Y,Deutschland,Wikinger_Prod,1,MAW,PT15M,1,2019-08-19 09:00:00+02:00
2019-08-22 15:41:10+02:00,250,DE_50HZ,Unplanned outage,A03,,2019-08-22 15:30:00+02:00,Q7zIaNeYMQwDUqHBbWRPng,350.0,Wind Offshore,11W0-0000-0026-Y,Deutschland,Wikinger_Prod,1,MAW,PT15M,1,2019-08-22 09:00:00+02:00
2019-10-30 00:08:13+01:00,192.3,DE_50HZ,Unplanned outage,A03,,2019-10-30 12:00:00+01:00,toIuuBYpPlSMhq0E_LiGxA,336.3,Wind Offshore,11WD8BALT3W---PS,intra_zonal,Windpark Baltic 1 and 2,1,MAW,PT15M,1,2019-10-30 00:00:00+01:00
2019-12-17 07:33:15+01:00,230,DE_50HZ,Unplanned outage,A03,,2019-12-16 19:00:00+01:00,UdMHLnHSk8HNc2lKN6JndQ,378.0,Wind Offshore,11W0-0000-0152-T,intra_zonal,Arkona,1,MAW,PT15M,2,2019-12-16 07:15:00+01:00
2019-12-17 17:30:34+01:00,180,DE_50HZ,Unplanned outage,A03,,2019-12-17 18:00:00+01:00,OwcHmtr-b6b8yqWpBO51AA,378.0,Wind Offshore,11W0-0000-0152-T,intra_zonal,Arkona,1,MAW,PT15M,1,2019-12-17 17:15:00+01:00
2020-01-19 17:15:21+01:00,250,DE_50HZ,Unplanned outage,A03,,2020-01-19 18:00:00+01:00,bkowpZynPQkoqCi63M7sng,378.0,Wind Offshore,11W0-0000-0152-T,intra_zonal,Arkona,1,MAW,PT15M,1,2020-01-19 00:00:00+01:00
2020-04-07 15:00:01+02:00,228,DE_50HZ,Unplanned outage,A03,,2020-04-07 11:00:00+02:00,Zj9Itw1fzOekHk_WFIoZyQ,378.0,Wind Offshore,11W0-0000-0152-T,intra_zonal,Arkona,1,MAW,PT15M,1,2020-04-07 10:00:00+02:00
2020-04-09 07:21:51+02:00,187,DE_50HZ,Unplanned outage,A03,,2020-04-09 08:00:00+02:00,DwZH3WGVPgiIuaowJil60A,378.0,Wind Offshore,11W0-0000-0152-T,intra_zonal,Arkona,1,MAW,PT15M,1,2020-04-09 07:00:00+02:00
2020-04-16 08:49:07+02:00,182,DE_50HZ,Unplanned outage,A03,,2020-04-16 16:30:00+02:00,qO1oHIxnvGDDnzQYORuj_Q,378.0,Wind Offshore,11W0-0000-0152-T,intra_zonal,Arkona,1,MAW,PT15M,1,2020-04-16 08:00:00+02:00
2020-05-03 15:29:35+02:00,265,DE_50HZ,Unplanned outage,A03,,2020-05-03 15:45:00+02:00,Ki-cOsU5wRfW_T8KjgPiRw,378.0,Wind Offshore,11W0-0000-0152-T,intra_zonal,Arkona,1,MAW,PT15M,1,2020-05-03 15:00:00+02:00
2020-05-03 16:43:36+02:00,243,DE_50HZ,Unplanned outage,A03,,2020-05-03 16:45:00+02:00,89k0Bw-fIBtVukOy6Wudmg,378.0,Wind Offshore,11W0-0000-0152-T,intra_zonal,Arkona,1,MAW,PT15M,1,2020-05-03 16:30:00+02:00
2020-08-07 10:17:17+02:00,46.8,DE_50HZ,Unplanned outage,A03,,2020-08-07 10:00:00+02:00,uCj2KwkJmAEt9PoK5fv0Rg,336.3,Wind Offshore,11WD8BALT3W---PS,intra_zonal,Windpark Baltic 1 and 2,1,MAW,PT15M,2,2020-08-07 08:30:00+02:00
2020-08-07 20:26:02+02:00,245,DE_50HZ,Unplanned outage,A03,,2020-08-07 20:00:00+02:00,PgLXHpSzTjX_ylJF8hheVA,350.0,Wind Offshore,11W0-0000-0026-Y,Deutschland,Wikinger_Prod,1,MAW,PT15M,1,2020-08-07 09:00:00+02:00
2021-03-09 11:39:18+01:00,0,DE_50HZ,Unplanned outage,A03,,2021-03-09 12:30:00+01:00,Kku7E_z5Ffmt6ZtR7wPs-Q,336.3,Wind Offshore,11WD8BALT3W---PS,intra_zonal,Windpark Baltic 1 and 2,1,MAW,PT15M,1,2021-03-09 11:30:00+01:00
2021-06-09 16:37:13+02:00,330,DE_50HZ,Unplanned outage,A03,,2021-03-18 09:00:00+01:00,LJa4qttAu9tBsRk2zxE1Yw,350.0,Wind Offshore,11W0-0000-0026-Y,Deutschland,Wikinger_Prod,1,MAW,PT15M,1,2021-03-17 16:30:00+01:00
2021-06-10 11:12:36+02:00,325,DE_50HZ,Unplanned outage,A03,,2021-03-19 09:00:00+01:00,sCzVOhlvbUC3DbMzaB_Uig,350.0,Wind Offshore,11W0-0000-0026-Y,Deutschland,Wikinger_Prod,1,MAW,PT15M,1,2021-03-18 18:30:00+01:00
2021-06-10 12:25:34+02:00,310,DE_50HZ,Unplanned outage,A03,,2021-03-20 09:00:00+01:00,HWxXrqLeuAwYQqf32NFAxg,350.0,Wind Offshore,11W0-0000-0026-Y,Deutschland,Wikinger_Prod,1,MAW,PT15M,1,2021-03-19 09:00:00+01:00
2021-06-10 13:55:34+02:00,310,DE_50HZ,Unplanned outage,A03,,2021-03-28 09:00:00+02:00,qyuqeDIrRdtESe2-tjQvMA,350.0,Wind Offshore,11W0-0000-0026-Y,Deutschland,Wikinger_Prod,1,MAW,PT15M,1,2021-03-26 09:00:00+01:00
2021-06-15 16:15:34+02:00,250,DE_50HZ,Unplanned outage,A03,,2021-06-12 09:00:00+02:00,Wy3Y9rZnL-j2INsAir0Y8Q,350.0,Wind Offshore,11W0-0000-0026-Y,Deutschland,Wikinger_Prod,1,MAW,PT15M,1,2021-06-11 09:00:00+02:00
2021-06-15 16:15:59+02:00,250,DE_50HZ,Unplanned outage,A03,,2021-06-10 18:00:00+02:00,Dp1qujuUvI04_w7Uv2MrHg,350.0,Wind Offshore,11W0-0000-0026-Y,Deutschland,Wikinger_Prod,1,MAW,PT15M,1,2021-06-10 09:00:00+02:00
2021-08-07 17:38:49+02:00,229,DE_50HZ,Unplanned outage,A03,,2021-08-08 17:00:00+02:00,zukvSVPlh2o1XwTqto7Tag,378.0,Wind Offshore,11W0-0000-0152-T,intra_zonal,Arkona,1,MAW,PT15M,1,2021-08-07 17:00:00+02:00
2021-08-09 19:45:29+02:00,250,DE_50HZ,Unplanned outage,A03,,2021-08-09 18:30:00+02:00,CeF1DKSPDx1q1o3Sa0Ln3Q,350.0,Wind Offshore,11W0-0000-0026-Y,Deutschland,Wikinger_Prod,1,MAW,PT15M,2,2021-08-09 12:00:00+02:00
2021-08-11 17:05:36+02:00,250,DE_50HZ,Unplanned outage,A03,,2021-08-11 17:30:00+02:00,hx1IDqDqyCBkwTNloj-1Ow,350.0,Wind Offshore,11W0-0000-0026-Y,Deutschland,Wikinger_Prod,1,MAW,PT15M,2,2021-08-10 09:00:00+02:00
2021-08-14 17:51:42+02:00,240,DE_50HZ,Unplanned outage,A03,,2021-08-14 17:30:00+02:00,WkWLqm0V8kSRd5BA4HD3eg,350.0,Wind Offshore,11W0-0000-0026-Y,Deutschland,Wikinger_Prod,1,MAW,PT15M,2,2021-08-14 09:00:00+02:00
2021-08-15 18:35:35+02:00,250,DE_50HZ,Unplanned outage,A03,,2021-08-15 18:00:00+02:00,YtiOYNsbHiZHC8dX9V9WrQ,350.0,Wind Offshore,11W0-0000-0026-Y,Deutschland,Wikinger_Prod,1,MAW,PT15M,2,2021-08-15 15:30:00+02:00
2021-08-16 18:27:23+02:00,220,DE_50HZ,Unplanned outage,A03,,2021-08-16 18:00:00+02:00,lNyyBGXr2qbCs6LXCSuIhw,350.0,Wind Offshore,11W0-0000-0026-Y,Deutschland,Wikinger_Prod,1,MAW,PT15M,3,2021-08-16 09:00:00+02:00
2021-08-17 10:50:35+02:00,210,DE_50HZ,Unplanned outage,A03,,2021-08-17 10:30:00+02:00,jlWBzavLt55ibLSLNL9lRQ,350.0,Wind Offshore,11W0-0000-0026-Y,Deutschland,Wikinger_Prod,1,MAW,PT15M,3,2021-08-17 09:00:00+02:00
2021-08-17 11:10:25+02:00,210,DE_50HZ,Unplanned outage,A03,,2021-08-18 09:00:00+02:00,m_GcRT5QYZGcHxpK5N_ZxQ,350.0,Wind Offshore,11W0-0000-0026-Y,Deutschland,Wikinger_Prod,1,MAW,PT15M,1,2021-08-17 17:00:00+02:00
2021-08-27 12:50:34+02:00,168,DE_50HZ,Unplanned outage,A03,,2021-08-28 09:00:00+02:00,-A4_KXXfnn_aJ1CsDlrNKQ,350.0,Wind Offshore,11W0-0000-0026-Y,Deutschland,Wikinger_Prod,1,MAW,PT15M,1,2021-08-27 12:30:00+02:00
2021-08-27 13:06:21+02:00,115,DE_50HZ,Unplanned outage,A03,,2021-08-29 09:00:00+02:00,i9ltbKXxHEpIO_XDSTGpIA,350.0,Wind Offshore,11W0-0000-0026-Y,Deutschland,Wikinger_Prod,1,MAW,PT15M,2,2021-08-28 09:00:00+02:00
2021-08-30 08:50:34+02:00,250,DE_50HZ,Unplanned outage,A03,,2021-08-30 09:00:00+02:00,0Ith1Yo8jZjMPiVMA4KZWg,350.0,Wind Offshore,11W0-0000-0026-Y,Deutschland,Wikinger_Prod,1,MAW,PT15M,3,2021-08-30 08:00:00+02:00
2021-09-16 08:57:07+02:00,221,DE_50HZ,Unplanned outage,A03,,2021-09-16 08:30:00+02:00,TL83PQNGtsLPlZ1ipUw9pg,336.3,Wind Offshore,11WD8BALT3W---PS,intra_zonal,Windpark Baltic 1 and 2,1,MAW,PT15M,2,2021-09-16 08:15:00+02:00
2021-10-29 20:10:03+02:00,0,DE_50HZ,Unplanned outage,A03,,2021-10-29 20:04:00+02:00,IOgnOUnR9dscQebp3bvLyg,336.3,Wind Offshore,11WD8BALT3W---PS,intra_zonal,Windpark Baltic 1 and 2,1,MAW,PT1M,3,2021-10-29 20:00:00+02:00
2022-01-26 19:56:48+01:00,182,DE_50HZ,Unplanned outage,A03,,2022-01-27 07:00:00+01:00,JMswt-jEHHWVgUOu_f7Fnw,378.0,Wind Offshore,11W0-0000-0152-T,intra_zonal,Arkona,1,MAW,PT15M,3,2022-01-26 19:45:00+01:00
2022-01-26 20:10:34+01:00,0,DE_50HZ,Unplanned outage,A03,,2022-01-26 20:00:00+01:00,wDmyl5nnyUeNBSn9AyJ0FA,350.0,Wind Offshore,11W0-0000-0026-Y,Deutschland,Wikinger_Prod,1,MAW,PT15M,1,2022-01-26 15:30:00+01:00
2022-01-27 05:15:35+01:00,60,DE_50HZ,Unplanned outage,A03,,2022-01-27 11:30:00+01:00,Bszqxy7t2lWR9akVS8d-9Q,350.0,Wind Offshore,11W0-0000-0026-Y,Deutschland,Wikinger_Prod,1,MAW,PT15M,1,2022-01-27 05:00:00+01:00
2022-01-28 09:40:36+01:00,260,DE_50HZ,Unplanned outage,A03,,2022-01-28 04:30:00+01:00,XQQM5xUO3nFxhP5owMmPCQ,350.0,Wind Offshore,11W0-0000-0026-Y,Deutschland,Wikinger_Prod,1,MAW,PT15M,1,2022-01-27 19:00:00+01:00
2022-01-28 09:41:35+01:00,245,DE_50HZ,Unplanned outage,A03,,2022-01-28 07:00:00+01:00,KjLYeCYKNhCPxClNTTcH9Q,350.0,Wind Offshore,11W0-0000-0026-Y,Deutschland,Wikinger_Prod,1,MAW,PT15M,2,2022-01-28 06:30:00+01:00
2022-01-28 09:41:53+01:00,250,DE_50HZ,Unplanned outage,A03,,2022-01-28 09:30:00+01:00,k4pylhkMDrwSrm2v_qW_zA,350.0,Wind Offshore,11W0-0000-0026-Y,Deutschland,Wikinger_Prod,1,MAW,PT15M,2,2022-01-28 07:00:00+01:00
2022-01-28 09:42:11+01:00,250,DE_50HZ,Unplanned outage,A03,,2022-01-28 06:30:00+01:00,dl-SeCGdmzZmFwcmX6lQMA,350.0,Wind Offshore,11W0-0000-0026-Y,Deutschland,Wikinger_Prod,1,MAW,PT15M,2,2022-01-28 04:30:00+01:00
2022-01-28 09:43:12+01:00,330,DE_50HZ,Unplanned outage,A03,,2022-01-30 06:00:00+01:00,J6iMjHHS_ZWicg8phazzJA,350.0,Wind Offshore,11W0-0000-0026-Y,Deutschland,Wikinger_Prod,1,MAW,PT15M,1,2022-01-29 09:00:00+01:00
2022-01-28 09:43:34+01:00,255,DE_50HZ,Unplanned outage,A03,,2022-01-27 19:00:00+01:00,6e64tFl9efs_RPSoNs7aiA,350.0,Wind Offshore,11W0-0000-0026-Y,Deutschland,Wikinger_Prod,1,MAW,PT15M,1,2022-01-27 15:30:00+01:00
2022-01-28 09:43:43+01:00,250,DE_50HZ,Unplanned outage,A03,,2022-01-28 09:00:00+01:00,A35gaj8vAnVTQd5woWM5zQ,350.0,Wind Offshore,11W0-0000-0026-Y,Deutschland,Wikinger_Prod,1,MAW,PT15M,2,2022-01-28 05:00:00+01:00
2022-01-28 18:56:42+01:00,255,DE_50HZ,Unplanned outage,A03,,2022-01-28 19:00:00+01:00,8_LA31Msq19GTebl6dBC_Q,350.0,Wind Offshore,11W0-0000-0026-Y,Deutschland,Wikinger_Prod,1,MAW,PT15M,2,2022-01-28 09:30:00+01:00
2022-01-29 04:25:34+01:00,84,DE_50HZ,Unplanned outage,A03,,2022-01-29 09:00:00+01:00,yjKNG_FFb9BUblJ2didr4g,350.0,Wind Offshore,11W0-0000-0026-Y,Deutschland,Wikinger_Prod,1,MAW,PT15M,1,2022-01-29 04:30:00+01:00
2022-01-29 04:26:03+01:00,260,DE_50HZ,Unplanned outage,A03,,2022-01-29 04:30:00+01:00,1pwAFLQdRLu4IaOGh4lvfg,350.0,Wind Offshore,11W0-0000-0026-Y,Deutschland,Wikinger_Prod,1,MAW,PT15M,1,2022-01-28 19:00:00+01:00
2022-01-29 07:25:35+01:00,0,DE_50HZ,Unplanned outage,A03,,2022-01-29 07:30:00+01:00,ofVnmQxYbEn_0PxAG0BNhA,350.0,Wind Offshore,11W0-0000-0026-Y,Deutschland,Wikinger_Prod,1,MAW,PT15M,2,2022-01-29 04:30:00+01:00
2022-01-29 07:26:03+01:00,170,DE_50HZ,Unplanned outage,A03,,2022-01-29 09:00:00+01:00,MaR-znFT6bS6Oum8WmBn_w,350.0,Wind Offshore,11W0-0000-0026-Y,Deutschland,Wikinger_Prod,1,MAW,PT15M,1,2022-01-29 07:30:00+01:00
2022-01-29 08:55:35+01:00,265,DE_50HZ,Unplanned outage,A03,,2022-01-31 09:00:00+01:00,VVVNG5j9JG0RyGkHw3mtKA,350.0,Wind Offshore,11W0-0000-0026-Y,Deutschland,Wikinger_Prod,1,MAW,PT15M,2,2022-01-29 09:00:00+01:00
2022-01-29 15:25:35+01:00,0,DE_50HZ,Unplanned outage,A03,,2022-01-29 15:30:00+01:00,Z4gBImq8uT6yrbcdw3HM7w,350.0,Wind Offshore,11W0-0000-0026-Y,Deutschland,Wikinger_Prod,1,MAW,PT15M,2,2022-01-29 15:00:00+01:00
2022-01-29 15:55:34+01:00,170,DE_50HZ,Unplanned outage,A03,,2022-01-29 16:00:00+01:00,N_A6IOF3f8u0M6L-ZQ-0MQ,350.0,Wind Offshore,11W0-0000-0026-Y,Deutschland,Wikinger_Prod,1,MAW,PT15M,2,2022-01-29 15:30:00+01:00
2022-01-29 18:11:30+01:00,265,DE_50HZ,Unplanned outage,A03,,2022-01-30 09:00:00+01:00,5pb7yeHpBgKhOu42FLbelg,350.0,Wind Offshore,11W0-0000-0026-Y,Deutschland,Wikinger_Prod,1,MAW,PT15M,1,2022-01-29 17:00:00+01:00
2022-01-30 16:41:01+01:00,220,DE_50HZ,Unplanned outage,A03,,2022-01-30 18:30:00+01:00,HDzcj3v9YCapXMGStywJlQ,350.0,Wind Offshore,11W0-0000-0026-Y,Deutschland,Wikinger_Prod,1,MAW,PT15M,2,2022-01-30 09:00:00+01:00
2022-01-30 20:15:34+01:00,225,DE_50HZ,Unplanned outage,A03,,2022-01-30 20:30:00+01:00,VTGpUldkEIxTJRvrqM1VCQ,350.0,Wind Offshore,11W0-0000-0026-Y,Deutschland,Wikinger_Prod,1,MAW,PT15M,2,2022-01-30 18:30:00+01:00
2022-01-31 18:55:50+01:00,285,DE_50HZ,Unplanned outage,A03,,2022-02-02 09:00:00+01:00,ugZF5npUVVX-qg038FIYlQ,350.0,Wind Offshore,11W0-0000-0026-Y,Deutschland,Wikinger_Prod,1,MAW,PT15M,2,2022-01-31 19:00:00+01:00
2022-01-31 18:56:03+01:00,168,DE_50HZ,Unplanned outage,A03,,2022-01-31 19:00:00+01:00,VgMdB_qUBGCLwpKCgCCyAA,350.0,Wind Offshore,11W0-0000-0026-Y,Deutschland,Wikinger_Prod,1,MAW,PT15M,2,2022-01-31 09:00:00+01:00
2022-02-02 18:40:34+01:00,280,DE_50HZ,Unplanned outage,A03,,2022-02-02 18:30:00+01:00,klzW-BoXjPGs4pD8jCh25w,350.0,Wind Offshore,11W0-0000-0026-Y,Deutschland,Wikinger_Prod,1,MAW,PT15M,2,2022-02-02 09:00:00+01:00
2022-02-02 18:41:57+01:00,305,DE_50HZ,Unplanned outage,A03,,2022-02-04 09:00:00+01:00,XYwD22camxAmvhon-VAedg,350.0,Wind Offshore,11W0-0000-0026-Y,Deutschland,Wikinger_Prod,1,MAW,PT15M,1,2022-02-03 09:00:00+01:00
2022-02-04 16:00:36+01:00,315,DE_50HZ,Unplanned outage,A03,,2022-02-04 16:00:00+01:00,VuZcxyNllre57MAyeHEoxg,350.0,Wind Offshore,11W0-0000-0026-Y,Deutschland,Wikinger_Prod,1,MAW,PT15M,2,2022-02-04 09:00:00+01:00
2022-02-04 16:02:16+01:00,305,DE_50HZ,Unplanned outage,A03,,2022-02-06 09:00:00+01:00,2xcJcdfk30WfVrvvSti2mQ,350.0,Wind Offshore,11W0-0000-0026-Y,Deutschland,Wikinger_Prod,1,MAW,PT15M,1,2022-02-04 16:00:00+01:00
2022-02-05 18:55:33+01:00,330,DE_50HZ,Unplanned outage,A03,,2022-02-05 19:00:00+01:00,6LfiRE9YGYyuMNaLLsYgBg,350.0,Wind Offshore,11W0-0000-0026-Y,Deutschland,Wikinger_Prod,1,MAW,PT15M,2,2022-02-05 09:00:00+01:00
2022-02-06 18:10:34+01:00,325,DE_50HZ,Unplanned outage,A03,,2022-02-06 18:00:00+01:00,HrqFTx33GMGuJXt_IZ5Lvg,350.0,Wind Offshore,11W0-0000-0026-Y,Deutschland,Wikinger_Prod,1,MAW,PT15M,1,2022-02-06 09:00:00+01:00
2022-02-07 16:25:33+01:00,280,DE_50HZ,Unplanned outage,A03,,2022-02-07 16:30:00+01:00,Z3ctBLvP361wjsKCOtFaaA,350.0,Wind Offshore,11W0-0000-0026-Y,Deutschland,Wikinger_Prod,1,MAW,PT15M,1,2022-02-06 18:00:00+01:00
2022-02-07 16:40:35+01:00,325,DE_50HZ,Unplanned outage,A03,,2022-02-09 18:30:00+01:00,ljCkcZtiMg3uxhQ7nWXfRw,350.0,Wind Offshore,11W0-0000-0026-Y,Deutschland,Wikinger_Prod,1,MAW,PT15M,1,2022-02-09 09:00:00+01:00
2022-02-07 16:42:14+01:00,330,DE_50HZ,Unplanned outage,A03,,2022-02-08 16:30:00+01:00,7zVF8RRbsiWE2mfk0kf3Aw,350.0,Wind Offshore,11W0-0000-0026-Y,Deutschland,Wikinger_Prod,1,MAW,PT15M,1,2022-02-08 09:00:00+01:00
2022-03-14 09:02:46+01:00,250,DE_50HZ,Unplanned outage,A03,,2022-03-15 17:00:00+01:00,W085JBUHVGTND6eO7UacSg,378.0,Wind Offshore,11W0-0000-0152-T,intra_zonal,Arkona,1,MAW,PT15M,1,2022-03-14 08:45:00+01:00
2022-06-27 08:09:10+02:00,182,DE_50HZ,Unplanned outage,A03,,2022-07-01 18:00:00+02:00,pAXZSmsvavIVyYwSSkLzmw,378.0,Wind Offshore,11W0-0000-0152-T,intra_zonal,Arkona,1,MAW,PT15M,1,2022-06-27 08:00:00+02:00
