2015-12-08 11:16:52+01:00,442,DE_AMPRION,Unplanned outage,A03,,2015-11-26 15:15:00+01:00,PazToJtKDx58XnGb58NL0Q,360.0,Hydro Water Reservoir,11WATKAUN2HRWEAB,intra_zonal,Kaunertal (TIWAG),1,MAW,PT1M,1,2015-11-17 08:50:00+01:00
2016-11-23 10:36:26+01:00,216,DE_AMPRION,Unplanned outage,A03,,2016-06-03 11:06:00+02:00,GfUgrTlx1hLybXb5RYmFRQ,360.0,Hydro Water Reservoir,11WATKAUN2HRWEAB,intra_zonal,Kaunertal (TIWAG),1,MAW,PT1M,2,2016-06-03 07:05:00+02:00
2016-10-23 14:56:21+02:00,586,DE_AMPRION,Unplanned outage,A03,,2016-10-23 15:53:00+02:00,UcBx4A9EEvozH2PIcm_vSw,360.0,Hydro Water Reservoir,11WATKAUN2HRWEAB,intra_zonal,Kaunertal (TIWAG),1,MAW,PT1M,1,2016-10-23 14:30:00+02:00
2017-01-01 19:34:23+01:00,0,DE_AMPRION,Unplanned outage,A03,,2017-01-01 19:30:00+01:00,yYfDNpySnN20uKZDkEVGog,360.0,Hydro Water Reservoir,11WATKAUN2HRWEAB,intra_zonal,Kaunertal (TIWAG),1,MAW,PT1M,1,2017-01-01 17:10:00+01:00
2017-01-24 00:32:57+01:00,0,DE_AMPRION,Unplanned outage,A03,,2017-01-24 00:11:00+01:00,eSDotNI_UKwKlb3ux0pzzw,360.0,Hydro Water Reservoir,11WATKAUN2HRWEAB,intra_zonal,Kaunertal (TIWAG),1,MAW,PT1M,1,2017-01-23 23:08:00+01:00
