2015-04-21 08:29:14+02:00,0,NO_1,Unplanned outage,A03,,2015-04-21 08:00:00+02:00,fTX4iqwua3PNpcMxvsRAHw,108.0,Hydro Water Reservoir,50WP000000005039,Nedre Vinstra,Nedre Vinstra,1,MAW,PT1M,2,2015-04-14 06:25:00+02:00
2015-04-24 10:50:13+02:00,0,NO_1,Unplanned outage,A03,,2015-04-30 15:00:00+02:00,g_ypQBtD32ig4yAnnjirLQ,108.0,Hydro Water Reservoir,50WP000000005039,Nedre Vinstra,Nedre Vinstra,1,MAW,PT1M,2,2015-04-24 06:15:00+02:00
2015-11-06 09:47:10+01:00,0,NO_1,Unplanned outage,A03,,2015-11-10 15:00:00+01:00,vABr2kwf9xQjouKSBFEHog,114.0,Hydro Water Reservoir,50WP00000000565O,Rendal 2,Rendal 2,1,MAW,PT1M,1,2015-11-10 08:00:00+01:00
2017-06-29 12:22:05+02:00,0,NO_1,Unplanned outage,A03,,2017-07-13 18:00:00+02:00,IC9FzhPSDc3P1jjemHwWFg,108.0,Hydro Water Reservoir,50WP000000005039,Nedre Vinstra,Nedre Vinstra,1,MAW,PT1M,1,2017-07-12 08:00:00+02:00
2017-09-28 12:33:57+02:00,0,NO_1,Unplanned outage,A03,,2017-10-05 11:00:00+02:00,j4BUBvj4qk2PDV9lp1tMfw,108.0,Hydro Water Reservoir,50WP000000005039,Nedre Vinstra,Nedre Vinstra,1,MAW,PT1M,1,2017-10-05 08:00:00+02:00
2018-05-29 15:18:35+02:00,0,NO_1,Unplanned outage,A03,,2018-05-31 14:00:00+02:00,IQxj8HAZCOx4uz29HNlORQ,108.0,Hydro Water Reservoir,50WP000000005039,Nedre Vinstra,Nedre Vinstra,1,MAW,PT60M,1,2018-05-31 08:00:00+02:00
2019-01-28 19:42:36+01:00,0,NO_1,Unplanned outage,A03,,2019-01-28 19:45:00+01:00,hO5qlUXHcw8EO2tyr0JD6Q,114.0,Hydro Water Reservoir,50WP00000000565O,Rendal 2,Rendal 2,1,MAW,PT1M,1,2019-01-28 19:40:00+01:00
2019-06-19 12:35:09+02:00,0,NO_1,Unplanned outage,A03,,2019-06-11 13:15:00+02:00,ej4O0bhXMH3xtyjEhwX7ZA,108.0,Hydro Water Reservoir,50WP000000005039,Nedre Vinstra,Nedre Vinstra,1,MAW,PT1M,3,2019-06-11 13:10:00+02:00
2020-09-09 10:23:40+02:00,0,NO_1,Unplanned outage,A03,,2020-09-09 10:30:00+02:00,B-XvgQOAiV-Hstzw8M8_fQ,108.0,Hydro Water Reservoir,50WP000000005039,Nedre Vinstra,Nedre Vinstra,1,MAW,PT1M,1,2020-09-09 10:21:00+02:00
2020-10-13 14:36:20+02:00,0,NO_1,Unplanned outage,A03,,2020-10-15 15:00:00+02:00,LzWBsxLxgHkvvk--aj-LnQ,129.0,Hydro Run-of-river and poundage,50WP000000007957,Vamma,Vamma,1,MAW,PT60M,4,2020-10-12 08:00:00+02:00
2020-11-14 10:45:11+01:00,0,NO_1,Unplanned outage,A03,,2020-11-14 14:00:00+01:00,FEF7-y-xLWenMUyRk4w5jg,129.0,Hydro Run-of-river and poundage,50WP000000007957,Vamma,Vamma,1,MAW,PT60M,2,2020-11-14 09:00:00+01:00
