2015-01-11 13:31:44+01:00,0,NO_5,Unplanned outage,A03,,2015-01-11 14:30:00+01:00,rdWteBz8qkHKBtTgVO6GkQ,290.0,Hydro Water Reservoir,50WP000000003281,Jostedal,Jostedal,1,MAW,PT1M,1,2015-01-11 12:35:00+01:00
2015-01-14 00:12:28+01:00,250,NO_5,Unplanned outage,A03,,2015-01-14 07:30:00+01:00,tz7YCCHZ2ZasTyoIh__DWw,1120.0,Hydro Water Reservoir,50WP00000000615Z,Sima,Sima,1,MAW,PT1M,1,2015-01-14 00:10:00+01:00
2015-01-15 06:42:13+01:00,250,NO_5,Unplanned outage,A03,,2015-01-15 08:00:00+01:00,rRJK0MeTHPq-bjFvdHurMw,1120.0,Hydro Water Reservoir,50WP00000000615Z,Sima,Sima,1,MAW,PT1M,1,2015-01-15 05:45:00+01:00
2015-01-24 22:09:43+01:00,250,NO_5,Unplanned outage,A03,,2015-01-25 09:00:00+01:00,YvHgfJJ8dq2oZiGhMV0oEw,1120.0,Hydro Water Reservoir,50WP00000000615Z,Sima,Sima,1,MAW,PT1M,1,2015-01-24 22:00:00+01:00
2015-01-25 23:08:39+01:00,250,NO_5,Unplanned outage,A03,,2015-01-26 07:30:00+01:00,Tt98jdR_cfXjlJTR5gyRoA,1120.0,Hydro Water Reservoir,50WP00000000615Z,Sima,Sima,1,MAW,PT1M,1,2015-01-25 23:05:00+01:00
2015-01-28 00:05:29+01:00,250,NO_5,Unplanned outage,A03,,2015-01-28 07:00:00+01:00,I7s4zflBT2aidYNHXndRCQ,1120.0,Hydro Water Reservoir,50WP00000000615Z,Sima,Sima,1,MAW,PT1M,1,2015-01-28 00:00:00+01:00
2015-01-31 18:10:32+01:00,250,NO_5,Unplanned outage,A03,,2015-02-02 10:00:00+01:00,0q7GoKu7szM0G4X8zuFQ9w,1120.0,Hydro Water Reservoir,50WP00000000615Z,Sima,Sima,1,MAW,PT1M,2,2015-01-31 16:50:00+01:00
2015-02-09 14:33:07+01:00,0,NO_5,Unplanned outage,A03,,2015-02-09 16:00:00+01:00,601janLLO1EtrZ1BjfpoWw,290.0,Hydro Water Reservoir,50WP000000003281,Jostedal,Jostedal,1,MAW,PT1M,1,2015-02-09 14:25:00+01:00
2015-02-10 12:58:55+01:00,140,NO_5,Unplanned outage,A03,,2015-02-10 12:50:00+01:00,q5mB5JA7kNyuVB9I6oBq7w,290.0,Hydro Water Reservoir,50WP00000000023N,Aurland3,Aurland3,1,MAW,PT1M,2,2015-02-10 08:22:00+01:00
2015-02-18 11:08:44+01:00,0,NO_5,Unplanned outage,A03,,2015-02-18 12:00:00+01:00,jfJKOd96MMll7RvXuj-_Ug,290.0,Hydro Water Reservoir,50WP000000003281,Jostedal,Jostedal,1,MAW,PT1M,1,2015-02-18 10:10:00+01:00
2015-02-23 17:25:03+01:00,250,NO_5,Unplanned outage,A03,,2015-02-24 08:00:00+01:00,cIFQuESkRO2AhEaZBl0L4A,1120.0,Hydro Water Reservoir,50WP00000000615Z,Sima,Sima,1,MAW,PT1M,1,2015-02-23 17:00:00+01:00
2015-02-28 11:30:12+01:00,0,NO_5,Unplanned outage,A03,,2015-02-28 12:00:00+01:00,fsdnmhnnNOXQjxgrq3_aDQ,328.0,Fossil Gas,50WP000000001475,EVM,EVM,1,MAW,PT1M,2,2015-02-28 08:45:00+01:00
2015-03-03 09:34:43+01:00,0,NO_5,Unplanned outage,A03,,2015-03-03 08:00:00+01:00,05kBH2eBKiWjUoAd2DPg1Q,290.0,Hydro Water Reservoir,50WP000000003281,Jostedal,Jostedal,1,MAW,PT1M,1,2015-03-02 23:15:00+01:00
2015-03-06 14:52:42+01:00,105,NO_5,Unplanned outage,A03,,2015-03-06 13:57:00+01:00,u06W5rhXRo9PGJWAYjCXOg,212.4,Hydro Water Reservoir,50WP000000000673,Borgund,Borgund,1,MAW,PT1M,2,2014-12-23 10:30:00+01:00
2015-03-07 00:47:23+01:00,0,NO_5,Unplanned outage,A03,,2015-03-07 00:50:00+01:00,Ws78qmxa2ECQW5Njce1K3g,390.0,Hydro Water Reservoir,50WP00000000771L,Tyin,Tyin,1,MAW,PT1M,2,2015-03-07 00:08:00+01:00
2015-03-09 10:57:43+01:00,0,NO_5,Unplanned outage,A03,,2015-03-09 08:20:00+01:00,eP1S7UlfeegqpoRqcYOMSw,290.0,Hydro Water Reservoir,50WP000000003281,Jostedal,Jostedal,1,MAW,PT1M,1,2015-03-09 06:45:00+01:00
2015-03-17 10:44:32+01:00,125,NO_5,Unplanned outage,A03,,2015-03-17 12:00:00+01:00,mFt7KSDA5ctQeKhy0LppqQ,273.1,Hydro Water Reservoir,50WP000000004512,Mauranger,Mauranger,1,MAW,PT1M,1,2015-03-17 10:30:00+01:00
2015-03-18 11:44:22+01:00,126,NO_5,Unplanned outage,A03,,2015-03-18 14:00:00+01:00,92Qk_aVdP33E0rGwwRn5Kw,272.5,Hydro Water Reservoir,50WP000000001823,Fortun,Fortun,1,MAW,PT1M,1,2015-03-18 10:47:00+01:00
2015-03-19 00:16:24+01:00,250,NO_5,Unplanned outage,A03,,2015-03-19 09:00:00+01:00,zEotCf0YD6nfv6eGnQwvsg,1120.0,Hydro Water Reservoir,50WP00000000615Z,Sima,Sima,1,MAW,PT1M,2,2015-03-18 23:45:00+01:00
2015-03-24 17:02:08+01:00,187,NO_5,Unplanned outage,A03,,2015-03-24 17:00:00+01:00,23QT8p3-vuM6BT3vn_utbA,390.0,Hydro Water Reservoir,50WP00000000771L,Tyin,Tyin,1,MAW,PT1M,3,2015-03-20 14:30:00+01:00
2015-04-12 23:21:42+02:00,250,NO_5,Unplanned outage,A03,,2015-04-13 07:30:00+02:00,9xVdcVNCamxF74WFzFSo1A,1120.0,Hydro Water Reservoir,50WP00000000615Z,Sima,Sima,1,MAW,PT1M,1,2015-04-12 23:15:00+02:00
2015-04-30 17:00:23+02:00,0,NO_5,Unplanned outage,A03,,2015-04-30 16:45:00+02:00,AyPNaxYOY9hVk2FGCjtpRA,272.5,Hydro Water Reservoir,50WP000000001823,Fortun,Fortun,1,MAW,PT1M,2,2015-04-30 15:30:00+02:00
2015-05-13 16:10:22+02:00,187,NO_5,Unplanned outage,A03,,2015-05-13 16:00:00+02:00,50eUkybnnt1MOb2C66oY2A,440.0,Hydro Water Reservoir,50WP00000000771L,50WP00000000771L,50WP00000000771L,1,MAW,PT1M,5,2015-05-05 15:10:00+02:00
2015-05-19 08:34:27+02:00,105,NO_5,Unplanned outage,A03,,2015-05-19 08:25:00+02:00,tjh9cESTJ6sUn0Uvyo3cbA,240.4,Hydro Water Reservoir,50WP000000000673,50WP000000000673,50WP000000000673,1,MAW,PT1M,2,2015-05-19 06:55:00+02:00
2015-05-26 05:42:17+02:00,250,NO_5,Unplanned outage,A03,,2015-05-26 05:40:00+02:00,n3jvJOdtYo4XuMtivRmd4A,1120.0,Hydro Water Reservoir,50WP00000000615Z,Sima,Sima,1,MAW,PT1M,2,2015-05-26 00:55:00+02:00
2015-06-13 16:53:30+02:00,125,NO_5,Unplanned outage,A03,,2015-06-13 16:15:00+02:00,bxWPPABueiC8PDLv_CCG2Q,307.1,Hydro Water Reservoir,50WP000000004512,50WP000000004512,50WP000000004512,1,MAW,PT1M,5,2015-06-11 14:30:00+02:00
2015-06-17 01:01:22+02:00,250,NO_5,Unplanned outage,A03,,2015-06-17 02:00:00+02:00,5T9ivPQ1ePpX25alRaUAyg,1120.0,Hydro Water Reservoir,50WP00000000615Z,Sima,Sima,1,MAW,PT1M,1,2015-06-17 00:15:00+02:00
2015-06-18 01:00:32+02:00,250,NO_5,Unplanned outage,A03,,2015-06-18 08:00:00+02:00,y1ovyJ5D0B-z5qeae5Ylnw,1120.0,Hydro Water Reservoir,50WP00000000615Z,Sima,Sima,1,MAW,PT1M,1,2015-06-18 00:50:00+02:00
2015-06-19 08:58:21+02:00,250,NO_5,Unplanned outage,A03,,2015-06-19 08:55:00+02:00,18jWzQVC5v2_1qm80CF_aA,1120.0,Hydro Water Reservoir,50WP00000000615Z,Sima,Sima,1,MAW,PT1M,2,2015-06-19 06:45:00+02:00
2015-06-23 21:13:23+02:00,0,NO_5,Unplanned outage,A03,,2015-06-23 21:10:00+02:00,f_V5Lugg5PFEJkyumxbMYQ,272.5,Hydro Water Reservoir,50WP000000001823,50WP000000001823,50WP000000001823,1,MAW,PT1M,2,2015-06-23 19:10:00+02:00
2015-06-25 11:25:11+02:00,0,NO_5,Unplanned outage,A03,,2015-06-25 11:19:00+02:00,16r82xu_o_yMlmGSbJPtmg,272.5,Hydro Water Reservoir,50WP000000001823,50WP000000001823,50WP000000001823,1,MAW,PT1M,2,2015-06-25 10:42:00+02:00
2015-07-26 22:17:02+02:00,187,NO_5,Unplanned outage,A03,,2015-07-27 07:00:00+02:00,ove12t-eSxrFZyIkiG5tYA,440.0,Hydro Water Reservoir,50WP00000000771L,Tyin,Tyin,1,MAW,PT1M,1,2015-07-26 21:36:00+02:00
2015-07-29 16:18:49+02:00,0,NO_5,Unplanned outage,A03,,2015-08-03 15:00:00+02:00,CQDA_oy8TR6Y8H-Y44Vd3w,320.0,Hydro Water Reservoir,50WP000000003281,Jostedal,Jostedal,1,MAW,PT1M,2,2015-07-28 18:00:00+02:00
2015-08-01 07:11:27+02:00,125,NO_5,Unplanned outage,A03,,2015-08-03 09:00:00+02:00,uJUL9ZTEBCn4wq9SJ7i8HA,307.1,Hydro Water Reservoir,50WP000000004512,Mauranger,Mauranger,1,MAW,PT1M,1,2015-08-01 06:25:00+02:00
2015-08-01 08:38:11+02:00,125,NO_5,Unplanned outage,A03,,2015-08-03 09:00:00+02:00,x-Bt9mBxEegqHHPwjHriMQ,307.1,Hydro Water Reservoir,50WP000000004512,Mauranger,Mauranger,1,MAW,PT1M,1,2015-08-01 08:20:00+02:00
2015-08-11 07:04:20+02:00,0,NO_5,Unplanned outage,A03,,2015-08-11 12:00:00+02:00,jIlJ12BhvU5xSOca-r9-KA,382.0,Fossil Gas,50WP000000001475,EVM,EVM,1,MAW,PT1M,1,2015-08-11 06:15:00+02:00
2015-09-16 03:04:10+02:00,0,NO_5,Unplanned outage,A03,,2015-09-15 11:35:00+02:00,PLeu36n5-CbIVc18Y9Qi0g,320.0,Hydro Water Reservoir,50WP000000003281,Jostedal,Jostedal,1,MAW,PT1M,2,2015-09-15 10:00:00+02:00
2015-09-18 05:56:11+02:00,310,NO_5,Unplanned outage,A03,,2015-09-17 01:00:00+02:00,p166XZFqATdHHSG9Jysgqg,720.0,Hydro Water Reservoir,50WP000000008791,Sy-Sima,Sy-Sima,1,MAW,PT1M,2,2015-09-16 21:10:00+02:00
2015-09-19 13:12:25+02:00,0,NO_5,Unplanned outage,A03,,2015-09-18 07:45:00+02:00,SVrob7IxqbBhD-3IP1yJtA,241.7,Hydro Water Reservoir,50WP00000000517Z,Nore 1,Nore 1,1,MAW,PT1M,3,2015-09-15 11:00:00+02:00
2015-09-21 07:02:29+02:00,560,NO_5,Unplanned outage,A03,,2015-09-21 15:00:00+02:00,BpWm83YK1Yj7quJmQJ0gmw,904.2,Hydro Water Reservoir,50WP00000000020T,Aurland1,Aurland1,1,MAW,PT1M,7,2015-08-31 11:50:00+02:00
2015-10-02 05:58:12+02:00,0,NO_5,Unplanned outage,A03,,2015-10-02 08:00:00+02:00,hSPxqiLUh6lk8d9txagHeg,307.1,Hydro Water Reservoir,50WP000000004512,Mauranger,Mauranger,1,MAW,PT1M,1,2015-10-02 05:30:00+02:00
2015-10-06 00:53:22+02:00,310,NO_5,Unplanned outage,A03,,2015-10-06 07:30:00+02:00,U88lM9a-rZgYwlMvgtMsWw,720.0,Hydro Water Reservoir,50WP000000008791,Sy-Sima,Sy-Sima,1,MAW,PT1M,1,2015-10-06 00:00:00+02:00
2015-10-19 11:05:36+02:00,310,NO_5,Unplanned outage,A03,,2015-10-19 10:55:00+02:00,LLCZ8ElGiSf9_7v-zUjBqw,720.0,Hydro Water Reservoir,50WP000000008791,Sy-Sima,Sy-Sima,1,MAW,PT1M,3,2015-10-19 06:30:00+02:00
2015-10-23 19:47:28+02:00,0,NO_5,Unplanned outage,A03,,2015-10-23 22:00:00+02:00,C79odidTdJW1mDiSNOVAIw,720.0,Hydro Water Reservoir,50WP000000008791,Sy-Sima,Sy-Sima,1,MAW,PT1M,5,2015-10-23 12:30:00+02:00
2015-11-03 21:41:26+01:00,250,NO_5,Unplanned outage,A03,,2015-11-04 08:00:00+01:00,cmTkU5VmHdl3bGGPVqoq0Q,580.0,Hydro Water Reservoir,50WP000000008783,Lang Sima,Lang Sima,1,MAW,PT1M,1,2015-11-03 21:35:00+01:00
2015-11-04 20:55:39+01:00,250,NO_5,Unplanned outage,A03,,2015-11-05 07:00:00+01:00,Mqi7KmesPGWi2Z04UdSavA,580.0,Hydro Water Reservoir,50WP000000008783,Lang Sima,Lang Sima,1,MAW,PT1M,1,2015-11-04 20:50:00+01:00
2015-11-05 21:09:48+01:00,250,NO_5,Unplanned outage,A03,,2015-11-05 21:05:00+01:00,aNQYFaIjR-U2JKsDRXkcQg,580.0,Hydro Water Reservoir,50WP000000008783,Lang Sima,Lang Sima,1,MAW,PT1M,2,2015-11-05 20:40:00+01:00
2015-11-07 01:18:22+01:00,250,NO_5,Unplanned outage,A03,,2015-11-07 01:10:00+01:00,yrbJ2Hw62XNGb2LNjiz9tQ,580.0,Hydro Water Reservoir,50WP000000008783,Lang Sima,Lang Sima,1,MAW,PT1M,2,2015-11-06 20:00:00+01:00
2015-11-07 19:06:35+01:00,250,NO_5,Unplanned outage,A03,,2015-11-08 09:00:00+01:00,4N-Bg6v327OyBmXadan-hQ,580.0,Hydro Water Reservoir,50WP000000008783,Lang Sima,Lang Sima,1,MAW,PT1M,1,2015-11-07 19:00:00+01:00
2015-11-13 07:49:11+01:00,250,NO_5,Unplanned outage,A03,,2015-11-13 07:45:00+01:00,OiS7PCrIP2dHcUegV3Ri8A,580.0,Hydro Water Reservoir,50WP000000008783,Lang Sima,Lang Sima,1,MAW,PT1M,2,2015-11-13 00:00:00+01:00
2015-11-15 14:54:33+01:00,125,NO_5,Unplanned outage,A03,,2015-11-15 16:00:00+01:00,HlptzoElPwak4LWsK2qsyw,307.1,Hydro Water Reservoir,50WP000000004512,Mauranger,Mauranger,1,MAW,PT1M,2,2015-11-15 11:00:00+01:00
2015-11-17 20:35:28+01:00,250,NO_5,Unplanned outage,A03,,2015-11-18 07:30:00+01:00,yhTpY5Zc6hVT6OkatrAmdQ,580.0,Hydro Water Reservoir,50WP000000008783,Lang Sima,Lang Sima,1,MAW,PT1M,1,2015-11-17 20:15:00+01:00
2015-11-23 23:04:12+01:00,250,NO_5,Unplanned outage,A03,,2015-11-24 08:00:00+01:00,DWWSwqAqx4ek8zXedC-Snw,580.0,Hydro Water Reservoir,50WP000000008783,Lang Sima,Lang Sima,1,MAW,PT1M,1,2015-11-23 22:30:00+01:00
2015-12-02 09:08:14+01:00,220,NO_5,Unplanned outage,A03,,2015-12-02 11:00:00+01:00,e_fxxStl990d-5IbgNHltA,446.1,Hydro Water Reservoir,50WP00000000144B,Evanger,Evanger,1,MAW,PT1M,3,2015-12-01 07:45:00+01:00
2015-12-14 03:55:11+01:00,0,NO_5,Unplanned outage,A03,,2015-12-14 05:00:00+01:00,2WJhH0p61JcwrgU9QDkTqg,320.0,Hydro Water Reservoir,50WP000000003281,Jostedal,Jostedal,1,MAW,PT1M,1,2015-12-14 02:55:00+01:00
2015-12-26 13:46:22+01:00,220,NO_5,Unplanned outage,A03,,2015-12-26 15:00:00+01:00,hRpM0TvUdyQ_lidQjOUrKw,446.1,Hydro Water Reservoir,50WP00000000144B,Evanger,Evanger,1,MAW,PT1M,3,2015-12-25 14:33:00+01:00
2015-12-29 09:44:12+01:00,187,NO_5,Unplanned outage,A03,,2015-12-29 09:35:00+01:00,zABJQHyGexjfr5usf8hdfA,440.0,Hydro Water Reservoir,50WP00000000771L,Tyin,Tyin,1,MAW,PT1M,5,2015-12-28 09:33:00+01:00
2016-01-02 14:51:10+01:00,125,NO_5,Unplanned outage,A03,,2016-01-03 16:00:00+01:00,vvyN1Ge5s7IFIH04nAzLjg,307.1,Hydro Water Reservoir,50WP000000004512,Mauranger,Mauranger,1,MAW,PT1M,3,2016-01-01 19:30:00+01:00
2016-01-04 09:24:21+01:00,310,NO_5,Unplanned outage,A03,,2016-01-04 09:20:00+01:00,5z4FhTp5k1vQn7NRfcYodA,720.0,Hydro Water Reservoir,50WP000000008791,Sy-Sima,Sy-Sima,1,MAW,PT1M,3,2016-01-04 08:00:00+01:00
2016-01-25 20:23:21+01:00,250,NO_5,Unplanned outage,A03,,2016-01-26 11:00:00+01:00,gF9dQ26i1uJ5s6rB_1l4-w,580.0,Hydro Water Reservoir,50WP000000008783,Lang Sima,Lang Sima,1,MAW,PT1M,1,2016-01-25 20:15:00+01:00
2016-01-25 21:18:41+01:00,250,NO_5,Unplanned outage,A03,,2016-01-26 11:00:00+01:00,Fjb4aFAPDdFuXeEW2Naztg,580.0,Hydro Water Reservoir,50WP000000008783,Lang Sima,Lang Sima,1,MAW,PT1M,1,2016-01-25 21:15:00+01:00
2016-01-25 23:33:26+01:00,310,NO_5,Unplanned outage,A03,,2016-01-26 07:30:00+01:00,wVo_rSvK2M10Cdnes0NLnQ,720.0,Hydro Water Reservoir,50WP000000008791,Sy-Sima,Sy-Sima,1,MAW,PT1M,1,2016-01-25 23:15:00+01:00
2016-01-26 21:50:12+01:00,0,NO_5,Unplanned outage,A03,,2016-01-27 08:00:00+01:00,f4NKUbrWK-lO29mcNpIiKA,580.0,Hydro Water Reservoir,50WP000000008783,Lang Sima,Lang Sima,1,MAW,PT1M,1,2016-01-26 20:22:00+01:00
2016-01-26 22:11:01+01:00,310,NO_5,Unplanned outage,A03,,2016-01-27 07:45:00+01:00,tVhmY5kN4ZS94XMcF3FaVQ,720.0,Hydro Water Reservoir,50WP000000008791,Sy-Sima,Sy-Sima,1,MAW,PT1M,1,2016-01-26 21:00:00+01:00
2016-01-29 21:32:27+01:00,0,NO_5,Unplanned outage,A03,,2016-01-29 20:14:00+01:00,NZY9VPGUZstL_-aoZsSFDQ,440.0,Hydro Water Reservoir,50WP00000000771L,Tyin,Tyin,1,MAW,PT1M,2,2016-01-29 17:18:00+01:00
2016-01-30 14:40:07+01:00,0,NO_5,Unplanned outage,A03,,2016-01-30 16:00:00+01:00,MTtmdvI8f3pbGz9mfxBKvg,580.0,Hydro Water Reservoir,50WP000000008783,Lang Sima,Lang Sima,1,MAW,PT1M,1,2016-01-30 14:20:00+01:00
2016-01-30 14:40:30+01:00,0,NO_5,Unplanned outage,A03,,2016-01-30 16:00:00+01:00,AZ-LbGzZzVstcuwOOxni8A,720.0,Hydro Water Reservoir,50WP000000008791,Sy-Sima,Sy-Sima,1,MAW,PT1M,1,2016-01-30 14:20:00+01:00
2016-01-31 02:19:21+01:00,0,NO_5,Unplanned outage,A03,,2016-01-31 16:00:00+01:00,hRYfqOdJrIw9P0cCnHcJcg,580.0,Hydro Water Reservoir,50WP000000008783,Lang Sima,Lang Sima,1,MAW,PT1M,1,2016-01-31 02:15:00+01:00
2016-01-31 02:23:37+01:00,0,NO_5,Unplanned outage,A03,,2016-01-31 16:00:00+01:00,wVIIT9cBFdPlt04GOmuO3w,720.0,Hydro Water Reservoir,50WP000000008791,Sy-Sima,Sy-Sima,1,MAW,PT1M,1,2016-01-31 02:15:00+01:00
2016-02-06 15:01:10+01:00,0,NO_5,Unplanned outage,A03,,2016-02-06 18:00:00+01:00,cStL3602D5cbWWBs2IMlpw,382.0,Fossil Gas,50WP000000001475,EVM,EVM,1,MAW,PT1M,1,2016-02-06 13:34:00+01:00
2016-02-11 02:14:04+01:00,187,NO_5,Unplanned outage,A03,,2016-02-11 02:00:00+01:00,v3k554brKRJjsLjFv9_cug,440.0,Hydro Water Reservoir,50WP00000000771L,Tyin,Tyin,1,MAW,PT1M,2,2016-02-11 00:15:00+01:00
2016-02-11 03:09:35+01:00,250,NO_5,Unplanned outage,A03,,2016-02-11 03:00:00+01:00,e04tcgTsPSazVNtYi0kNMA,580.0,Hydro Water Reservoir,50WP000000008783,Lang Sima,Lang Sima,1,MAW,PT1M,3,2016-02-10 21:00:00+01:00
2016-02-13 20:30:21+01:00,250,NO_5,Unplanned outage,A03,,2016-02-13 20:30:00+01:00,yMyhVE9UEESKiGDVdcAbpQ,580.0,Hydro Water Reservoir,50WP000000008783,Lang Sima,Lang Sima,1,MAW,PT1M,2,2016-02-13 19:00:00+01:00
2016-03-03 22:35:53+01:00,250,NO_5,Unplanned outage,A03,,2016-03-04 08:00:00+01:00,tngT85QegYXsLxZgvl2HXQ,580.0,Hydro Water Reservoir,50WP000000008783,Lang Sima,Lang Sima,1,MAW,PT1M,1,2016-03-03 22:00:00+01:00
2016-03-05 09:45:29+01:00,0,NO_5,Unplanned outage,A03,,2016-03-05 11:00:00+01:00,5s-EnXaJxg5jsnUU4BNG9Q,320.0,Hydro Water Reservoir,50WP000000003281,Jostedal,Jostedal,1,MAW,PT1M,1,2016-03-05 08:45:00+01:00
2016-03-11 00:41:31+01:00,250,NO_5,Unplanned outage,A03,,2016-03-11 06:00:00+01:00,ym2oaDNEFaaQf5hQBEr0-Q,580.0,Hydro Water Reservoir,50WP000000008783,Lang Sima,Lang Sima,1,MAW,PT1M,1,2016-03-11 00:38:00+01:00
2016-03-14 04:12:38+01:00,310,NO_5,Unplanned outage,A03,,2016-03-14 06:00:00+01:00,Yf9JaE-g7X-ZeNu0T_N7Kg,720.0,Hydro Water Reservoir,50WP000000008791,Sy-Sima,Sy-Sima,1,MAW,PT1M,1,2016-03-14 03:45:00+01:00
2016-03-14 09:03:22+01:00,310,NO_5,Unplanned outage,A03,,2016-03-14 09:00:00+01:00,gDxldrEgTD5NRWf4zJ5nhg,720.0,Hydro Water Reservoir,50WP000000008791,Sy-Sima,Sy-Sima,1,MAW,PT1M,2,2016-03-14 06:20:00+01:00
2016-03-14 20:36:46+01:00,250,NO_5,Unplanned outage,A03,,2016-03-15 15:00:00+01:00,cUVEbOl7jFRzZCTIr22OQQ,580.0,Hydro Water Reservoir,50WP000000008783,Lang Sima,Lang Sima,1,MAW,PT1M,5,2016-03-14 09:00:00+01:00
2016-03-16 02:11:46+01:00,125,NO_5,Unplanned outage,A03,,2016-03-16 08:00:00+01:00,IljmspW8kVB0Dsl8b8qDag,307.1,Hydro Water Reservoir,50WP000000004512,Mauranger,Mauranger,1,MAW,PT1M,1,2016-03-16 02:00:00+01:00
2016-03-18 01:54:29+01:00,125,NO_5,Unplanned outage,A03,,2016-03-18 08:00:00+01:00,EQFCAuR54PHoC5OmqqRZ_A,307.1,Hydro Water Reservoir,50WP000000004512,Mauranger,Mauranger,1,MAW,PT1M,1,2016-03-18 01:00:00+01:00
2016-03-18 04:50:11+01:00,0,NO_5,Unplanned outage,A03,,2016-03-18 06:00:00+01:00,H1WnKuiyRz8NFz8w00F6ZQ,580.0,Hydro Water Reservoir,50WP000000008783,Lang Sima,Lang Sima,1,MAW,PT1M,1,2016-03-18 04:45:00+01:00
2016-03-18 04:53:15+01:00,0,NO_5,Unplanned outage,A03,,2016-03-18 06:00:00+01:00,52N7gZzcx9L5K3-6nIFICA,720.0,Hydro Water Reservoir,50WP000000008791,Sy-Sima,Sy-Sima,1,MAW,PT1M,1,2016-03-18 04:45:00+01:00
2016-03-20 11:04:25+01:00,187,NO_5,Unplanned outage,A03,,2016-03-20 11:05:00+01:00,uj1i0IC-hSTL6_ziMvY18Q,440.0,Hydro Water Reservoir,50WP00000000771L,Tyin,Tyin,1,MAW,PT1M,2,2016-03-20 10:01:00+01:00
2016-03-22 11:33:16+01:00,0,NO_5,Unplanned outage,A03,,2016-03-22 12:00:00+01:00,rQHD1wqaiq_o0inE_--INA,320.0,Hydro Water Reservoir,50WP000000003281,Jostedal,Jostedal,1,MAW,PT1M,4,2016-03-22 05:10:00+01:00
2016-04-06 10:14:19+02:00,105,NO_5,Unplanned outage,A03,,2016-04-06 12:00:00+02:00,xy8-Ik4YTjbRwFt7AhGejA,240.4,Hydro Water Reservoir,50WP000000000673,Borgund,Borgund,1,MAW,PT1M,1,2016-04-06 10:00:00+02:00
2016-04-10 09:25:44+02:00,140,NO_5,Unplanned outage,A03,,2016-04-10 15:00:00+02:00,sqXUSLcTJONI2wBTU-luYg,290.0,Hydro Pumped Storage,50WP00000000023N,Aurland3,Aurland3,1,MAW,PT1M,2,2016-04-09 10:10:00+02:00
2016-05-17 20:21:21+02:00,250,NO_5,Unplanned outage,A03,,2016-05-17 20:10:00+02:00,y4I-pUW1xGI1D8o9Hkh7mQ,580.0,Hydro Water Reservoir,50WP000000008783,Lang Sima,Lang Sima,1,MAW,PT1M,2,2016-05-17 18:30:00+02:00
2016-05-20 17:32:18+02:00,187,NO_5,Unplanned outage,A03,,2016-05-20 17:20:00+02:00,wgbjaqeY2btWKgLHb8eRiA,440.0,Hydro Water Reservoir,50WP00000000771L,Tyin,Tyin,1,MAW,PT1M,3,2016-05-20 14:08:00+02:00
2016-05-21 18:41:21+02:00,126,NO_5,Unplanned outage,A03,,2016-05-21 18:38:00+02:00,vZo-3jcLiL7FwBwAlw2gAA,272.5,Hydro Water Reservoir,50WP000000001823,Fortun,Fortun,1,MAW,PT1M,2,2016-05-20 18:00:00+02:00
2016-05-25 05:24:11+02:00,250,NO_5,Unplanned outage,A03,,2016-05-25 08:00:00+02:00,0ACBPlwjVwPgja8DeOwpbA,580.0,Hydro Water Reservoir,50WP000000008783,Lang Sima,Lang Sima,1,MAW,PT1M,1,2016-05-25 05:00:00+02:00
2016-06-15 23:07:13+02:00,187,NO_5,Unplanned outage,A03,,2016-06-15 22:39:00+02:00,h04TqDyUsprAQVyFLAxCxA,440.0,Hydro Water Reservoir,50WP00000000771L,Tyin,Tyin,1,MAW,PT1M,3,2016-06-15 19:58:00+02:00
2016-06-16 00:24:25+02:00,187,NO_5,Unplanned outage,A03,,2016-06-16 01:00:00+02:00,8rorMXQQOeM_u9DGQE4yyg,440.0,Hydro Water Reservoir,50WP00000000771L,Tyin,Tyin,1,MAW,PT1M,1,2016-06-15 23:48:00+02:00
2016-06-19 23:03:21+02:00,105,NO_5,Unplanned outage,A03,,2016-06-20 02:00:00+02:00,LbWa1VKfCNBn59WRAxUpjA,240.4,Hydro Water Reservoir,50WP000000000673,Borgund,Borgund,1,MAW,PT1M,2,2016-06-19 19:35:00+02:00
2016-06-23 13:26:11+02:00,187,NO_5,Unplanned outage,A03,,2016-06-23 13:25:00+02:00,UpVGZY7lgFTTKOvhRqC70A,440.0,Hydro Water Reservoir,50WP00000000771L,Tyin,Tyin,1,MAW,PT1M,3,2016-06-23 05:00:00+02:00
2016-06-23 13:27:11+02:00,187,NO_5,Unplanned outage,A03,,2016-06-23 13:25:00+02:00,ZAyo3NTjGHNMEOXZZrVXdw,440.0,Hydro Water Reservoir,50WP00000000771L,Tyin,Tyin,1,MAW,PT1M,3,2016-06-23 06:25:00+02:00
2016-08-05 13:30:09+02:00,560,NO_5,Unplanned outage,A03,,2016-08-08 15:00:00+02:00,R2e8UUqd2HzciAH0UUvLXQ,904.2,Hydro Water Reservoir,50WP00000000020T,Aurland1,Aurland1,1,MAW,PT1M,1,2016-08-05 13:10:00+02:00
2016-08-13 18:44:21+02:00,220,NO_5,Unplanned outage,A03,,2016-08-15 15:00:00+02:00,XZ2KFXmBg5mx-Mel11CyLA,446.1,Hydro Water Reservoir,50WP00000000144B,Evanger,Evanger,1,MAW,PT1M,1,2016-08-13 18:25:00+02:00
2016-08-20 21:43:22+02:00,0,NO_5,Unplanned outage,A03,,2016-08-20 23:00:00+02:00,arn7fVduaseG4L_Vj9BntQ,320.0,Hydro Water Reservoir,50WP000000003281,Jostedal,Jostedal,1,MAW,PT1M,2,2016-08-20 19:00:00+02:00
2016-09-06 13:26:21+02:00,125,NO_5,Unplanned outage,A03,,2016-09-06 17:00:00+02:00,epw-rI4QDF8Bdy1-4rIYVQ,307.1,Hydro Water Reservoir,50WP000000004512,Mauranger,Mauranger,1,MAW,PT1M,3,2016-09-06 03:05:00+02:00
2016-09-06 22:45:58+02:00,125,NO_5,Unplanned outage,A03,,2016-09-06 23:59:00+02:00,R179QWRidjPehAcBDa7rsw,307.1,Hydro Water Reservoir,50WP000000004512,Mauranger,Mauranger,1,MAW,PT1M,1,2016-09-06 22:00:00+02:00
2016-09-08 14:59:11+02:00,220,NO_5,Unplanned outage,A03,,2016-09-09 15:00:00+02:00,FbhkoLAJOaCMUQhtYz3jAw,446.1,Hydro Water Reservoir,50WP00000000144B,Evanger,Evanger,1,MAW,PT1M,1,2016-09-08 14:30:00+02:00
2016-09-20 15:19:51+02:00,560,NO_5,Unplanned outage,A03,,2016-09-20 14:55:00+02:00,bpdIFRZZtLgsC6VwSGWwfQ,904.2,Hydro Water Reservoir,50WP00000000020T,Aurland1,Aurland1,1,MAW,PT1M,4,2016-09-19 10:00:00+02:00
2016-09-29 02:01:46+02:00,250,NO_5,Unplanned outage,A03,,2016-09-29 01:55:00+02:00,0CJs4q_m7hoqYOIH45h4vA,580.0,Hydro Water Reservoir,50WP000000008783,Lang Sima,Lang Sima,1,MAW,PT1M,2,2016-09-29 01:30:00+02:00
2016-09-29 02:01:47+02:00,0,NO_5,Unplanned outage,A03,,2016-09-29 01:55:00+02:00,7KGiXNw9e8Ms0nufmOb96w,720.0,Hydro Water Reservoir,50WP000000008791,Sy-Sima,Sy-Sima,1,MAW,PT1M,2,2016-09-29 01:30:00+02:00
2016-10-01 08:34:37+02:00,0,NO_5,Unplanned outage,A03,,2016-10-01 08:30:00+02:00,rqBVpiOBfAU5MitQ_Qocag,320.0,Hydro Water Reservoir,50WP000000003281,Jostedal,Jostedal,1,MAW,PT1M,2,2016-10-01 07:15:00+02:00
2016-10-04 17:44:35+02:00,0,NO_5,Unplanned outage,A03,,2016-10-04 16:40:00+02:00,xrCtEI6ZqfHevI79zVZ6Pw,320.0,Hydro Water Reservoir,50WP000000003281,Jostedal,Jostedal,1,MAW,PT1M,4,2016-10-04 11:02:00+02:00
2016-10-05 14:07:25+02:00,0,NO_5,Unplanned outage,A03,,2016-10-05 14:30:00+02:00,c9czpFe0y0OOVy9a3W0Ryg,320.0,Hydro Water Reservoir,50WP000000003281,Jostedal,Jostedal,1,MAW,PT1M,1,2016-10-05 13:11:00+02:00
2016-10-07 14:17:28+02:00,310,NO_5,Unplanned outage,A03,,2016-10-07 15:00:00+02:00,4klTTN-CCpVwLgNLdjgRuA,720.0,Hydro Water Reservoir,50WP000000008791,Sy-Sima,Sy-Sima,1,MAW,PT1M,3,2016-10-06 17:50:00+02:00
2016-10-27 07:05:42+02:00,125,NO_5,Unplanned outage,A03,,2016-10-27 09:00:00+02:00,Ss1xlnTpAYwFHxSt0nRwSw,307.1,Hydro Water Reservoir,50WP000000004512,Mauranger,Mauranger,1,MAW,PT1M,2,2016-10-27 05:00:00+02:00
2016-10-31 16:54:02+01:00,0,NO_5,Unplanned outage,A03,,2016-10-31 18:00:00+01:00,PDkqbsBTWD58IL2lVgSjTA,320.0,Hydro Water Reservoir,50WP000000003281,Jostedal,Jostedal,1,MAW,PT1M,1,2016-10-31 16:14:00+01:00
2016-11-06 08:23:51+01:00,125,NO_5,Unplanned outage,A03,,2016-11-06 11:00:00+01:00,j-IGEdtb8kUyBaA03O31JQ,307.1,Hydro Water Reservoir,50WP000000004512,Mauranger,Mauranger,1,MAW,PT1M,2,2016-11-06 05:55:00+01:00
2016-11-07 02:18:36+01:00,125,NO_5,Unplanned outage,A03,,2016-11-07 09:00:00+01:00,oFr-_ceu0e-M8X7YL65V8w,307.1,Hydro Water Reservoir,50WP000000004512,Mauranger,Mauranger,1,MAW,PT1M,1,2016-11-07 02:15:00+01:00
2016-11-13 09:54:11+01:00,310,NO_5,Unplanned outage,A03,,2016-11-13 11:00:00+01:00,zxJtDEl0u8yYE7EwdFHtdw,720.0,Hydro Water Reservoir,50WP000000008791,Sy-Sima,Sy-Sima,1,MAW,PT1M,1,2016-11-13 09:00:00+01:00
2016-11-14 08:25:53+01:00,310,NO_5,Unplanned outage,A03,,2016-11-14 08:10:00+01:00,ZT2Sqy7EAfb9awQeTpwQVw,720.0,Hydro Water Reservoir,50WP000000008791,Sy-Sima,Sy-Sima,1,MAW,PT1M,2,2016-11-14 04:45:00+01:00
2016-11-18 16:23:09+01:00,0,NO_5,Unplanned outage,A03,,2016-11-18 23:59:00+01:00,vn5Hu_gObL21vLNLOPBb3A,382.0,Fossil Gas,50WP000000001475,EVM,EVM,1,MAW,PT1M,1,2016-11-18 15:20:00+01:00
2016-11-21 10:44:33+01:00,0,NO_5,Unplanned outage,A03,,2016-11-21 12:00:00+01:00,w7LHlciV-rSO2-Fqt2VO0g,382.0,Fossil Gas,50WP000000001475,EVM,EVM,1,MAW,PT1M,2,2016-11-19 14:00:00+01:00
2016-11-30 23:15:11+01:00,0,NO_5,Unplanned outage,A03,,2016-12-01 08:00:00+01:00,QxQBQCpo5HnVuJxgChwogQ,320.0,Hydro Water Reservoir,50WP000000003281,Jostedal,Jostedal,1,MAW,PT1M,3,2016-11-30 19:40:00+01:00
2016-12-01 15:29:45+01:00,310,NO_5,Unplanned outage,A03,,2016-12-01 15:00:00+01:00,YxqjukKdNoZdwEaSn7JzJw,720.0,Hydro Water Reservoir,50WP000000008791,Sy-Sima,Sy-Sima,1,MAW,PT1M,2,2016-12-01 08:20:00+01:00
2016-12-01 22:03:11+01:00,0,NO_5,Unplanned outage,A03,,2016-12-01 23:00:00+01:00,Miwm9UrRsa3qu87vXb4u_Q,320.0,Hydro Water Reservoir,50WP000000003281,Jostedal,Jostedal,1,MAW,PT1M,1,2016-12-01 21:20:00+01:00
2016-12-08 01:42:22+01:00,220,NO_5,Unplanned outage,A03,,2016-12-08 12:00:00+01:00,RTmP2WY33tFXe4Le6VuXvg,330.0,Hydro Water Reservoir,50WP00000000144B,Evanger,Evanger,1,MAW,PT1M,1,2016-12-08 01:00:00+01:00
2016-12-08 11:27:12+01:00,560,NO_5,Unplanned outage,A03,,2016-12-09 23:59:00+01:00,0cH7qfZ_cEiF5JJtCcL5JQ,904.2,Hydro Water Reservoir,50WP00000000020T,Aurland1,Aurland1,1,MAW,PT1M,12,2016-10-17 23:00:00+02:00
2016-12-19 00:58:31+01:00,125,NO_5,Unplanned outage,A03,,2016-12-19 08:00:00+01:00,7fCplbH-f5CSMhm1S8YAng,256.0,Hydro Water Reservoir,50WP000000004512,Mauranger,Mauranger,1,MAW,PT1M,1,2016-12-19 00:00:00+01:00
2016-12-20 23:05:51+01:00,125,NO_5,Unplanned outage,A03,,2016-12-21 08:00:00+01:00,aa9iIMrshSlPxWWdaTn7dQ,256.0,Hydro Water Reservoir,50WP000000004512,Mauranger,Mauranger,1,MAW,PT1M,1,2016-12-20 22:15:00+01:00
2016-12-27 10:04:19+01:00,125,NO_5,Unplanned outage,A03,,2016-12-27 10:00:00+01:00,BDKUm98JOwY1xwa8bIgXUQ,256.0,Hydro Water Reservoir,50WP000000004512,Mauranger,Mauranger,1,MAW,PT1M,3,2016-12-26 20:40:00+01:00
2017-01-11 08:00:23+01:00,125,NO_5,Unplanned outage,A03,,2017-01-11 12:00:00+01:00,QiB3cDfTYM4L4WClyxPFNA,256.0,Hydro Water Reservoir,50WP000000004512,Mauranger,Mauranger,1,MAW,PT1M,2,2017-01-10 23:15:00+01:00
2017-01-20 12:32:25+01:00,0,NO_5,Unplanned outage,A03,,2017-01-19 07:45:00+01:00,xNgvUEEH5vHN0Fv9H2NP2w,580.0,Hydro Water Reservoir,50WP000000008783,Lang Sima,Lang Sima,1,MAW,PT1M,2,2017-01-19 06:40:00+01:00
2017-01-20 12:32:30+01:00,0,NO_5,Unplanned outage,A03,,2017-01-19 07:45:00+01:00,-qeGhCRXJtpJcy-WhPV9Dw,720.0,Hydro Water Reservoir,50WP000000008791,Sy-Sima,Sy-Sima,1,MAW,PT1M,2,2017-01-19 06:40:00+01:00
2017-01-24 21:54:00+01:00,0,NO_5,Unplanned outage,A03,,2017-01-25 08:00:00+01:00,5prMh7KXa36fZWqUoKaN3w,290.0,Hydro Water Reservoir,50WP000000003281,Jostedal,Jostedal,1,MAW,PT1M,2,2017-01-24 21:00:00+01:00
2017-02-03 00:54:51+01:00,0,NO_5,Unplanned outage,A03,,2017-02-03 00:50:00+01:00,RUI9L0sI5xoweQ9RgeVz8Q,290.0,Hydro Water Reservoir,50WP000000003281,Jostedal,Jostedal,1,MAW,PT1M,2,2017-02-03 00:00:00+01:00
2017-02-04 23:59:32+01:00,0,NO_5,Unplanned outage,A03,,2017-02-05 11:00:00+01:00,5XisYiQ4L9uaHbiMuVA9Cg,290.0,Hydro Water Reservoir,50WP000000003281,Jostedal,Jostedal,1,MAW,PT1M,2,2017-02-04 22:57:00+01:00
2017-02-14 07:00:20+01:00,250,NO_5,Unplanned outage,A03,,2017-02-14 06:55:00+01:00,XcR_7v7kVgjK-XSiOz8xeA,580.0,Hydro Water Reservoir,50WP000000008783,Lang Sima,Lang Sima,1,MAW,PT1M,2,2017-02-14 05:45:00+01:00
2017-02-23 18:54:15+01:00,0,NO_5,Unplanned outage,A03,,2017-02-24 08:00:00+01:00,A5qzJLfpPUaUkhIHStk-cg,290.0,Hydro Water Reservoir,50WP000000003281,Jostedal,Jostedal,1,MAW,PT1M,2,2017-02-23 17:15:00+01:00
2017-03-02 17:02:36+01:00,0,NO_5,Unplanned outage,A03,,2017-03-03 08:00:00+01:00,BWn1pxxSo59dHjAV2xXBxQ,290.0,Hydro Water Reservoir,50WP000000003281,Jostedal,Jostedal,1,MAW,PT1M,1,2017-03-02 16:30:00+01:00
2017-03-02 17:03:36+01:00,126,NO_5,Unplanned outage,A03,,2017-03-03 15:00:00+01:00,OdCo0UCtVguC8laf3BIWrg,270.0,Hydro Water Reservoir,50WP000000001823,Fortun,Fortun,1,MAW,PT1M,3,2017-03-02 13:09:00+01:00
2017-03-29 10:56:27+02:00,0,NO_5,Unplanned outage,A03,,2017-03-29 19:00:00+02:00,Q6cPbUztEtpc3jWzYwkBBA,290.0,Hydro Water Reservoir,50WP000000003281,Jostedal,Jostedal,1,MAW,PT1M,5,2017-03-10 14:43:00+01:00
2017-04-04 14:12:45+02:00,250,NO_5,Unplanned outage,A03,,2017-04-18 07:00:00+02:00,E99xPvuyXcYbAahUxriW3A,580.0,Hydro Water Reservoir,50WP000000008783,Lang Sima,Lang Sima,1,MAW,PT1M,8,2017-03-27 06:35:00+02:00
2017-05-03 04:46:36+02:00,42,NO_5,Unplanned outage,A03,,2017-05-03 04:45:00+02:00,pc2DYEwIUK2QKjiVdXjxzQ,270.0,Hydro Water Reservoir,50WP000000001823,Fortun,Fortun,1,MAW,PT1M,2,2017-05-03 03:05:00+02:00
2017-05-18 04:02:56+02:00,0,NO_5,Unplanned outage,A03,,2017-05-18 03:35:00+02:00,RKJRPUvZo5TxwMCx_2CgXg,328.0,Fossil Gas,50WP000000001475,EVM,EVM,1,MAW,PT1M,5,2017-05-17 12:15:00+02:00
2017-06-07 11:46:55+02:00,220,NO_5,Unplanned outage,A03,,2017-06-08 13:00:00+02:00,5X8thkBOUFwOpk2meEMyDg,330.0,Hydro Water Reservoir,50WP00000000144B,Evanger,Evanger,1,MAW,PT1M,2,2017-06-06 19:15:00+02:00
2017-06-08 12:45:04+02:00,220,NO_5,Unplanned outage,A03,,2017-06-09 13:00:00+02:00,dqy4Lx5EeEreItJBhoducQ,330.0,Hydro Water Reservoir,50WP00000000144B,Evanger,Evanger,1,MAW,PT1M,1,2017-06-08 13:00:00+02:00
2017-06-23 19:13:06+02:00,250,NO_5,Unplanned outage,A03,,2017-06-23 20:00:00+02:00,GjgS6cXaDx0XNQIFtNm2Gw,580.0,Hydro Water Reservoir,50WP000000008783,Lang Sima,Lang Sima,1,MAW,PT1M,1,2017-06-23 18:25:00+02:00
2017-06-24 18:31:07+02:00,250,NO_5,Unplanned outage,A03,,2017-06-24 19:00:00+02:00,ZgDBAqvLdU8E2lVEX0Y24g,580.0,Hydro Water Reservoir,50WP000000008783,Lang Sima,Lang Sima,1,MAW,PT1M,1,2017-06-24 17:42:00+02:00
2017-09-30 08:13:45+02:00,0,NO_5,Unplanned outage,A03,,2017-09-30 08:10:00+02:00,T3Mzvd5j_zL7gXMe5lXVvw,720.0,Hydro Water Reservoir,50WP000000008791,Sy-Sima,Sy-Sima,1,MAW,PT1M,2,2017-09-30 06:06:00+02:00
2017-11-21 20:36:05+01:00,0,NO_5,Unplanned outage,A03,,2017-11-22 00:00:00+01:00,03uAjB_TuBQEDSM4vEQ4rQ,328.0,Fossil Gas,50WP000000001475,EVM,EVM,1,MAW,PT1M,1,2017-11-21 19:45:00+01:00
2017-11-25 23:00:33+01:00,0,NO_5,Unplanned outage,A03,,2017-11-26 15:00:00+01:00,eZCcr5RBXk5EinHWWhQ1Fw,256.0,Hydro Water Reservoir,50WP000000004512,Mauranger,Mauranger,1,MAW,PT1M,1,2017-11-25 22:50:00+01:00
2018-01-04 07:47:52+01:00,125,NO_5,Unplanned outage,A03,,2018-01-04 08:00:00+01:00,nqRK65QAQGAuEJzN5rba2Q,256.0,Hydro Water Reservoir,50WP000000004512,Mauranger,Mauranger,1,MAW,PT60M,4,2018-01-04 00:00:00+01:00
2018-02-04 02:49:01+01:00,0,NO_5,Unplanned outage,A03,,2018-02-04 03:00:00+01:00,dP_x7rFtVVce8jMDTY0P_A,256.0,Hydro Water Reservoir,50WP000000004512,Mauranger,Mauranger,1,MAW,PT15M,1,2018-02-04 02:45:00+01:00
2018-02-21 19:12:58+01:00,98,NO_5,Unplanned outage,A03,,2018-02-21 16:15:00+01:00,QS997hjFr_JPXmORUym58A,206.0,Hydro Water Reservoir,50WP00000000517Z,Nore 1,Nore 1,1,MAW,PT1M,4,2018-02-21 16:14:00+01:00
2018-03-16 21:02:54+01:00,0,NO_5,Unplanned outage,A03,,2018-03-16 22:00:00+01:00,_f3zErOh9iybzVt_1jHmbg,290.0,Hydro Water Reservoir,50WP000000003281,Jostedal,Jostedal,1,MAW,PT60M,1,2018-03-16 21:00:00+01:00
2018-03-17 18:40:47+01:00,0,NO_5,Unplanned outage,A03,,2018-03-17 17:30:00+01:00,RK79JvRFhcWz25t2Mkj1CQ,256.0,Hydro Water Reservoir,50WP000000004512,Mauranger,Mauranger,1,MAW,PT15M,2,2018-03-17 17:15:00+01:00
2018-03-19 13:47:58+01:00,140,NO_5,Unplanned outage,A03,,2018-05-01 07:00:00+02:00,MQO1iBnLQtPAGU37u030cA,290.0,Hydro Water Reservoir,50WP00000000023N,Aurland3,Aurland3,1,MAW,PT60M,1,2018-03-22 07:00:00+01:00
2018-05-05 01:54:44+02:00,0,NO_5,Unplanned outage,A03,,2018-05-05 02:00:00+02:00,iN0Fu1-VVfxa4koHYp82JQ,256.0,Hydro Water Reservoir,50WP000000004512,Mauranger,Mauranger,1,MAW,PT1M,1,2018-05-05 01:50:00+02:00
2018-05-24 09:54:24+02:00,0,NO_5,Unplanned outage,A03,,2018-05-04 23:00:00+02:00,pEjMb_ApRxOxeVgxXLt7fA,256.0,Hydro Water Reservoir,50WP000000004512,Mauranger,Mauranger,1,MAW,PT30M,2,2018-05-04 22:30:00+02:00
2018-05-28 14:52:05+02:00,0,NO_5,Unplanned outage,A03,,2018-05-28 17:00:00+02:00,V1s_Lo7NTvbWT1h3rhK3TA,328.0,Fossil Gas,50WP000000001475,EVM,EVM,1,MAW,PT60M,3,2018-05-27 19:00:00+02:00
2018-05-29 01:23:16+02:00,0,NO_5,Unplanned outage,A03,,2018-05-29 04:00:00+02:00,EJtd-PjKTD5MJwWCWZWdNQ,328.0,Fossil Gas,50WP000000001475,EVM,EVM,1,MAW,PT60M,2,2018-05-28 19:00:00+02:00
2018-06-28 05:08:57+02:00,0,NO_5,Unplanned outage,A03,,2018-06-28 05:00:00+02:00,aaumDymHiAKsiSn3lrCypg,256.0,Hydro Water Reservoir,50WP000000004512,Mauranger,Mauranger,1,MAW,PT15M,1,2018-06-28 04:45:00+02:00
2018-07-13 11:34:14+02:00,0,NO_5,Unplanned outage,A03,,2018-07-13 09:30:00+02:00,l_YZT6h_AaySrhgawlgoiw,580.0,Hydro Water Reservoir,50WP000000008783,Lang Sima,Lang Sima,1,MAW,PT15M,2,2018-07-13 09:15:00+02:00
2018-07-28 08:18:55+02:00,0,NO_5,Unplanned outage,A03,,2018-07-28 09:00:00+02:00,96r6USGJG7G73gDyuMiFTg,290.0,Hydro Water Reservoir,50WP000000003281,Jostedal,Jostedal,1,MAW,PT60M,1,2018-07-28 08:00:00+02:00
2018-08-15 20:31:11+02:00,0,NO_5,Unplanned outage,A03,,2018-08-15 11:00:00+02:00,zzOIOEYK9HsIg8dKuQ15Ww,328.0,Fossil Gas,50WP000000001475,EVM,EVM,1,MAW,PT30M,2,2018-08-15 10:30:00+02:00
2018-09-12 07:42:44+02:00,0,NO_5,Unplanned outage,A03,,2018-09-12 00:45:00+02:00,194SilmRCiUkUlvKD4MtRA,580.0,Hydro Water Reservoir,50WP000000008783,Lang Sima,Lang Sima,1,MAW,PT1M,4,2018-09-12 00:40:00+02:00
2018-09-20 21:26:15+02:00,90,NO_5,Unplanned outage,A03,,2018-09-20 01:45:00+02:00,mfuAVhlFO_bjUhcfr-ZTAA,328.0,Fossil Gas,50WP000000001475,EVM,EVM,1,MAW,PT1M,3,2018-09-20 01:38:00+02:00
2018-09-21 19:18:56+02:00,0,NO_5,Unplanned outage,A03,,2018-09-21 23:45:00+02:00,pdk_euXhT_rEVo8RE7_2eA,328.0,Fossil Gas,50WP000000001475,EVM,EVM,1,MAW,PT15M,1,2018-09-21 23:30:00+02:00
2018-09-22 13:08:07+02:00,0,NO_5,Unplanned outage,A03,,2018-09-22 12:00:00+02:00,Ce7adoGcFac4jWcz-MOXEQ,328.0,Fossil Gas,50WP000000001475,EVM,EVM,1,MAW,PT60M,4,2018-09-21 19:00:00+02:00
2018-10-10 22:43:49+02:00,0,NO_5,Unplanned outage,A03,,2018-10-10 22:45:00+02:00,4zCW_QVBKjL7NxpMBYkuRQ,390.0,Hydro Water Reservoir,50WP00000000771L,Tyin,Tyin,1,MAW,PT15M,5,2018-10-10 22:30:00+02:00
2018-10-18 07:41:09+02:00,0,NO_5,Unplanned outage,A03,,2018-10-18 07:37:00+02:00,EXNmPnxpsqIHfCc-zH2I8g,290.0,Hydro Water Reservoir,50WP000000003281,Jostedal,Jostedal,1,MAW,PT1M,2,2018-10-18 07:30:00+02:00
2018-10-18 14:54:09+02:00,0,NO_5,Unplanned outage,A03,,2018-10-18 14:00:00+02:00,wPB3kFmrXMsFohMJqf8rhQ,580.0,Hydro Water Reservoir,50WP000000008783,Lang Sima,Lang Sima,1,MAW,PT60M,2,2018-10-18 07:00:00+02:00
2018-10-19 19:00:50+02:00,0,NO_5,Unplanned outage,A03,,2018-10-19 21:00:00+02:00,M8OkvH5rM_VQAkfEnKfzSw,290.0,Hydro Water Reservoir,50WP000000003281,Jostedal,Jostedal,1,MAW,PT60M,1,2018-10-19 19:00:00+02:00
2018-11-30 13:15:00+01:00,0,NO_5,Unplanned outage,A03,,2018-11-29 19:30:00+01:00,pnrDJQzXVxr6-AZSouygSA,290.0,Hydro Water Reservoir,50WP000000003281,Jostedal,Jostedal,1,MAW,PT1M,4,2018-11-29 19:25:00+01:00
2018-12-13 00:48:29+01:00,0,NO_5,Unplanned outage,A03,,2018-12-13 00:15:00+01:00,tUIHaxmQYMcOaaBAskbIJg,290.0,Hydro Water Reservoir,50WP000000003281,Jostedal,Jostedal,1,MAW,PT1M,2,2018-12-13 00:05:00+01:00
2018-12-16 00:23:06+01:00,0,NO_5,Unplanned outage,A03,,2018-12-16 10:00:00+01:00,BjU7vnJkN1aIB4BQ5QkJ8Q,290.0,Hydro Water Reservoir,50WP000000003281,Jostedal,Jostedal,1,MAW,PT60M,1,2018-12-16 01:00:00+01:00
2019-03-02 08:21:49+01:00,0,NO_5,Unplanned outage,A03,,2019-03-02 07:15:00+01:00,jcqggsTaHv8z_UtQA5xifw,290.0,Hydro Water Reservoir,50WP000000003281,Jostedal,Jostedal,1,MAW,PT1M,2,2019-03-02 07:05:00+01:00
2019-03-02 13:47:14+01:00,0,NO_5,Unplanned outage,A03,,2019-03-02 08:00:00+01:00,PzhGG7aDPFwzX7OkTjxvrw,328.0,Fossil Gas,50WP000000001475,EVM,EVM,1,MAW,PT30M,2,2019-03-02 07:30:00+01:00
2019-03-21 19:23:48+01:00,0,NO_5,Unplanned outage,A03,,2019-03-21 19:20:00+01:00,84yGt1CXy__aNiWPp7b08Q,256.0,Hydro Water Reservoir,50WP000000004512,Mauranger,Mauranger,1,MAW,PT1M,2,2019-03-21 19:15:00+01:00
2019-03-22 06:56:47+01:00,0,NO_5,Unplanned outage,A03,,2019-03-22 08:00:00+01:00,Fio1b7V3BKgL2KThOy6xLQ,256.0,Hydro Water Reservoir,50WP000000004512,Mauranger,Mauranger,1,MAW,PT60M,1,2019-03-22 06:00:00+01:00
2019-03-30 06:18:14+01:00,0,NO_5,Unplanned outage,A03,,2019-03-30 06:30:00+01:00,G8_YTjfmBWOiL3ogJxqcnQ,290.0,Hydro Water Reservoir,50WP000000003281,Jostedal,Jostedal,1,MAW,PT15M,1,2019-03-30 06:15:00+01:00
2019-04-24 17:12:58+02:00,106,NO_5,Unplanned outage,A03,,2019-04-25 10:00:00+02:00,iG4aaVoUVtZTn8prEzvSkA,206.0,Hydro Water Reservoir,50WP00000000517Z,Nore 1,Nore 1,1,MAW,PT60M,3,2019-04-23 15:00:00+02:00
2019-04-29 09:49:39+02:00,79,NO_5,Unplanned outage,A03,,2019-05-02 14:00:00+02:00,DVvOVp78ylpLtvNYjN6bbg,206.0,Hydro Water Reservoir,50WP00000000517Z,Nore 1,Nore 1,1,MAW,PT60M,1,2019-05-02 09:00:00+02:00
2019-05-27 13:28:21+02:00,0,NO_5,Unplanned outage,A03,,2019-05-27 13:20:00+02:00,lldn9E-VTl4SDHjFPlWZhw,290.0,Hydro Water Reservoir,50WP000000003281,Jostedal,Jostedal,1,MAW,PT1M,2,2019-05-27 13:15:00+02:00
2019-06-08 17:19:10+02:00,0,NO_5,Unplanned outage,A03,,2019-06-08 16:30:00+02:00,dnEQ7VwYP-is-pxpV6mlmA,290.0,Hydro Water Reservoir,50WP000000003281,Jostedal,Jostedal,1,MAW,PT30M,2,2019-06-08 16:00:00+02:00
2019-07-27 01:50:57+02:00,0,NO_5,Unplanned outage,A03,,2019-07-26 18:30:00+02:00,8KZymbKgXZUa_a7tJndksw,328.0,Fossil Gas,50WP000000001475,EVM,EVM,1,MAW,PT15M,2,2019-07-26 18:15:00+02:00
2019-07-31 12:08:08+02:00,0,NO_5,Unplanned outage,A03,,2019-07-31 11:00:00+02:00,hT5G7ApnXGtz6BVung8Z4A,256.0,Hydro Water Reservoir,50WP000000004512,Mauranger,Mauranger,1,MAW,PT30M,2,2019-07-31 10:30:00+02:00
2019-08-02 13:26:50+02:00,187,NO_5,Unplanned outage,A03,,2019-07-29 00:45:00+02:00,3Dn7S-E5jS-I-56v63xbPA,390.0,Hydro Water Reservoir,50WP00000000771L,Tyin,Tyin,1,MAW,PT1M,4,2019-07-29 00:41:00+02:00
2019-08-11 13:56:23+02:00,0,NO_5,Unplanned outage,A03,,2019-08-11 13:55:00+02:00,bJntADbPz5FqP3FoQ7KHAQ,290.0,Hydro Water Reservoir,50WP000000003281,Jostedal,Jostedal,1,MAW,PT1M,4,2019-08-11 13:45:00+02:00
2019-08-28 08:54:28+02:00,0,NO_5,Unplanned outage,A03,,2019-08-29 14:00:00+02:00,tFT38dZbfEHSLjLCY8z9wQ,290.0,Hydro Water Reservoir,50WP000000003281,Jostedal,Jostedal,1,MAW,PT60M,2,2019-08-29 10:00:00+02:00
2019-09-04 11:33:06+02:00,140,NO_5,Unplanned outage,A03,,2019-09-04 05:15:00+02:00,m0FqFF9mEc5C5RyaZa63XQ,290.0,Hydro Water Reservoir,50WP00000000023N,Aurland3,Aurland3,1,MAW,PT1M,2,2019-09-04 05:07:00+02:00
2019-09-07 09:57:28+02:00,0,NO_5,Unplanned outage,A03,,2019-09-07 11:00:00+02:00,tikxvCmfUgLNzihI5m6WVQ,256.0,Hydro Water Reservoir,50WP000000004512,Mauranger,Mauranger,1,MAW,PT60M,1,2019-09-07 10:00:00+02:00
2019-09-17 11:55:06+02:00,0,NO_5,Unplanned outage,A03,,2019-09-17 04:45:00+02:00,GOMNxImrKdrZKFPBajgaMg,328.0,Fossil Gas,50WP000000001475,EVM,EVM,1,MAW,PT1M,2,2019-09-17 04:40:00+02:00
2019-10-30 15:02:57+01:00,0,NO_5,Unplanned outage,A03,,2019-10-30 15:00:00+01:00,rAwDpeF74WFP8gZEu45-Qg,290.0,Hydro Water Reservoir,50WP000000003281,Jostedal,Jostedal,1,MAW,PT60M,6,2019-10-30 05:00:00+01:00
2019-11-29 01:12:31+01:00,0,NO_5,Unplanned outage,A03,,2019-11-29 08:00:00+01:00,kvxTOKIiEUjJxLWlCDXnfg,290.0,Hydro Water Reservoir,50WP000000003281,Jostedal,Jostedal,1,MAW,PT60M,1,2019-11-29 02:00:00+01:00
2019-11-30 09:01:29+01:00,0,NO_5,Unplanned outage,A03,,2019-11-30 00:15:00+01:00,jaJD08JnA2-4sFn6qzzJ2A,290.0,Hydro Water Reservoir,50WP000000003281,Jostedal,Jostedal,1,MAW,PT1M,2,2019-11-30 00:05:00+01:00
2019-12-07 22:42:36+01:00,0,NO_5,Unplanned outage,A03,,2019-12-07 22:40:00+01:00,AD7kgNdzRgu-FvbzPhIDRA,290.0,Hydro Water Reservoir,50WP000000003281,Jostedal,Jostedal,1,MAW,PT1M,3,2019-12-07 22:30:00+01:00
2019-12-11 18:22:59+01:00,104,NO_5,Unplanned outage,A03,,2019-12-11 18:00:00+01:00,oKQ8OcG62ah4ilflVH7pig,206.0,Hydro Water Reservoir,50WP00000000517Z,Nore 1,Nore 1,1,MAW,PT60M,2,2019-12-11 05:00:00+01:00
2019-12-28 11:41:18+01:00,0,NO_5,Unplanned outage,A03,,2019-12-28 09:00:00+01:00,Q6w06UYrIuIM2DF9ywlZQQ,290.0,Hydro Water Reservoir,50WP000000003281,Jostedal,Jostedal,1,MAW,PT15M,3,2019-12-28 08:45:00+01:00
2019-12-28 20:00:37+01:00,0,NO_5,Unplanned outage,A03,,2019-12-28 19:45:00+01:00,nTMX7Z-UdvodgcFKoH0L5A,290.0,Hydro Water Reservoir,50WP000000003281,Jostedal,Jostedal,1,MAW,PT1M,1,2019-12-28 19:38:00+01:00
2020-01-04 15:05:08+01:00,0,NO_5,Unplanned outage,A03,,2020-01-04 09:00:00+01:00,bn7Z-24l67bAumQvmB_fPQ,580.0,Hydro Water Reservoir,50WP000000008783,Lang Sima,Lang Sima,1,MAW,PT1M,3,2020-01-04 08:50:00+01:00
2020-01-04 15:05:29+01:00,0,NO_5,Unplanned outage,A03,,2020-01-04 14:15:00+01:00,OnoiD-7oOnxlmuhfi0WJEA,720.0,Hydro Water Reservoir,50WP000000008791,Sy-Sima,Sy-Sima,1,MAW,PT15M,3,2020-01-04 14:00:00+01:00
2020-02-07 13:46:18+01:00,187,NO_5,Unplanned outage,A03,,2020-02-07 13:45:00+01:00,dwvqlgm0lKH4yTqH6LsQmw,390.0,Hydro Water Reservoir,50WP00000000771L,Tyin,Tyin,1,MAW,PT15M,3,2020-02-07 13:30:00+01:00
2020-03-09 11:00:41+01:00,187,NO_5,Unplanned outage,A03,,2020-03-08 12:15:00+01:00,hmP0x2VCp7oESxg2ylIoZw,390.0,Hydro Water Reservoir,50WP00000000771L,Tyin,Tyin,1,MAW,PT1M,4,2020-03-08 12:12:00+01:00
2020-03-13 08:10:12+01:00,0,NO_5,Unplanned outage,A03,,2020-03-13 04:00:00+01:00,R4yaZlWHoQ20jNDIXhw5YQ,290.0,Hydro Water Reservoir,50WP000000003281,Jostedal,Jostedal,1,MAW,PT1M,2,2020-03-13 03:58:00+01:00
2020-03-25 01:02:56+01:00,0,NO_5,Unplanned outage,A03,,2020-03-25 01:00:00+01:00,1Y-1w8jMR_ToliBZ0imF-g,290.0,Hydro Water Reservoir,50WP000000003281,Jostedal,Jostedal,1,MAW,PT30M,1,2020-03-25 00:30:00+01:00
2020-05-08 15:13:38+02:00,105,NO_5,Unplanned outage,A03,,2020-05-15 15:00:00+02:00,fnai7CakZSescxtg0H51DA,212.0,Hydro Water Reservoir,50WP000000000673,Borgund,Borgund,1,MAW,PT60M,1,2020-05-15 09:00:00+02:00
2020-06-22 10:40:52+02:00,220,NO_5,Unplanned outage,A03,,2020-06-27 15:00:00+02:00,Rsz6qBpZvpyOralN-ijfUA,330.0,Hydro Water Reservoir,50WP00000000144B,Evanger,Evanger,1,MAW,PT60M,1,2020-06-27 07:00:00+02:00
2020-07-17 08:28:39+02:00,0,NO_5,Unplanned outage,A03,,2020-07-17 08:00:00+02:00,22uZ_KDXRNA5swkyJq-C8w,256.0,Hydro Water Reservoir,50WP000000004512,Mauranger,Mauranger,1,MAW,PT60M,3,2020-07-16 18:00:00+02:00
2020-08-04 11:38:42+02:00,105,NO_5,Unplanned outage,A03,,2020-08-04 15:00:00+02:00,Uj2LYcfr29bW9f9wELBytw,212.0,Hydro Water Reservoir,50WP000000000673,Borgund,Borgund,1,MAW,PT60M,1,2020-08-04 12:00:00+02:00
2020-08-12 13:12:43+02:00,0,NO_5,Unplanned outage,A03,,2020-08-18 14:00:00+02:00,iX7Bvo5rKF3NYDfiDMEJPw,212.0,Hydro Water Reservoir,50WP000000000673,Borgund,Borgund,1,MAW,PT60M,1,2020-08-17 10:00:00+02:00
2020-09-27 02:52:56+02:00,0,NO_5,Unplanned outage,A03,,2020-09-27 02:00:00+02:00,CAbZsI_ibfy89THy7cJtIw,580.0,Hydro Water Reservoir,50WP000000008783,Lang Sima,Lang Sima,1,MAW,PT15M,3,2020-09-27 01:45:00+02:00
2020-09-30 10:01:13+02:00,0,NO_5,Unplanned outage,A03,,2020-09-30 10:00:00+02:00,01A7ZsrCpvdUoWI3VO3KAQ,290.0,Hydro Water Reservoir,50WP000000003281,Jostedal,Jostedal,1,MAW,PT1M,1,2020-09-30 09:49:00+02:00
2020-10-04 17:55:22+02:00,0,NO_5,Unplanned outage,A03,,2020-10-04 16:00:00+02:00,xA3y0LjrFYGkJJRygGG1IQ,290.0,Hydro Water Reservoir,50WP000000003281,Jostedal,Jostedal,1,MAW,PT1M,2,2020-10-04 15:55:00+02:00
2020-10-06 19:20:53+02:00,50,NO_5,Unplanned outage,A03,,2020-10-06 17:30:00+02:00,pI4iV_OEjQyEfMlfCjPQAw,206.0,Hydro Water Reservoir,50WP00000000517Z,Nore 1,Nore 1,1,MAW,PT1M,2,2020-10-06 17:26:00+02:00
2020-12-09 11:16:12+01:00,220,NO_5,Unplanned outage,A03,,2020-12-09 23:00:00+01:00,7z9K2kNTM-TCIF_AGKdSOw,330.0,Hydro Water Reservoir,50WP00000000144B,Evanger,Evanger,1,MAW,PT60M,3,2020-12-08 12:00:00+01:00
2020-12-14 13:38:29+01:00,0,NO_5,Unplanned outage,A03,,2020-12-14 12:15:00+01:00,WXYjDHaUE-ERQTc9Xuth3w,290.0,Hydro Water Reservoir,50WP000000003281,Jostedal,Jostedal,1,MAW,PT1M,2,2020-12-14 12:08:00+01:00
2020-12-16 11:13:18+01:00,219,NO_5,Unplanned outage,A03,,2020-12-16 11:00:00+01:00,jTGqgOTYfpz0YeYACRt9ww,290.0,Hydro Water Reservoir,50WP000000003281,Jostedal,Jostedal,1,MAW,PT60M,2,2020-12-15 22:00:00+01:00
2021-02-03 03:03:35+01:00,129,NO_5,Unplanned outage,A03,,2021-02-03 03:00:00+01:00,BJM8y8Q3U9TYdIgowMyEAw,206.0,Hydro Water Reservoir,50WP00000000517Z,Nore 1,Nore 1,1,MAW,PT1M,1,2021-02-03 02:50:00+01:00
2021-02-26 21:08:25+01:00,0,NO_5,Unplanned outage,A03,,2021-02-26 20:15:00+01:00,yvbAIJo2WjsHutq9DCS87g,290.0,Hydro Water Reservoir,50WP000000003281,Jostedal,Jostedal,1,MAW,PT1M,1,2021-02-26 20:10:00+01:00
2021-03-09 14:54:40+01:00,187,NO_5,Unplanned outage,A03,,2021-03-09 15:00:00+01:00,0h1roBQ0B6ZuYOEwSREI-g,390.0,Hydro Water Reservoir,50WP00000000771L,Tyin,Tyin,1,MAW,PT60M,4,2021-03-09 00:00:00+01:00
2021-06-13 11:21:18+02:00,0,NO_5,Unplanned outage,A03,,2021-06-13 11:00:00+02:00,KaHXcHwqMahdsMfvu6jfZA,290.0,Hydro Water Reservoir,50WP000000003281,Jostedal,Jostedal,1,MAW,PT60M,2,2021-06-13 07:00:00+02:00
2021-06-18 11:31:14+02:00,105,NO_5,Unplanned outage,A03,,2021-06-23 18:00:00+02:00,rUO-dgjigzN2uoL7edHgTQ,212.0,Hydro Water Reservoir,50WP000000000673,Borgund,Borgund,1,MAW,PT60M,1,2021-06-23 08:00:00+02:00
2021-07-18 19:01:48+02:00,0,NO_5,Unplanned outage,A03,,2021-07-18 16:30:00+02:00,FDWu5KH-yu2OZ-hL9Q6INw,290.0,Hydro Water Reservoir,50WP000000003281,Jostedal,Jostedal,1,MAW,PT15M,3,2021-07-18 16:15:00+02:00
2021-07-27 11:09:45+02:00,0,NO_5,Unplanned outage,A03,,2021-07-27 08:45:00+02:00,OCulA92BCvNLiB4Qk08jDA,580.0,Hydro Water Reservoir,50WP000000008783,Lang Sima,Lang Sima,1,MAW,PT1M,3,2021-07-27 08:44:00+02:00
2021-08-12 13:48:15+02:00,180,NO_5,Unplanned outage,A03,,2021-08-12 09:00:00+02:00,7b5vdcvDLmHZPFn9yceVqg,330.0,Hydro Water Reservoir,50WP00000000144B,Evanger,Evanger,1,MAW,PT30M,2,2021-08-12 08:30:00+02:00
2021-11-05 10:01:57+01:00,0,NO_5,Unplanned outage,A03,,2021-11-06 12:00:00+01:00,DseZR9nPp9r8rQV7e9GWKw,212.0,Hydro Water Reservoir,50WP000000000673,Borgund,Borgund,1,MAW,PT60M,2,2021-10-27 08:00:00+02:00
2021-12-25 23:12:06+01:00,100,NO_5,Unplanned outage,A03,,2021-12-25 22:30:00+01:00,TYaz0lQNgozU6cyqYsxv6A,196.0,Hydro Water Reservoir,50WP000000016883,Usta,Usta Kraftstasjon,1,MAW,PT30M,2,2021-12-25 21:30:00+01:00
2022-05-01 08:46:12+02:00,0,NO_5,Unplanned outage,A03,,2022-05-01 08:30:00+02:00,-CsFxQDdDcxlQiBQTVTQlQ,256.0,Hydro Water Reservoir,50WP000000004512,Mauranger,Mauranger,1,MAW,PT30M,2,2022-05-01 07:30:00+02:00
2022-05-19 09:08:31+02:00,0,NO_5,Unplanned outage,A03,,2022-05-23 07:00:00+02:00,iYcwxn-5S_BD5z1U0oYPyA,330.0,Hydro Water Reservoir,50WP00000000144B,Evanger,Evanger,1,MAW,PT60M,1,2022-05-20 20:00:00+02:00
2022-05-24 10:30:44+02:00,0,NO_5,Unplanned outage,A03,,2022-05-24 15:00:00+02:00,iik26UiIb1e_qLz2wVfEkA,290.0,Hydro Water Reservoir,50WP000000003281,Jostedal,Jostedal,1,MAW,PT60M,1,2022-05-24 12:00:00+02:00
2022-05-28 12:00:12+02:00,0,NO_5,Unplanned outage,A03,,2022-05-27 20:00:00+02:00,K8bKjEMb8_AwEi0G8UES0A,580.0,Hydro Water Reservoir,50WP000000008783,Lang Sima,Lang Sima,1,MAW,PT1M,2,2022-05-27 19:48:00+02:00
