2015-01-27 00:21:42+01:00,98.4,CZ,Unplanned outage,A03,,2015-01-28 00:00:00+01:00,3xPMOwXUBOXgG2K13Zzfpw,381.0,Fossil Brown coal/Lignite,27W-PU-EPR1----3,Prunéřov 1,EPR1_______,1,MAW,PT1M,1,2015-01-27 14:00:00+01:00
2015-01-27 07:32:34+01:00,196.7,CZ,Unplanned outage,A03,,2015-01-28 05:00:00+01:00,ORksdzCJmq8XO9XDWzueYA,381.0,Fossil Brown coal/Lignite,27W-PU-EPR1----3,Prunéřov 1,EPR1_______,1,MAW,PT1M,1,2015-01-28 00:00:00+01:00
2015-01-27 07:33:34+01:00,196.7,CZ,Unplanned outage,A03,,2015-01-28 05:00:00+01:00,Yv2YvTt7MVAw-URDL9Y6Cw,381.0,Fossil Brown coal/Lignite,27W-PU-EPR1----3,Prunéřov 1,EPR1_______,1,MAW,PT1M,1,2015-01-28 00:00:00+01:00
2015-01-27 07:56:36+01:00,98.4,CZ,Unplanned outage,A03,,2015-01-28 00:00:00+01:00,wRT7y2Y7Nh1MkFG8kXq6DQ,381.0,Fossil Brown coal/Lignite,27W-PU-EPR1----3,Prunéřov 1,EPR1_______,1,MAW,PT1M,1,2015-01-27 21:00:00+01:00
2015-01-27 16:31:36+01:00,295,CZ,Unplanned outage,A03,,2015-01-28 05:00:00+01:00,Mw_9uPGVy5Miai3aL-eUsQ,381.0,Fossil Brown coal/Lignite,27W-PU-EPR1----3,Prunéřov 1,EPR1_______,1,MAW,PT1M,1,2015-01-28 00:00:00+01:00
2015-01-28 00:53:34+01:00,211.1,CZ,Unplanned outage,A03,,2015-01-28 06:00:00+01:00,0QfvQbFGsiaykgS3r_S4Jw,381.0,Fossil Brown coal/Lignite,27W-PU-EPR1----3,Prunéřov 1,EPR1_______,1,MAW,PT1M,1,2015-01-28 01:00:00+01:00
2015-01-28 01:53:37+01:00,112.7,CZ,Unplanned outage,A03,,2015-01-28 08:00:00+01:00,UgY0VDmdkoimfcYuqzXYhg,381.0,Fossil Brown coal/Lignite,27W-PU-EPR1----3,Prunéřov 1,EPR1_______,1,MAW,PT1M,1,2015-01-28 04:00:00+01:00
2015-01-30 10:02:50+01:00,98.3,CZ,Unplanned outage,A03,,2015-01-31 12:00:00+01:00,4MsQC0BougRPs0gwlmNZBA,381.0,Fossil Brown coal/Lignite,27W-PU-EPR1----3,Prunéřov 1,EPR1_______,1,MAW,PT1M,1,2015-01-30 13:00:00+01:00
2015-01-30 10:22:34+01:00,210.9,CZ,Unplanned outage,A03,,2015-01-30 13:00:00+01:00,SnbwHKzRiUMTSjRe8c7Kbg,381.0,Fossil Brown coal/Lignite,27W-PU-EPR1----3,Prunéřov 1,EPR1_______,1,MAW,PT1M,1,2015-01-30 11:00:00+01:00
2015-01-30 10:22:35+01:00,98.3,CZ,Unplanned outage,A03,,2015-01-31 10:00:00+01:00,M0nf7zWCI8wixrXIbpyq4A,381.0,Fossil Brown coal/Lignite,27W-PU-EPR1----3,Prunéřov 1,EPR1_______,1,MAW,PT1M,1,2015-01-30 13:00:00+01:00
2015-02-08 12:34:27+01:00,48,CZ,Unplanned outage,A03,,2015-02-08 16:00:00+01:00,DiMAlQ6QRBOW8Xv-aJz1WA,381.0,Fossil Brown coal/Lignite,27W-PU-EPR1----3,Prunéřov 1,EPR1_______,1,MAW,PT1M,1,2015-02-08 15:00:00+01:00
2015-02-08 13:18:22+01:00,146.3,CZ,Unplanned outage,A03,,2015-02-08 16:00:00+01:00,hH6nopW8L0dRawld6CybRg,381.0,Fossil Brown coal/Lignite,27W-PU-EPR1----3,Prunéřov 1,EPR1_______,1,MAW,PT1M,1,2015-02-08 15:00:00+01:00
2015-02-08 13:18:25+01:00,98.3,CZ,Unplanned outage,A03,,2015-02-08 21:00:00+01:00,T4HQe8GI1vZoBDC8jJ2CMw,381.0,Fossil Brown coal/Lignite,27W-PU-EPR1----3,Prunéřov 1,EPR1_______,1,MAW,PT1M,1,2015-02-08 16:00:00+01:00
2015-02-08 13:30:37+01:00,160.7,CZ,Unplanned outage,A03,,2015-02-08 15:00:00+01:00,nCx-7Jl78cvF6nzmAmBpvw,381.0,Fossil Brown coal/Lignite,27W-PU-EPR1----3,Prunéřov 1,EPR1_______,1,MAW,PT1M,1,2015-02-08 14:00:00+01:00
2015-02-08 15:32:53+01:00,98.4,CZ,Unplanned outage,A03,,2015-02-09 00:00:00+01:00,S144Rocj6XeX63K1oBoKnw,381.0,Fossil Brown coal/Lignite,27W-PU-EPR1----3,Prunéřov 1,EPR1_______,1,MAW,PT1M,1,2015-02-08 21:00:00+01:00
2015-02-08 19:12:46+01:00,98.4,CZ,Unplanned outage,A03,,2015-02-09 00:00:00+01:00,lPbCPdldkAyCknQUFsKLaA,381.0,Fossil Brown coal/Lignite,27W-PU-EPR1----3,Prunéřov 1,EPR1_______,1,MAW,PT1M,1,2015-02-08 21:00:00+01:00
2015-02-08 19:32:00+01:00,98.3,CZ,Unplanned outage,A03,,2015-02-08 21:00:00+01:00,EWcsqvyyU6-aKaHKKcbmLA,381.0,Fossil Brown coal/Lignite,27W-PU-EPR1----3,Prunéřov 1,EPR1_______,1,MAW,PT1M,1,2015-02-08 20:00:00+01:00
2015-02-15 12:55:13+01:00,98.3,CZ,Unplanned outage,A03,,2015-02-16 14:00:00+01:00,LHN0a3jpy_zTOScnnpEnjA,381.0,Fossil Brown coal/Lignite,27W-PU-EPR1----3,Prunéřov 1,EPR1_______,1,MAW,PT1M,1,2015-02-16 00:00:00+01:00
2015-02-15 19:03:49+01:00,211.1,CZ,Unplanned outage,A03,,2015-02-15 22:00:00+01:00,vB6xs0oWwRIZwB4jJIY8Qg,381.0,Fossil Brown coal/Lignite,27W-PU-EPR1----3,Prunéřov 1,EPR1_______,1,MAW,PT1M,1,2015-02-15 21:00:00+01:00
2015-02-16 00:52:35+01:00,98.3,CZ,Unplanned outage,A03,,2015-02-16 14:00:00+01:00,IeQeAe0Fv0uYaACcXrX6_g,381.0,Fossil Brown coal/Lignite,27W-PU-EPR1----3,Prunéřov 1,EPR1_______,1,MAW,PT1M,1,2015-02-16 08:00:00+01:00
2015-02-16 01:12:45+01:00,98.3,CZ,Unplanned outage,A03,,2015-02-16 14:00:00+01:00,NyzMz1G2lpruZLpmceVmhg,381.0,Fossil Brown coal/Lignite,27W-PU-EPR1----3,Prunéřov 1,EPR1_______,1,MAW,PT1M,1,2015-02-16 12:00:00+01:00
2015-02-16 02:13:35+01:00,98.3,CZ,Unplanned outage,A03,,2015-02-16 18:00:00+01:00,TPOrf-EhUDmpTbEIh90vJw,381.0,Fossil Brown coal/Lignite,27W-PU-EPR1----3,Prunéřov 1,EPR1_______,1,MAW,PT1M,1,2015-02-16 12:00:00+01:00
2015-02-16 07:03:36+01:00,98.3,CZ,Unplanned outage,A03,,2015-02-17 00:00:00+01:00,skQC12z_hMbGBUg-sqyvpg,381.0,Fossil Brown coal/Lignite,27W-PU-EPR1----3,Prunéřov 1,EPR1_______,1,MAW,PT1M,1,2015-02-16 12:00:00+01:00
2015-02-16 07:33:41+01:00,175.2,CZ,Unplanned outage,A03,,2015-02-16 10:00:00+01:00,YA_TzyqKZ2QwIvWCDWU36g,381.0,Fossil Brown coal/Lignite,27W-PU-EPR1----3,Prunéřov 1,EPR1_______,1,MAW,PT1M,1,2015-02-16 08:00:00+01:00
2015-02-16 19:41:31+01:00,112.7,CZ,Unplanned outage,A03,,2015-02-17 01:00:00+01:00,lSwLfUqE82x22SAESmoZEQ,381.0,Fossil Brown coal/Lignite,27W-PU-EPR1----3,Prunéřov 1,EPR1_______,1,MAW,PT1M,1,2015-02-16 21:00:00+01:00
2015-02-19 06:31:37+01:00,33.7,CZ,Unplanned outage,A03,,2015-02-19 06:30:00+01:00,iQ35GgKv4GVAtu5TQzakNw,381.0,Fossil Brown coal/Lignite,27W-PU-EPR1----3,Prunéřov 1,EPR1_______,1,MAW,PT1M,2,2015-02-18 22:00:00+01:00
2015-02-19 09:43:35+01:00,127.1,CZ,Unplanned outage,A03,,2015-02-19 18:00:00+01:00,hrviJtu7lxZggnEXrP51Mw,381.0,Fossil Brown coal/Lignite,27W-PU-EPR1----3,Prunéřov 1,EPR1_______,1,MAW,PT1M,1,2015-02-19 10:00:00+01:00
2015-02-19 09:51:39+01:00,132,CZ,Unplanned outage,A03,,2015-02-19 18:00:00+01:00,DGNdzhYt3m-JRaSVJYccNA,381.0,Fossil Brown coal/Lignite,27W-PU-EPR1----3,Prunéřov 1,EPR1_______,1,MAW,PT1M,1,2015-02-19 10:00:00+01:00
2015-02-19 18:13:38+01:00,33.7,CZ,Unplanned outage,A03,,2015-02-20 00:00:00+01:00,ToUeAa6mAttHZVzIZoFeyA,381.0,Fossil Brown coal/Lignite,27W-PU-EPR1----3,Prunéřov 1,EPR1_______,1,MAW,PT1M,1,2015-02-19 21:00:00+01:00
2015-02-19 18:13:39+01:00,132,CZ,Unplanned outage,A03,,2015-02-19 21:00:00+01:00,no9d9enVUJ0ThpG8c1dlCQ,381.0,Fossil Brown coal/Lignite,27W-PU-EPR1----3,Prunéřov 1,EPR1_______,1,MAW,PT1M,1,2015-02-19 19:00:00+01:00
2015-02-19 18:33:34+01:00,33.7,CZ,Unplanned outage,A03,,2015-02-20 19:00:00+01:00,9_79WpAtz0XEWLYEDpqocA,381.0,Fossil Brown coal/Lignite,27W-PU-EPR1----3,Prunéřov 1,EPR1_______,1,MAW,PT1M,1,2015-02-19 21:00:00+01:00
2015-02-19 21:11:40+01:00,33.7,CZ,Unplanned outage,A03,,2015-02-20 19:00:00+01:00,u6jaCQF-kcRIl5IPL7RCXQ,381.0,Fossil Brown coal/Lignite,27W-PU-EPR1----3,Prunéřov 1,EPR1_______,1,MAW,PT1M,1,2015-02-19 22:00:00+01:00
2015-02-19 22:26:36+01:00,33.7,CZ,Unplanned outage,A03,,2015-02-20 19:00:00+01:00,dUsE3pBNk6mMiDyFD2wa6A,381.0,Fossil Brown coal/Lignite,27W-PU-EPR1----3,Prunéřov 1,EPR1_______,1,MAW,PT1M,1,2015-02-19 22:30:00+01:00
2015-03-10 16:04:42+01:00,98.2,CZ,Unplanned outage,A03,,2015-03-11 00:00:00+01:00,HGv5idC-1j8i2Ooe2LqwAQ,381.0,Fossil Brown coal/Lignite,27W-PU-EPR1----3,Prunéřov 1,EPR1_______,1,MAW,PT1M,1,2015-03-10 20:00:00+01:00
2015-03-10 16:11:43+01:00,98.2,CZ,Unplanned outage,A03,,2015-03-11 06:00:00+01:00,LFbQQBHHDR-4caG0YK-4Tw,381.0,Fossil Brown coal/Lignite,27W-PU-EPR1----3,Prunéřov 1,EPR1_______,1,MAW,PT1M,1,2015-03-10 20:00:00+01:00
2015-03-10 20:34:48+01:00,196.5,CZ,Unplanned outage,A03,,2015-03-11 14:00:00+01:00,-waLisOtzGampz0veWm2-g,381.0,Fossil Brown coal/Lignite,27W-PU-EPR1----3,Prunéřov 1,EPR1_______,1,MAW,PT1M,1,2015-03-10 21:00:00+01:00
2015-03-11 08:43:34+01:00,235,CZ,Unplanned outage,A03,,2015-03-11 16:00:00+01:00,csjWDRQKDjAmYHFLvKHhgQ,381.0,Fossil Brown coal/Lignite,27W-PU-EPR1----3,Prunéřov 1,EPR1_______,1,MAW,PT1M,1,2015-03-11 09:00:00+01:00
2015-03-11 16:07:55+01:00,249.3,CZ,Unplanned outage,A03,,2015-03-11 20:00:00+01:00,LqqF-6zjiSvHHCqi26mgvw,381.0,Fossil Brown coal/Lignite,27W-PU-EPR1----3,Prunéřov 1,EPR1_______,1,MAW,PT1M,1,2015-03-11 17:00:00+01:00
2015-03-17 05:24:35+01:00,125.1,CZ,Unplanned outage,A03,,2015-03-17 18:00:00+01:00,i288J9G3_PcPoRZ45L6PXg,381.0,Fossil Brown coal/Lignite,27W-PU-EPR1----3,Prunéřov 1,EPR1_______,1,MAW,PT1M,1,2015-03-17 08:00:00+01:00
2015-03-17 15:33:44+01:00,139.5,CZ,Unplanned outage,A03,,2015-03-17 19:00:00+01:00,3E4HSDSssjBCDtWvoRoj9g,381.0,Fossil Brown coal/Lignite,27W-PU-EPR1----3,Prunéřov 1,EPR1_______,1,MAW,PT1M,1,2015-03-17 16:00:00+01:00
2015-03-27 21:17:00+01:00,98.2,CZ,Unplanned outage,A03,,2015-03-29 21:00:00+02:00,uHXGrlgSEu0QsGcueVTrPA,381.0,Fossil Brown coal/Lignite,27W-PU-EPR1----3,Prunéřov 1,EPR1_______,1,MAW,PT1M,1,2015-03-28 12:00:00+01:00
2015-03-28 11:45:39+01:00,98.2,CZ,Unplanned outage,A03,,2015-03-30 00:00:00+02:00,-0aj68MIUNiTucPgtsiiWg,381.0,Fossil Brown coal/Lignite,27W-PU-EPR1----3,Prunéřov 1,EPR1_______,1,MAW,PT1M,1,2015-03-28 12:00:00+01:00
2015-03-28 11:45:47+01:00,196.6,CZ,Unplanned outage,A03,,2015-03-30 18:00:00+02:00,YARfsh4AYXmmfCti_jZYHg,381.0,Fossil Brown coal/Lignite,27W-PU-EPR1----3,Prunéřov 1,EPR1_______,1,MAW,PT1M,1,2015-03-30 00:00:00+02:00
2015-03-28 11:45:48+01:00,112.6,CZ,Unplanned outage,A03,,2015-03-28 12:00:00+01:00,NfpqctEsWqvgySqeTOMmsQ,381.0,Fossil Brown coal/Lignite,27W-PU-EPR1----3,Prunéřov 1,EPR1_______,1,MAW,PT1M,1,2015-03-28 11:00:00+01:00
2015-03-29 07:38:36+02:00,211,CZ,Unplanned outage,A03,,2015-03-29 09:00:00+02:00,iSWOWbPeZyB2GKg9qoUZzA,381.0,Fossil Brown coal/Lignite,27W-PU-EPR1----3,Prunéřov 1,EPR1_______,1,MAW,PT1M,1,2015-03-29 08:00:00+02:00
2015-03-29 08:43:50+02:00,98.2,CZ,Unplanned outage,A03,,2015-03-30 18:00:00+02:00,EdpJvnbqbJRMOwYx21TK5w,381.0,Fossil Brown coal/Lignite,27W-PU-EPR1----3,Prunéřov 1,EPR1_______,1,MAW,PT1M,1,2015-03-30 12:00:00+02:00
2015-03-29 08:44:35+02:00,196.6,CZ,Unplanned outage,A03,,2015-03-30 12:00:00+02:00,oP5vHoQzUerCpkQYrziOwg,381.0,Fossil Brown coal/Lignite,27W-PU-EPR1----3,Prunéřov 1,EPR1_______,1,MAW,PT1M,1,2015-03-29 18:00:00+02:00
2015-03-30 05:11:57+02:00,98.2,CZ,Unplanned outage,A03,,2015-03-31 18:00:00+02:00,K5IqbYlySd8gGUbRAHukpQ,381.0,Fossil Brown coal/Lignite,27W-PU-EPR1----3,Prunéřov 1,EPR1_______,1,MAW,PT1M,1,2015-03-30 12:00:00+02:00
2015-03-30 08:36:30+02:00,98.2,CZ,Unplanned outage,A03,,2015-03-31 18:00:00+02:00,bRGgpxX4lTR7H_DkEo-eQw,381.0,Fossil Brown coal/Lignite,27W-PU-EPR1----3,Prunéřov 1,EPR1_______,1,MAW,PT1M,1,2015-03-30 15:00:00+02:00
2015-03-30 11:56:35+02:00,211,CZ,Unplanned outage,A03,,2015-03-30 15:00:00+02:00,N03BkSM2oSWjAx0TO7QD-Q,381.0,Fossil Brown coal/Lignite,27W-PU-EPR1----3,Prunéřov 1,EPR1_______,1,MAW,PT1M,1,2015-03-30 12:00:00+02:00
2015-03-30 13:20:51+02:00,98.2,CZ,Unplanned outage,A03,,2015-03-31 06:00:00+02:00,8C4LY47kvpi6NztOsJ93vw,381.0,Fossil Brown coal/Lignite,27W-PU-EPR1----3,Prunéřov 1,EPR1_______,1,MAW,PT1M,1,2015-03-30 15:00:00+02:00
2015-03-30 23:01:35+02:00,196.5,CZ,Unplanned outage,A03,,2015-03-31 08:00:00+02:00,jAiEnv3SY-GmGL87UuUZYg,381.0,Fossil Brown coal/Lignite,27W-PU-EPR1----3,Prunéřov 1,EPR1_______,1,MAW,PT1M,1,2015-03-31 00:00:00+02:00
2015-04-08 16:10:00+02:00,98.4,CZ,Unplanned outage,A03,,2015-04-09 16:00:00+02:00,98DYMBkZCxsOTzrtS_HRyQ,381.0,Fossil Brown coal/Lignite,27W-PU-EPR1----3,Prunéřov 1,EPR1_______,1,MAW,PT1M,1,2015-04-08 20:00:00+02:00
2015-04-08 16:37:13+02:00,98.4,CZ,Unplanned outage,A03,,2015-04-09 16:00:00+02:00,W3zfSER6gea71QYfkk3gDQ,381.0,Fossil Brown coal/Lignite,27W-PU-EPR1----3,Prunéřov 1,EPR1_______,1,MAW,PT1M,1,2015-04-09 00:00:00+02:00
2015-04-08 16:43:37+02:00,146.4,CZ,Unplanned outage,A03,,2015-04-09 00:00:00+02:00,yZ-lu6qcP0vjLTQrOl2rxQ,381.0,Fossil Brown coal/Lignite,27W-PU-EPR1----3,Prunéřov 1,EPR1_______,1,MAW,PT1M,1,2015-04-08 17:00:00+02:00
2015-04-08 19:34:54+02:00,112.8,CZ,Unplanned outage,A03,,2015-04-08 22:00:00+02:00,BkvG-mGnzYR_P53DGAhMBg,381.0,Fossil Brown coal/Lignite,27W-PU-EPR1----3,Prunéřov 1,EPR1_______,1,MAW,PT1M,1,2015-04-08 20:00:00+02:00
2015-04-09 19:44:38+02:00,28.8,CZ,Unplanned outage,A03,,2015-04-10 12:00:00+02:00,s5K918s2Hh5P5cecxVBkLA,381.0,Fossil Brown coal/Lignite,27W-PU-EPR1----3,Prunéřov 1,EPR1_______,1,MAW,PT1M,1,2015-04-10 03:00:00+02:00
2015-04-17 01:55:41+02:00,98.2,CZ,Unplanned outage,A03,,2015-04-17 06:00:00+02:00,19aL1B9mefRSST-EvjAx3Q,381.0,Fossil Brown coal/Lignite,27W-PU-EPR1----3,Prunéřov 1,EPR1_______,1,MAW,PT1M,1,2015-04-17 05:00:00+02:00
2015-04-17 01:55:42+02:00,112.6,CZ,Unplanned outage,A03,,2015-04-17 05:00:00+02:00,yb9Z7y3aU1JDg0eQ50Nl3A,381.0,Fossil Brown coal/Lignite,27W-PU-EPR1----3,Prunéřov 1,EPR1_______,1,MAW,PT1M,1,2015-04-17 02:00:00+02:00
2015-04-17 21:04:38+02:00,52.8,CZ,Unplanned outage,A03,,2015-04-18 02:00:00+02:00,Yz8mDzsyTob-oJjEv5c02Q,381.0,Fossil Brown coal/Lignite,27W-PU-EPR1----3,Prunéřov 1,EPR1_______,1,MAW,PT1M,1,2015-04-18 00:00:00+02:00
2015-05-16 23:36:07+02:00,98.4,CZ,Unplanned outage,A03,,2015-05-17 12:00:00+02:00,mqOKDPwNr9-SR_QlySY-vw,381.0,Fossil Brown coal/Lignite,27W-PU-EPR1----3,Prunéřov 1,EPR1_______,1,MAW,PT1M,1,2015-05-17 06:00:00+02:00
2015-05-21 15:02:46+02:00,196.6,CZ,Unplanned outage,A03,,2015-05-14 09:00:00+02:00,aPr7-6nvGWnpuW11oCG6Uw,381.0,Fossil Brown coal/Lignite,27W-PU-EPR1----3,Prunéřov 1,EPR1_______,1,MAW,PT1M,1,2015-05-13 02:30:00+02:00
2015-05-21 15:02:49+02:00,196.5,CZ,Unplanned outage,A03,,2015-05-17 06:00:00+02:00,H-YfPFZpIo200AGVRRWGAg,381.0,Fossil Brown coal/Lignite,27W-PU-EPR1----3,Prunéřov 1,EPR1_______,1,MAW,PT1M,1,2015-05-16 23:15:00+02:00
2015-05-21 15:02:52+02:00,182.1,CZ,Unplanned outage,A03,,2015-05-16 08:00:00+02:00,O7OtqU19aM3ok6_E4Glm4Q,381.0,Fossil Brown coal/Lignite,27W-PU-EPR1----3,Prunéřov 1,EPR1_______,1,MAW,PT1M,1,2015-05-16 05:15:00+02:00
2015-05-26 06:17:55+02:00,179.4,CZ,Unplanned outage,A03,,2015-05-26 06:15:00+02:00,ulZMGL4oOT2ZWQwK2lNb4g,360.0,Hydro Water Reservoir,27W-PU-EORK----8,Orlík,EORK_______,1,MAW,PT1M,3,2015-05-25 21:45:00+02:00
2015-05-26 15:41:04+02:00,37.1,CZ,Unplanned outage,A03,,2015-05-26 18:00:00+02:00,JKfoBD8k7xHujPPi3v75yQ,275.0,Fossil Brown coal/Lignite,27W-PU-EME1----7,Mělník 1,EME1_______,1,MAW,PT1M,1,2015-05-26 15:15:00+02:00
2015-06-03 11:59:37+02:00,196.5,CZ,Unplanned outage,A03,,2015-06-03 11:45:00+02:00,P7A0TbA-3BPrUYwSDn1y5Q,381.0,Fossil Brown coal/Lignite,27W-PU-EPR1----3,Prunéřov 1,EPR1_______,1,MAW,PT1M,2,2015-06-02 13:15:00+02:00
2015-06-03 16:59:36+02:00,196.5,CZ,Unplanned outage,A03,,2015-06-03 17:00:00+02:00,HCOw5nQIxIjbepTyf74Qew,381.0,Fossil Brown coal/Lignite,27W-PU-EPR1----3,Prunéřov 1,EPR1_______,1,MAW,PT1M,2,2015-06-03 16:15:00+02:00
2015-06-03 18:29:51+02:00,196.5,CZ,Unplanned outage,A03,,2015-06-03 20:00:00+02:00,irkXBVY2Xhy38_5794oFPg,381.0,Fossil Brown coal/Lignite,27W-PU-EPR1----3,Prunéřov 1,EPR1_______,1,MAW,PT1M,1,2015-06-03 18:00:00+02:00
2015-06-03 21:02:36+02:00,196.5,CZ,Unplanned outage,A03,,2015-06-03 20:45:00+02:00,BETgM_Ekb1hibcIHwDNpLA,381.0,Fossil Brown coal/Lignite,27W-PU-EPR1----3,Prunéřov 1,EPR1_______,1,MAW,PT1M,2,2015-06-03 20:15:00+02:00
2015-06-04 01:48:36+02:00,196.5,CZ,Unplanned outage,A03,,2015-06-04 18:00:00+02:00,pJqT9kPK8p6u7fnYR3jhJg,381.0,Fossil Brown coal/Lignite,27W-PU-EPR1----3,Prunéřov 1,EPR1_______,1,MAW,PT1M,2,2015-06-04 00:45:00+02:00
2015-06-06 22:45:48+02:00,98.2,CZ,Unplanned outage,A03,,2015-06-08 00:00:00+02:00,7yZy68cJCH0ctpg-zBe8TQ,381.0,Fossil Brown coal/Lignite,27W-PU-EPR1----3,Prunéřov 1,EPR1_______,1,MAW,PT1M,1,2015-06-07 00:00:00+02:00
2015-06-06 22:45:49+02:00,196.6,CZ,Unplanned outage,A03,,2015-06-06 23:00:00+02:00,6o9qpzqa-O7218rIqH1rMw,381.0,Fossil Brown coal/Lignite,27W-PU-EPR1----3,Prunéřov 1,EPR1_______,1,MAW,PT1M,6,2015-06-05 02:45:00+02:00
2015-06-07 06:18:45+02:00,196.6,CZ,Unplanned outage,A03,,2015-06-15 00:00:00+02:00,Y8T3SBPZaa3Ws5V7voVkwA,381.0,Fossil Brown coal/Lignite,27W-PU-EPR1----3,Prunéřov 1,EPR1_______,1,MAW,PT1M,1,2015-06-08 06:00:00+02:00
2015-06-07 17:09:57+02:00,196.6,CZ,Unplanned outage,A03,,2015-06-15 00:00:00+02:00,LinEUwmyQPBI8A6fqNG5MQ,381.0,Fossil Brown coal/Lignite,27W-PU-EPR1----3,Prunéřov 1,EPR1_______,1,MAW,PT1M,1,2015-06-08 00:00:00+02:00
2015-06-11 15:26:41+02:00,196.6,CZ,Unplanned outage,A03,,2015-06-11 16:00:00+02:00,MD4BiEjHgoh2sjUq1W2S7Q,381.0,Fossil Brown coal/Lignite,27W-PU-EPR1----3,Prunéřov 1,EPR1_______,1,MAW,PT1M,5,2015-06-08 00:00:00+02:00
2015-06-12 01:38:37+02:00,196.6,CZ,Unplanned outage,A03,,2015-06-12 08:00:00+02:00,cNn-8LVCpkEzuV7cdIEzMA,381.0,Fossil Brown coal/Lignite,27W-PU-EPR1----3,Prunéřov 1,EPR1_______,1,MAW,PT1M,1,2015-06-12 00:00:00+02:00
2015-06-12 07:00:14+02:00,196.6,CZ,Unplanned outage,A03,,2015-06-12 07:00:00+02:00,b30SVf8hr6WgFN8omOUyXA,381.0,Fossil Brown coal/Lignite,27W-PU-EPR1----3,Prunéřov 1,EPR1_______,1,MAW,PT1M,2,2015-06-12 00:00:00+02:00
2015-06-12 08:04:03+02:00,184.1,CZ,Unplanned outage,A03,,2015-06-12 09:00:00+02:00,a3CZvYaaaxVr_xXw2jSLzw,381.0,Fossil Brown coal/Lignite,27W-PU-EPR1----3,Prunéřov 1,EPR1_______,1,MAW,PT1M,1,2015-06-12 07:00:00+02:00
2015-06-12 09:52:38+02:00,98.2,CZ,Unplanned outage,A03,,2015-06-12 09:00:00+02:00,8_OzCkpt-9EE-KA6zp6_jw,381.0,Fossil Brown coal/Lignite,27W-PU-EPR1----3,Prunéřov 1,EPR1_______,1,MAW,PT1M,1,2015-06-12 07:45:00+02:00
2015-06-12 09:52:39+02:00,196.5,CZ,Unplanned outage,A03,,2015-06-12 10:00:00+02:00,tHArWuMUJL9WJNM_D9AA-w,381.0,Fossil Brown coal/Lignite,27W-PU-EPR1----3,Prunéřov 1,EPR1_______,1,MAW,PT1M,1,2015-06-12 09:00:00+02:00
2015-06-12 09:53:51+02:00,196.6,CZ,Unplanned outage,A03,,2015-06-12 08:00:00+02:00,uxILlcC-XsK2MZwhO5Rgfg,381.0,Fossil Brown coal/Lignite,27W-PU-EPR1----3,Prunéřov 1,EPR1_______,1,MAW,PT1M,1,2015-06-12 07:00:00+02:00
2015-06-12 10:02:33+02:00,196.5,CZ,Unplanned outage,A03,,2015-06-13 10:00:00+02:00,-BuSa8ANvUU5ELDmJR51bQ,381.0,Fossil Brown coal/Lignite,27W-PU-EPR1----3,Prunéřov 1,EPR1_______,1,MAW,PT1M,1,2015-06-12 09:00:00+02:00
2015-06-13 02:18:47+02:00,196.5,CZ,Unplanned outage,A03,,2015-06-13 16:00:00+02:00,qNTazWfOEpVRP70sbGd9Tw,381.0,Fossil Brown coal/Lignite,27W-PU-EPR1----3,Prunéřov 1,EPR1_______,1,MAW,PT1M,2,2015-06-12 09:00:00+02:00
2015-06-15 15:26:23+02:00,246.9,CZ,Unplanned outage,A03,,2015-06-15 22:00:00+02:00,Db-VrDWoKrkbESC9wxLTGQ,381.0,Fossil Brown coal/Lignite,27W-PU-EPR1----3,Prunéřov 1,EPR1_______,1,MAW,PT1M,1,2015-06-15 20:00:00+02:00
2015-06-15 16:10:47+02:00,148.5,CZ,Unplanned outage,A03,,2015-06-15 16:00:00+02:00,AlY1JAdKNjmkftJb6rCAQw,381.0,Fossil Brown coal/Lignite,27W-PU-EPR1----3,Prunéřov 1,EPR1_______,1,MAW,PT1M,2,2015-06-15 15:00:00+02:00
2015-06-16 08:14:34+02:00,179.4,CZ,Unplanned outage,A03,,2015-06-16 09:00:00+02:00,4z6Z5f89KSGmCubKgCYDiQ,360.0,Hydro Water Reservoir,27W-PU-EORK----8,Orlík,EORK_______,1,MAW,PT1M,1,2015-06-16 08:00:00+02:00
2015-07-07 07:22:34+02:00,275.8,CZ,Unplanned outage,A03,,2015-07-07 09:00:00+02:00,IISqmg_xkAoLyKagOkc-0w,381.0,Fossil Brown coal/Lignite,27W-PU-EPR1----3,Prunéřov 1,EPR1_______,1,MAW,PT1M,1,2015-07-07 07:00:00+02:00
2015-07-07 19:22:40+02:00,277.9,CZ,Unplanned outage,A03,,2015-07-07 19:15:00+02:00,B62Bx4UKkXvygiQYUauODA,381.0,Fossil Brown coal/Lignite,27W-PU-EPR1----3,Prunéřov 1,EPR1_______,1,MAW,PT1M,2,2015-07-07 18:15:00+02:00
2015-07-07 22:29:40+02:00,227.6,CZ,Unplanned outage,A03,,2015-07-07 21:45:00+02:00,kMXYJEsGKX3ZlTI44h9ELQ,381.0,Fossil Brown coal/Lignite,27W-PU-EPR1----3,Prunéřov 1,EPR1_______,1,MAW,PT1M,5,2015-07-07 19:00:00+02:00
2015-07-07 21:44:15+02:00,179.6,CZ,Unplanned outage,A03,,2015-07-08 01:00:00+02:00,CJJnSskwOzbDUAPECTvCmQ,381.0,Fossil Brown coal/Lignite,27W-PU-EPR1----3,Prunéřov 1,EPR1_______,1,MAW,PT1M,1,2015-07-08 00:00:00+02:00
2015-07-07 23:10:51+02:00,227.6,CZ,Unplanned outage,A03,,2015-07-08 07:00:00+02:00,rwAZhZeXO5PLUffnk_PFww,381.0,Fossil Brown coal/Lignite,27W-PU-EPR1----3,Prunéřov 1,EPR1_______,1,MAW,PT1M,1,2015-07-08 01:00:00+02:00
2015-07-08 03:52:40+02:00,256.5,CZ,Unplanned outage,A03,,2015-07-08 04:00:00+02:00,zmef1VLZO1bjAp8WwZ8MAw,381.0,Fossil Brown coal/Lignite,27W-PU-EPR1----3,Prunéřov 1,EPR1_______,1,MAW,PT1M,3,2015-07-08 01:00:00+02:00
2015-07-08 03:52:42+02:00,256.5,CZ,Unplanned outage,A03,,2015-07-08 18:00:00+02:00,BANabCS2tCPUEBt0rZJiiQ,381.0,Fossil Brown coal/Lignite,27W-PU-EPR1----3,Prunéřov 1,EPR1_______,1,MAW,PT1M,1,2015-07-08 12:00:00+02:00
2015-07-08 08:02:40+02:00,237.3,CZ,Unplanned outage,A03,,2015-07-08 08:00:00+02:00,6cv_Ndp7pPohzU3tly7BuQ,381.0,Fossil Brown coal/Lignite,27W-PU-EPR1----3,Prunéřov 1,EPR1_______,1,MAW,PT1M,2,2015-07-08 03:45:00+02:00
2015-07-08 10:52:58+02:00,237.3,CZ,Unplanned outage,A03,,2015-07-09 00:00:00+02:00,x9-1TEMdocv2YeoJpEnPcw,381.0,Fossil Brown coal/Lignite,27W-PU-EPR1----3,Prunéřov 1,EPR1_______,1,MAW,PT1M,1,2015-07-08 20:00:00+02:00
2015-07-08 16:32:35+02:00,256.5,CZ,Unplanned outage,A03,,2015-07-09 06:00:00+02:00,WFrw7DlsbH2BZjm-VOyz1g,381.0,Fossil Brown coal/Lignite,27W-PU-EPR1----3,Prunéřov 1,EPR1_______,1,MAW,PT1M,1,2015-07-08 20:00:00+02:00
2015-07-08 19:32:35+02:00,256.5,CZ,Unplanned outage,A03,,2015-07-08 18:45:00+02:00,8ahILqdkahcOZwhQ3nTdsQ,381.0,Fossil Brown coal/Lignite,27W-PU-EPR1----3,Prunéřov 1,EPR1_______,1,MAW,PT1M,4,2015-07-08 08:00:00+02:00
2015-07-08 19:32:36+02:00,196.5,CZ,Unplanned outage,A03,,2015-07-09 19:00:00+02:00,AbM0ixHKPMtkgYxZFC2nqQ,381.0,Fossil Brown coal/Lignite,27W-PU-EPR1----3,Prunéřov 1,EPR1_______,1,MAW,PT1M,1,2015-07-09 12:00:00+02:00
2015-07-08 20:02:35+02:00,196.5,CZ,Unplanned outage,A03,,2015-07-09 06:00:00+02:00,IjvDg7FRSQvcw9CcY2tTqA,381.0,Fossil Brown coal/Lignite,27W-PU-EPR1----3,Prunéřov 1,EPR1_______,1,MAW,PT1M,1,2015-07-08 20:00:00+02:00
2015-07-09 01:02:35+02:00,160,CZ,Unplanned outage,A03,,2015-07-09 12:00:00+02:00,tr4LAYet4B4sfQH8bsmHdw,381.0,Fossil Brown coal/Lignite,27W-PU-EPR1----3,Prunéřov 1,EPR1_______,1,MAW,PT1M,1,2015-07-09 06:00:00+02:00
2015-07-09 11:01:46+02:00,196.5,CZ,Unplanned outage,A03,,2015-07-10 00:00:00+02:00,dJogYzB53Y6tkBv7dE-xLg,381.0,Fossil Brown coal/Lignite,27W-PU-EPR1----3,Prunéřov 1,EPR1_______,1,MAW,PT1M,1,2015-07-09 12:00:00+02:00
2015-07-09 20:13:57+02:00,258.3,CZ,Unplanned outage,A03,,2015-07-10 03:00:00+02:00,2qthvj9YIYZBFEYhiZD7pA,381.0,Fossil Brown coal/Lignite,27W-PU-EPR1----3,Prunéřov 1,EPR1_______,1,MAW,PT1M,1,2015-07-10 00:00:00+02:00
2015-07-09 21:22:34+02:00,162.9,CZ,Unplanned outage,A03,,2015-07-09 20:30:00+02:00,zN6PYcClCSNVBY3encnDlA,381.0,Fossil Brown coal/Lignite,27W-PU-EPR1----3,Prunéřov 1,EPR1_______,1,MAW,PT1M,2,2015-07-09 20:00:00+02:00
2015-07-09 21:22:35+02:00,196.5,CZ,Unplanned outage,A03,,2015-07-09 22:00:00+02:00,JRY3su_8kgDm2ZieE_PCsg,381.0,Fossil Brown coal/Lignite,27W-PU-EPR1----3,Prunéřov 1,EPR1_______,1,MAW,PT1M,1,2015-07-09 20:15:00+02:00
2015-07-09 23:52:44+02:00,158.1,CZ,Unplanned outage,A03,,2015-07-09 23:00:00+02:00,kGu78AT2eZeKCyrO9_-bnA,381.0,Fossil Brown coal/Lignite,27W-PU-EPR1----3,Prunéřov 1,EPR1_______,1,MAW,PT1M,1,2015-07-09 22:00:00+02:00
2015-07-10 12:51:33+02:00,196.5,CZ,Unplanned outage,A03,,2015-07-10 17:00:00+02:00,HK0WG2UrP37oIkYWV8D4eg,381.0,Fossil Brown coal/Lignite,27W-PU-EPR1----3,Prunéřov 1,EPR1_______,1,MAW,PT1M,4,2015-07-10 03:00:00+02:00
2015-07-19 18:37:08+02:00,280.4,CZ,Unplanned outage,A03,,2015-07-20 00:00:00+02:00,En9pDLhhr7ijzR6KxF3oWg,381.0,Fossil Brown coal/Lignite,27W-PU-EPR1----3,Prunéřov 1,EPR1_______,1,MAW,PT1M,1,2015-07-19 21:00:00+02:00
2015-07-20 04:14:17+02:00,246.8,CZ,Unplanned outage,A03,,2015-07-20 03:30:00+02:00,z_LUntgiJpY6OaKTU0qcDQ,381.0,Fossil Brown coal/Lignite,27W-PU-EPR1----3,Prunéřov 1,EPR1_______,1,MAW,PT1M,3,2015-07-20 02:30:00+02:00
2015-07-20 04:22:55+02:00,246.8,CZ,Unplanned outage,A03,,2015-07-20 04:00:00+02:00,7psFO78Pgy-V6vQN-HSz0Q,381.0,Fossil Brown coal/Lignite,27W-PU-EPR1----3,Prunéřov 1,EPR1_______,1,MAW,PT1M,1,2015-07-20 03:30:00+02:00
2015-07-20 14:20:29+02:00,246.8,CZ,Unplanned outage,A03,,2015-07-20 16:00:00+02:00,uOkrTDtFlTbJA_nDiEQIEA,381.0,Fossil Brown coal/Lignite,27W-PU-EPR1----3,Prunéřov 1,EPR1_______,1,MAW,PT1M,1,2015-07-20 13:30:00+02:00
2015-07-22 19:02:35+02:00,148.5,CZ,Unplanned outage,A03,,2015-07-22 19:00:00+02:00,SN6gKKmX-Z2vG--l5j4OjA,381.0,Fossil Brown coal/Lignite,27W-PU-EPR1----3,Prunéřov 1,EPR1_______,1,MAW,PT1M,1,2015-07-22 18:45:00+02:00
2015-07-22 23:52:34+02:00,182.1,CZ,Unplanned outage,A03,,2015-07-24 00:00:00+02:00,9VAWg1n9aRa48S5bPVYK9Q,381.0,Fossil Brown coal/Lignite,27W-PU-EPR1----3,Prunéřov 1,EPR1_______,1,MAW,PT1M,1,2015-07-23 00:00:00+02:00
2015-07-23 16:22:06+02:00,182.1,CZ,Unplanned outage,A03,,2015-07-23 18:00:00+02:00,D5ufuswwB6fjc0I6tmYm6g,381.0,Fossil Brown coal/Lignite,27W-PU-EPR1----3,Prunéřov 1,EPR1_______,1,MAW,PT1M,1,2015-07-23 00:00:00+02:00
2015-08-02 22:52:36+02:00,172.5,CZ,Unplanned outage,A03,,2015-08-03 12:00:00+02:00,P3EIrDDCJ81MGUmgGq3zFw,381.0,Fossil Brown coal/Lignite,27W-PU-EPR1----3,Prunéřov 1,EPR1_______,1,MAW,PT1M,1,2015-08-03 11:00:00+02:00
2015-08-02 22:52:43+02:00,196.5,CZ,Unplanned outage,A03,,2015-08-03 08:00:00+02:00,eN28hshV5_fq_VGvpuECTA,381.0,Fossil Brown coal/Lignite,27W-PU-EPR1----3,Prunéřov 1,EPR1_______,1,MAW,PT1M,7,2015-07-31 23:00:00+02:00
2015-08-02 23:52:40+02:00,161,CZ,Unplanned outage,A03,,2015-08-03 16:00:00+02:00,I06t70DgYMtyI4_ai6A9dw,381.0,Fossil Brown coal/Lignite,27W-PU-EPR1----3,Prunéřov 1,EPR1_______,1,MAW,PT1M,1,2015-08-03 15:00:00+02:00
2015-08-02 23:52:41+02:00,158.1,CZ,Unplanned outage,A03,,2015-08-03 18:00:00+02:00,M2zpgSHeLlPb23O7XhohxQ,381.0,Fossil Brown coal/Lignite,27W-PU-EPR1----3,Prunéřov 1,EPR1_______,1,MAW,PT1M,1,2015-08-03 16:00:00+02:00
2015-08-02 23:52:42+02:00,172.5,CZ,Unplanned outage,A03,,2015-08-03 13:00:00+02:00,v3hbrr1o5f75PLyc1rU2OQ,381.0,Fossil Brown coal/Lignite,27W-PU-EPR1----3,Prunéřov 1,EPR1_______,1,MAW,PT1M,1,2015-08-03 11:00:00+02:00
2015-08-02 23:52:47+02:00,162.9,CZ,Unplanned outage,A03,,2015-08-03 15:00:00+02:00,Jwbd0llNx0k1frlFWNk_sw,381.0,Fossil Brown coal/Lignite,27W-PU-EPR1----3,Prunéřov 1,EPR1_______,1,MAW,PT1M,1,2015-08-03 13:00:00+02:00
2015-08-03 13:40:25+02:00,162.9,CZ,Unplanned outage,A03,,2015-08-03 19:00:00+02:00,scbvdDIn0QzyVZTeEoJEgA,381.0,Fossil Brown coal/Lignite,27W-PU-EPR1----3,Prunéřov 1,EPR1_______,1,MAW,PT1M,1,2015-08-03 18:00:00+02:00
2015-08-03 16:17:25+02:00,162.9,CZ,Unplanned outage,A03,,2015-08-03 20:00:00+02:00,T1eT6JpsaCppAgLrxI2sUg,381.0,Fossil Brown coal/Lignite,27W-PU-EPR1----3,Prunéřov 1,EPR1_______,1,MAW,PT1M,1,2015-08-03 18:00:00+02:00
2015-08-03 19:29:03+02:00,162.9,CZ,Unplanned outage,A03,,2015-08-03 19:00:00+02:00,1FfXCDB-ufop5wGWxATA_Q,381.0,Fossil Brown coal/Lignite,27W-PU-EPR1----3,Prunéřov 1,EPR1_______,1,MAW,PT1M,1,2015-08-03 18:00:00+02:00
2015-08-03 21:14:35+02:00,162.9,CZ,Unplanned outage,A03,,2015-08-03 22:00:00+02:00,NxkWcCGP9RND2ZVU2nET_w,381.0,Fossil Brown coal/Lignite,27W-PU-EPR1----3,Prunéřov 1,EPR1_______,1,MAW,PT1M,1,2015-08-03 20:30:00+02:00
2015-08-06 17:23:31+02:00,148.5,CZ,Unplanned outage,A03,,2015-08-07 00:00:00+02:00,LYpyFrX0tblYTveUXLreyg,381.0,Fossil Brown coal/Lignite,27W-PU-EPR1----3,Prunéřov 1,EPR1_______,1,MAW,PT1M,1,2015-08-06 18:00:00+02:00
2015-08-06 17:23:32+02:00,110.1,CZ,Unplanned outage,A03,,2015-08-06 18:00:00+02:00,Q42Q71LxtQ8tW4Iwd52H4w,381.0,Fossil Brown coal/Lignite,27W-PU-EPR1----3,Prunéřov 1,EPR1_______,1,MAW,PT1M,1,2015-08-06 17:15:00+02:00
2015-08-06 20:53:18+02:00,148.5,CZ,Unplanned outage,A03,,2015-08-06 20:15:00+02:00,9u8ob1d5Vi8pEv3ivyO_gg,381.0,Fossil Brown coal/Lignite,27W-PU-EPR1----3,Prunéřov 1,EPR1_______,1,MAW,PT1M,1,2015-08-06 18:00:00+02:00
2015-08-11 20:31:41+02:00,148.6,CZ,Unplanned outage,A03,,2015-08-11 21:00:00+02:00,d1KOmCEiU7IL_azxNOP8XQ,381.0,Fossil Brown coal/Lignite,27W-PU-EPR1----3,Prunéřov 1,EPR1_______,1,MAW,PT1M,2,2015-08-11 19:45:00+02:00
2015-08-11 23:32:31+02:00,98.3,CZ,Unplanned outage,A03,,2015-08-12 02:00:00+02:00,QFeyFujNgUHLETQds0eNiw,381.0,Fossil Brown coal/Lignite,27W-PU-EPR1----3,Prunéřov 1,EPR1_______,1,MAW,PT1M,1,2015-08-11 23:00:00+02:00
2015-08-12 21:19:10+02:00,196.5,CZ,Unplanned outage,A03,,2015-08-13 14:00:00+02:00,sywPrcSX8DTpqCG5v999FQ,381.0,Fossil Brown coal/Lignite,27W-PU-EPR1----3,Prunéřov 1,EPR1_______,1,MAW,PT1M,1,2015-08-13 06:00:00+02:00
2015-08-13 07:24:14+02:00,98.3,CZ,Unplanned outage,A03,,2015-08-13 18:00:00+02:00,u_iu2ACy5TN43bdmh3Xd-w,381.0,Fossil Brown coal/Lignite,27W-PU-EPR1----3,Prunéřov 1,EPR1_______,1,MAW,PT1M,4,2015-08-12 20:45:00+02:00
2015-08-13 13:16:32+02:00,196.5,CZ,Unplanned outage,A03,,2015-08-13 20:00:00+02:00,qT1FI0tTO9XLWE89WkLd4Q,381.0,Fossil Brown coal/Lignite,27W-PU-EPR1----3,Prunéřov 1,EPR1_______,1,MAW,PT1M,1,2015-08-13 18:00:00+02:00
2015-08-13 17:34:45+02:00,196.5,CZ,Unplanned outage,A03,,2015-08-13 22:00:00+02:00,UT6t8xZ6wLN1d0i0CLEkzw,381.0,Fossil Brown coal/Lignite,27W-PU-EPR1----3,Prunéřov 1,EPR1_______,1,MAW,PT1M,1,2015-08-13 18:00:00+02:00
2015-08-22 08:02:37+02:00,196.6,CZ,Unplanned outage,A03,,2015-08-22 09:00:00+02:00,33qdOYhs_2VZqvSD1qSeOA,381.0,Fossil Brown coal/Lignite,27W-PU-EPR1----3,Prunéřov 1,EPR1_______,1,MAW,PT1M,1,2015-08-22 07:30:00+02:00
2015-08-25 03:43:37+02:00,196.5,CZ,Unplanned outage,A03,,2015-08-25 04:00:00+02:00,5rY0I1OTRAo97aPC3UXXOA,381.0,Fossil Brown coal/Lignite,27W-PU-EPR1----3,Prunéřov 1,EPR1_______,1,MAW,PT1M,2,2015-08-24 08:15:00+02:00
2015-08-25 17:33:51+02:00,148.5,CZ,Unplanned outage,A03,,2015-08-25 19:00:00+02:00,RB8IIhwGvDKNSrhFcuKBGQ,381.0,Fossil Brown coal/Lignite,27W-PU-EPR1----3,Prunéřov 1,EPR1_______,1,MAW,PT1M,1,2015-08-25 17:15:00+02:00
2015-08-26 02:22:49+02:00,98.3,CZ,Unplanned outage,A03,,2015-08-26 03:00:00+02:00,lpUvSWpnu5CAEicOlVL-FQ,381.0,Fossil Brown coal/Lignite,27W-PU-EPR1----3,Prunéřov 1,EPR1_______,1,MAW,PT1M,3,2015-08-26 02:00:00+02:00
2015-08-31 20:57:14+02:00,196.5,CZ,Unplanned outage,A03,,2015-08-31 21:00:00+02:00,wsnSdst-zeAYTJCE9Z5uuA,381.0,Fossil Brown coal/Lignite,27W-PU-EPR1----3,Prunéřov 1,EPR1_______,1,MAW,PT1M,3,2015-08-30 18:30:00+02:00
2015-09-06 19:29:46+02:00,196.6,CZ,Unplanned outage,A03,,2015-09-07 06:00:00+02:00,YjkwsERaGhIdowuFP8eDNw,381.0,Fossil Brown coal/Lignite,27W-PU-EPR1----3,Prunéřov 1,EPR1_______,1,MAW,PT1M,1,2015-09-06 20:00:00+02:00
2015-09-06 19:29:47+02:00,182.2,CZ,Unplanned outage,A03,,2015-09-06 20:00:00+02:00,_kyWz0QXyLxkmxMpVhz2bw,381.0,Fossil Brown coal/Lignite,27W-PU-EPR1----3,Prunéřov 1,EPR1_______,1,MAW,PT1M,1,2015-09-06 19:00:00+02:00
2015-09-08 04:02:20+02:00,196.6,CZ,Unplanned outage,A03,,2015-09-08 00:30:00+02:00,UgQXlBYwJzRlsW1X9SdVUQ,381.0,Fossil Brown coal/Lignite,27W-PU-EPR1----3,Prunéřov 1,EPR1_______,1,MAW,PT1M,4,2015-09-06 20:00:00+02:00
2015-09-08 05:32:31+02:00,56.7,CZ,Unplanned outage,A03,,2015-09-08 06:00:00+02:00,WopKss5oWPcVYfLAs-F7XQ,275.0,Fossil Brown coal/Lignite,27W-PU-EME1----7,Mělník 1,EME1_______,1,MAW,PT1M,2,2015-09-08 01:45:00+02:00
2015-09-09 03:40:02+02:00,196.6,CZ,Unplanned outage,A03,,2015-08-09 06:00:00+02:00,NYtLCFP9XhYDCCN0yEq6Cg,381.0,Fossil Brown coal/Lignite,27W-PU-EPR1----3,Prunéřov 1,EPR1_______,1,MAW,PT1M,3,2015-08-09 00:00:00+02:00
2015-09-09 09:51:08+02:00,98.2,CZ,Unplanned outage,A03,,2015-09-10 06:00:00+02:00,Pxh8-U8uD6J-AbZVNuwYcw,381.0,Fossil Brown coal/Lignite,27W-PU-EPR1----3,Prunéřov 1,EPR1_______,1,MAW,PT1M,1,2015-09-09 22:00:00+02:00
2015-09-09 09:51:09+02:00,196.5,CZ,Unplanned outage,A03,,2015-09-09 22:00:00+02:00,U_lqKQC9XP_YztAY0dBs1g,381.0,Fossil Brown coal/Lignite,27W-PU-EPR1----3,Prunéřov 1,EPR1_______,1,MAW,PT1M,2,2015-09-08 20:15:00+02:00
2015-09-10 00:03:12+02:00,98.2,CZ,Unplanned outage,A03,,2015-09-10 12:00:00+02:00,M3ntDLk06tpsp2HHLZC-Gw,381.0,Fossil Brown coal/Lignite,27W-PU-EPR1----3,Prunéřov 1,EPR1_______,1,MAW,PT1M,1,2015-09-09 22:00:00+02:00
2015-09-10 10:47:34+02:00,85.7,CZ,Unplanned outage,A03,,2015-09-10 15:00:00+02:00,3m5s-9x-t-fv4DkTPx6T1A,381.0,Fossil Brown coal/Lignite,27W-PU-EPR1----3,Prunéřov 1,EPR1_______,1,MAW,PT1M,1,2015-09-10 12:00:00+02:00
2015-09-10 13:42:46+02:00,184,CZ,Unplanned outage,A03,,2015-09-10 15:00:00+02:00,4ol9GYFPUl6IguWOAaYKQw,381.0,Fossil Brown coal/Lignite,27W-PU-EPR1----3,Prunéřov 1,EPR1_______,1,MAW,PT1M,1,2015-09-10 14:00:00+02:00
2015-09-10 19:19:43+02:00,184,CZ,Unplanned outage,A03,,2015-09-10 15:00:00+02:00,sKG-WOFPZMFCQaGLUbw5EQ,381.0,Fossil Brown coal/Lignite,27W-PU-EPR1----3,Prunéřov 1,EPR1_______,1,MAW,PT1M,2,2015-09-10 14:00:00+02:00
2015-09-10 20:05:27+02:00,85.7,CZ,Unplanned outage,A03,,2015-09-10 16:00:00+02:00,veY2HkHNAmFZktPSnjQk3w,381.0,Fossil Brown coal/Lignite,27W-PU-EPR1----3,Prunéřov 1,EPR1_______,1,MAW,PT1M,1,2015-09-10 15:00:00+02:00
2015-09-10 20:57:28+02:00,196.5,CZ,Unplanned outage,A03,,2015-09-11 00:00:00+02:00,xEsP0R5FPyeh4IXMYqhb6w,381.0,Fossil Brown coal/Lignite,27W-PU-EPR1----3,Prunéřov 1,EPR1_______,1,MAW,PT1M,1,2015-09-10 17:00:00+02:00
2015-09-10 21:36:19+02:00,184,CZ,Unplanned outage,A03,,2015-09-10 18:00:00+02:00,rZQXdpA6JKUOInL_CmVh9g,381.0,Fossil Brown coal/Lignite,27W-PU-EPR1----3,Prunéřov 1,EPR1_______,1,MAW,PT1M,1,2015-09-10 17:00:00+02:00
2015-09-10 21:41:37+02:00,196.5,CZ,Unplanned outage,A03,,2015-09-10 20:00:00+02:00,Ih_pUHE4Ql1RDjzqZd3npA,381.0,Fossil Brown coal/Lignite,27W-PU-EPR1----3,Prunéřov 1,EPR1_______,1,MAW,PT1M,2,2015-09-10 18:00:00+02:00
2015-09-10 21:57:47+02:00,162.9,CZ,Unplanned outage,A03,,2015-09-11 00:00:00+02:00,eFbh881xADlLioTVGCR_5Q,381.0,Fossil Brown coal/Lignite,27W-PU-EPR1----3,Prunéřov 1,EPR1_______,1,MAW,PT1M,1,2015-09-10 20:00:00+02:00
2015-09-10 22:57:57+02:00,196.5,CZ,Unplanned outage,A03,,2015-09-11 00:00:00+02:00,H2VdUAO0IlFwkHoN9rvsjA,381.0,Fossil Brown coal/Lignite,27W-PU-EPR1----3,Prunéřov 1,EPR1_______,1,MAW,PT1M,1,2015-09-10 18:00:00+02:00
2015-09-11 02:23:01+02:00,196.5,CZ,Unplanned outage,A03,,2015-09-11 07:00:00+02:00,XeMRUXwkLR20n8kX2Dle8A,381.0,Fossil Brown coal/Lignite,27W-PU-EPR1----3,Prunéřov 1,EPR1_______,1,MAW,PT1M,2,2015-09-10 18:00:00+02:00
2015-09-20 19:13:22+02:00,196.5,CZ,Unplanned outage,A03,,2015-09-20 20:00:00+02:00,xDK2luLIusJZnaqsNOrR8g,381.0,Fossil Brown coal/Lignite,27W-PU-EPR1----3,Prunéřov 1,EPR1_______,1,MAW,PT1M,2,2015-09-20 15:30:00+02:00
2015-09-21 01:24:39+02:00,196.5,CZ,Unplanned outage,A03,,2015-09-21 18:00:00+02:00,YJosSQjQM8gbQtgE7HQrcw,381.0,Fossil Brown coal/Lignite,27W-PU-EPR1----3,Prunéřov 1,EPR1_______,1,MAW,PT1M,1,2015-09-21 02:00:00+02:00
2015-09-21 08:41:38+02:00,196.5,CZ,Unplanned outage,A03,,2015-09-21 08:45:00+02:00,3VwK9M_vE23JYRw7Oe9hBA,381.0,Fossil Brown coal/Lignite,27W-PU-EPR1----3,Prunéřov 1,EPR1_______,1,MAW,PT1M,1,2015-09-21 02:00:00+02:00
2015-09-21 09:09:19+02:00,83.8,CZ,Unplanned outage,A03,,2015-09-21 13:00:00+02:00,fTDipVE_y3RV01eDEjhPnQ,381.0,Fossil Brown coal/Lignite,27W-PU-EPR1----3,Prunéřov 1,EPR1_______,1,MAW,PT1M,1,2015-09-21 10:00:00+02:00
2015-09-21 09:09:20+02:00,98.2,CZ,Unplanned outage,A03,,2015-09-21 10:00:00+02:00,du19s34bKplUuZnDEgopRw,381.0,Fossil Brown coal/Lignite,27W-PU-EPR1----3,Prunéřov 1,EPR1_______,1,MAW,PT1M,2,2015-09-21 08:30:00+02:00
2015-09-21 12:55:47+02:00,196.5,CZ,Unplanned outage,A03,,2015-09-23 00:00:00+02:00,hebjc8s7Xvad093NCkJhYg,381.0,Fossil Brown coal/Lignite,27W-PU-EPR1----3,Prunéřov 1,EPR1_______,1,MAW,PT1M,1,2015-09-21 13:00:00+02:00
2015-09-21 19:22:38+02:00,196.5,CZ,Unplanned outage,A03,,2015-09-21 20:00:00+02:00,69U51ezFAA-gIcQacWAOiQ,381.0,Fossil Brown coal/Lignite,27W-PU-EPR1----3,Prunéřov 1,EPR1_______,1,MAW,PT1M,1,2015-09-21 13:00:00+02:00
2015-09-29 12:04:51+02:00,52,CZ,Unplanned outage,A03,,2015-09-29 06:00:00+02:00,qgvnHLN_N6iEDq1WfHVWKw,275.0,Fossil Brown coal/Lignite,27W-PU-EME1----7,Mělník 1,EME1_______,1,MAW,PT1M,1,2015-09-29 03:15:00+02:00
2015-09-29 13:00:32+02:00,61.3,CZ,Unplanned outage,A03,,2015-09-29 08:00:00+02:00,QBl8HvnLGJEfSImxMrmv2A,275.0,Fossil Brown coal/Lignite,27W-PU-EME1----7,Mělník 1,EME1_______,1,MAW,PT1M,1,2015-09-29 06:45:00+02:00
2015-09-29 13:02:16+02:00,196.6,CZ,Unplanned outage,A03,,2015-09-30 18:00:00+02:00,E7rHadWAT2xTDMIOC-R2Mw,381.0,Fossil Brown coal/Lignite,27W-PU-EPR1----3,Prunéřov 1,EPR1_______,1,MAW,PT1M,1,2015-09-30 00:00:00+02:00
2015-10-03 07:52:38+02:00,196.7,CZ,Unplanned outage,A03,,2015-10-04 14:00:00+02:00,mUwkseA5KKoV7GaZs7Bz3w,381.0,Fossil Brown coal/Lignite,27W-PU-EPR1----3,Prunéřov 1,EPR1_______,1,MAW,PT1M,1,2015-10-04 00:00:00+02:00
2015-10-03 10:02:38+02:00,196.5,CZ,Unplanned outage,A03,,2015-10-03 20:00:00+02:00,l5O9bBFduMntvCu0Lbv6rg,381.0,Fossil Brown coal/Lignite,27W-PU-EPR1----3,Prunéřov 1,EPR1_______,1,MAW,PT1M,1,2015-10-03 09:00:00+02:00
2015-10-04 17:32:44+02:00,196.7,CZ,Unplanned outage,A03,,2015-10-04 18:00:00+02:00,4rFpgwgJ5GjcEyXA_Z1VHw,381.0,Fossil Brown coal/Lignite,27W-PU-EPR1----3,Prunéřov 1,EPR1_______,1,MAW,PT1M,3,2015-10-04 00:00:00+02:00
2015-10-04 21:40:38+02:00,182.3,CZ,Unplanned outage,A03,,2015-10-04 22:00:00+02:00,K1-Cfa2l4aC4xBpYTvO1JA,381.0,Fossil Brown coal/Lignite,27W-PU-EPR1----3,Prunéřov 1,EPR1_______,1,MAW,PT1M,1,2015-10-04 21:30:00+02:00
2015-10-05 09:37:59+02:00,230.5,CZ,Unplanned outage,A03,,2015-10-06 10:00:00+02:00,rA4-Hp6iNdC6uUbumjrQAg,381.0,Fossil Brown coal/Lignite,27W-PU-EPR1----3,Prunéřov 1,EPR1_______,1,MAW,PT1M,1,2015-10-06 08:00:00+02:00
2015-10-05 12:56:50+02:00,230.5,CZ,Unplanned outage,A03,,2015-10-06 10:00:00+02:00,yGPVGZve0PAmq-PJhUqDlA,381.0,Fossil Brown coal/Lignite,27W-PU-EPR1----3,Prunéřov 1,EPR1_______,1,MAW,PT1M,1,2015-10-06 08:00:00+02:00
2015-10-05 12:56:54+02:00,266.1,CZ,Unplanned outage,A03,,2015-10-06 08:00:00+02:00,1riwtFl0t9pTePT1IJA8WQ,381.0,Fossil Brown coal/Lignite,27W-PU-EPR1----3,Prunéřov 1,EPR1_______,1,MAW,PT1M,1,2015-10-06 07:00:00+02:00
2015-10-06 01:43:37+02:00,237.3,CZ,Unplanned outage,A03,,2015-10-06 08:00:00+02:00,kwYr_3jDwKtlDsYoaLdLbw,381.0,Fossil Brown coal/Lignite,27W-PU-EPR1----3,Prunéřov 1,EPR1_______,1,MAW,PT1M,1,2015-10-06 07:00:00+02:00
2015-10-06 01:43:38+02:00,201.7,CZ,Unplanned outage,A03,,2015-10-06 10:00:00+02:00,SLtLhPXeuU_0h8tWrnyu-Q,381.0,Fossil Brown coal/Lignite,27W-PU-EPR1----3,Prunéřov 1,EPR1_______,1,MAW,PT1M,1,2015-10-06 08:00:00+02:00
2015-10-06 01:51:40+02:00,201.7,CZ,Unplanned outage,A03,,2015-10-06 14:00:00+02:00,rKZYiX6c4evmwiw0Quzq0Q,381.0,Fossil Brown coal/Lignite,27W-PU-EPR1----3,Prunéřov 1,EPR1_______,1,MAW,PT1M,1,2015-10-06 08:00:00+02:00
2015-10-06 04:52:38+02:00,266.1,CZ,Unplanned outage,A03,,2015-10-06 07:00:00+02:00,M-QAGmzWgjYzg-1VYeuSmQ,381.0,Fossil Brown coal/Lignite,27W-PU-EPR1----3,Prunéřov 1,EPR1_______,1,MAW,PT1M,1,2015-10-06 06:00:00+02:00
2015-10-06 08:22:38+02:00,242.1,CZ,Unplanned outage,A03,,2015-10-06 10:00:00+02:00,zyyvvxvNeeOVT8faz01Yww,381.0,Fossil Brown coal/Lignite,27W-PU-EPR1----3,Prunéřov 1,EPR1_______,1,MAW,PT1M,1,2015-10-06 09:00:00+02:00
2015-10-10 07:11:41+02:00,196.6,CZ,Unplanned outage,A03,,2015-10-10 12:00:00+02:00,kyUEYjtJEtF2tBTB_YBo-Q,381.0,Fossil Brown coal/Lignite,27W-PU-EPR1----3,Prunéřov 1,EPR1_______,1,MAW,PT1M,1,2015-10-10 08:00:00+02:00
2015-10-11 00:02:39+02:00,98.2,CZ,Unplanned outage,A03,,2015-09-10 12:00:00+02:00,PvBS8XgKutKaIta7_S18ww,381.0,Fossil Brown coal/Lignite,27W-PU-EPR1----3,Prunéřov 1,EPR1_______,1,MAW,PT1M,3,2015-09-10 00:00:00+02:00
2022-02-08 14:26:27+01:00,60,CZ,Unplanned outage,A03,,2021-06-05 12:00:00+02:00,ybQ7-gjoBPmoAW0KOWqWeg,239.0,Fossil Brown coal/Lignite,27W-PU-EVRE----P,357 43 Vřesová,EVRE_______,1,MAW,PT15M,1,2021-06-05 11:00:00+02:00
2022-02-24 08:53:20+01:00,60,CZ,Unplanned outage,A03,,2021-05-11 10:00:00+02:00,ptbkWGhfdQ17SII0d4go_w,239.0,Fossil Brown coal/Lignite,27W-PU-EVRE----P,357 43 Vřesová,EVRE_______,1,MAW,PT15M,1,2021-05-11 09:00:00+02:00
2022-02-24 08:53:23+01:00,60,CZ,Unplanned outage,A03,,2021-04-30 13:00:00+02:00,IbS70DfmsKW2u4rGn8mGMw,239.0,Fossil Brown coal/Lignite,27W-PU-EVRE----P,357 43 Vřesová,EVRE_______,1,MAW,PT15M,1,2021-04-30 12:00:00+02:00
2022-02-24 08:53:27+01:00,60,CZ,Unplanned outage,A03,,2021-02-18 16:00:00+01:00,LfR2EsMrQyh5rY2sObZPCg,239.0,Fossil Brown coal/Lignite,27W-PU-EVRE----P,357 43 Vřesová,EVRE_______,1,MAW,PT15M,1,2021-02-18 00:00:00+01:00
2022-02-24 08:53:30+01:00,60,CZ,Unplanned outage,A03,,2021-02-18 00:00:00+01:00,3qsGlF_9b6a2HINnf45t6g,239.0,Fossil Brown coal/Lignite,27W-PU-EVRE----P,357 43 Vřesová,EVRE_______,1,MAW,PT15M,1,2021-02-17 14:00:00+01:00
2022-02-24 08:53:45+01:00,0,CZ,Unplanned outage,A03,,2021-02-17 14:00:00+01:00,2ramg44CROHsr-POWOGCUg,239.0,Fossil Brown coal/Lignite,27W-PU-EVRE----P,357 43 Vřesová,EVRE_______,1,MAW,PT15M,1,2021-02-17 13:00:00+01:00
2021-09-06 06:20:34+02:00,120,CZ,Unplanned outage,A03,,2021-09-06 22:00:00+02:00,vHqWz6dXaLw7TkWVo5t8HA,239.0,Fossil Brown coal/Lignite,27W-PU-EVRE----P,357 43 Vřesová,EVRE_______,1,MAW,PT15M,1,2021-09-05 11:00:00+02:00
2021-09-20 09:21:32+02:00,120,CZ,Unplanned outage,A03,,2021-09-20 10:00:00+02:00,eoirgoKuxhmFBuVle9AYvQ,239.0,Fossil Brown coal/Lignite,27W-PU-EVRE----P,357 43 Vřesová,EVRE_______,1,MAW,PT15M,1,2021-09-20 09:00:00+02:00
2022-01-04 14:01:34+01:00,90,CZ,Unplanned outage,A03,,2022-01-05 00:00:00+01:00,cUEGK0jYboyOew0XyQHJkA,239.0,Fossil Brown coal/Lignite,27W-PU-EVRE----P,357 43 Vřesová,EVRE_______,1,MAW,PT15M,1,2022-01-04 14:00:00+01:00
2022-01-05 06:57:31+01:00,90,CZ,Unplanned outage,A03,,2022-01-05 07:00:00+01:00,yNOwrMa8t5PgI1_di-pxFg,239.0,Fossil Brown coal/Lignite,27W-PU-EVRE----P,357 43 Vřesová,EVRE_______,1,MAW,PT15M,1,2022-01-05 06:00:00+01:00
2022-01-05 08:21:31+01:00,90,CZ,Unplanned outage,A03,,2022-01-06 00:00:00+01:00,U49AxsCdg3N2xMQ2sFEN9w,239.0,Fossil Brown coal/Lignite,27W-PU-EVRE----P,357 43 Vřesová,EVRE_______,1,MAW,PT15M,1,2022-01-05 08:00:00+01:00
2022-01-31 05:12:31+01:00,195,CZ,Unplanned outage,A03,,2022-02-02 00:00:00+01:00,227nE3VfTKjtLKONBRpKMw,239.0,Fossil Brown coal/Lignite,27W-PU-EVRE----P,357 43 Vřesová,EVRE_______,1,MAW,PT15M,1,2022-02-01 05:00:00+01:00
2022-02-21 14:57:31+01:00,155,CZ,Unplanned outage,A03,,2022-02-21 16:00:00+01:00,rF6SLb3iWeEQIcD4HcQZLw,239.0,Fossil Brown coal/Lignite,27W-PU-EVRE----P,357 43 Vřesová,EVRE_______,1,MAW,PT15M,3,2022-02-21 00:00:00+01:00
