2015-01-02 06:26:15+01:00,250,DK_CA,Unplanned outage,A03,,2015-01-02 06:20:00+01:00,ztlGQincjpV8IGrilsTmNw,815.0,Fossil Gas,45V0000000000091,Denmark,Avedoerevaerket,1,MAW,PT1M,2,2015-01-02 04:34:00+01:00
2015-01-02 11:35:09+01:00,330,DK_CA,Unplanned outage,A03,,2015-01-02 15:00:00+01:00,69amexjq0Chs6qk0_EgvCw,815.0,Fossil Gas,45V0000000000091,Denmark,Avedoerevaerket,1,MAW,PT1M,2,2015-01-02 07:49:00+01:00
2015-01-11 14:45:34+01:00,70,DK_CA,Unplanned outage,A03,,2015-01-12 17:00:00+01:00,0cCRR5tdxN_VUhqLvmx_ww,330.0,Fossil Hard coal,45V000000000012C,Denmark,Amagervaerket,1,MAW,PT1M,2,2015-01-10 03:50:00+01:00
2015-01-18 20:58:25+01:00,380,DK_CA,Unplanned outage,A03,,2015-01-18 20:56:00+01:00,gEhhUuUlQCQqg3XgBwVAFg,730.0,Fossil Hard coal,45V0000000000148,Denmark,Studstrupvaerket,1,MAW,PT1M,2,2015-01-18 19:55:00+01:00
2015-01-22 07:46:15+01:00,380,DK_CA,Unplanned outage,A03,,2015-01-22 09:00:00+01:00,8nQJn8BgrBYwFGkNwTMElA,730.0,Fossil Hard coal,45V0000000000148,Denmark,Studstrupvaerket,1,MAW,PT1M,3,2015-01-22 03:05:00+01:00
2015-01-25 10:45:16+01:00,70,DK_CA,Unplanned outage,A03,,2015-01-25 15:00:00+01:00,w02PxYLhgRTw6toaOkKfVA,330.0,Fossil Hard coal,45V000000000012C,Denmark,Amagervaerket,1,MAW,PT1M,4,2015-01-24 06:30:00+01:00
2015-02-04 02:43:03+01:00,254,DK_CA,Unplanned outage,A03,,2015-02-04 04:00:00+01:00,2DqBBJow7HtIPJq2ePJKAw,815.0,Fossil Gas,45V0000000000091,Denmark,Avedoerevaerket,1,MAW,PT1M,5,2015-02-03 15:20:00+01:00
2015-02-07 00:36:37+01:00,254,DK_CA,Unplanned outage,A03,,2015-02-06 20:00:00+01:00,BENxvP_PZJzvj-TBkB33kw,815.0,Fossil Gas,45V0000000000091,Denmark,Avedoerevaerket,1,MAW,PT1M,2,2015-02-06 14:44:00+01:00
2015-02-07 02:02:51+01:00,254,DK_CA,Unplanned outage,A03,,2015-02-06 23:30:00+01:00,GuKyvLqDcMqxKXGs2MBC4Q,815.0,Fossil Gas,45V0000000000091,Denmark,Avedoerevaerket,1,MAW,PT1M,2,2015-02-06 21:21:00+01:00
2015-02-07 02:29:57+01:00,548,DK_CA,Unplanned outage,A03,,2015-02-07 01:00:00+01:00,5thDr2NTbwG1YBdeMkPIVg,815.0,Fossil Gas,45V0000000000091,Denmark,Avedoerevaerket,1,MAW,PT1M,6,2015-02-06 13:48:00+01:00
2015-02-07 02:51:13+01:00,548,DK_CA,Unplanned outage,A03,,2015-02-07 05:00:00+01:00,ZUTENcx5lM0kIBeYLnq7Gw,815.0,Fossil Gas,45V0000000000091,Denmark,Avedoerevaerket,1,MAW,PT1M,1,2015-02-07 02:04:00+01:00
2015-02-17 18:27:35+01:00,260,DK_CA,Unplanned outage,A03,,2015-02-17 18:24:00+01:00,srdSxTFXYN3mMmzNOmg9FQ,664.0,Fossil Oil,45V0000000000083,Denmark,Kyndbyvaerket,1,MAW,PT1M,2,2015-02-17 12:50:00+01:00
2015-02-18 20:10:28+01:00,692,DK_CA,Unplanned outage,A03,,2015-02-18 20:08:00+01:00,HCIB-NZBRqqbECL6hY-hZA,815.0,Fossil Gas,45V0000000000091,Denmark,Avedoerevaerket,1,MAW,PT1M,4,2015-02-18 11:03:00+01:00
2015-02-21 05:18:13+01:00,380,DK_CA,Unplanned outage,A03,,2015-02-21 05:15:00+01:00,pIsBAbLXdkLKectu-dgK4A,730.0,Fossil Hard coal,45V0000000000148,Denmark,Studstrupvaerket,1,MAW,PT1M,2,2015-02-21 01:58:00+01:00
2015-02-21 09:24:13+01:00,380,DK_CA,Unplanned outage,A03,,2015-02-21 09:14:00+01:00,qoyVwxWBCD9FRnfVe7bKxw,730.0,Fossil Hard coal,45V0000000000148,Denmark,Studstrupvaerket,1,MAW,PT1M,2,2015-02-21 06:52:00+01:00
2015-02-22 20:29:25+01:00,380,DK_CA,Unplanned outage,A03,,2015-02-22 20:27:00+01:00,Aofr9riE-wZqzOKLG6lGSA,730.0,Fossil Hard coal,45V0000000000148,Denmark,Studstrupvaerket,1,MAW,PT1M,2,2015-02-22 18:18:00+01:00
2015-02-23 15:49:03+01:00,380,DK_CA,Unplanned outage,A03,,2015-02-23 15:47:00+01:00,qUWipDGRm8mPTHgjW6yToQ,730.0,Fossil Hard coal,45V0000000000148,Denmark,Studstrupvaerket,1,MAW,PT1M,2,2015-02-23 14:55:00+01:00
2015-02-24 14:55:16+01:00,380,DK_CA,Unplanned outage,A03,,2015-02-24 14:47:00+01:00,hEWhtDIenjS2E0Vc7w84lQ,730.0,Fossil Hard coal,45V0000000000148,Denmark,Studstrupvaerket,1,MAW,PT1M,2,2015-02-23 23:32:00+01:00
2015-02-27 16:34:08+01:00,260,DK_CA,Unplanned outage,A03,,2015-02-27 16:30:00+01:00,6zlKXzXLUIrvWTXojL4TEw,664.0,Fossil Oil,45V0000000000083,Denmark,Kyndbyvaerket,1,MAW,PT1M,3,2015-02-27 12:53:00+01:00
2015-03-03 01:25:26+01:00,265,DK_CA,Unplanned outage,A03,,2015-03-03 01:21:00+01:00,m_h9KVku-TzSd_3D8dAYuw,407.1,Fossil Hard coal,45V000000000013A,Denmark,Fynsvaerket,1,MAW,PT1M,2,2015-03-02 22:55:00+01:00
2015-03-06 17:44:28+01:00,260,DK_CA,Unplanned outage,A03,,2015-03-06 17:38:00+01:00,NEApttTU5tpAq7Q3OBagFw,664.0,Fossil Oil,45V0000000000083,Denmark,Kyndbyvaerket,1,MAW,PT1M,3,2015-03-05 17:57:00+01:00
2015-03-23 09:24:17+01:00,0,DK_CA,Unplanned outage,A03,,2015-03-23 12:59:00+01:00,uJWUsRFh5jYMwaludkDf5w,399.6,Wind Offshore,45V000000000020D,Denmark,Anholt,1,MAW,PT1M,6,2015-02-21 13:25:00+01:00
2015-03-28 11:22:00+01:00,274,DK_CA,Unplanned outage,A03,,2015-03-25 18:00:00+01:00,TarSK53UzpdKHiWGgiUDFQ,399.6,Wind Offshore,45V000000000020D,Denmark,Anholt,1,MAW,PT1M,5,2015-03-24 13:00:00+01:00
2015-03-29 08:15:51+02:00,35,DK_CA,Unplanned outage,A03,,2015-03-29 08:10:00+02:00,Tj0KeYp0dcER9z7-D60-JQ,407.1,Fossil Hard coal,45V000000000013A,Denmark,Fynsvaerket,1,MAW,PT1M,2,2015-03-29 04:57:00+02:00
2015-04-06 15:23:27+02:00,70,DK_CA,Unplanned outage,A03,,2015-04-06 21:00:00+02:00,Tc6ruzAE3-4hJu4-y3huDg,330.0,Fossil Hard coal,45V000000000012C,Denmark,Amagervaerket,1,MAW,PT1M,1,2015-04-06 15:09:00+02:00
2015-04-08 08:03:38+02:00,640,DK_CA,Unplanned outage,A03,,2015-04-08 09:00:00+02:00,f7dX99h0dhGG9cGKzg_-Cw,787.0,Fossil Hard coal,45V000000000011E,Denmark,Asnaesvaerket,1,MAW,PT1M,2,2015-04-07 14:46:00+02:00
2015-04-12 19:25:36+02:00,70,DK_CA,Unplanned outage,A03,,2015-04-12 23:59:00+02:00,vzO2TJ4gkMTrmi7y4WslNQ,330.0,Fossil Hard coal,45V000000000012C,Denmark,Amagervaerket,1,MAW,PT1M,2,2015-04-12 18:00:00+02:00
2015-04-20 14:59:26+02:00,35,DK_CA,Unplanned outage,A03,,2015-04-20 16:00:00+02:00,h6uniCItE3LdAYGpqFAwrw,407.1,Fossil Hard coal,45V000000000013A,Denmark,Fynsvaerket,1,MAW,PT1M,1,2015-04-20 14:20:00+02:00
2015-04-21 06:02:29+02:00,35,DK_CA,Unplanned outage,A03,,2015-04-21 06:30:00+02:00,39mHmkMtpurcWumKRsMV3A,407.1,Fossil Hard coal,45V000000000013A,Denmark,Fynsvaerket,1,MAW,PT1M,1,2015-04-21 05:13:00+02:00
2015-04-21 22:54:32+02:00,35,DK_CA,Unplanned outage,A03,,2015-04-21 23:59:00+02:00,UTiA9sehO9blUS51L_NLvg,407.1,Fossil Hard coal,45V000000000013A,Denmark,Fynsvaerket,1,MAW,PT1M,1,2015-04-21 22:45:00+02:00
2015-04-26 00:41:41+02:00,380,DK_CA,Unplanned outage,A03,,2015-04-26 01:00:00+02:00,kqyLNpbAzmwlR5xLzAeP8Q,730.0,Fossil Hard coal,45V0000000000148,Denmark,Studstrupvaerket,1,MAW,PT1M,1,2015-04-25 23:48:00+02:00
2015-04-27 07:58:30+02:00,254,DK_CA,Unplanned outage,A03,,2015-04-27 11:00:00+02:00,QwldBCJtIRPCnVeNcBeBdA,815.0,Fossil Gas,45V0000000000091,Denmark,Avedoerevaerket,1,MAW,PT1M,1,2015-04-27 07:41:00+02:00
2015-04-27 12:39:17+02:00,254,DK_CA,Unplanned outage,A03,,2015-04-27 12:37:00+02:00,1RemN8i2Ui7Mn6W9KZ8GOg,815.0,Fossil Gas,45V0000000000091,Denmark,Avedoerevaerket,1,MAW,PT1M,2,2015-04-27 11:44:00+02:00
2015-04-27 18:10:04+02:00,254,DK_CA,Unplanned outage,A03,,2015-04-27 18:06:00+02:00,LIIHZ6qEPpb2dAeB7Dshlw,815.0,Fossil Gas,45V0000000000091,Denmark,Avedoerevaerket,1,MAW,PT1M,2,2015-04-27 16:22:00+02:00
2015-04-30 22:26:31+02:00,35,DK_CA,Unplanned outage,A03,,2015-04-30 23:30:00+02:00,EP0SWumbsLfunaxuHqHnIA,407.1,Fossil Hard coal,45V000000000013A,Denmark,Fynsvaerket,1,MAW,PT1M,1,2015-04-30 22:14:00+02:00
2015-05-01 10:18:28+02:00,0,DK_CA,Unplanned outage,A03,,2015-05-01 10:15:00+02:00,xRRAox-zUVI3v-T8VWKZHQ,392.0,Fossil Gas,45V000000000010G,Denmark,Skaerbaekvaerket,1,MAW,PT1M,2,2015-05-01 09:00:00+02:00
2015-05-05 05:32:11+02:00,35,DK_CA,Unplanned outage,A03,,2015-05-05 05:29:00+02:00,NW_NceJMhb9Pw-1pZTnSHw,407.1,Fossil Hard coal,45V000000000013A,Denmark,Fynsvaerket,1,MAW,PT1M,2,2015-05-05 03:43:00+02:00
2015-05-08 10:29:30+02:00,254,DK_CA,Unplanned outage,A03,,2015-05-08 10:24:00+02:00,RRtLKIBpNjnEUHu92N9qkA,815.0,Fossil Gas,45V0000000000091,Denmark,Avedoerevaerket,1,MAW,PT1M,2,2015-05-08 07:54:00+02:00
2015-05-08 13:47:27+02:00,669,DK_CA,Unplanned outage,A03,,2015-05-08 13:43:00+02:00,S3RTzuy63QjtCiXNPOLDbg,815.0,Fossil Gas,45V0000000000091,Denmark,Avedoerevaerket,1,MAW,PT1M,2,2015-05-08 10:24:00+02:00
2015-05-09 20:13:14+02:00,35,DK_CA,Unplanned outage,A03,,2015-05-09 21:08:00+02:00,mOMrfoReGkzy4wSjPYiwLQ,407.1,Fossil Hard coal,45V000000000013A,Denmark,Fynsvaerket,1,MAW,PT1M,1,2015-05-09 20:08:00+02:00
2015-05-15 00:07:06+02:00,210,DK_CA,Unplanned outage,A03,,2015-05-15 00:01:00+02:00,CF4q8-fdZ5RaaKL4mZaExg,690.0,Fossil Hard coal,45V0000000000156,Denmark,Nordjyllandsvaerket,1,MAW,PT1M,2,2015-05-14 20:31:00+02:00
2015-05-16 22:34:43+02:00,254,DK_CA,Unplanned outage,A03,,2015-05-16 22:31:00+02:00,c68I23pl5r_nGLxt_ccy9Q,815.0,Fossil Gas,45V0000000000091,Denmark,Avedoerevaerket,1,MAW,PT1M,3,2015-05-16 20:09:00+02:00
2015-05-18 07:52:38+02:00,0,DK_CA,Unplanned outage,A03,,2015-05-18 09:00:00+02:00,AalS7v_8MKEQ0eywOz2PxQ,392.0,Fossil Gas,45V000000000010G,Denmark,Skaerbaekvaerket,1,MAW,PT1M,1,2015-05-18 07:32:00+02:00
2015-05-23 23:21:53+02:00,35,DK_CA,Unplanned outage,A03,,2015-05-23 23:59:00+02:00,Wij-ey57OO2DMRnq-bTM3w,407.1,Fossil Hard coal,45V000000000013A,Denmark,Fynsvaerket,1,MAW,PT1M,1,2015-05-23 22:58:00+02:00
2015-06-01 00:12:20+02:00,70,DK_CA,Unplanned outage,A03,,2015-06-01 06:00:00+02:00,aSU1dnNnTz5VcOXelYr6mQ,330.0,Fossil Hard coal,45V000000000012C,Denmark,Amagervaerket,1,MAW,PT1M,2,2015-05-31 20:20:00+02:00
2015-06-09 04:31:16+02:00,412,DK_CA,Unplanned outage,A03,,2015-06-09 04:24:00+02:00,UjRDY8qiNuTGYKTo__ZXrA,787.0,Fossil Hard coal,45V000000000011E,Denmark,Asnaesvaerket,1,MAW,PT1M,2,2015-06-09 03:00:00+02:00
2015-06-13 01:24:13+02:00,254,DK_CA,Unplanned outage,A03,,2015-06-12 19:48:00+02:00,jtmwnwgG82V2oxeB3uWGCw,815.0,Fossil Gas,45V0000000000091,Denmark,Avedoerevaerket,1,MAW,PT1M,2,2015-06-12 10:06:00+02:00
2015-06-17 11:06:00+02:00,610,DK_CA,Unplanned outage,A03,,2015-06-22 15:00:00+02:00,BrQnO3qmkfxaDlfjA49zug,787.0,Fossil Hard coal,45V000000000011E,Denmark,Asnaesvaerket,1,MAW,PT1M,4,2015-06-10 21:12:00+02:00
2015-06-19 16:31:22+02:00,548,DK_CA,Unplanned outage,A03,,2015-06-19 17:30:00+02:00,0REJuwK88fYtea3vCKo3CA,815.0,Fossil Gas,45V0000000000091,Denmark,Avedoerevaerket,1,MAW,PT1M,9,2015-06-15 07:40:00+02:00
2015-06-21 10:15:16+02:00,548,DK_CA,Unplanned outage,A03,,2015-06-21 18:00:00+02:00,aZwO7LD9P80jJYcdPS33pQ,815.0,Fossil Gas,45V0000000000091,Denmark,Avedoerevaerket,1,MAW,PT1M,2,2015-06-20 13:43:00+02:00
2015-07-03 16:59:22+02:00,210,DK_CA,Unplanned outage,A03,,2015-07-03 18:00:00+02:00,3LVY3sWUQ8h2k98Ql__Xtw,690.0,Fossil Hard coal,45V0000000000156,Denmark,Nordjyllandsvaerket,1,MAW,PT1M,4,2015-07-03 09:52:00+02:00
2015-07-06 00:35:49+02:00,70,DK_CA,Unplanned outage,A03,,2015-07-06 04:00:00+02:00,wPXG_rhsXMlEngxuAUcgUA,330.0,Fossil Hard coal,45V000000000012C,Denmark,Amagervaerket,1,MAW,PT1M,1,2015-07-06 00:00:00+02:00
2015-07-08 11:41:26+02:00,270,DK_CA,Unplanned outage,A03,,2015-07-08 11:38:00+02:00,Ztt8lqVyJL6fCEz2biLp8Q,690.0,Fossil Hard coal,45V0000000000156,Denmark,Nordjyllandsvaerket,1,MAW,PT1M,3,2015-07-08 00:32:00+02:00
2015-07-15 19:22:16+02:00,380,DK_CA,Unplanned outage,A03,,2015-07-15 19:45:00+02:00,fUkOCaLy6hOClZRgkAxn2g,730.0,Fossil Hard coal,45V0000000000148,Denmark,Studstrupvaerket,1,MAW,PT1M,1,2015-07-15 18:35:00+02:00
2015-07-19 11:39:03+02:00,490,DK_CA,Unplanned outage,A03,,2015-07-19 11:30:00+02:00,i9yF-v5g1D6nnJ9RXWxhpg,690.0,Fossil Hard coal,45V0000000000156,Denmark,Nordjyllandsvaerket,1,MAW,PT1M,2,2015-07-18 17:01:00+02:00
2015-07-20 10:19:25+02:00,70,DK_CA,Unplanned outage,A03,,2015-07-20 15:00:00+02:00,TonEQMRuAErhcqltgGp5ug,330.0,Fossil Hard coal,45V000000000012C,Denmark,Amagervaerket,1,MAW,PT1M,4,2015-07-19 10:20:00+02:00
2015-07-20 16:47:38+02:00,496,DK_CA,Unplanned outage,A03,,2015-07-20 15:05:00+02:00,uIjrPnL7lCtwG-IXtj4B1A,690.0,Fossil Hard coal,45V0000000000156,Denmark,Nordjyllandsvaerket,1,MAW,PT1M,2,2015-07-20 10:41:00+02:00
2015-07-21 10:53:13+02:00,548,DK_CA,Unplanned outage,A03,,2015-07-21 10:49:00+02:00,x0_MWUsaZR2gr0beX1ah5A,815.0,Fossil Gas,45V0000000000091,Denmark,Avedoerevaerket,1,MAW,PT1M,2,2015-07-20 20:43:00+02:00
2015-07-22 14:31:15+02:00,548,DK_CA,Unplanned outage,A03,,2015-07-22 18:00:00+02:00,bIBmEmaYaD2x_bSDzocGoA,815.0,Fossil Gas,45V0000000000091,Denmark,Avedoerevaerket,1,MAW,PT1M,1,2015-07-22 14:16:00+02:00
2015-08-03 18:41:12+02:00,640,DK_CA,Unplanned outage,A03,,2015-08-03 18:02:00+02:00,wFM9UdjMW90y_T6Ine41Bg,787.0,Fossil Hard coal,45V000000000011E,Denmark,Asnaesvaerket,1,MAW,PT1M,4,2015-08-03 12:20:00+02:00
2015-08-04 23:03:33+02:00,548,DK_CA,Unplanned outage,A03,,2015-08-04 23:20:00+02:00,Y4vOrtGAEAU6StnDDn1y7g,815.0,Fossil Gas,45V0000000000091,Denmark,Avedoerevaerket,1,MAW,PT1M,3,2015-08-04 06:54:00+02:00
2015-08-05 02:44:24+02:00,70,DK_CA,Unplanned outage,A03,,2015-08-05 02:36:00+02:00,pAur7ufUWaJpaMgYAA80qQ,330.0,Fossil Hard coal,45V000000000012C,Denmark,Amagervaerket,1,MAW,PT1M,2,2015-08-04 23:35:00+02:00
2015-08-05 07:48:13+02:00,160,DK_CA,Unplanned outage,A03,,2015-08-05 07:46:00+02:00,nxR194vT64giwrzfiigW7A,330.0,Fossil Hard coal,45V000000000012C,Denmark,Amagervaerket,1,MAW,PT1M,2,2015-08-05 06:20:00+02:00
2015-08-05 13:34:30+02:00,485,DK_CA,Unplanned outage,A03,,2015-08-05 18:00:00+02:00,TvMm7WPbEisuI5F-q9vZjg,690.0,Fossil Hard coal,45V0000000000156,Denmark,Nordjyllandsvaerket,1,MAW,PT1M,1,2015-08-05 13:30:00+02:00
2015-08-06 12:16:24+02:00,70,DK_CA,Unplanned outage,A03,,2015-08-06 12:00:00+02:00,suVgf8BYeiGvHf8-u9siWw,330.0,Fossil Hard coal,45V000000000012C,Denmark,Amagervaerket,1,MAW,PT1M,3,2015-08-06 06:54:00+02:00
2015-08-19 17:42:32+02:00,380,DK_CA,Unplanned outage,A03,,2015-08-19 17:26:00+02:00,xg_-ekjnCMjDfxKDFhjSdw,730.0,Fossil Hard coal,45V0000000000148,Denmark,Studstrupvaerket,1,MAW,PT1M,2,2015-08-19 15:50:00+02:00
2015-08-20 10:27:12+02:00,0,DK_CA,Unplanned outage,A03,,2015-08-23 21:00:00+02:00,SjriDWdPdm32f3FLyQ3wow,392.0,Fossil Gas,45V000000000010G,Denmark,Skaerbaekvaerket,1,MAW,PT1M,2,2015-08-19 20:28:00+02:00
2015-08-22 15:56:24+02:00,510,DK_CA,Unplanned outage,A03,,2015-08-22 15:54:00+02:00,CaFmymkxyog-aOckGMyTtA,690.0,Fossil Hard coal,45V0000000000156,Denmark,Nordjyllandsvaerket,1,MAW,PT1M,6,2015-08-13 06:54:00+02:00
2015-09-02 12:32:36+02:00,548,DK_CA,Unplanned outage,A03,,2015-09-09 23:59:00+02:00,vdVstUgtVzmOMp3791nikA,815.0,Fossil Gas,45V0000000000091,Denmark,Avedoerevaerket,1,MAW,PT1M,4,2015-08-31 17:53:00+02:00
2015-09-04 06:59:11+02:00,380,DK_CA,Unplanned outage,A03,,2015-09-04 06:56:00+02:00,2DbPc56-YNmLcrdvAh5hzQ,730.0,Fossil Hard coal,45V0000000000148,Denmark,Studstrupvaerket,1,MAW,PT1M,2,2015-09-04 05:45:00+02:00
2015-09-07 02:44:26+02:00,380,DK_CA,Unplanned outage,A03,,2015-09-07 03:00:00+02:00,IroJjDAu2Kat0swjyepdbQ,730.0,Fossil Hard coal,45V0000000000148,Denmark,Studstrupvaerket,1,MAW,PT1M,1,2015-09-07 01:27:00+02:00
2015-09-10 14:46:01+02:00,254,DK_CA,Unplanned outage,A03,,2015-09-10 09:02:00+02:00,BdFu1wIjK-IBmnnK-A5WRg,815.0,Fossil Gas,45V0000000000091,Denmark,Avedoerevaerket,1,MAW,PT1M,2,2015-09-09 16:41:00+02:00
2015-09-12 00:55:06+02:00,0,DK_CA,Unplanned outage,A03,,2015-09-12 02:00:00+02:00,xdIR7AkBLKpiwVNoU2AKEA,392.0,Fossil Gas,45V000000000010G,Denmark,Skaerbaekvaerket,1,MAW,PT1M,4,2015-09-09 14:43:00+02:00
2015-09-22 02:23:23+02:00,658,DK_CA,Unplanned outage,A03,,2015-09-21 23:59:00+02:00,crbtLdIOCzVbyHwlo3kt9g,815.0,Fossil Gas,45V0000000000091,Denmark,Avedoerevaerket,1,MAW,PT1M,3,2015-09-10 00:00:00+02:00
2015-09-25 00:57:25+02:00,254,DK_CA,Unplanned outage,A03,,2015-09-25 00:44:00+02:00,yZGEUAYSvqfL3GRiQTNMoA,815.0,Fossil Gas,45V0000000000091,Denmark,Avedoerevaerket,1,MAW,PT1M,14,2015-09-22 21:45:00+02:00
2015-09-27 03:43:14+02:00,254,DK_CA,Unplanned outage,A03,,2015-09-27 03:30:00+02:00,uYpoBApZS-M-Xyg_IIRlig,815.0,Fossil Gas,45V0000000000091,Denmark,Avedoerevaerket,1,MAW,PT1M,6,2015-09-26 00:42:00+02:00
2015-10-05 01:03:23+02:00,500,DK_CA,Unplanned outage,A03,,2015-10-05 00:59:00+02:00,JDNSc75FY8EeXyG1RWh4rg,690.0,Fossil Hard coal,45V0000000000156,Denmark,Nordjyllandsvaerket,1,MAW,PT1M,2,2015-10-04 08:22:00+02:00
2015-10-06 05:00:12+02:00,380,DK_CA,Unplanned outage,A03,,2015-10-06 04:56:00+02:00,hGaXcrTaphmK0RvtnzAMOA,730.0,Fossil Hard coal,45V0000000000148,Denmark,Studstrupvaerket,1,MAW,PT1M,4,2015-10-06 00:34:00+02:00
2015-10-06 19:28:23+02:00,254,DK_CA,Unplanned outage,A03,,2015-10-06 19:26:00+02:00,fri4ZdUQtyEeV9OqrX35jw,815.0,Fossil Gas,45V0000000000091,Denmark,Avedoerevaerket,1,MAW,PT1M,13,2015-09-29 14:32:00+02:00
2015-10-08 11:30:13+02:00,548,DK_CA,Unplanned outage,A03,,2015-10-09 15:00:00+02:00,Yd_pg3hXsXkbVgZourLP0w,815.0,Fossil Gas,45V0000000000091,Denmark,Avedoerevaerket,1,MAW,PT1M,1,2015-10-08 11:16:00+02:00
2015-10-11 14:53:15+02:00,638,DK_CA,Unplanned outage,A03,,2015-10-11 14:50:00+02:00,NnizdBQAgrAsLEOQzNqmrg,815.0,Fossil Gas,45V0000000000091,Denmark,Avedoerevaerket,1,MAW,PT1M,3,2015-10-11 00:11:00+02:00
2015-10-12 07:37:13+02:00,548,DK_CA,Unplanned outage,A03,,2015-10-12 07:33:00+02:00,Oxjf73IyY7VAZWTKyGMJiw,815.0,Fossil Gas,45V0000000000091,Denmark,Avedoerevaerket,1,MAW,PT1M,2,2015-10-12 05:15:00+02:00
2015-10-14 08:06:46+02:00,380,DK_CA,Unplanned outage,A03,,2015-10-14 10:00:00+02:00,PnY9DT6TVefObP9mBvrw3A,730.0,Fossil Hard coal,45V0000000000148,Denmark,Studstrupvaerket,1,MAW,PT1M,2,2015-10-14 07:13:00+02:00
2015-10-16 12:44:13+02:00,70,DK_CA,Unplanned outage,A03,,2015-10-16 12:34:00+02:00,IzjATN2PrXIuc61g-h6iLg,330.0,Fossil Hard coal,45V000000000012C,Denmark,Amagervaerket,1,MAW,PT1M,4,2015-10-16 02:22:00+02:00
2015-10-16 18:41:23+02:00,692,DK_CA,Unplanned outage,A03,,2015-10-16 18:24:00+02:00,_nVN2DuS4loBmVmzyOoMBA,815.0,Fossil Gas,45V0000000000091,Denmark,Avedoerevaerket,1,MAW,PT1M,2,2015-10-16 11:23:00+02:00
2015-10-16 19:21:23+02:00,70,DK_CA,Unplanned outage,A03,,2015-10-16 21:00:00+02:00,W2Uwwg3gcX4U30GineNTbg,330.0,Fossil Hard coal,45V000000000012C,Denmark,Amagervaerket,1,MAW,PT1M,2,2015-10-16 17:50:00+02:00
2015-10-20 13:54:22+02:00,0,DK_CA,Unplanned outage,A03,,2015-10-20 13:45:00+02:00,Hk-BVnSGlTxwex1E_HeeLw,392.0,Fossil Gas,45V000000000010G,Denmark,Skaerbaekvaerket,1,MAW,PT1M,2,2015-10-20 11:40:00+02:00
2015-10-20 20:11:58+02:00,0,DK_CA,Unplanned outage,A03,,2015-10-20 21:00:00+02:00,2gxXZyGDtUNpGYsdlGdpQw,377.0,Fossil Hard coal,45V0000000000164,Denmark,Esbjergvaerket,1,MAW,PT1M,1,2015-10-20 19:20:00+02:00
2015-10-29 07:47:13+01:00,380,DK_CA,Unplanned outage,A03,,2015-10-31 12:00:00+01:00,EfH5n5YokI-5yxSNmKMwVA,730.0,Fossil Hard coal,45V0000000000148,Denmark,Studstrupvaerket,1,MAW,PT1M,6,2015-10-27 08:14:00+01:00
2015-11-02 19:09:25+01:00,70,DK_CA,Unplanned outage,A03,,2015-11-02 19:04:00+01:00,qTE-NFyOqA3at8uaeOpb1Q,330.0,Fossil Hard coal,45V000000000012C,Denmark,Amagervaerket,1,MAW,PT1M,11,2015-10-23 22:40:00+02:00
2015-11-05 08:17:52+01:00,100,DK_CA,Unplanned outage,A03,,2015-11-06 17:00:00+01:00,nMPdP7ZocAY17yAXq6_KHg,392.0,Fossil Gas,45V000000000010G,Denmark,Skaerbaekvaerket,1,MAW,PT1M,1,2015-11-06 08:30:00+01:00
2015-11-05 09:55:13+01:00,200,DK_CA,Unplanned outage,A03,,2015-11-05 11:00:00+01:00,-swOm-rvhcnMYlw91S0gdQ,330.0,Fossil Hard coal,45V000000000012C,Denmark,Amagervaerket,1,MAW,PT1M,1,2015-11-05 07:00:00+01:00
2015-11-09 10:39:13+01:00,0,DK_CA,Unplanned outage,A03,,2015-11-09 16:00:00+01:00,Y9reSpHllb0LKLXBcdx10Q,377.0,Fossil Hard coal,45V0000000000164,Denmark,Esbjergvaerket,1,MAW,PT1M,3,2015-11-09 05:16:00+01:00
2015-11-13 12:50:22+01:00,280,DK_CA,Unplanned outage,A03,,2015-11-13 23:59:00+01:00,nSYJNWVWxn94zIEXSh-Bow,377.0,Fossil Hard coal,45V0000000000164,Denmark,Esbjergvaerket,1,MAW,PT1M,1,2015-11-13 12:40:00+01:00
2015-11-13 14:52:37+01:00,674,DK_CA,Unplanned outage,A03,,2015-11-13 16:00:00+01:00,DsX6Vwti92oelhfDSQve7g,815.0,Fossil Gas,45V0000000000091,Denmark,Avedoerevaerket,1,MAW,PT1M,3,2015-11-12 06:40:00+01:00
2015-11-14 16:10:27+01:00,548,DK_CA,Unplanned outage,A03,,2015-11-14 17:00:00+01:00,Z4yrVX9C4foDJjgZBp5I9w,815.0,Fossil Gas,45V0000000000091,Denmark,Avedoerevaerket,1,MAW,PT1M,3,2015-11-14 11:17:00+01:00
2015-11-16 11:27:02+01:00,280,DK_CA,Unplanned outage,A03,,2015-11-16 13:00:00+01:00,tWT2rJk1HVOM7thgVXa-Tg,377.0,Fossil Hard coal,45V0000000000164,Denmark,Esbjergvaerket,1,MAW,PT1M,3,2015-11-14 10:14:00+01:00
2015-11-18 23:23:55+01:00,70,DK_CA,Unplanned outage,A03,,2015-11-18 23:13:00+01:00,fnowhQ8hEgEbd7WMLx2FKg,330.0,Fossil Hard coal,45V000000000012C,Denmark,Amagervaerket,1,MAW,PT1M,5,2015-11-13 02:14:00+01:00
2015-11-22 07:48:14+01:00,254,DK_CA,Unplanned outage,A03,,2015-11-22 09:00:00+01:00,NsaRIxmfkj-m1X5mMcJPXA,815.0,Fossil Gas,45V0000000000091,Denmark,Avedoerevaerket,1,MAW,PT1M,3,2015-11-22 00:20:00+01:00
2015-11-23 08:36:09+01:00,270,DK_CA,Unplanned outage,A03,,2015-11-23 14:00:00+01:00,PN9aCfGD-bTeCXdo1L0pPw,399.6,Wind Offshore,45V000000000020D,Denmark,Anholt,1,MAW,PT1M,1,2015-11-23 08:00:00+01:00
2015-11-23 15:28:50+01:00,604,DK_CA,Unplanned outage,A03,,2015-11-23 15:00:00+01:00,k-wwDgnnCDNF-nQA5qx9bQ,815.0,Fossil Gas,45V0000000000091,Denmark,Avedoerevaerket,1,MAW,PT1M,2,2015-11-23 10:26:00+01:00
2015-11-23 19:38:22+01:00,270,DK_CA,Unplanned outage,A03,,2015-11-23 19:21:00+01:00,rwLZ79O7k3sD6MWdPM5q8g,399.6,Wind Offshore,45V000000000020D,Denmark,Anholt,1,MAW,PT1M,2,2015-11-23 15:43:00+01:00
2015-11-28 11:49:13+01:00,254,DK_CA,Unplanned outage,A03,,2015-11-28 12:00:00+01:00,_nvZbFNvAkRwjAFAWgbDCQ,815.0,Fossil Gas,45V0000000000091,Denmark,Avedoerevaerket,1,MAW,PT1M,3,2015-11-28 07:56:00+01:00
2015-11-29 23:43:32+01:00,260,DK_CA,Unplanned outage,A03,,2015-11-29 23:45:00+01:00,CylsKQ4KrDX-QG-Zs3VCaw,664.0,Fossil Oil,45V0000000000083,Denmark,Kyndbyvaerket,1,MAW,PT1M,2,2015-11-29 22:48:00+01:00
2015-11-30 05:51:13+01:00,254,DK_CA,Unplanned outage,A03,,2015-11-30 07:30:00+01:00,ofyvxZcQ0p35TZUduXSP_w,815.0,Fossil Gas,45V0000000000091,Denmark,Avedoerevaerket,1,MAW,PT1M,4,2015-11-30 01:22:00+01:00
2015-12-03 09:58:14+01:00,674,DK_CA,Unplanned outage,A03,,2015-12-03 15:00:00+01:00,WpiU68eb4kEJRxNOBWAI5A,815.0,Fossil Gas,45V0000000000091,Denmark,Avedoerevaerket,1,MAW,PT1M,3,2015-11-30 12:06:00+01:00
2015-12-03 10:40:13+01:00,0,DK_CA,Unplanned outage,A03,,2015-12-03 11:30:00+01:00,ekIWnvhTArKGC9j7qc7Xpg,392.0,Fossil Gas,45V000000000010G,Denmark,Skaerbaekvaerket,1,MAW,PT1M,2,2015-12-03 10:30:00+01:00
2015-12-08 08:56:13+01:00,380,DK_CA,Unplanned outage,A03,,2015-12-08 08:42:00+01:00,YdggNUibB4iStUkwqczdHA,730.0,Fossil Hard coal,45V0000000000148,Denmark,Studstrupvaerket,1,MAW,PT1M,2,2015-12-08 07:24:00+01:00
2015-12-12 16:24:04+01:00,70,DK_CA,Unplanned outage,A03,,2015-12-12 18:59:00+01:00,pX5HjlZdnqEkaDuE5Ipf4g,330.0,Fossil Hard coal,45V000000000012C,Denmark,Amagervaerket,1,MAW,PT1M,2,2015-12-12 15:20:00+01:00
2015-12-15 06:43:51+01:00,254,DK_CA,Unplanned outage,A03,,2015-12-15 06:33:00+01:00,cFpJqx9Z5XieamobUdY4dA,815.0,Fossil Gas,45V0000000000091,Denmark,Avedoerevaerket,1,MAW,PT1M,4,2015-12-15 02:17:00+01:00
2015-12-18 11:19:13+01:00,0,DK_CA,Unplanned outage,A03,,2015-12-18 11:16:00+01:00,THIOE6Rfa9EEu95hcKPDXw,209.3,Wind Offshore,45V0000000000229,Denmark,Horns Rev B,1,MAW,PT1M,7,2015-10-19 01:57:00+02:00
2015-12-22 07:46:33+01:00,689,DK_CA,Unplanned outage,A03,,2015-12-22 07:44:00+01:00,bnvyYZo1n-rB4Ap_yohlmQ,815.0,Fossil Gas,45V0000000000091,Denmark,Avedoerevaerket,1,MAW,PT1M,3,2015-12-21 22:07:00+01:00
2015-12-24 10:50:37+01:00,254,DK_CA,Unplanned outage,A03,,2015-12-24 11:00:00+01:00,g7qmt2D09ZuCP5k6Cr2zmQ,815.0,Fossil Gas,45V0000000000091,Denmark,Avedoerevaerket,1,MAW,PT1M,3,2015-12-24 05:47:00+01:00
2015-12-27 03:03:45+01:00,0,DK_CA,Unplanned outage,A03,,2015-12-26 20:17:00+01:00,Vd5I6JNHcmbWFTmOSJpJFQ,407.1,Fossil Hard coal,45V000000000013A,Denmark,Fynsvaerket,1,MAW,PT1M,3,2015-12-26 16:37:00+01:00
2015-12-29 09:06:28+01:00,254,DK_CA,Unplanned outage,A03,,2015-12-29 08:45:00+01:00,w0X8yOSKpVQ9zNIOYbNLgg,815.0,Fossil Gas,45V0000000000091,Denmark,Avedoerevaerket,1,MAW,PT1M,4,2015-12-25 14:41:00+01:00
2015-12-31 14:10:45+01:00,0,DK_CA,Unplanned outage,A03,,2015-12-31 14:50:00+01:00,WIc-WdurPkL0zMNO7Dvcsw,377.0,Fossil Hard coal,45V0000000000164,Denmark,Esbjergvaerket,1,MAW,PT1M,1,2015-12-31 14:01:00+01:00
2016-01-01 21:52:27+01:00,380,DK_CA,Unplanned outage,A03,,2016-01-01 21:50:00+01:00,5Ovfu2AtQm27HoWfXkxeCw,730.0,Fossil Hard coal,45V0000000000148,Denmark,Studstrupvaerket,1,MAW,PT1M,3,2016-01-01 19:00:00+01:00
2016-01-05 17:21:13+01:00,0,DK_CA,Unplanned outage,A03,,2016-01-05 22:00:00+01:00,0B2j6Gpgh0uaJ_bjSDQLWA,407.1,Fossil Hard coal,45V000000000013A,Denmark,Fynsvaerket,1,MAW,PT1M,3,2016-01-05 12:35:00+01:00
2016-01-13 10:49:12+01:00,70,DK_CA,Unplanned outage,A03,,2016-01-13 10:28:00+01:00,auAcDH5CI5Ao3_TjaQooKg,330.0,Fossil Hard coal,45V000000000012C,Denmark,Amagervaerket,1,MAW,PT1M,3,2016-01-13 04:38:00+01:00
2016-01-16 13:17:46+01:00,0,DK_CA,Unplanned outage,A03,,2016-01-16 16:00:00+01:00,trLijv-vmY-Gk3pv7sRivg,207.0,Wind Offshore,45V000000000019Z,Denmark,Roedsand 2,1,MAW,PT1M,1,2016-01-16 14:00:00+01:00
2016-01-17 08:42:34+01:00,0,DK_CA,Unplanned outage,A03,,2016-01-17 08:15:00+01:00,AGUxsGV0l-dl1rBnKjCh1A,207.0,Wind Offshore,45V000000000019Z,Denmark,Roedsand 2,1,MAW,PT1M,1,2016-01-16 16:00:00+01:00
2016-01-24 22:29:18+01:00,380,DK_CA,Unplanned outage,A03,,2016-01-24 20:47:00+01:00,J8uJJcoeqLpRpB2DqvAKew,730.0,Fossil Hard coal,45V0000000000148,Denmark,Studstrupvaerket,1,MAW,PT1M,2,2016-01-24 20:21:00+01:00
2016-01-31 02:24:22+01:00,0,DK_CA,Unplanned outage,A03,,2016-01-31 04:45:00+01:00,3kjulppW83FV3Xj_IYdGJA,377.0,Fossil Hard coal,45V0000000000164,Denmark,Esbjergvaerket,1,MAW,PT1M,2,2016-01-31 00:00:00+01:00
2016-02-07 15:19:54+01:00,548,DK_CA,Unplanned outage,A03,,2016-02-07 13:44:00+01:00,jIE8IPfyooTxuhdyiTS3oQ,815.0,Fossil Gas,45V0000000000091,Denmark,Avedoerevaerket,1,MAW,PT1M,2,2016-02-07 10:23:00+01:00
2016-02-08 08:31:51+01:00,0,DK_CA,Unplanned outage,A03,,2016-02-08 10:15:00+01:00,ZUZvqOnWCXN-2Yl80jn7bg,377.0,Fossil Hard coal,45V0000000000164,Denmark,Esbjergvaerket,1,MAW,PT1M,2,2016-02-08 07:34:00+01:00
2016-02-18 09:55:47+01:00,215,DK_CA,Unplanned outage,A03,,2016-02-18 10:00:00+01:00,23yKAsC72IH7MryjY6Hkjw,330.0,Fossil Hard coal,45V000000000012C,Denmark,Amagervaerket,1,MAW,PT1M,2,2016-02-18 04:45:00+01:00
2016-02-19 11:49:13+01:00,580,DK_CA,Unplanned outage,A03,,2016-02-19 16:00:00+01:00,xEv-pQa0lbWV97gdkwAi5Q,730.0,Fossil Hard coal,45V0000000000148,Denmark,Studstrupvaerket,1,MAW,PT1M,3,2016-02-18 12:15:00+01:00
2016-02-21 18:20:19+01:00,254,DK_CA,Unplanned outage,A03,,2016-02-21 18:20:00+01:00,aIFwtAUsA3A3ir_OQ4ajUA,815.0,Fossil Gas,45V0000000000091,Denmark,Avedoerevaerket,1,MAW,PT1M,2,2016-02-21 17:45:00+01:00
2016-03-02 18:21:52+01:00,254,DK_CA,Unplanned outage,A03,,2016-03-02 18:03:00+01:00,5XW2gyCIdSccEiLqMSFe1A,815.0,Fossil Gas,45V0000000000091,Denmark,Avedoerevaerket,1,MAW,PT1M,4,2016-03-02 02:06:00+01:00
2016-03-05 18:33:36+01:00,170,DK_CA,Unplanned outage,A03,,2016-03-05 18:32:00+01:00,Bprd5euh9TgS73Qg_vyJ4w,407.1,Fossil Hard coal,45V000000000013A,Denmark,Fynsvaerket,1,MAW,PT1M,11,2016-01-29 01:20:00+01:00
2016-03-15 18:51:23+01:00,380,DK_CA,Unplanned outage,A03,,2016-03-15 18:45:00+01:00,QxWQosGwzKEuW_Ax6ibeHA,730.0,Fossil Hard coal,45V0000000000148,Denmark,Studstrupvaerket,1,MAW,PT1M,6,2016-03-14 12:35:00+01:00
2016-03-15 20:58:15+01:00,380,DK_CA,Unplanned outage,A03,,2016-03-15 23:00:00+01:00,EkmkwS-iyT8RNE8vy-G-qw,730.0,Fossil Hard coal,45V0000000000148,Denmark,Studstrupvaerket,1,MAW,PT1M,1,2016-03-15 20:53:00+01:00
2016-03-23 14:40:12+01:00,580,DK_CA,Unplanned outage,A03,,2016-03-23 14:36:00+01:00,5PbsFBB8Sphkzl8l_KLxeQ,730.0,Fossil Hard coal,45V0000000000148,Denmark,Studstrupvaerket,1,MAW,PT1M,2,2016-03-23 13:48:00+01:00
2016-03-27 03:07:06+02:00,0,DK_CA,Unplanned outage,A03,,2016-03-27 03:03:00+02:00,7jKUJIoZClryxFmUNqjlNA,377.0,Fossil Hard coal,45V0000000000164,Denmark,Esbjergvaerket,1,MAW,PT1M,2,2016-03-27 01:39:00+01:00
2016-03-27 22:45:11+02:00,0,DK_CA,Unplanned outage,A03,,2016-03-27 22:30:00+02:00,kGGbQNtJfZ8LsElLFX1JFQ,407.1,Fossil Hard coal,45V000000000013A,Denmark,Fynsvaerket,1,MAW,PT1M,3,2016-03-27 19:00:00+02:00
2016-03-31 15:30:05+02:00,0,DK_CA,Unplanned outage,A03,,2016-03-31 13:13:00+02:00,Hdb_Hjz5CHMfVchU9udLuA,392.0,Fossil Gas,45V000000000010G,Denmark,Skaerbaekvaerket,1,MAW,PT1M,4,2016-03-31 01:33:00+02:00
2016-03-31 18:12:24+02:00,0,DK_CA,Unplanned outage,A03,,2016-03-31 20:00:00+02:00,BNya3mDLC4XzE7AYRazpzg,377.0,Fossil Hard coal,45V0000000000164,Denmark,Esbjergvaerket,1,MAW,PT1M,4,2016-03-31 09:05:00+02:00
2016-04-04 16:03:28+02:00,0,DK_CA,Unplanned outage,A03,,2016-04-04 17:00:00+02:00,AE_hJjyI9zs1CPWeJtQYlQ,392.0,Fossil Gas,45V000000000010G,Denmark,Skaerbaekvaerket,1,MAW,PT1M,2,2016-04-04 14:20:00+02:00
2016-04-07 05:33:47+02:00,70,DK_CA,Unplanned outage,A03,,2016-04-07 05:17:00+02:00,ke4LNasPATN0zREtP16HIQ,330.0,Fossil Hard coal,45V000000000012C,Denmark,Amagervaerket,1,MAW,PT1M,3,2016-04-06 23:15:00+02:00
2016-04-13 14:49:45+02:00,173,DK_CA,Unplanned outage,A03,,2016-04-13 14:41:00+02:00,bpz7hjg3sb2ReXoF9-eaTA,407.1,Fossil Hard coal,45V000000000013A,Denmark,Fynsvaerket,1,MAW,PT1M,5,2016-04-13 08:00:00+02:00
2016-04-19 09:02:13+02:00,254,DK_CA,Unplanned outage,A03,,2016-04-19 10:00:00+02:00,LDHhppoXbW_DQ0f3VqN37A,815.0,Fossil Gas,45V0000000000091,Denmark,Avedoerevaerket,1,MAW,PT1M,7,2016-04-18 22:05:00+02:00
2016-04-22 07:15:14+02:00,210,DK_CA,Unplanned outage,A03,,2016-04-22 07:12:00+02:00,NpwzDaw9IoF38xZuzvXhCg,690.0,Fossil Hard coal,45V0000000000156,Denmark,Nordjyllandsvaerket,1,MAW,PT1M,8,2016-04-16 14:42:00+02:00
2016-04-23 17:44:23+02:00,70,DK_CA,Unplanned outage,A03,,2016-04-23 17:36:00+02:00,9S9HC6wFxJUIWWiFEFdmgQ,330.0,Fossil Hard coal,45V000000000012C,Denmark,Amagervaerket,1,MAW,PT1M,2,2016-04-23 17:00:00+02:00
2016-05-01 10:48:13+02:00,130,DK_CA,Unplanned outage,A03,,2016-05-01 10:44:00+02:00,QLvIbwr2_fDQ4SjqETrymA,377.0,Fossil Hard coal,45V0000000000164,Denmark,Esbjergvaerket,1,MAW,PT1M,2,2016-05-01 07:31:00+02:00
2016-05-06 10:25:14+02:00,0,DK_CA,Unplanned outage,A03,,2016-05-06 11:30:00+02:00,OGR_WSIqwKUagkRV__CoXg,392.0,Fossil Gas,45V000000000010G,Denmark,Skaerbaekvaerket,1,MAW,PT1M,2,2016-05-06 07:27:00+02:00
2016-05-19 11:48:12+02:00,0,DK_CA,Unplanned outage,A03,,2016-05-19 14:00:00+02:00,kjqoSqd5hyt4A0ZAQMHohg,392.0,Fossil Gas,45V000000000010G,Denmark,Skaerbaekvaerket,1,MAW,PT1M,1,2016-05-19 11:34:00+02:00
2016-05-24 11:36:07+02:00,380,DK_CA,Unplanned outage,A03,,2016-05-24 14:00:00+02:00,FE4N5KQHJI_UKfsRuwSamg,730.0,Fossil Hard coal,45V0000000000148,Denmark,Studstrupvaerket,1,MAW,PT1M,2,2016-05-24 11:24:00+02:00
2016-05-24 13:04:22+02:00,260,DK_CA,Unplanned outage,A03,,2016-05-24 13:01:00+02:00,7fteQCJGJ-4XobdK3ZVRfA,664.0,Fossil Oil,45V0000000000083,Denmark,Kyndbyvaerket,1,MAW,PT1M,2,2016-05-24 10:55:00+02:00
2016-06-02 11:28:14+02:00,0,DK_CA,Unplanned outage,A03,,2016-06-03 22:00:00+02:00,04-pZkdcALZbBexrcbx-ng,377.0,Fossil Hard coal,45V0000000000164,Denmark,Esbjergvaerket,1,MAW,PT1M,4,2016-06-02 02:09:00+02:00
2016-06-04 23:12:23+02:00,260,DK_CA,Unplanned outage,A03,,2016-06-04 22:53:00+02:00,Y_JBtPz64nSwKAbmFHXqDg,664.0,Fossil Oil,45V0000000000083,Denmark,Kyndbyvaerket,1,MAW,PT1M,2,2016-06-04 17:15:00+02:00
2016-06-13 02:27:22+02:00,640,DK_CA,Unplanned outage,A03,,2016-06-13 03:35:00+02:00,RLS2Mb0DHV6Sbk506AKedg,787.0,Fossil Hard coal,45V000000000011E,Denmark,Asnaesvaerket,1,MAW,PT1M,2,2016-06-13 01:58:00+02:00
2016-06-16 10:25:12+02:00,380,DK_CA,Unplanned outage,A03,,2016-06-20 06:00:00+02:00,Eg7pgtg95yHu4ZdsywnTaw,730.0,Fossil Hard coal,45V0000000000148,Denmark,Studstrupvaerket,1,MAW,PT1M,12,2016-05-27 15:35:00+02:00
2016-06-16 12:22:05+02:00,260,DK_CA,Unplanned outage,A03,,2016-06-16 12:03:00+02:00,qqgJ1R9LfcvW-7WoO5ws0g,664.0,Fossil Oil,45V0000000000083,Denmark,Kyndbyvaerket,1,MAW,PT1M,2,2016-06-16 10:57:00+02:00
2016-06-16 16:10:07+02:00,254,DK_CA,Unplanned outage,A03,,2016-06-16 15:30:00+02:00,1Fu8UAkdcHRHdgD7i3SKRA,815.0,Fossil Gas,45V0000000000091,Denmark,Avedoerevaerket,1,MAW,PT1M,4,2016-06-16 11:17:00+02:00
2016-06-16 16:55:47+02:00,354,DK_CA,Unplanned outage,A03,,2016-06-16 20:00:00+02:00,foBOxQEN2sjvGIV_214G6A,815.0,Fossil Gas,45V0000000000091,Denmark,Avedoerevaerket,1,MAW,PT1M,1,2016-06-16 16:22:00+02:00
2016-06-19 15:23:12+02:00,640,DK_CA,Unplanned outage,A03,,2016-06-19 16:00:00+02:00,aRxsjdpCLovDX8hXQSz0Iw,787.0,Fossil Hard coal,45V000000000011E,Denmark,Asnaesvaerket,1,MAW,PT1M,9,2016-06-18 01:00:00+02:00
2016-06-21 00:40:23+02:00,254,DK_CA,Unplanned outage,A03,,2016-06-21 02:00:00+02:00,1-Yn9-mm0U034ixgkmPjLw,815.0,Fossil Gas,45V0000000000091,Denmark,Avedoerevaerket,1,MAW,PT1M,2,2016-06-20 22:37:00+02:00
2016-06-22 10:26:13+02:00,240,DK_CA,Unplanned outage,A03,,2016-06-22 23:59:00+02:00,lwEVEwAYipNrPCq7Nv8lVw,407.1,Fossil Hard coal,45V000000000013A,Denmark,Fynsvaerket,1,MAW,PT1M,1,2016-06-22 10:24:00+02:00
2016-06-23 07:38:12+02:00,654,DK_CA,Unplanned outage,A03,,2016-06-24 23:59:00+02:00,De43dNPpQvjRN2hzFWW2_g,815.0,Fossil Gas,45V0000000000091,Denmark,Avedoerevaerket,1,MAW,PT1M,3,2016-06-20 08:17:00+02:00
2016-06-27 08:48:23+02:00,254,DK_CA,Unplanned outage,A03,,2016-06-27 10:30:00+02:00,t-2BTRNVBx7Xg6HYZ2VFsg,815.0,Fossil Gas,45V0000000000091,Denmark,Avedoerevaerket,1,MAW,PT1M,1,2016-06-27 08:33:00+02:00
2016-06-29 10:09:56+02:00,0,DK_CA,Unplanned outage,A03,,2016-06-30 18:00:00+02:00,9HmbmG-jVVUq81Zf67WYtw,377.0,Fossil Hard coal,45V0000000000164,Denmark,Esbjergvaerket,1,MAW,PT1M,3,2016-06-27 15:43:00+02:00
2016-06-30 20:33:46+02:00,250,DK_CA,Unplanned outage,A03,,2016-06-30 22:00:00+02:00,R1Tjq0cOetJSaONWdL7IDQ,377.0,Fossil Hard coal,45V0000000000164,Denmark,Esbjergvaerket,1,MAW,PT1M,3,2016-06-30 16:08:00+02:00
2016-07-08 10:54:13+02:00,679,DK_CA,Unplanned outage,A03,,2016-07-08 10:46:00+02:00,Fdv2CueOkyBQALa6qd9HAw,815.0,Fossil Gas,45V0000000000091,Denmark,Avedoerevaerket,1,MAW,PT1M,3,2016-06-27 12:45:00+02:00
2016-07-08 10:30:15+02:00,0,DK_CA,Unplanned outage,A03,,2016-07-08 10:25:00+02:00,24HRifaI4h9RMtYSdPKNmQ,407.1,Fossil Hard coal,45V000000000013A,Denmark,Fynsvaerket,1,MAW,PT1M,4,2016-07-08 05:57:00+02:00
2016-07-09 00:25:22+02:00,70,DK_CA,Unplanned outage,A03,,2016-07-09 06:00:00+02:00,rJkecNoDrXnME9z3_zdu-A,330.0,Fossil Hard coal,45V000000000012C,Denmark,Amagervaerket,1,MAW,PT1M,1,2016-07-09 00:15:00+02:00
2016-07-10 23:00:23+02:00,70,DK_CA,Unplanned outage,A03,,2016-07-11 06:00:00+02:00,wnet6zCSSP-8zf0dmNCORA,330.0,Fossil Hard coal,45V000000000012C,Denmark,Amagervaerket,1,MAW,PT1M,1,2016-07-10 22:40:00+02:00
2016-07-28 21:53:22+02:00,70,DK_CA,Unplanned outage,A03,,2016-07-28 21:45:00+02:00,0QYSkcqfv3h7Qvl_8KhzSQ,330.0,Fossil Hard coal,45V000000000012C,Denmark,Amagervaerket,1,MAW,PT1M,10,2016-07-16 00:52:00+02:00
2016-07-29 23:47:22+02:00,380,DK_CA,Unplanned outage,A03,,2016-07-30 00:05:00+02:00,l1XudbrqwawuTXSXHHihVw,730.0,Fossil Hard coal,45V0000000000148,Denmark,Studstrupvaerket,1,MAW,PT1M,2,2016-07-29 21:34:00+02:00
2016-07-30 10:04:32+02:00,380,DK_CA,Unplanned outage,A03,,2016-07-30 11:00:00+02:00,A93jDfCoX8FP_MJKl7yBew,730.0,Fossil Hard coal,45V0000000000148,Denmark,Studstrupvaerket,1,MAW,PT1M,2,2016-07-30 08:25:00+02:00
2016-07-31 21:39:22+02:00,70,DK_CA,Unplanned outage,A03,,2016-07-31 21:32:00+02:00,X8anhhfZkKQEBVBTBmJmUA,330.0,Fossil Hard coal,45V000000000012C,Denmark,Amagervaerket,1,MAW,PT1M,3,2016-07-31 19:25:00+02:00
2016-08-02 18:14:23+02:00,0,DK_CA,Unplanned outage,A03,,2016-08-03 17:00:00+02:00,IRMliN16eH5zjnsmlaNNDw,377.0,Fossil Hard coal,45V0000000000164,Denmark,Esbjergvaerket,1,MAW,PT1M,5,2016-07-30 18:40:00+02:00
2016-08-15 19:59:23+02:00,260,DK_CA,Unplanned outage,A03,,2016-08-15 19:55:00+02:00,NWdjRDX3SMaaRPt1LOmKeg,377.0,Fossil Hard coal,45V0000000000164,Denmark,Esbjergvaerket,1,MAW,PT1M,3,2016-08-15 07:27:00+02:00
2016-08-20 12:53:02+02:00,640,DK_CA,Unplanned outage,A03,,2016-08-20 14:30:00+02:00,JceS2KiZimu9hP4mn_vD9g,787.0,Fossil Hard coal,45V000000000011E,Denmark,Asnaesvaerket,1,MAW,PT1M,3,2016-08-20 00:02:00+02:00
2016-08-23 12:37:04+02:00,220,DK_CA,Unplanned outage,A03,,2016-08-23 16:00:00+02:00,FcppUPplkckoev2sxzTUnQ,330.0,Fossil Hard coal,45V000000000012C,Denmark,Amagervaerket,1,MAW,PT1M,2,2016-08-23 12:30:00+02:00
2016-08-25 19:46:01+02:00,220,DK_CA,Unplanned outage,A03,,2016-08-24 14:00:00+02:00,UWOVCVwp8bjfTIDp01oxQA,330.0,Fossil Hard coal,45V000000000012C,Denmark,Amagervaerket,1,MAW,PT1M,3,2016-08-24 09:40:00+02:00
2016-08-29 00:55:41+02:00,380,DK_CA,Unplanned outage,A03,,2016-08-29 00:52:00+02:00,m2SVr3RyRiOXpEtM_W4wPQ,730.0,Fossil Hard coal,45V0000000000148,Denmark,Studstrupvaerket,1,MAW,PT1M,2,2016-08-29 00:30:00+02:00
2016-09-02 11:58:13+02:00,380,DK_CA,Unplanned outage,A03,,2016-09-02 11:54:00+02:00,C1tRvO4hqgviOIDR50yMiA,730.0,Fossil Hard coal,45V0000000000148,Denmark,Studstrupvaerket,1,MAW,PT1M,2,2016-09-02 09:43:00+02:00
2016-09-12 05:18:43+02:00,0,DK_CA,Unplanned outage,A03,,2016-09-12 05:16:00+02:00,VketcNyn7tfgNmVaK_FSUg,377.0,Fossil Hard coal,45V0000000000164,Denmark,Esbjergvaerket,1,MAW,PT1M,2,2016-09-11 23:53:00+02:00
2016-09-13 15:56:47+02:00,70,DK_CA,Unplanned outage,A03,,2016-09-13 14:59:00+02:00,r4xm0IHtTzs_fcmlSYwvfg,330.0,Fossil Hard coal,45V000000000012C,Denmark,Amagervaerket,1,MAW,PT1M,4,2016-09-13 02:28:00+02:00
2016-09-19 23:56:24+02:00,225,DK_CA,Unplanned outage,A03,,2016-09-19 16:25:00+02:00,KWnwp1clhuob3VJNrIUJdQ,407.1,Fossil Hard coal,45V000000000013A,Denmark,Fynsvaerket,1,MAW,PT1M,2,2016-09-19 00:41:00+02:00
2016-09-24 08:20:05+02:00,254,DK_CA,Unplanned outage,A03,,2016-09-24 08:10:00+02:00,9XG3iw5wC4jePLl1OREBHA,815.0,Fossil Gas,45V0000000000091,Denmark,Avedoerevaerket,1,MAW,PT1M,2,2016-09-24 07:16:00+02:00
2016-09-24 16:32:54+02:00,254,DK_CA,Unplanned outage,A03,,2016-09-24 18:00:00+02:00,fMPPr-6wZYJFwrSFRSWOdw,815.0,Fossil Gas,45V0000000000091,Denmark,Avedoerevaerket,1,MAW,PT1M,2,2016-09-24 14:03:00+02:00
2016-09-25 17:42:22+02:00,440,DK_CA,Unplanned outage,A03,,2016-09-25 19:00:00+02:00,BtuLdCawDXfWN98RuccSQg,730.0,Fossil Hard coal,45V0000000000148,Denmark,Studstrupvaerket,1,MAW,PT1M,1,2016-09-25 17:31:00+02:00
2016-09-26 09:16:26+02:00,674,DK_CA,Unplanned outage,A03,,2016-09-26 09:03:00+02:00,WKG3nVjMDbTUhXCRCFyu3g,815.0,Fossil Gas,45V0000000000091,Denmark,Avedoerevaerket,1,MAW,PT1M,2,2016-09-26 08:02:00+02:00
2016-09-26 15:44:30+02:00,380,DK_CA,Unplanned outage,A03,,2016-09-26 14:39:00+02:00,YkT6Jn6a9nP_a0kV9mIwOw,730.0,Fossil Hard coal,45V0000000000148,Denmark,Studstrupvaerket,1,MAW,PT1M,2,2016-09-26 12:36:00+02:00
2016-09-30 21:11:34+02:00,254,DK_CA,Unplanned outage,A03,,2016-09-30 21:04:00+02:00,2Dr43UFGfaYaxIdg3IV9eg,815.0,Fossil Gas,45V0000000000091,Denmark,Avedoerevaerket,1,MAW,PT1M,3,2016-09-30 19:04:00+02:00
2016-10-01 01:22:28+02:00,640,DK_CA,Unplanned outage,A03,,2016-10-01 02:00:00+02:00,Mje7BHOEsLmJo6WFQVCxMA,787.0,Fossil Hard coal,45V000000000011E,Denmark,Asnaesvaerket,1,MAW,PT1M,4,2016-09-30 21:46:00+02:00
2016-10-02 22:00:56+02:00,670,DK_CA,Unplanned outage,A03,,2016-10-02 22:00:00+02:00,64NYZa8dzTrMsyP4Zz8Z4Q,815.0,Fossil Gas,45V0000000000091,Denmark,Avedoerevaerket,1,MAW,PT1M,2,2016-10-02 07:07:00+02:00
2016-10-04 05:15:32+02:00,670,DK_CA,Unplanned outage,A03,,2016-10-04 08:00:00+02:00,oJPbUc9NEnKGSMBDzn4PEg,815.0,Fossil Gas,45V0000000000091,Denmark,Avedoerevaerket,1,MAW,PT1M,1,2016-10-04 05:09:00+02:00
2016-10-06 01:00:26+02:00,673,DK_CA,Unplanned outage,A03,,2016-10-06 00:55:00+02:00,h2lgW9MEU4t0xzk_6tta_A,815.0,Fossil Gas,45V0000000000091,Denmark,Avedoerevaerket,1,MAW,PT1M,2,2016-10-05 22:56:00+02:00
2016-10-07 01:27:54+02:00,254,DK_CA,Unplanned outage,A03,,2016-10-06 21:17:00+02:00,Fq6F8F0xx4L7fxJLmBxGnA,815.0,Fossil Gas,45V0000000000091,Denmark,Avedoerevaerket,1,MAW,PT1M,3,2016-10-06 18:30:00+02:00
2016-10-07 06:03:18+02:00,664,DK_CA,Unplanned outage,A03,,2016-10-07 03:00:00+02:00,Gizlb3KHWnVE9KrVbrNoXQ,815.0,Fossil Gas,45V0000000000091,Denmark,Avedoerevaerket,1,MAW,PT1M,1,2016-10-07 01:27:00+02:00
2016-10-07 06:19:42+02:00,0,DK_CA,Unplanned outage,A03,,2016-10-07 03:00:00+02:00,KprKZl1xsW_PK83zKNFydw,407.1,Fossil Hard coal,45V000000000013A,Denmark,Fynsvaerket,1,MAW,PT1M,2,2016-10-07 01:51:00+02:00
2016-10-08 01:14:41+02:00,670,DK_CA,Unplanned outage,A03,,2016-10-07 16:17:00+02:00,MiZ6CiJsYPKV-6gIJrybSg,815.0,Fossil Gas,45V0000000000091,Denmark,Avedoerevaerket,1,MAW,PT1M,3,2016-10-07 13:14:00+02:00
2016-10-10 22:49:42+02:00,254,DK_CA,Unplanned outage,A03,,2016-10-10 20:32:00+02:00,8Jv2UqDuG8RUvjlcmW4BZQ,815.0,Fossil Gas,45V0000000000091,Denmark,Avedoerevaerket,1,MAW,PT1M,2,2016-10-10 18:09:00+02:00
2016-10-11 00:48:34+02:00,548,DK_CA,Unplanned outage,A03,,2016-10-10 22:37:00+02:00,gJFCIcSKxJPFrAy2X0itBA,815.0,Fossil Gas,45V0000000000091,Denmark,Avedoerevaerket,1,MAW,PT1M,2,2016-10-10 22:14:00+02:00
2016-10-14 10:48:16+02:00,548,DK_CA,Unplanned outage,A03,,2016-10-14 06:58:00+02:00,FCso5Pu6Rz1Dm_V8UZGJOA,815.0,Fossil Gas,45V0000000000091,Denmark,Avedoerevaerket,1,MAW,PT1M,4,2016-10-14 02:29:00+02:00
2016-10-14 12:48:20+02:00,0,DK_CA,Unplanned outage,A03,,2016-10-14 09:15:00+02:00,2RVFwxCxaNrkJMRu3P2uFw,407.1,Fossil Hard coal,45V000000000013A,Denmark,Fynsvaerket,1,MAW,PT1M,1,2016-10-14 08:00:00+02:00
2016-10-14 13:54:57+02:00,655,DK_CA,Unplanned outage,A03,,2016-10-14 14:00:00+02:00,VwO8e67ppYdO3tl44bsviw,815.0,Fossil Gas,45V0000000000091,Denmark,Avedoerevaerket,1,MAW,PT1M,3,2016-10-14 04:49:00+02:00
2016-10-17 17:43:24+02:00,0,DK_CA,Unplanned outage,A03,,2016-10-17 18:30:00+02:00,oHwN2IYnlXOydFs7v4wKhw,407.1,Fossil Hard coal,45V000000000013A,Denmark,Fynsvaerket,1,MAW,PT1M,1,2016-10-17 17:38:00+02:00
2016-10-18 20:21:22+02:00,698,DK_CA,Unplanned outage,A03,,2016-10-19 23:59:00+02:00,Dk58oBrtSHwHXgpGPzAzPw,815.0,Fossil Gas,45V0000000000091,Denmark,Avedoerevaerket,1,MAW,PT1M,1,2016-10-18 14:37:00+02:00
2016-10-20 10:20:01+02:00,225,DK_CA,Unplanned outage,A03,,2016-10-21 23:59:00+02:00,jA0d6AcdVU52UD1Evfp7Dg,407.1,Fossil Hard coal,45V000000000013A,Denmark,Fynsvaerket,1,MAW,PT1M,5,2016-10-19 11:45:00+02:00
2016-10-21 09:27:35+02:00,494,DK_CA,Unplanned outage,A03,,2016-10-21 09:23:00+02:00,I5R2vupnu6uvj4xRTdTopQ,815.0,Fossil Gas,45V0000000000091,Denmark,Avedoerevaerket,1,MAW,PT1M,3,2016-10-21 03:54:00+02:00
2016-10-21 16:29:33+02:00,380,DK_CA,Unplanned outage,A03,,2016-10-21 15:30:00+02:00,WWN7BpgdHNEN6pUwuag1Wg,730.0,Fossil Hard coal,45V0000000000148,Denmark,Studstrupvaerket,1,MAW,PT1M,5,2016-10-21 12:03:00+02:00
2016-10-24 11:16:23+02:00,380,DK_CA,Unplanned outage,A03,,2016-10-24 12:30:00+02:00,xHTE0F8lXxgpCEZm6L5SiA,730.0,Fossil Hard coal,45V0000000000148,Denmark,Studstrupvaerket,1,MAW,PT1M,2,2016-10-24 09:32:00+02:00
2016-10-27 18:00:05+02:00,548,DK_CA,Unplanned outage,A03,,2016-10-27 15:30:00+02:00,TdppqM3axZJUku6X1rGEsg,815.0,Fossil Gas,45V0000000000091,Denmark,Avedoerevaerket,1,MAW,PT1M,2,2016-10-27 10:54:00+02:00
2016-10-28 20:49:33+02:00,545,DK_CA,Unplanned outage,A03,,2016-10-29 01:00:00+02:00,1epZhfZy_xBloYzbEai-nQ,730.0,Fossil Hard coal,45V0000000000148,Denmark,Studstrupvaerket,1,MAW,PT1M,2,2016-10-28 23:00:00+02:00
2016-10-29 04:23:07+02:00,0,DK_CA,Unplanned outage,A03,,2016-10-29 12:00:00+02:00,1xv9Tcky6769bJnkdLu8eA,407.1,Fossil Hard coal,45V000000000013A,Denmark,Fynsvaerket,1,MAW,PT1M,1,2016-10-29 04:00:00+02:00
2016-11-04 00:32:18+01:00,230,DK_CA,Unplanned outage,A03,,2016-11-04 00:30:00+01:00,cTJwGeQmPZyfoL3qOcqs3Q,377.0,Fossil Hard coal,45V0000000000164,Denmark,Esbjergvaerket,1,MAW,PT1M,2,2016-11-03 21:40:00+01:00
2016-11-05 18:43:50+01:00,454,DK_CA,Unplanned outage,A03,,2016-11-06 12:00:00+01:00,UH_RvIlTh-nVfXsKR2ds3Q,815.0,Fossil Gas,45V0000000000091,Denmark,Avedoerevaerket,1,MAW,PT1M,1,2016-11-05 18:30:00+01:00
2016-11-07 20:09:40+01:00,548,DK_CA,Unplanned outage,A03,,2016-11-07 22:00:00+01:00,zf8MTAA-xD89856QmK5cyg,815.0,Fossil Gas,45V0000000000091,Denmark,Avedoerevaerket,1,MAW,PT1M,2,2016-11-07 14:17:00+01:00
2016-11-08 09:58:00+01:00,660,DK_CA,Unplanned outage,A03,,2016-11-08 23:59:00+01:00,mY0csnKatZZTidxVRpa2Jg,730.0,Fossil Hard coal,45V0000000000148,Denmark,Studstrupvaerket,1,MAW,PT1M,3,2016-11-07 13:06:00+01:00
2016-11-08 12:44:07+01:00,680,DK_CA,Unplanned outage,A03,,2016-11-08 13:00:00+01:00,WUll8dBqpFzkw1a_5eae9Q,787.0,Fossil Hard coal,45V000000000011E,Denmark,Asnaesvaerket,1,MAW,PT1M,1,2016-11-08 10:47:00+01:00
2016-11-10 10:52:21+01:00,548,DK_CA,Unplanned outage,A03,,2016-11-10 10:55:00+01:00,kHstJzwJHooWEwwIidhVSw,815.0,Fossil Gas,45V0000000000091,Denmark,Avedoerevaerket,1,MAW,PT1M,10,2016-11-09 05:42:00+01:00
2016-11-10 17:10:59+01:00,70,DK_CA,Unplanned outage,A03,,2016-11-10 15:08:00+01:00,GbrPPl3sqdSF4bHCk-lJBg,330.0,Fossil Hard coal,45V000000000012C,Denmark,Amagervaerket,1,MAW,PT1M,3,2016-11-10 12:24:00+01:00
2016-11-10 20:16:05+01:00,180,DK_CA,Unplanned outage,A03,,2016-11-10 18:50:00+01:00,D4nrBKSdUAEcwJlBmILSkw,330.0,Fossil Hard coal,45V000000000012C,Denmark,Amagervaerket,1,MAW,PT1M,2,2016-11-10 17:00:00+01:00
2016-11-11 15:54:22+01:00,668,DK_CA,Unplanned outage,A03,,2016-11-11 20:00:00+01:00,bhP39pwAm4fEGzJQxCCqrw,815.0,Fossil Gas,45V0000000000091,Denmark,Avedoerevaerket,1,MAW,PT1M,2,2016-11-11 11:10:00+01:00
2016-11-12 21:03:32+01:00,210,DK_CA,Unplanned outage,A03,,2016-11-12 21:00:00+01:00,vzlLdRRHmRSAxrzIqOz4OQ,392.0,Fossil Gas,45V000000000010G,Denmark,Skaerbaekvaerket,1,MAW,PT1M,2,2016-11-11 18:30:00+01:00
2016-11-16 04:59:12+01:00,200,DK_CA,Unplanned outage,A03,,2016-11-16 04:56:00+01:00,VWPU6ca7RiceQGnL28eH3w,392.0,Fossil Gas,45V000000000010G,Denmark,Skaerbaekvaerket,1,MAW,PT1M,2,2016-11-16 04:34:00+01:00
2016-11-16 17:47:59+01:00,130,DK_CA,Unplanned outage,A03,,2016-11-16 14:50:00+01:00,8ctF-F7iLqmDizTEi53b8A,392.0,Fossil Gas,45V000000000010G,Denmark,Skaerbaekvaerket,1,MAW,PT1M,3,2016-11-16 12:47:00+01:00
2016-11-18 06:26:13+01:00,70,DK_CA,Unplanned outage,A03,,2016-11-18 05:39:00+01:00,GWxONiWNaa2WGaMbgLPjhQ,330.0,Fossil Hard coal,45V000000000012C,Denmark,Amagervaerket,1,MAW,PT1M,6,2016-11-14 08:00:00+01:00
2016-11-19 13:37:00+01:00,200,DK_CA,Unplanned outage,A03,,2016-11-19 13:10:00+01:00,fMzAiIVa9RwXnA6Q2uTm7Q,392.0,Fossil Gas,45V000000000010G,Denmark,Skaerbaekvaerket,1,MAW,PT1M,2,2016-11-19 07:49:00+01:00
2016-11-19 17:02:36+01:00,684,DK_CA,Unplanned outage,A03,,2016-11-20 12:00:00+01:00,LHNo2NBVJl2MwwcPnfMvHg,815.0,Fossil Gas,45V0000000000091,Denmark,Avedoerevaerket,1,MAW,PT1M,5,2016-11-18 21:49:00+01:00
2016-11-20 19:13:35+01:00,669,DK_CA,Unplanned outage,A03,,2016-11-20 18:51:00+01:00,sq4q5SDpGa4oozwkqjEOKw,815.0,Fossil Gas,45V0000000000091,Denmark,Avedoerevaerket,1,MAW,PT1M,4,2016-11-20 16:35:00+01:00
2016-11-21 00:17:59+01:00,254,DK_CA,Unplanned outage,A03,,2016-11-21 00:15:00+01:00,8A7eo5WSrjfk9QXqLTYUhQ,815.0,Fossil Gas,45V0000000000091,Denmark,Avedoerevaerket,1,MAW,PT1M,4,2016-11-20 18:52:00+01:00
2016-11-21 06:36:14+01:00,254,DK_CA,Unplanned outage,A03,,2016-11-21 06:32:00+01:00,FuzO3zWPEQwDIel9jT69Qg,815.0,Fossil Gas,45V0000000000091,Denmark,Avedoerevaerket,1,MAW,PT1M,2,2016-11-21 06:14:00+01:00
2016-11-22 06:51:14+01:00,380,DK_CA,Unplanned outage,A03,,2016-11-22 10:00:00+01:00,SD9NjcXzLDJjtmCpDK16wg,730.0,Fossil Hard coal,45V0000000000148,Denmark,Studstrupvaerket,1,MAW,PT1M,1,2016-11-22 06:40:00+01:00
2016-11-23 20:00:08+01:00,524,DK_CA,Unplanned outage,A03,,2016-11-23 20:00:00+01:00,T5LIrdrwdAldT3h-s2RMeg,815.0,Fossil Gas,45V0000000000091,Denmark,Avedoerevaerket,1,MAW,PT1M,1,2016-11-23 15:51:00+01:00
2016-11-24 00:16:27+01:00,70,DK_CA,Unplanned outage,A03,,2016-11-24 01:00:00+01:00,CmtfPFR9UNGmMjme82eDKQ,330.0,Fossil Hard coal,45V000000000012C,Denmark,Amagervaerket,1,MAW,PT1M,2,2016-11-23 19:09:00+01:00
2016-11-24 10:04:13+01:00,180,DK_CA,Unplanned outage,A03,,2016-11-24 10:00:00+01:00,-g5iJe7aUI4Yyq_tv82nLA,330.0,Fossil Hard coal,45V000000000012C,Denmark,Amagervaerket,1,MAW,PT1M,3,2016-11-24 01:46:00+01:00
2016-11-24 12:16:24+01:00,683,DK_CA,Unplanned outage,A03,,2016-11-24 16:00:00+01:00,2qFNHK4FEr4rY5kXqKRHkg,815.0,Fossil Gas,45V0000000000091,Denmark,Avedoerevaerket,1,MAW,PT1M,2,2016-11-24 07:51:00+01:00
2016-11-25 15:22:01+01:00,698,DK_CA,Unplanned outage,A03,,2016-11-25 09:23:00+01:00,e4OalBIoE7k9NPYoKHRcUQ,815.0,Fossil Gas,45V0000000000091,Denmark,Avedoerevaerket,1,MAW,PT1M,2,2016-11-25 08:03:00+01:00
2016-11-27 23:57:24+01:00,664,DK_CA,Unplanned outage,A03,,2016-11-28 01:00:00+01:00,HrXf0UMCSAPJ2butGqOrfw,815.0,Fossil Gas,45V0000000000091,Denmark,Avedoerevaerket,1,MAW,PT1M,4,2016-11-27 07:50:00+01:00
2016-11-28 22:22:33+01:00,0,DK_CA,Unplanned outage,A03,,2016-11-28 22:30:00+01:00,_M0yhVinYyBsZ9pGAQlV3A,392.0,Fossil Gas,45V000000000010G,Denmark,Skaerbaekvaerket,1,MAW,PT1M,2,2016-11-28 18:30:00+01:00
2016-11-30 10:32:56+01:00,380,DK_CA,Unplanned outage,A03,,2016-11-30 13:00:00+01:00,-AaHdgrrma5Z7RtfrmV41w,730.0,Fossil Hard coal,45V0000000000148,Denmark,Studstrupvaerket,1,MAW,PT1M,1,2016-11-30 10:11:00+01:00
2016-12-02 05:37:14+01:00,664,DK_CA,Unplanned outage,A03,,2016-12-02 07:00:00+01:00,qQuqBlKoldIZZ0WLd1iVyQ,815.0,Fossil Gas,45V0000000000091,Denmark,Avedoerevaerket,1,MAW,PT1M,5,2016-11-30 17:44:00+01:00
2016-12-02 16:53:54+01:00,0,DK_CA,Unplanned outage,A03,,2016-12-02 14:22:00+01:00,jJt7UY0ev59OYO5nvRAkmg,407.1,Fossil Hard coal,45V000000000013A,Denmark,Fynsvaerket,1,MAW,PT1M,1,2016-12-02 13:38:00+01:00
2016-12-13 04:10:44+01:00,380,DK_CA,Unplanned outage,A03,,2016-12-13 05:00:00+01:00,BTp1E4tN7Sy7q_oRjEIIUQ,730.0,Fossil Hard coal,45V0000000000148,Denmark,Studstrupvaerket,1,MAW,PT1M,7,2016-12-12 10:55:00+01:00
2016-12-13 09:22:50+01:00,520,DK_CA,Unplanned outage,A03,,2016-12-13 12:00:00+01:00,6hP2YZIG1fja6UlZ6fPzZg,730.0,Fossil Hard coal,45V0000000000148,Denmark,Studstrupvaerket,1,MAW,PT1M,2,2016-12-13 05:34:00+01:00
2016-12-13 14:15:46+01:00,520,DK_CA,Unplanned outage,A03,,2016-12-13 15:00:00+01:00,j_6wAoZfDSB6XVrT4LncXA,730.0,Fossil Hard coal,45V0000000000148,Denmark,Studstrupvaerket,1,MAW,PT1M,1,2016-12-13 12:31:00+01:00
2017-01-12 08:06:42+01:00,0,DK_CA,Unplanned outage,A03,,2017-01-12 08:10:00+01:00,A37gIzld9aLHzeGqUlOJ5A,377.0,Fossil Hard coal,45V0000000000164,Denmark,Esbjergvaerket,1,MAW,PT1M,3,2017-01-12 01:47:00+01:00
2017-05-04 16:53:16+02:00,0,DK_CA,Unplanned outage,A03,,2017-05-04 18:00:00+02:00,YR4Li8YbaM1Fe06FMY0cTA,392.0,Fossil Gas,45V000000000010G,Denmark,Skaerbaekvaerket,1,MAW,PT1M,1,2017-05-04 16:47:00+02:00
2017-05-17 18:17:27+02:00,0,DK_CA,Unplanned outage,A03,,2017-05-17 20:00:00+02:00,87W0XeV1Kt5s4jGSsPUbaw,209.3,Wind Offshore,45V0000000000229,Denmark,Horns Rev B,1,MAW,PT1M,6,2017-05-14 17:53:00+02:00
2017-05-19 09:21:18+02:00,0,DK_CA,Unplanned outage,A03,,2017-05-20 09:00:00+02:00,jOLyjMY3IN5Swe0yDbQWhw,209.3,Wind Offshore,45V0000000000229,Denmark,Horns Rev B,1,MAW,PT1M,6,2017-05-17 20:00:00+02:00
2017-07-06 14:21:38+02:00,0,DK_CA,Unplanned outage,A03,,2017-07-06 14:17:00+02:00,Ds231YvrV7DksD57ADVsVg,377.0,Fossil Hard coal,45W000000000017P,Denmark,Esbjergvaerket,1,MAW,PT1M,7,2017-07-06 07:48:00+02:00
2017-08-22 10:54:46+02:00,0,DK_CA,Unplanned outage,A03,,2017-08-15 23:59:00+02:00,CNWIvnfWXgwn0R7cF1bUHw,405.0,Fossil Hard coal,45W000000000016R,Denmark,Nordjyllandsvaerket,1,MAW,PT1M,2,2017-08-14 01:25:00+02:00
2017-08-22 12:28:43+02:00,260,DK_CA,Unplanned outage,A03,,2017-08-15 21:15:00+02:00,iXAxhtL42_SG8L_MHwg9Qg,405.0,Fossil Hard coal,45W000000000016R,Denmark,Nordjyllandsvaerket,1,MAW,PT1M,1,2017-08-15 09:00:00+02:00
2017-10-02 14:29:38+02:00,0,DK_CA,Unplanned outage,A03,,2017-10-02 08:30:00+02:00,awxEPffRc0dwAOlb8TVBoQ,405.0,Fossil Hard coal,45W000000000016R,Denmark,Nordjyllandsvaerket,1,MAW,PT1M,4,2017-09-22 23:59:00+02:00
2017-12-05 13:23:54+01:00,0,DK_CA,Unplanned outage,A03,,2017-12-05 13:40:00+01:00,bsImDWGXNEnudlL-13M9IA,405.0,Fossil Hard coal,45W000000000016R,Denmark,Nordjyllandsvaerket,1,MAW,PT1M,2,2017-12-05 12:50:00+01:00
2017-12-08 13:19:17+01:00,80,DK_CA,Unplanned outage,A03,,2017-12-06 21:43:00+01:00,iAOGFxRcol-zJ4GQhPWiCA,479.0,Fossil Hard coal,45W000000000013X,Denmark,Amagervaerket,1,MAW,PT1M,5,2017-12-06 13:50:00+01:00
2018-02-12 14:51:45+01:00,267,DK_CA,Unplanned outage,A03,,2018-02-12 13:00:00+01:00,k4PdRJS3w-n10NfdD3lejg,399.6,Wind Offshore,45W000000000022W,Denmark,Anholt,1,MAW,PT1M,2,2018-02-12 12:54:00+01:00
2018-02-16 12:37:03+01:00,270,DK_CA,Unplanned outage,A03,,2018-02-16 13:00:00+01:00,kTsQBTloWKrooK8E6cXuXQ,405.0,Fossil Hard coal,45W000000000016R,Denmark,Nordjyllandsvaerket,1,MAW,PT60M,2,2018-02-16 10:00:00+01:00
2018-02-28 09:10:38+01:00,0,DK_CA,Unplanned outage,A03,,2018-02-28 06:45:00+01:00,xFPQBBAVZXpmyK76jEhYUQ,377.0,Fossil Hard coal,45W000000000017P,Denmark,Esbjergvaerket,1,MAW,PT1M,2,2018-02-28 06:40:00+01:00
2018-03-18 05:54:19+01:00,0,DK_CA,Unplanned outage,A03,,2018-03-18 05:15:00+01:00,Z2bA-2JyDRh8Gh-8A4zXaA,377.0,Fossil Hard coal,45W000000000017P,Denmark,Esbjergvaerket,1,MAW,PT1M,2,2018-03-18 05:13:00+01:00
2018-03-20 08:42:40+01:00,0,DK_CA,Unplanned outage,A03,,2018-03-20 03:45:00+01:00,h2m3qcRaTm0XddEGTswBfw,392.0,Fossil Gas,45W0000000000110,Denmark,Skaerbaekvaerket,1,MAW,PT1M,2,2018-03-20 03:33:00+01:00
2018-03-21 10:47:12+01:00,0,DK_CA,Unplanned outage,A03,,2018-03-23 12:00:00+01:00,izVou4nxn_gtOAEsIdAiPA,405.0,Fossil Hard coal,45W000000000016R,Denmark,Nordjyllandsvaerket,1,MAW,PT60M,1,2018-03-21 16:00:00+01:00
2018-10-23 13:08:03+02:00,0,DK_CA,Unplanned outage,A03,,2018-10-19 13:00:00+02:00,OhHwmW9kC8ondbzGwn5IBQ,405.0,Fossil Hard coal,45W000000000016R,Denmark,Nordjyllandsvaerket,1,MAW,PT60M,2,2018-10-17 16:00:00+02:00
2018-10-23 13:08:53+02:00,0,DK_CA,Unplanned outage,A03,,2018-10-19 16:15:00+02:00,TsI9Y3OnQkH9RlzSFN57CA,405.0,Fossil Hard coal,45W000000000016R,Denmark,Nordjyllandsvaerket,1,MAW,PT1M,1,2018-10-19 16:05:00+02:00
2018-12-19 07:22:29+01:00,0,DK_CA,Unplanned outage,A03,,2018-12-19 02:45:00+01:00,GC7ve9uP0q-VlYzYUncMwQ,377.0,Fossil Hard coal,45W000000000017P,Denmark,Esbjergvaerket,1,MAW,PT1M,4,2018-12-19 02:32:00+01:00
2018-12-22 02:36:41+01:00,0,DK_CA,Unplanned outage,A03,,2018-12-22 03:00:00+01:00,PBfH64oYgfCGUW1jljpnlg,377.0,Fossil Hard coal,45W000000000017P,Denmark,Esbjergvaerket,1,MAW,PT60M,3,2018-12-21 23:00:00+01:00
2019-01-27 09:59:44+01:00,0,DK_CA,Unplanned outage,A03,,2019-01-27 08:30:00+01:00,ugmneGRqrkPV8RZHCPh5Cg,392.0,Fossil Gas,45W0000000000110,Denmark,Skaerbaekvaerket,1,MAW,PT1M,3,2019-01-27 08:18:00+01:00
2019-02-16 17:44:56+01:00,240,DK_CA,Unplanned outage,A03,,2019-02-16 23:00:00+01:00,qPv_64JLiZNui-DkEiMm1w,405.0,Fossil Hard coal,45W000000000016R,Denmark,Nordjyllandsvaerket,1,MAW,PT60M,2,2019-02-16 17:00:00+01:00
2019-02-23 11:26:54+01:00,0,DK_CA,Unplanned outage,A03,,2019-02-23 21:00:00+01:00,hWRniy2i61waLJQR-dqPog,392.0,Fossil Gas,45W0000000000110,Denmark,Skaerbaekvaerket,1,MAW,PT60M,5,2019-02-02 06:00:00+01:00
2019-03-04 19:47:50+01:00,0,DK_CA,Unplanned outage,A03,,2019-03-04 22:30:00+01:00,bJAeNV_OGy25GMuAtf0eAw,405.0,Fossil Hard coal,45W000000000016R,Denmark,Nordjyllandsvaerket,1,MAW,PT30M,2,2019-03-04 22:00:00+01:00
2019-03-05 16:56:04+01:00,255,DK_CA,Unplanned outage,A03,,2019-03-05 16:30:00+01:00,F6Irxo5GWN7rEMveLIpoWA,405.0,Fossil Hard coal,45W000000000016R,Denmark,Nordjyllandsvaerket,1,MAW,PT15M,3,2019-03-05 16:15:00+01:00
2019-03-21 07:23:52+01:00,270,DK_CA,Unplanned outage,A03,,2019-03-20 14:45:00+01:00,K2nekOuXcCfNFfdfdUBj9g,405.0,Fossil Hard coal,45W000000000016R,Denmark,Nordjyllandsvaerket,1,MAW,PT1M,2,2019-03-20 14:36:00+01:00
2019-04-24 16:49:30+02:00,205,DK_CA,Unplanned outage,A03,,2019-04-24 16:00:00+02:00,HuqaoJ_eS78bE3w9jMKqbw,407.0,Wind Offshore,45W000000000114R,Denmark,Horns Rev C,1,MAW,PT60M,3,2019-04-22 16:00:00+02:00
2019-06-26 11:17:33+02:00,0,DK_CA,Unplanned outage,A03,,2019-06-26 04:00:00+02:00,lPN3na-rObyexKDEEJ6vZg,377.0,Fossil Hard coal,45W000000000017P,Denmark,Esbjergvaerket,1,MAW,PT15M,2,2019-06-26 03:45:00+02:00
2019-12-03 10:32:30+01:00,0,DK_CA,Unplanned outage,A03,,2019-05-15 13:00:00+02:00,rYwa9snfCcZ3loUlpDb2mA,405.0,Fossil Hard coal,45W000000000016R,Denmark,Nordjyllandsvaerket,1,MAW,PT30M,5,2019-05-15 12:30:00+02:00
2019-12-24 10:44:07+01:00,0,DK_CA,Unplanned outage,A03,,2019-12-24 10:00:00+01:00,GT6ue4doIXMZ_0lpM0gJwA,405.0,Fossil Hard coal,45W000000000016R,Denmark,Nordjyllandsvaerket,1,MAW,PT15M,2,2019-12-24 09:45:00+01:00
2020-03-18 12:39:50+01:00,0,DK_CA,Unplanned outage,A03,,2020-03-17 17:15:00+01:00,O-B6vV2f-3Db1RhzWIrn_w,407.0,Wind Offshore,45W000000000114R,Denmark,Horns Rev C,1,MAW,PT1M,4,2020-03-17 17:10:00+01:00
2020-07-02 13:16:28+02:00,0,DK_CA,Unplanned outage,A03,,2020-07-02 18:00:00+02:00,TiiRp93N1221PCUcuUgDRA,407.0,Wind Offshore,45W000000000114R,Denmark,Horns Rev C,1,MAW,PT60M,3,2020-06-29 07:00:00+02:00
2020-08-23 09:56:04+02:00,0,DK_CA,Unplanned outage,A03,,2020-08-23 01:45:00+02:00,4VQM2yl76COba4XFV96Xrw,165.6,Wind Offshore,45W000000000019L,Denmark,Roedsand 1,1,MAW,PT1M,3,2020-08-23 01:31:00+02:00
2020-10-01 15:47:49+02:00,120,DK_CA,Unplanned outage,A03,,2020-09-30 19:30:00+02:00,KJAxJYcVGCl7JUmtk8VC9A,377.0,Fossil Hard coal,45W000000000017P,Denmark,Esbjergvaerket,1,MAW,PT1M,2,2020-09-30 19:16:00+02:00
2020-10-08 11:01:43+02:00,300,DK_CA,Unplanned outage,A03,,2020-10-08 10:15:00+02:00,bgZxxC0ecOyfEMXWh9Pjyg,377.0,Fossil Hard coal,45W000000000017P,Denmark,Esbjergvaerket,1,MAW,PT1M,3,2020-10-08 10:11:00+02:00
2020-10-16 22:48:10+02:00,0,DK_CA,Unplanned outage,A03,,2020-10-16 14:45:00+02:00,QdSHXtLpKMN0fcaaHixKAQ,165.6,Wind Offshore,45W000000000019L,Denmark,Roedsand 1,1,MAW,PT1M,2,2020-10-16 14:34:00+02:00
2021-02-14 12:43:44+01:00,0,DK_CA,Unplanned outage,A03,,2021-02-14 10:30:00+01:00,SMc5U-SHPfQjbPOI2Rv9lQ,377.0,Fossil Hard coal,45W000000000017P,Denmark,Esbjergvaerket,1,MAW,PT1M,2,2021-02-14 10:28:00+01:00
2021-10-13 10:49:35+02:00,0,DK_CA,Unplanned outage,A03,,2021-10-13 04:00:00+02:00,FwBR_Mn-6aXNdeuMLDhkVw,407.0,Wind Offshore,45W000000000114R,Denmark,Horns Rev C,1,MAW,PT1M,4,2021-10-13 03:52:00+02:00
2022-01-22 10:33:41+01:00,0,DK_CA,Unplanned outage,A03,,2022-01-21 23:45:00+01:00,hpdqnCYKeonZyea7ejniuw,392.0,Fossil Gas,45W0000000000110,Denmark,Skaerbaekvaerket,1,MAW,PT1M,4,2022-01-21 23:40:00+01:00
2022-06-07 09:57:28+02:00,0,DK_CA,Unplanned outage,A03,,2022-12-31 23:00:00+01:00,Mb7mtRt-RrWhuDCIu6DTyQ,407.1,Fossil Hard coal,45W000000000014V,Denmark,Fynsvaerket,1,MAW,PT60M,58,2022-05-01 00:00:00+02:00
