2018-06-14 15:50:35+02:00,176,NO_3,Unplanned outage,A03,,2018-06-15 15:00:00+02:00,k8OIwhsdjhYbdQNvQWo_xQ,283.0,Hydro Water Reservoir,50WP00000000017I,Aura,Aura,1,MAW,PT60M,3,2018-06-14 10:00:00+02:00
2018-12-19 09:28:41+01:00,185,NO_3,Unplanned outage,A03,,2018-12-19 00:00:00+01:00,j-pkvpwuFoK11t1VBWD5Yw,283.0,Hydro Water Reservoir,50WP00000000017I,Aura,Aura,1,MAW,PT1M,2,2018-12-18 23:46:00+01:00
2018-12-22 05:02:37+01:00,134,NO_3,Unplanned outage,A03,,2018-12-22 04:15:00+01:00,IV50g4pfFT1lxhUV247bQw,283.0,Hydro Water Reservoir,50WP00000000017I,Aura,Aura,1,MAW,PT1M,1,2018-12-22 04:07:00+01:00
2018-12-28 13:14:03+01:00,184,NO_3,Unplanned outage,A03,,2018-12-28 00:30:00+01:00,dKWScIlLfrWGhU1Am4N2hA,283.0,Hydro Water Reservoir,50WP00000000017I,Aura,Aura,1,MAW,PT1M,5,2018-12-28 00:25:00+01:00
2019-01-02 17:00:18+01:00,140,NO_3,Unplanned outage,A03,,2019-01-01 11:00:00+01:00,Ulosc4795VLeadF4ZybiVQ,256.0,Wind Onshore,50WP00000000881E,Roan,Roan Vindpark,1,MAW,PT1M,1,2019-01-01 10:57:00+01:00
2019-04-02 09:38:53+02:00,147,NO_3,Unplanned outage,A03,,2019-03-20 06:00:00+01:00,l-YwA0OeNNlx45VD0Oh-OA,283.0,Hydro Water Reservoir,50WP00000000017I,Aura,Aura,1,MAW,PT15M,7,2019-03-20 05:45:00+01:00
2019-08-13 11:25:15+02:00,0,NO_3,Unplanned outage,A03,,2019-08-13 08:00:00+02:00,o32qhIxz-lKJJcq3fVheBQ,256.0,Wind Onshore,50WP00000000881E,Roan,Roan Vindpark,1,MAW,PT15M,4,2019-08-13 07:45:00+02:00
2019-08-13 13:36:05+02:00,0,NO_3,Unplanned outage,A03,,2019-08-13 14:00:00+02:00,m7lvNu4oteshvz3qIuFfEA,256.0,Wind Onshore,50WP00000000881E,Roan,Roan Vindpark,1,MAW,PT30M,2,2019-08-13 12:30:00+02:00
2020-09-12 15:00:45+02:00,137,NO_3,Unplanned outage,A03,,2020-09-11 23:00:00+02:00,nkqxCpT55pwl0ChhWF_ICg,256.0,Wind Onshore,50WP00000000881E,Roan,Roan Vindpark,1,MAW,PT15M,2,2020-09-11 22:45:00+02:00
2020-12-16 18:26:57+01:00,0,NO_3,Unplanned outage,A03,,2020-12-16 15:30:00+01:00,oIMAPVfWBmHQNFsCnx6LWw,288.0,Wind Onshore,50WP00000000882C,Storheia,Storheia Vindpark,1,MAW,PT1M,2,2020-12-16 15:27:00+01:00
2020-12-18 11:19:44+01:00,215,NO_3,Unplanned outage,A03,,2020-12-18 16:00:00+01:00,h9M-eYGL02RmQi0J1cHh0A,283.0,Hydro Water Reservoir,50WP00000000017I,Aura,Aura,1,MAW,PT60M,14,2020-12-18 12:00:00+01:00
2021-05-27 10:48:45+02:00,0,NO_3,Unplanned outage,A03,,2021-05-27 10:45:00+02:00,J2ioVhhBMDD7_hp5_6WNpA,108.0,Hydro Water Reservoir,50WP00000000457R,Meraker,Meraker,1,MAW,PT1M,5,2021-05-27 10:35:00+02:00
