2014-12-21 17:13:14+01:00,235,SE_1,Unplanned outage,A03,,2014-12-21 17:10:00+01:00,sra5ajr_kDajpV8_oRSuaQ,440.0,Hydro Water Reservoir,46WPU0000000028N,SE1,Porjus,1,MAW,PT1M,2,2014-12-21 15:20:00+01:00
2014-12-22 06:01:15+01:00,0,SE_1,Unplanned outage,A03,,2014-12-22 05:51:00+01:00,B88eMVuHKbQDVSNICwkPbg,320.0,Hydro Water Reservoir,46WPU0000000026R,SE1,Ritsem,1,MAW,PT1M,2,2014-12-22 03:06:00+01:00
2014-12-25 22:52:13+01:00,0,SE_1,Unplanned outage,A03,,2014-12-25 22:48:00+01:00,Uf_J64ihXX2ypkvG85F2JQ,320.0,Hydro Water Reservoir,46WPU0000000026R,SE1,Ritsem,1,MAW,PT1M,2,2014-12-25 19:50:00+01:00
2014-12-29 11:55:13+01:00,0,SE_1,Unplanned outage,A03,,2014-12-29 11:52:00+01:00,gD2YaX8EQ0--4xSO32Emdw,320.0,Hydro Water Reservoir,46WPU0000000026R,SE1,Ritsem,1,MAW,PT1M,2,2014-12-29 09:55:00+01:00
2015-01-04 16:09:15+01:00,290,SE_1,Unplanned outage,A03,,2015-01-04 16:06:00+01:00,kCh7vZIusp6BwHywVs7jtg,440.0,Hydro Water Reservoir,46WPU0000000035Q,SE1,Letsi,1,MAW,PT1M,3,2015-01-02 12:36:00+01:00
2015-01-05 19:47:24+01:00,0,SE_1,Unplanned outage,A03,,2015-01-05 19:40:00+01:00,RoHbsUBnlYVNC8wCiS-NtQ,320.0,Hydro Water Reservoir,46WPU0000000026R,SE1,Ritsem,1,MAW,PT1M,2,2015-01-05 15:30:00+01:00
2015-01-07 11:08:53+01:00,0,SE_1,Unplanned outage,A03,,2015-01-07 15:00:00+01:00,A8g3gfMjqBorrck6KjVzpA,320.0,Hydro Water Reservoir,46WPU0000000026R,SE1,Ritsem,1,MAW,PT1M,3,2015-01-05 19:58:00+01:00
2015-01-12 11:31:23+01:00,0,SE_1,Unplanned outage,A03,,2015-01-12 16:00:00+01:00,W8BJYvevL9NLFci5X5mu0w,320.0,Hydro Water Reservoir,46WPU0000000026R,SE1,Ritsem,1,MAW,PT1M,2,2015-01-12 06:04:00+01:00
2015-01-15 07:57:13+01:00,290,SE_1,Unplanned outage,A03,,2015-01-15 07:55:00+01:00,PzvVvfqhighqETevVmgpiQ,440.0,Hydro Water Reservoir,46WPU0000000035Q,SE1,Letsi,1,MAW,PT1M,3,2015-01-14 12:40:00+01:00
2015-01-19 07:19:14+01:00,415,SE_1,Unplanned outage,A03,,2015-01-19 09:00:00+01:00,CbHXhVLpfyZ01hWXTM2s5Q,830.0,Hydro Water Reservoir,46WPU0000000029L,SE1,Harsprånget,1,MAW,PT1M,1,2015-01-19 07:14:00+01:00
2015-01-25 21:06:42+01:00,300,SE_1,Unplanned outage,A03,,2015-01-26 07:00:00+01:00,3R8ljZG_XmmHNPVsfS-dVQ,452.0,Hydro Water Reservoir,46WPU0000000032W,SE1,Messaure,1,MAW,PT1M,1,2015-01-25 21:02:00+01:00
2015-01-28 15:24:54+01:00,235,SE_1,Unplanned outage,A03,,2015-01-28 20:00:00+01:00,-CCUl6NLE-TOHUaUMpNjog,440.0,Hydro Water Reservoir,46WPU0000000028N,SE1,Porjus,1,MAW,PT1M,2,2015-01-28 09:48:00+01:00
2015-01-29 17:51:42+01:00,415,SE_1,Unplanned outage,A03,,2015-01-29 17:50:00+01:00,rlpt4tUuft-wq74OSmZYuA,830.0,Hydro Water Reservoir,46WPU0000000029L,SE1,Harsprånget,1,MAW,PT1M,2,2015-01-28 15:44:00+01:00
2015-01-30 12:16:41+01:00,0,SE_1,Unplanned outage,A03,,2015-02-01 15:00:00+01:00,uLeDbT049hiFgFZb6Sdcwg,320.0,Hydro Water Reservoir,46WPU0000000026R,SE1,Ritsem,1,MAW,PT1M,3,2015-01-29 16:42:00+01:00
2015-02-04 17:23:42+01:00,0,SE_1,Unplanned outage,A03,,2015-02-04 17:21:00+01:00,uvmpZ_mXX3NwC1eRZQmBig,225.0,Hydro Water Reservoir,46WPU0000000033U,SE1,Seitevare,1,MAW,PT1M,4,2015-02-03 11:43:00+01:00
2015-03-01 08:46:11+01:00,300,SE_1,Unplanned outage,A03,,2015-03-01 08:40:00+01:00,4MC2PVQRqhUIyDiRWNZOKg,452.0,Hydro Water Reservoir,46WPU0000000032W,SE1,Messaure,1,MAW,PT1M,2,2015-03-01 06:12:00+01:00
2015-03-08 01:38:26+01:00,165,SE_1,Unplanned outage,A03,,2015-03-08 17:00:00+01:00,LAuqAIO7GsnhIf5dYwaEvw,325.0,Hydro Water Reservoir,46WPU0000000027P,SE1,Vietas,1,MAW,PT1M,1,2015-03-08 01:35:00+01:00
2015-03-11 08:47:12+01:00,290,SE_1,Unplanned outage,A03,,2015-03-11 08:35:00+01:00,LDBSlMd3hN1ISXg_9QTnwQ,440.0,Hydro Water Reservoir,46WPU0000000035Q,SE1,Letsi,1,MAW,PT1M,2,2015-03-11 05:24:00+01:00
2015-03-23 07:19:12+01:00,290,SE_1,Unplanned outage,A03,,2015-03-23 07:17:00+01:00,265X4FzVTOp1QfmC7xkc-g,440.0,Hydro Water Reservoir,46WPU0000000035Q,SE1,Letsi,1,MAW,PT1M,2,2015-03-23 06:29:00+01:00
2015-04-04 21:42:28+02:00,290,SE_1,Unplanned outage,A03,,2015-04-06 00:00:00+02:00,W-o2kcQyDvwiZHp_EgRACA,440.0,Hydro Water Reservoir,46WPU0000000035Q,SE1,Letsi,1,MAW,PT1M,2,2015-04-04 14:33:00+02:00
2015-04-10 06:05:16+02:00,0,SE_1,Unplanned outage,A03,,2015-04-10 09:00:00+02:00,eMyqT5aqIivp_HjKfn-ZCw,225.0,Hydro Water Reservoir,46WPU0000000033U,SE1,Seitevare,1,MAW,PT1M,1,2015-04-10 06:00:00+02:00
2015-04-10 13:19:05+02:00,0,SE_1,Unplanned outage,A03,,2015-04-10 12:00:00+02:00,_sGiHmBUxTWKoJa-EsLsnQ,225.0,Hydro Water Reservoir,46WPU0000000033U,SE1,Seitevare,1,MAW,PT1M,1,2015-04-10 09:45:00+02:00
2015-04-14 06:14:45+02:00,290,SE_1,Unplanned outage,A03,,2015-04-14 06:12:00+02:00,MZdeL_HTpEGZkEvnd79GWQ,440.0,Hydro Water Reservoir,46WPU0000000035Q,SE1,Letsi,1,MAW,PT1M,2,2015-04-14 05:32:00+02:00
2015-04-17 13:05:49+02:00,150,SE_1,Unplanned outage,A03,,2015-04-17 12:50:00+02:00,Rb-LoxW7gl7ck75a1d2zcA,452.0,Hydro Water Reservoir,46WPU0000000032W,SE1,Messaure,1,MAW,PT1M,2,2015-04-17 11:20:00+02:00
2015-04-26 12:40:26+02:00,300,SE_1,Unplanned outage,A03,,2015-04-26 12:38:00+02:00,9FMUD6PKf6VirGoVw-Upsg,452.0,Hydro Water Reservoir,46WPU0000000032W,SE1,Messaure,1,MAW,PT1M,2,2015-04-26 11:05:00+02:00
2015-05-03 12:07:05+02:00,300,SE_1,Unplanned outage,A03,,2015-05-03 12:04:00+02:00,bse2L3IzItRBgz4_pl-flA,452.0,Hydro Water Reservoir,46WPU0000000032W,SE1,Messaure,1,MAW,PT1M,2,2015-05-03 09:49:00+02:00
2015-05-05 14:37:10+02:00,220,SE_1,Unplanned outage,A03,,2015-05-05 14:31:00+02:00,YLQ2Cy0Y5voepd7OLckLew,440.0,Hydro Water Reservoir,46WPU0000000028N,SE1,Porjus,1,MAW,PT1M,5,2015-05-05 06:56:00+02:00
2015-05-06 08:59:27+02:00,165,SE_1,Unplanned outage,A03,,2015-05-06 08:58:00+02:00,qNrbVVTyrbZY2jmwFKUgrQ,325.0,Hydro Water Reservoir,46WPU0000000027P,SE1,Vietas,1,MAW,PT1M,2,2015-05-06 07:31:00+02:00
2015-05-17 13:30:27+02:00,77,SE_1,Unplanned outage,A03,,2015-05-17 13:28:00+02:00,UiuYr1HBl-h8ysOmIBu3dA,207.0,Hydro Water Reservoir,46WPU0000000037M,SE1,Laxede,1,MAW,PT1M,2,2015-05-17 11:00:00+02:00
2015-05-19 14:02:56+02:00,220,SE_1,Unplanned outage,A03,,2015-05-19 13:55:00+02:00,OTdLQajKiqxbQoMAyKnwOQ,440.0,Hydro Water Reservoir,46WPU0000000028N,SE1,Porjus,1,MAW,PT1M,3,2015-05-19 10:45:00+02:00
2015-05-27 10:29:25+02:00,65,SE_1,Unplanned outage,A03,,2015-05-27 10:14:00+02:00,qsJoHBGY5ke5UCNtqe-C4g,207.0,Hydro Water Reservoir,46WPU0000000037M,SE1,Laxede,1,MAW,PT1M,3,2015-05-27 02:25:00+02:00
2015-05-29 05:55:13+02:00,300,SE_1,Unplanned outage,A03,,2015-05-29 08:00:00+02:00,X-aBuDDAqj7yOqkelsa-mg,452.0,Hydro Water Reservoir,46WPU0000000032W,SE1,Messaure,1,MAW,PT1M,1,2015-05-29 05:46:00+02:00
2015-06-15 15:04:22+02:00,290,SE_1,Unplanned outage,A03,,2015-06-15 14:56:00+02:00,SsX_ddBJxHA5_VoqzUDU1Q,440.0,Hydro Water Reservoir,46WPU0000000035Q,SE1,Letsi,1,MAW,PT1M,2,2015-06-15 14:15:00+02:00
2015-06-18 05:49:10+02:00,290,SE_1,Unplanned outage,A03,,2015-06-18 05:47:00+02:00,QKt9Yk830hfxrRduPGkU0Q,440.0,Hydro Water Reservoir,46WPU0000000035Q,SE1,Letsi,1,MAW,PT1M,2,2015-06-18 05:00:00+02:00
2015-06-18 06:36:44+02:00,290,SE_1,Unplanned outage,A03,,2015-06-18 07:30:00+02:00,Zj6p1Hi9v_Q3FpuQq00LAA,440.0,Hydro Water Reservoir,46WPU0000000035Q,SE1,Letsi,1,MAW,PT1M,1,2015-06-18 06:05:00+02:00
2015-06-18 10:18:28+02:00,101,SE_1,Unplanned outage,A03,,2015-06-18 10:15:00+02:00,zsUlgsgo2v1HwIqVvb_7Ww,214.0,Hydro Water Reservoir,46WPU0000000039I,SE1,Gallejaur,1,MAW,PT1M,3,2015-06-18 06:11:00+02:00
2015-06-22 17:12:08+02:00,0,SE_1,Unplanned outage,A03,,2015-06-22 17:08:00+02:00,ijl6isU9yLTcPyJYhaqiRw,225.0,Hydro Water Reservoir,46WPU0000000033U,SE1,Seitevare,1,MAW,PT1M,2,2015-06-22 16:37:00+02:00
2015-07-03 13:27:39+02:00,0,SE_1,Unplanned outage,A03,,2015-07-03 13:19:00+02:00,pedMY0v2VJuiFmIk9xuJAA,225.0,Hydro Water Reservoir,46WPU0000000033U,SE1,Seitevare,1,MAW,PT1M,2,2015-07-03 10:45:00+02:00
2015-07-16 18:50:27+02:00,0,SE_1,Unplanned outage,A03,,2015-07-16 18:46:00+02:00,F0_e-DlINcHkdD6wL3qUPw,320.0,Hydro Water Reservoir,46WPU0000000026R,SE1,Ritsem,1,MAW,PT1M,2,2015-07-16 18:30:00+02:00
2015-07-18 05:12:06+02:00,0,SE_1,Unplanned outage,A03,,2015-07-18 05:06:00+02:00,n7zzX9ONzD95YjDPnHPq1Q,325.0,Hydro Water Reservoir,46WPU0000000027P,SE1,Vietas,1,MAW,PT1M,5,2015-07-17 17:00:00+02:00
2015-07-24 12:48:11+02:00,415,SE_1,Unplanned outage,A03,,2015-07-24 12:47:00+02:00,6jWyl0QD_UsJyHlLCuXOjQ,830.0,Hydro Water Reservoir,46WPU0000000029L,SE1,Harsprånget,1,MAW,PT1M,3,2015-07-24 07:32:00+02:00
2015-07-29 14:51:02+02:00,0,SE_1,Unplanned outage,A03,,2015-07-29 14:25:00+02:00,eK2qYhC8QzqpO_4RBSazGQ,225.0,Hydro Water Reservoir,46WPU0000000033U,SE1,Seitevare,1,MAW,PT1M,5,2015-07-21 12:45:00+02:00
2015-07-31 09:09:38+02:00,0,SE_1,Unplanned outage,A03,,2015-07-31 09:04:00+02:00,1dR6StG_5fGqiCWNu5G-Gw,320.0,Hydro Water Reservoir,46WPU0000000026R,SE1,Ritsem,1,MAW,PT1M,2,2015-07-31 08:25:00+02:00
2015-08-08 01:37:20+02:00,0,SE_1,Unplanned outage,A03,,2015-08-08 01:33:00+02:00,KVnbHDkpgLVV8V0dQIJczA,214.0,Hydro Water Reservoir,46WPU0000000039I,SE1,Gallejaur,1,MAW,PT1M,2,2015-08-08 00:01:00+02:00
2015-08-08 04:58:10+02:00,0,SE_1,Unplanned outage,A03,,2015-08-08 04:40:00+02:00,8zJzMoQ2fwN3edF4cjvBvQ,214.0,Hydro Water Reservoir,46WPU0000000039I,SE1,Gallejaur,1,MAW,PT1M,2,2015-08-08 03:03:00+02:00
2015-08-09 14:45:25+02:00,101,SE_1,Unplanned outage,A03,,2015-08-09 14:40:00+02:00,SW5PFl2JEgYTdf8gUkAwmw,214.0,Hydro Water Reservoir,46WPU0000000039I,SE1,Gallejaur,1,MAW,PT1M,2,2015-08-09 13:43:00+02:00
2015-08-10 12:56:55+02:00,170,SE_1,Unplanned outage,A03,,2015-08-10 12:48:00+02:00,ywMZcfwMZ7eMByyKBvErWA,343.0,Hydro Water Reservoir,46WPU0000000031Y,SE1,Ligga,1,MAW,PT1M,2,2015-08-10 07:50:00+02:00
2015-08-11 07:26:11+02:00,170,SE_1,Unplanned outage,A03,,2015-08-11 09:00:00+02:00,8IQgoTl7amm8ftjIUW69Ug,343.0,Hydro Water Reservoir,46WPU0000000031Y,SE1,Ligga,1,MAW,PT1M,2,2015-08-11 06:00:00+02:00
2015-08-11 20:57:20+02:00,170,SE_1,Unplanned outage,A03,,2015-08-11 20:55:00+02:00,k7OcGuup67_DjJ5-3vXH0Q,343.0,Hydro Water Reservoir,46WPU0000000031Y,SE1,Ligga,1,MAW,PT1M,2,2015-08-11 17:50:00+02:00
2015-08-12 09:34:48+02:00,300,SE_1,Unplanned outage,A03,,2015-08-12 09:30:00+02:00,ap7Lavx_j_pDXapI8jdKqw,452.0,Hydro Water Reservoir,46WPU0000000032W,SE1,Messaure,1,MAW,PT1M,2,2015-08-12 07:21:00+02:00
2015-08-12 11:54:10+02:00,170,SE_1,Unplanned outage,A03,,2015-08-12 11:50:00+02:00,M4R1Q0T-WbfOhWgRFF3Yzw,343.0,Hydro Water Reservoir,46WPU0000000031Y,SE1,Ligga,1,MAW,PT1M,3,2015-08-12 07:41:00+02:00
2015-08-13 07:02:25+02:00,170,SE_1,Unplanned outage,A03,,2015-08-13 06:58:00+02:00,OA1uRVmiGwA9U1cF3x3e4g,343.0,Hydro Water Reservoir,46WPU0000000031Y,SE1,Ligga,1,MAW,PT1M,2,2015-08-13 06:03:00+02:00
2015-08-13 13:59:11+02:00,170,SE_1,Unplanned outage,A03,,2015-08-13 13:57:00+02:00,yF3sttsoicS-Z6ErZceGyQ,343.0,Hydro Water Reservoir,46WPU0000000031Y,SE1,Ligga,1,MAW,PT1M,2,2015-08-13 13:14:00+02:00
2015-08-13 16:35:32+02:00,170,SE_1,Unplanned outage,A03,,2015-08-14 09:00:00+02:00,LPYtuW7DvYhOSKOnUmsJOw,343.0,Hydro Water Reservoir,46WPU0000000031Y,SE1,Ligga,1,MAW,PT1M,2,2015-08-13 14:41:00+02:00
2015-08-18 08:58:10+02:00,170,SE_1,Unplanned outage,A03,,2015-08-18 08:56:00+02:00,BwmkWe2n6vJ9iIYTHoEJwQ,343.0,Hydro Water Reservoir,46WPU0000000031Y,SE1,Ligga,1,MAW,PT1M,2,2015-08-18 05:55:00+02:00
2015-08-26 08:16:53+02:00,0,SE_1,Unplanned outage,A03,,2015-08-26 10:00:00+02:00,GwxBiWWDyK075CXBrnT8IQ,320.0,Hydro Water Reservoir,46WPU0000000026R,SE1,Ritsem,1,MAW,PT1M,1,2015-08-26 08:05:00+02:00
2015-08-31 02:54:23+02:00,0,SE_1,Unplanned outage,A03,,2015-08-31 02:51:00+02:00,8nvfoaWS-Rf7obQt4yWp5g,320.0,Hydro Water Reservoir,46WPU0000000026R,SE1,Ritsem,1,MAW,PT1M,2,2015-08-31 01:50:00+02:00
2015-09-04 16:44:20+02:00,300,SE_1,Unplanned outage,A03,,2015-09-04 16:13:00+02:00,V58oegYnUDgvLfI0BZQBzA,452.0,Hydro Water Reservoir,46WPU0000000032W,SE1,Messaure,1,MAW,PT1M,2,2015-09-04 14:57:00+02:00
2015-09-05 12:58:31+02:00,0,SE_1,Unplanned outage,A03,,2015-09-05 15:00:00+02:00,nMtEDUk_AU5COdxPytYPFQ,225.0,Hydro Water Reservoir,46WPU0000000033U,SE1,Seitevare,1,MAW,PT1M,1,2015-09-05 12:45:00+02:00
2015-09-06 14:30:48+02:00,0,SE_1,Unplanned outage,A03,,2015-09-06 14:24:00+02:00,2ZmiQdc5Je4xF8B5KMM7Lg,225.0,Hydro Water Reservoir,46WPU0000000033U,SE1,Seitevare,1,MAW,PT1M,2,2015-09-06 14:14:00+02:00
2015-09-09 13:30:34+02:00,680,SE_1,Unplanned outage,A03,,2015-09-09 18:30:00+02:00,TF8zNC1-JKf0l_TL_re6Og,830.0,Hydro Water Reservoir,46WPU0000000029L,SE1,Harsprånget,1,MAW,PT1M,2,2015-09-09 08:24:00+02:00
2015-09-19 14:27:21+02:00,415,SE_1,Unplanned outage,A03,,2015-09-19 14:15:00+02:00,ol2GUoEv0ETuhZ9nYPj8cQ,830.0,Hydro Water Reservoir,46WPU0000000029L,SE1,Harsprånget,1,MAW,PT1M,2,2015-09-19 09:15:00+02:00
2015-09-27 20:39:21+02:00,165,SE_1,Unplanned outage,A03,,2015-09-27 20:37:00+02:00,jLq062JHa6_T8JRYrlg8kQ,325.0,Hydro Water Reservoir,46WPU0000000027P,SE1,Vietas,1,MAW,PT1M,2,2015-09-27 18:19:00+02:00
2015-09-28 00:17:11+02:00,165,SE_1,Unplanned outage,A03,,2015-09-28 12:00:00+02:00,zKLX7VlrGeF88oroEWUusg,325.0,Hydro Water Reservoir,46WPU0000000027P,SE1,Vietas,1,MAW,PT1M,1,2015-09-28 00:04:00+02:00
2015-10-01 07:46:12+02:00,165,SE_1,Unplanned outage,A03,,2015-10-01 07:44:00+02:00,ppJNTuUbJnM68WeE_sy8nA,325.0,Hydro Water Reservoir,46WPU0000000027P,SE1,Vietas,1,MAW,PT1M,2,2015-10-01 05:32:00+02:00
2015-10-02 19:43:22+02:00,165,SE_1,Unplanned outage,A03,,2015-10-02 19:42:00+02:00,nSvDsBmejsO2IRvR_cEQ_w,325.0,Hydro Water Reservoir,46WPU0000000027P,SE1,Vietas,1,MAW,PT1M,2,2015-10-02 17:58:00+02:00
2015-10-03 09:23:12+02:00,615,SE_1,Unplanned outage,A03,,2015-10-03 09:21:00+02:00,Q41_wFl3hEul5uFdBmhnGg,830.0,Hydro Water Reservoir,46WPU0000000029L,SE1,Harsprånget,1,MAW,PT1M,3,2015-10-02 20:00:00+02:00
2015-10-03 14:22:11+02:00,165,SE_1,Unplanned outage,A03,,2015-10-03 14:18:00+02:00,UCp5GEv6lBXEkyg4R0Jpig,325.0,Hydro Water Reservoir,46WPU0000000027P,SE1,Vietas,1,MAW,PT1M,2,2015-10-03 12:02:00+02:00
2015-10-10 10:39:12+02:00,290,SE_1,Unplanned outage,A03,,2015-10-10 10:37:00+02:00,mUmASQ0-5TGetVtLu83Jew,440.0,Hydro Water Reservoir,46WPU0000000035Q,SE1,Letsi,1,MAW,PT1M,2,2015-10-10 05:11:00+02:00
2015-10-14 08:37:13+02:00,290,SE_1,Unplanned outage,A03,,2015-10-14 08:32:00+02:00,04TrwvYUR6amuB9CDp-HoQ,440.0,Hydro Water Reservoir,46WPU0000000035Q,SE1,Letsi,1,MAW,PT1M,2,2015-10-14 06:00:00+02:00
2015-10-17 18:54:21+02:00,0,SE_1,Unplanned outage,A03,,2015-10-17 19:00:00+02:00,alnL0KkRBns5n_YSoDXdPw,225.0,Hydro Water Reservoir,46WPU0000000033U,SE1,Seitevare,1,MAW,PT1M,2,2015-10-17 16:00:00+02:00
2015-10-18 15:17:13+02:00,0,SE_1,Unplanned outage,A03,,2015-10-18 15:16:00+02:00,Wy_kZ6LUZ1Pc3LX4nhhJfw,225.0,Hydro Water Reservoir,46WPU0000000033U,SE1,Seitevare,1,MAW,PT1M,3,2015-10-18 09:00:00+02:00
2015-11-01 16:45:21+01:00,300,SE_1,Unplanned outage,A03,,2015-11-01 18:00:00+01:00,lwchZx1c0v9xx-PkGropZA,452.0,Hydro Water Reservoir,46WPU0000000032W,SE1,Messaure,1,MAW,PT1M,1,2015-11-01 16:20:00+01:00
2015-11-18 14:02:45+01:00,0,SE_1,Unplanned outage,A03,,2015-11-18 13:55:00+01:00,C1YOcBLt82h755jQ6M220g,452.0,Hydro Water Reservoir,46WPU0000000032W,SE1,Messaure,1,MAW,PT1M,2,2015-11-18 13:30:00+01:00
2015-11-24 16:43:25+01:00,170,SE_1,Unplanned outage,A03,,2015-11-24 16:40:00+01:00,Crs0Xjg7mDsmjiFU39gdBA,343.0,Hydro Water Reservoir,46WPU0000000031Y,SE1,Ligga,1,MAW,PT1M,2,2015-11-24 15:28:00+01:00
2015-11-26 06:19:23+01:00,290,SE_1,Unplanned outage,A03,,2015-11-26 09:00:00+01:00,_qBOB0HBd0McpXIxOy7Sww,440.0,Hydro Water Reservoir,46WPU0000000035Q,SE1,Letsi,1,MAW,PT1M,1,2015-11-26 06:13:00+01:00
2015-12-01 16:48:09+01:00,0,SE_1,Unplanned outage,A03,,2015-12-01 16:43:00+01:00,mDQPtbbwMnyOJHjTIUul4A,320.0,Hydro Water Reservoir,46WPU0000000026R,SE1,Ritsem,1,MAW,PT1M,2,2015-12-01 15:57:00+01:00
2015-12-05 17:55:21+01:00,290,SE_1,Unplanned outage,A03,,2015-12-05 19:00:00+01:00,j-GuZDZQwBMJdm9Ip0scbQ,440.0,Hydro Water Reservoir,46WPU0000000035Q,SE1,Letsi,1,MAW,PT1M,1,2015-12-05 17:50:00+01:00
2015-12-14 13:53:48+01:00,180,SE_1,Unplanned outage,A03,,2015-12-14 13:50:00+01:00,ADk6d30CsfW5Crs4xNi4iA,275.0,Hydro Water Reservoir,46WPU0000000036O,SE1,Porsi,1,MAW,PT1M,2,2015-12-14 13:38:00+01:00
2015-12-16 14:55:27+01:00,300,SE_1,Unplanned outage,A03,,2015-12-16 14:46:00+01:00,0ONtP-hauUYvCeq36kIVOw,452.0,Hydro Water Reservoir,46WPU0000000032W,SE1,Messaure,1,MAW,PT1M,2,2015-12-16 14:07:00+01:00
2015-12-18 06:46:11+01:00,415,SE_1,Unplanned outage,A03,,2015-12-18 09:00:00+01:00,MSFK5juT2i2oCsNM2Clw4g,830.0,Hydro Water Reservoir,46WPU0000000029L,SE1,Harsprånget,1,MAW,PT1M,1,2015-12-18 06:30:00+01:00
2015-12-22 18:43:55+01:00,300,SE_1,Unplanned outage,A03,,2015-12-22 20:00:00+01:00,Rugyq4Tp_mlSIm5q9djp_g,452.0,Hydro Water Reservoir,46WPU0000000032W,SE1,Messaure,1,MAW,PT1M,1,2015-12-22 18:39:00+01:00
2016-01-09 04:09:06+01:00,0,SE_1,Unplanned outage,A03,,2016-01-09 04:04:00+01:00,vfHRWiK7_ead2GoIL8lFGQ,320.0,Hydro Water Reservoir,46WPU0000000026R,SE1,Ritsem,1,MAW,PT1M,2,2016-01-09 00:25:00+01:00
2016-01-13 20:03:52+01:00,290,SE_1,Unplanned outage,A03,,2016-01-13 20:02:00+01:00,H7dWCaBmNsftaga3A3dizQ,440.0,Hydro Water Reservoir,46WPU0000000035Q,SE1,Letsi,1,MAW,PT1M,2,2016-01-13 14:19:00+01:00
2016-01-14 13:40:20+01:00,290,SE_1,Unplanned outage,A03,,2016-01-14 13:13:00+01:00,P_gXq3wCPutKvRVCh5US0w,440.0,Hydro Water Reservoir,46WPU0000000035Q,SE1,Letsi,1,MAW,PT1M,2,2016-01-14 12:17:00+01:00
2016-01-21 08:37:58+01:00,180,SE_1,Unplanned outage,A03,,2016-01-21 08:33:00+01:00,clb2dis-9LiBNVGpO5WXZA,275.0,Hydro Water Reservoir,46WPU0000000036O,SE1,Porsi,1,MAW,PT1M,2,2016-01-21 01:10:00+01:00
2016-01-21 13:19:14+01:00,735,SE_1,Unplanned outage,A03,,2016-01-21 15:00:00+01:00,Axr_p_qBrusk4K9jMzDekw,830.0,Hydro Water Reservoir,46WPU0000000029L,SE1,Harsprånget,1,MAW,PT1M,1,2016-01-21 12:55:00+01:00
2016-01-21 13:20:30+01:00,735,SE_1,Unplanned outage,A03,,2016-01-21 15:00:00+01:00,YNY2H1lKgCnT1PO1Pmo9Xw,830.0,Hydro Water Reservoir,46WPU0000000029L,SE1,Harsprånget,1,MAW,PT1M,1,2016-01-21 12:55:00+01:00
2016-01-22 08:16:58+01:00,680,SE_1,Unplanned outage,A03,,2016-01-22 04:56:00+01:00,sPwZJzBWssFpPaUYKZev_w,830.0,Hydro Water Reservoir,46WPU0000000029L,SE1,Harsprånget,1,MAW,PT1M,2,2016-01-22 00:30:00+01:00
2016-01-23 11:52:10+01:00,0,SE_1,Unplanned outage,A03,,2016-01-23 23:59:00+01:00,eIS5HDkbhTo7mwKPDHg37Q,225.0,Hydro Water Reservoir,46WPU0000000033U,SE1,Seitevare,1,MAW,PT1M,1,2016-01-23 10:59:00+01:00
2016-01-27 07:59:29+01:00,735,SE_1,Unplanned outage,A03,,2016-01-27 07:28:00+01:00,nNMK46e8t50T1E6tIT5U7Q,830.0,Hydro Water Reservoir,46WPU0000000029L,SE1,Harsprånget,1,MAW,PT1M,2,2016-01-27 06:45:00+01:00
2016-02-02 08:20:59+01:00,735,SE_1,Unplanned outage,A03,,2016-02-02 10:00:00+01:00,6rDrVQLm0ngHOs6PdGpyGw,830.0,Hydro Water Reservoir,46WPU0000000029L,SE1,Harsprånget,1,MAW,PT1M,1,2016-02-02 08:15:00+01:00
2016-02-03 08:53:31+01:00,735,SE_1,Unplanned outage,A03,,2016-02-03 08:51:00+01:00,LCkes7hOS-hl3pJCqBmUjg,830.0,Hydro Water Reservoir,46WPU0000000029L,SE1,Harsprånget,1,MAW,PT1M,2,2016-02-03 08:06:00+01:00
2016-02-05 09:29:14+01:00,300,SE_1,Unplanned outage,A03,,2016-02-05 09:20:00+01:00,mKT_RdMWqBBk2u0SnodV6A,452.0,Hydro Water Reservoir,46WPU0000000032W,SE1,Messaure,1,MAW,PT1M,2,2016-02-05 06:20:00+01:00
2016-02-06 06:29:14+01:00,300,SE_1,Unplanned outage,A03,,2016-02-06 10:00:00+01:00,SMCmsplo4Wujuvyh3AI24g,452.0,Hydro Water Reservoir,46WPU0000000032W,SE1,Messaure,1,MAW,PT1M,1,2016-02-06 06:27:00+01:00
2016-02-08 06:55:12+01:00,300,SE_1,Unplanned outage,A03,,2016-02-08 09:00:00+01:00,_rIqzYwKl-nNlkOYoG__Ag,452.0,Hydro Water Reservoir,46WPU0000000032W,SE1,Messaure,1,MAW,PT1M,1,2016-02-08 06:53:00+01:00
2016-02-11 00:23:28+01:00,290,SE_1,Unplanned outage,A03,,2016-02-11 00:10:00+01:00,FnuwkNyxR60z7qd7Hk6DdQ,440.0,Hydro Water Reservoir,46WPU0000000035Q,SE1,Letsi,1,MAW,PT1M,3,2016-02-10 20:55:00+01:00
2016-02-11 04:13:10+01:00,290,SE_1,Unplanned outage,A03,,2016-02-11 04:10:00+01:00,RMQns5quiPBoXkxr8afqdQ,440.0,Hydro Water Reservoir,46WPU0000000035Q,SE1,Letsi,1,MAW,PT1M,2,2016-02-11 02:45:00+01:00
2016-02-11 10:49:39+01:00,150,SE_1,Unplanned outage,A03,,2016-02-11 10:30:00+01:00,VsrgcQFULaPvm26Nm5JDXg,452.0,Hydro Water Reservoir,46WPU0000000032W,SE1,Messaure,1,MAW,PT1M,3,2016-02-11 06:40:00+01:00
2016-02-18 16:36:54+01:00,207,SE_1,Unplanned outage,A03,,2016-02-18 18:00:00+01:00,dTVjLaLIPiO6gEnZxIie0g,325.0,Hydro Water Reservoir,46WPU0000000027P,SE1,Vietas,1,MAW,PT1M,1,2016-02-18 15:33:00+01:00
2016-02-21 16:01:47+01:00,290,SE_1,Unplanned outage,A03,,2016-02-21 17:00:00+01:00,eXLV2movJsjz7P-iXtZLZQ,440.0,Hydro Water Reservoir,46WPU0000000035Q,SE1,Letsi,1,MAW,PT1M,1,2016-02-21 15:55:00+01:00
2016-02-22 10:17:03+01:00,290,SE_1,Unplanned outage,A03,,2016-02-22 11:00:00+01:00,ahec3ZKOLfmDLmLUKV5HVA,440.0,Hydro Water Reservoir,46WPU0000000035Q,SE1,Letsi,1,MAW,PT1M,3,2016-02-22 04:20:00+01:00
2016-02-26 06:50:12+01:00,680,SE_1,Unplanned outage,A03,,2016-02-26 06:49:00+01:00,9-0xv1rQsTPKRjkoqL0AzQ,830.0,Hydro Water Reservoir,46WPU0000000029L,SE1,Harsprånget,1,MAW,PT1M,2,2016-02-26 05:05:00+01:00
2016-02-26 08:27:49+01:00,735,SE_1,Unplanned outage,A03,,2016-02-26 08:21:00+01:00,-zWueZcbPeCtlDyTgX7N8w,830.0,Hydro Water Reservoir,46WPU0000000029L,SE1,Harsprånget,1,MAW,PT1M,2,2016-02-26 00:28:00+01:00
2016-02-27 09:22:45+01:00,290,SE_1,Unplanned outage,A03,,2016-02-27 09:15:00+01:00,gUKXEMtvtnqC4d_bk7tA3w,440.0,Hydro Water Reservoir,46WPU0000000035Q,SE1,Letsi,1,MAW,PT1M,2,2016-02-27 06:45:00+01:00
2016-02-29 10:54:40+01:00,0,SE_1,Unplanned outage,A03,,2016-02-29 10:52:00+01:00,QF3SKjXl-7YKckdCjVDZ9w,320.0,Hydro Water Reservoir,46WPU0000000026R,SE1,Ritsem,1,MAW,PT1M,2,2016-02-29 06:50:00+01:00
2016-03-02 09:23:42+01:00,290,SE_1,Unplanned outage,A03,,2016-03-02 11:00:00+01:00,qfW_AwEpN6oDCXYq-4b6Sw,440.0,Hydro Water Reservoir,46WPU0000000035Q,SE1,Letsi,1,MAW,PT1M,3,2016-03-02 07:12:00+01:00
2016-03-02 11:24:11+01:00,0,SE_1,Unplanned outage,A03,,2016-03-02 11:22:00+01:00,rZ-PCSMTfQIosmwFRpEP8A,320.0,Hydro Water Reservoir,46WPU0000000026R,SE1,Ritsem,1,MAW,PT1M,2,2016-03-02 10:27:00+01:00
2016-03-03 10:39:29+01:00,235,SE_1,Unplanned outage,A03,,2016-03-03 10:35:00+01:00,r1ALh_3gMsK_DzQb-8t2wA,440.0,Hydro Water Reservoir,46WPU0000000028N,SE1,Porjus,1,MAW,PT1M,2,2016-03-03 09:38:00+01:00
2016-03-06 11:57:12+01:00,290,SE_1,Unplanned outage,A03,,2016-03-06 11:56:00+01:00,t_QmV4W9_OEW1Am-RDBHig,440.0,Hydro Water Reservoir,46WPU0000000035Q,SE1,Letsi,1,MAW,PT1M,2,2016-03-06 01:47:00+01:00
2016-03-09 18:17:44+01:00,290,SE_1,Unplanned outage,A03,,2016-03-09 18:05:00+01:00,fmF5dTSQVWbzx5k_l8WGeg,440.0,Hydro Water Reservoir,46WPU0000000035Q,SE1,Letsi,1,MAW,PT1M,2,2016-03-09 16:45:00+01:00
2016-03-21 22:10:05+01:00,300,SE_1,Unplanned outage,A03,,2016-03-21 21:30:00+01:00,ZQT9-WJ2pIEwMwaPFBcgNA,452.0,Hydro Water Reservoir,46WPU0000000032W,SE1,Messaure,1,MAW,PT1M,2,2016-03-21 18:54:00+01:00
2016-03-26 13:29:04+01:00,170,SE_1,Unplanned outage,A03,,2016-03-26 13:20:00+01:00,r2LZyj_h10bO14iyO8M-Zg,343.0,Hydro Water Reservoir,46WPU0000000031Y,SE1,Ligga,1,MAW,PT1M,2,2016-03-26 10:05:00+01:00
2016-03-29 10:19:17+02:00,300,SE_1,Unplanned outage,A03,,2016-03-29 12:00:00+02:00,4_-gygH-sxQTmpeKrqeyyA,452.0,Hydro Water Reservoir,46WPU0000000032W,SE1,Messaure,1,MAW,PT1M,1,2016-03-29 10:15:00+02:00
2016-04-02 03:49:16+02:00,0,SE_1,Unplanned outage,A03,,2016-04-02 03:00:00+02:00,srh_gr8SmgXrXpwDDSEBjQ,325.0,Hydro Water Reservoir,46WPU0000000027P,SE1,Vietas,1,MAW,PT1M,2,2016-04-02 02:39:00+02:00
2016-04-07 11:02:40+02:00,220,SE_1,Unplanned outage,A03,,2016-04-07 10:41:00+02:00,4tuNd-IlLUUrqNTqXrynaQ,440.0,Hydro Water Reservoir,46WPU0000000028N,SE1,Porjus,1,MAW,PT1M,2,2016-04-07 08:50:00+02:00
2016-04-18 07:34:15+02:00,300,SE_1,Unplanned outage,A03,,2016-04-18 07:31:00+02:00,ME0hNnhjU-QiKoUZptZdFQ,452.0,Hydro Water Reservoir,46WPU0000000032W,SE1,Messaure,1,MAW,PT1M,2,2016-04-18 06:05:00+02:00
2016-04-25 01:25:21+02:00,165,SE_1,Unplanned outage,A03,,2016-04-25 01:19:00+02:00,heMMRypJPoSIVM8c3LEiFQ,325.0,Hydro Water Reservoir,46WPU0000000027P,SE1,Vietas,1,MAW,PT1M,2,2016-04-24 22:42:00+02:00
2016-04-28 15:55:00+02:00,165,SE_1,Unplanned outage,A03,,2016-04-28 17:00:00+02:00,v8DuXr29ujidsA-jyL9tUg,325.0,Hydro Water Reservoir,46WPU0000000027P,SE1,Vietas,1,MAW,PT1M,1,2016-04-28 15:42:00+02:00
2016-05-03 09:10:21+02:00,290,SE_1,Unplanned outage,A03,,2016-05-03 09:05:00+02:00,277c7xNQEFaJ4m73taFvdQ,440.0,Hydro Water Reservoir,46WPU0000000035Q,SE1,Letsi,1,MAW,PT1M,2,2016-05-03 07:57:00+02:00
2016-05-16 22:59:21+02:00,300,SE_1,Unplanned outage,A03,,2016-05-17 01:00:00+02:00,D93GQQr_GJMTSaHh-26Thg,452.0,Hydro Water Reservoir,46WPU0000000032W,SE1,Messaure,1,MAW,PT1M,1,2016-05-16 22:52:00+02:00
2016-05-26 20:54:35+02:00,165,SE_1,Unplanned outage,A03,,2016-05-26 20:49:00+02:00,qNdjfqvH0-xpMh9tlhabTA,325.0,Hydro Water Reservoir,46WPU0000000027P,SE1,Vietas,1,MAW,PT1M,2,2016-05-26 15:46:00+02:00
2016-06-01 20:17:18+02:00,300,SE_1,Unplanned outage,A03,,2016-06-01 20:11:00+02:00,M0-UiJRE9FmwLHrSQtNmxA,452.0,Hydro Water Reservoir,46WPU0000000032W,SE1,Messaure,1,MAW,PT1M,2,2016-06-01 18:36:00+02:00
2016-06-16 15:55:17+02:00,615,SE_1,Unplanned outage,A03,,2016-06-16 15:32:00+02:00,VNfMH4IOIZOEIY_6LSyokQ,830.0,Hydro Water Reservoir,46WPU0000000029L,SE1,Harsprånget,1,MAW,PT1M,4,2016-06-11 02:50:00+02:00
2016-07-02 13:11:51+02:00,90,SE_1,Unplanned outage,A03,,2016-07-02 13:07:00+02:00,CTvI4WwiUtdcFxtM4agkTg,275.0,Hydro Water Reservoir,46WPU0000000036O,SE1,Porsi,1,MAW,PT1M,2,2016-07-02 10:00:00+02:00
2016-07-04 05:51:11+02:00,0,SE_1,Unplanned outage,A03,,2016-07-04 10:00:00+02:00,IBrpc-Zm91i7qn-sK3x50Q,320.0,Hydro Water Reservoir,46WPU0000000026R,SE1,Ritsem,1,MAW,PT1M,1,2016-07-04 05:37:00+02:00
2016-07-04 08:30:12+02:00,680,SE_1,Unplanned outage,A03,,2016-07-04 08:28:00+02:00,_8O_Ho1KV32VyOHbH2J_GQ,830.0,Hydro Water Reservoir,46WPU0000000029L,SE1,Harsprånget,1,MAW,PT1M,2,2016-07-04 06:43:00+02:00
2016-07-13 14:21:23+02:00,113,SE_1,Unplanned outage,A03,,2016-07-13 14:17:00+02:00,-KRAWR8jU3_wWPaohJHg4Q,214.0,Hydro Water Reservoir,46WPU0000000039I,SE1,Gallejaur,1,MAW,PT1M,2,2016-07-13 10:18:00+02:00
2016-07-14 08:53:11+02:00,0,SE_1,Unplanned outage,A03,,2016-07-14 10:00:00+02:00,UxMcKGZKQJjCHIO7OUDbPg,225.0,Hydro Water Reservoir,46WPU0000000033U,SE1,Seitevare,1,MAW,PT1M,2,2016-07-14 07:05:00+02:00
2016-07-19 19:56:25+02:00,220,SE_1,Unplanned outage,A03,,2016-07-19 19:53:00+02:00,2YEAMb2S05G_ZJk6JKVJaQ,440.0,Hydro Water Reservoir,46WPU0000000028N,SE1,Porjus,1,MAW,PT1M,2,2016-07-19 16:27:00+02:00
2016-07-23 14:55:11+02:00,415,SE_1,Unplanned outage,A03,,2016-07-23 14:52:00+02:00,bWOTuuNWBCaUxfTAhyfTKQ,830.0,Hydro Water Reservoir,46WPU0000000029L,SE1,Harsprånget,1,MAW,PT1M,4,2016-07-23 09:58:00+02:00
2016-07-24 12:48:21+02:00,0,SE_1,Unplanned outage,A03,,2016-07-24 15:00:00+02:00,9qk2cHUqeEFwRTMwkouA0w,225.0,Hydro Water Reservoir,46WPU0000000033U,SE1,Seitevare,1,MAW,PT1M,1,2016-07-24 12:42:00+02:00
2016-07-25 02:57:21+02:00,165,SE_1,Unplanned outage,A03,,2016-07-25 02:56:00+02:00,0i8nzrboD7dMC2q7T72K1g,325.0,Hydro Water Reservoir,46WPU0000000027P,SE1,Vietas,1,MAW,PT1M,2,2016-07-24 22:40:00+02:00
2016-07-27 22:42:22+02:00,0,SE_1,Unplanned outage,A03,,2016-07-28 00:30:00+02:00,nrkAPsjsYUQ25_njbL0gPw,225.0,Hydro Water Reservoir,46WPU0000000033U,SE1,Seitevare,1,MAW,PT1M,1,2016-07-27 22:25:00+02:00
2016-07-28 11:42:21+02:00,0,SE_1,Unplanned outage,A03,,2016-07-28 11:40:00+02:00,TGOBK30XEaEpQgJRMKLfOA,225.0,Hydro Water Reservoir,46WPU0000000033U,SE1,Seitevare,1,MAW,PT1M,4,2016-07-28 02:15:00+02:00
2016-07-30 18:26:21+02:00,0,SE_1,Unplanned outage,A03,,2016-07-30 20:00:00+02:00,tkXYWgr2b23uDO0j-6ofRw,225.0,Hydro Water Reservoir,46WPU0000000033U,SE1,Seitevare,1,MAW,PT1M,1,2016-07-30 18:20:00+02:00
2016-07-31 15:52:21+02:00,165,SE_1,Unplanned outage,A03,,2016-07-31 18:00:00+02:00,PJsh4oSiz4EtKP4G7HToag,325.0,Hydro Water Reservoir,46WPU0000000027P,SE1,Vietas,1,MAW,PT1M,1,2016-07-31 15:49:00+02:00
2016-08-03 16:39:22+02:00,180,SE_1,Unplanned outage,A03,,2016-08-03 18:00:00+02:00,tGo-WGttdVApRgUTKM3egw,275.0,Hydro Water Reservoir,46WPU0000000036O,SE1,Porsi,1,MAW,PT1M,1,2016-08-03 16:35:00+02:00
2016-08-04 08:27:21+02:00,165,SE_1,Unplanned outage,A03,,2016-08-04 08:25:00+02:00,NLjfYkBCgAJCatZgjHzRNQ,325.0,Hydro Water Reservoir,46WPU0000000027P,SE1,Vietas,1,MAW,PT1M,2,2016-08-04 07:55:00+02:00
2016-08-04 17:44:21+02:00,300,SE_1,Unplanned outage,A03,,2016-08-04 19:00:00+02:00,S_SEGlWPQtfzqZ7QEnOgIg,452.0,Hydro Water Reservoir,46WPU0000000032W,SE1,Messaure,1,MAW,PT1M,2,2016-08-04 15:10:00+02:00
2016-08-05 13:38:47+02:00,680,SE_1,Unplanned outage,A03,,2016-08-05 13:28:00+02:00,YsbAczc9_pAfopds3U3DAw,830.0,Hydro Water Reservoir,46WPU0000000029L,SE1,Harsprånget,1,MAW,PT1M,3,2016-08-05 10:58:00+02:00
2016-08-11 06:20:16+02:00,290,SE_1,Unplanned outage,A03,,2016-08-11 06:15:00+02:00,-6Z7PafqGxMu7NwjXihi2w,440.0,Hydro Water Reservoir,46WPU0000000035Q,SE1,Letsi,1,MAW,PT1M,2,2016-08-11 04:50:00+02:00
2016-08-11 08:38:27+02:00,290,SE_1,Unplanned outage,A03,,2016-08-11 14:00:00+02:00,_gVCzx3oNmz7OCv8GXI5dg,440.0,Hydro Water Reservoir,46WPU0000000035Q,SE1,Letsi,1,MAW,PT1M,3,2016-08-11 01:18:00+02:00
2016-08-16 12:27:12+02:00,735,SE_1,Unplanned outage,A03,,2016-08-16 16:00:00+02:00,ghkW4de8vAP62P-GDfpugg,830.0,Hydro Water Reservoir,46WPU0000000029L,SE1,Harsprånget,1,MAW,PT1M,1,2016-08-16 12:25:00+02:00
2016-08-19 07:16:14+02:00,300,SE_1,Unplanned outage,A03,,2016-08-19 07:06:00+02:00,UVKJisSfW-TmesllZ9o0aQ,452.0,Hydro Water Reservoir,46WPU0000000032W,SE1,Messaure,1,MAW,PT1M,2,2016-08-19 05:54:00+02:00
2016-08-19 09:34:23+02:00,290,SE_1,Unplanned outage,A03,,2016-08-19 15:00:00+02:00,YcEVuYWh2bAJtUCXThWZrQ,440.0,Hydro Water Reservoir,46WPU0000000035Q,SE1,Letsi,1,MAW,PT1M,6,2016-08-13 05:13:00+02:00
2016-08-21 13:00:12+02:00,0,SE_1,Unplanned outage,A03,,2016-08-21 15:00:00+02:00,AzUaQGYDD8if99zrV8UP5g,320.0,Hydro Water Reservoir,46WPU0000000026R,SE1,Ritsem,1,MAW,PT1M,1,2016-08-21 12:50:00+02:00
2016-08-26 20:46:45+02:00,180,SE_1,Unplanned outage,A03,,2016-08-26 20:25:00+02:00,bmvsLPcJN26RFCFoipqEEQ,275.0,Hydro Water Reservoir,46WPU0000000036O,SE1,Porsi,1,MAW,PT1M,2,2016-08-24 14:15:00+02:00
2016-08-28 03:13:42+02:00,290,SE_1,Unplanned outage,A03,,2016-08-28 12:00:00+02:00,Xq1eppcJO2ITz0KAc54oGg,440.0,Hydro Water Reservoir,46WPU0000000035Q,SE1,Letsi,1,MAW,PT1M,1,2016-08-28 03:10:00+02:00
2016-09-10 06:30:11+02:00,735,SE_1,Unplanned outage,A03,,2016-09-10 07:30:00+02:00,X1MMwrOhmt2h7z3fa3qeaQ,830.0,Hydro Water Reservoir,46WPU0000000029L,SE1,Harsprånget,1,MAW,PT1M,1,2016-09-10 06:25:00+02:00
2016-09-16 09:47:11+02:00,290,SE_1,Unplanned outage,A03,,2016-09-16 09:33:00+02:00,wKRQUVBP8GP2wXmH1JqsrA,440.0,Hydro Water Reservoir,46WPU0000000035Q,SE1,Letsi,1,MAW,PT1M,3,2016-09-15 16:25:00+02:00
2016-09-19 19:20:42+02:00,300,SE_1,Unplanned outage,A03,,2016-09-19 17:17:00+02:00,wgFJtluktlFLWMiktcBuOQ,452.0,Hydro Water Reservoir,46WPU0000000032W,SE1,Messaure,1,MAW,PT1M,2,2016-09-19 12:11:00+02:00
2016-09-19 19:40:49+02:00,290,SE_1,Unplanned outage,A03,,2016-09-19 18:39:00+02:00,TBOdDHhi5rgzyhZCXfH_ag,440.0,Hydro Water Reservoir,46WPU0000000035Q,SE1,Letsi,1,MAW,PT1M,2,2016-09-19 17:32:00+02:00
2016-09-24 09:55:33+02:00,680,SE_1,Unplanned outage,A03,,2016-09-24 11:00:00+02:00,WgHKIpeJhH_QP_YN_dzeYQ,830.0,Hydro Water Reservoir,46WPU0000000029L,SE1,Harsprånget,1,MAW,PT1M,2,2016-09-24 08:11:00+02:00
2016-09-24 11:38:12+02:00,415,SE_1,Unplanned outage,A03,,2016-09-25 12:00:00+02:00,Dwejwk8whZUQC9xh2qo64Q,830.0,Hydro Water Reservoir,46WPU0000000029L,SE1,Harsprånget,1,MAW,PT1M,3,2016-09-24 06:24:00+02:00
2016-10-13 15:45:29+02:00,165,SE_1,Unplanned outage,A03,,2016-10-13 13:50:00+02:00,sG4mxayswMtF8V0ocbdgsA,325.0,Hydro Water Reservoir,46WPU0000000027P,SE1,Vietas,1,MAW,PT1M,2,2016-10-13 13:20:00+02:00
2016-10-18 11:47:57+02:00,145,SE_1,Unplanned outage,A03,,2016-10-18 11:15:00+02:00,iAwURypTeBIx2dPPouUgIA,440.0,Hydro Water Reservoir,46WPU0000000035Q,SE1,Letsi,1,MAW,PT1M,2,2016-10-18 10:56:00+02:00
2016-10-20 10:21:30+02:00,145,SE_1,Unplanned outage,A03,,2016-10-20 10:19:00+02:00,qJ-YZymBpQucX2EMzaEMsQ,440.0,Hydro Water Reservoir,46WPU0000000035Q,SE1,Letsi,1,MAW,PT1M,2,2016-10-20 09:39:00+02:00
2016-10-20 14:20:31+02:00,235,SE_1,Unplanned outage,A03,,2016-10-20 13:54:00+02:00,dmLj7YCn-gp0y6Al7q0HOA,440.0,Hydro Water Reservoir,46WPU0000000028N,SE1,Porjus,1,MAW,PT1M,3,2016-10-20 09:47:00+02:00
2016-10-21 15:46:57+02:00,235,SE_1,Unplanned outage,A03,,2016-10-21 15:30:00+02:00,hDb9rAGbVKLEUkMKukkYBQ,440.0,Hydro Water Reservoir,46WPU0000000028N,SE1,Porjus,1,MAW,PT1M,1,2016-10-21 14:42:00+02:00
2016-10-22 10:05:32+02:00,290,SE_1,Unplanned outage,A03,,2016-10-22 12:00:00+02:00,86Kx17srSusgJ0OQC_cqFw,440.0,Hydro Water Reservoir,46WPU0000000035Q,SE1,Letsi,1,MAW,PT1M,1,2016-10-22 10:00:00+02:00
2016-10-22 18:33:14+02:00,290,SE_1,Unplanned outage,A03,,2016-10-22 17:42:00+02:00,7Zns1VUweyU0MXe4K6wfrw,440.0,Hydro Water Reservoir,46WPU0000000035Q,SE1,Letsi,1,MAW,PT1M,2,2016-10-22 14:44:00+02:00
2016-10-28 19:22:20+02:00,0,SE_1,Unplanned outage,A03,,2016-10-28 16:35:00+02:00,siXOwJ8JIx0iOkSuc5_Jog,225.0,Hydro Water Reservoir,46WPU0000000033U,SE1,Seitevare,1,MAW,PT1M,4,2016-10-28 07:55:00+02:00
2016-11-09 10:39:29+01:00,415,SE_1,Unplanned outage,A03,,2016-11-09 11:00:00+01:00,xVqE6w74b3hJZTsfNwt6NQ,830.0,Hydro Water Reservoir,46WPU0000000029L,SE1,Harsprånget,1,MAW,PT1M,1,2016-11-09 09:30:00+01:00
2016-11-28 09:22:35+01:00,170,SE_1,Unplanned outage,A03,,2016-11-28 09:14:00+01:00,-0Cj5OvJTaDg74SHU_Ok6g,343.0,Hydro Water Reservoir,46WPU0000000031Y,SE1,Ligga,1,MAW,PT1M,2,2016-11-28 07:20:00+01:00
2016-11-28 16:24:42+01:00,0,SE_1,Unplanned outage,A03,,2016-11-28 15:49:00+01:00,5zGJLIz3yTkMTA9r9qyslQ,320.0,Hydro Water Reservoir,46WPU0000000026R,SE1,Ritsem,1,MAW,PT1M,2,2016-11-28 13:14:00+01:00
2016-11-30 20:52:36+01:00,165,SE_1,Unplanned outage,A03,,2016-11-30 20:45:00+01:00,y_Ut6CVBjQ6_SK7S0aQAzA,325.0,Hydro Water Reservoir,46WPU0000000027P,SE1,Vietas,1,MAW,PT1M,3,2016-11-30 16:10:00+01:00
2016-12-02 16:34:04+01:00,680,SE_1,Unplanned outage,A03,,2016-12-02 15:57:00+01:00,-b5_RK2vNA5G9d6vkGgPBw,830.0,Hydro Water Reservoir,46WPU0000000029L,SE1,Harsprånget,1,MAW,PT1M,2,2016-12-02 15:12:00+01:00
2016-12-04 06:58:26+01:00,290,SE_1,Unplanned outage,A03,,2016-12-04 09:00:00+01:00,2tzrJQMPCsws0BfrnwpHew,440.0,Hydro Water Reservoir,46WPU0000000035Q,SE1,Letsi,1,MAW,PT1M,1,2016-12-04 06:45:00+01:00
2016-12-07 14:00:42+01:00,170,SE_1,Unplanned outage,A03,,2016-12-07 13:43:00+01:00,1WUm61htUmcvE2rM4cUstw,343.0,Hydro Water Reservoir,46WPU0000000031Y,SE1,Ligga,1,MAW,PT1M,4,2016-12-07 00:37:00+01:00
2017-01-25 21:18:41+01:00,86,SE_1,Unplanned outage,A03,,2017-01-25 23:00:00+01:00,8xHviMzoix_tHRjEUCGs6Q,275.0,Hydro Water Reservoir,46WPU0000000036O,SE1,Porsi,1,MAW,PT1M,3,2017-01-25 18:00:00+01:00
2017-01-31 10:50:12+01:00,0,SE_1,Unplanned outage,A03,,2017-01-31 12:00:00+01:00,yz96XcVZDwvXBr8p1c3UBQ,320.0,Hydro Water Reservoir,46WPU0000000026R,SE1,Ritsem,1,MAW,PT1M,1,2017-01-31 10:30:00+01:00
2017-02-14 21:00:48+01:00,0,SE_1,Unplanned outage,A03,,2017-02-14 23:00:00+01:00,OVqqlTQYgs47FO8KSiDHhw,452.0,Hydro Water Reservoir,46WPU0000000032W,SE1,Messaure,1,MAW,PT1M,1,2017-02-14 20:00:00+01:00
2017-02-19 23:42:35+01:00,150,SE_1,Unplanned outage,A03,,2017-02-19 23:41:00+01:00,zXs63yLGR1jQIK311w0d0w,452.0,Hydro Water Reservoir,46WPU0000000032W,SE1,Messaure,1,MAW,PT1M,2,2017-02-19 22:41:00+01:00
2017-07-06 16:56:36+02:00,0,SE_1,Unplanned outage,A03,,2017-07-06 16:55:00+02:00,LpoHFdivYiGIxGXiUY_y1Q,452.0,Hydro Water Reservoir,46WPU0000000032W,SE1,Messaure,1,MAW,PT1M,2,2017-07-06 14:42:00+02:00
2017-07-24 02:25:46+02:00,0,SE_1,Unplanned outage,A03,,2017-07-24 02:23:00+02:00,0BS4fpgdoKQCrn66vp7O5A,325.0,Hydro Water Reservoir,46WPU0000000027P,SE1,Vietas,1,MAW,PT1M,2,2017-07-24 00:22:00+02:00
2017-07-29 09:50:45+02:00,0,SE_1,Unplanned outage,A03,,2017-07-29 09:49:00+02:00,J-hJZRDkNi2Nzf2S2es6wQ,225.0,Hydro Water Reservoir,46WPU0000000033U,SE1,Seitevare,1,MAW,PT1M,2,2017-07-29 03:39:00+02:00
2017-08-03 07:32:27+02:00,0,SE_1,Unplanned outage,A03,,2017-08-03 07:30:00+02:00,QlVNF6EB4iS6nCPNOek28w,225.0,Hydro Water Reservoir,46WPU0000000033U,SE1,Seitevare,1,MAW,PT1M,2,2017-08-03 04:26:00+02:00
2017-08-05 00:01:07+02:00,0,SE_1,Unplanned outage,A03,,2017-08-05 01:00:00+02:00,2ZlKox4fNFndo_Mc3R0Ewg,225.0,Hydro Water Reservoir,46WPU0000000033U,SE1,Seitevare,1,MAW,PT1M,1,2017-08-04 23:18:00+02:00
2017-08-29 18:23:16+02:00,0,SE_1,Unplanned outage,A03,,2017-08-29 18:20:00+02:00,XO0M2UuqphaReC29pU5l8g,325.0,Hydro Water Reservoir,46WPU0000000027P,SE1,Vietas,1,MAW,PT1M,2,2017-08-29 17:06:00+02:00
2017-11-23 15:24:40+01:00,0,SE_1,Unplanned outage,A03,,2017-11-23 16:30:00+01:00,xi1Jy3oOWwyugQ5RHRJUWQ,452.0,Hydro Water Reservoir,46WPU0000000032W,SE1,Messaure,1,MAW,PT1M,1,2017-11-23 15:02:00+01:00
2017-12-20 13:11:55+01:00,0,SE_1,Unplanned outage,A03,,2017-12-19 22:45:00+01:00,GbgDDSZaId1-ZR3JA9tVDA,320.0,Hydro Water Reservoir,46WPU0000000026R,SE1,Ritsem,1,MAW,PT1M,3,2017-12-19 22:38:00+01:00
2018-01-10 08:41:58+01:00,0,SE_1,Unplanned outage,A03,,2018-01-10 08:38:00+01:00,vSkKIl-NEPrYLy0J6OLkFw,452.0,Hydro Water Reservoir,46WPU0000000032W,SE1,Messaure,1,MAW,PT1M,3,2018-01-10 08:30:00+01:00
2018-03-08 11:54:49+01:00,0,SE_1,Unplanned outage,A03,,2018-03-08 16:00:00+01:00,QLOMjDaFnglk90mkRFCVpg,320.0,Hydro Water Reservoir,46WPU0000000026R,SE1,Ritsem,1,MAW,PT60M,1,2018-03-08 12:00:00+01:00
2018-03-15 05:44:09+01:00,200,SE_1,Unplanned outage,A03,,2018-03-15 05:45:00+01:00,FdaclEiUxCWKlURR5qD92g,452.0,Hydro Water Reservoir,46WPU0000000032W,SE1,Messaure,1,MAW,PT1M,1,2018-03-15 05:40:00+01:00
2018-03-21 09:32:58+01:00,350,SE_1,Unplanned outage,A03,,2018-04-09 22:00:00+02:00,2Vj6s3N1D_CTdXf3p8gfZw,452.0,Hydro Water Reservoir,46WPU0000000032W,SE1,Messaure,1,MAW,PT60M,2,2018-03-12 09:00:00+01:00
2018-05-16 17:51:11+02:00,0,SE_1,Unplanned outage,A03,,2018-05-16 18:00:00+02:00,UFbyiSgyr2q1TtPr2wgAXQ,452.0,Hydro Water Reservoir,46WPU0000000032W,SE1,Messaure,1,MAW,PT15M,1,2018-05-16 17:45:00+02:00
2018-07-04 05:59:25+02:00,0,SE_1,Unplanned outage,A03,,2018-07-04 06:00:00+02:00,iwyIV8XOu6YbotjzhjZy5w,320.0,Hydro Water Reservoir,46WPU0000000026R,SE1,Ritsem,1,MAW,PT30M,1,2018-07-04 05:30:00+02:00
2018-07-28 15:23:04+02:00,0,SE_1,Unplanned outage,A03,,2018-07-28 15:00:00+02:00,u2P5S71Q42-pMQIHy62mvA,225.0,Hydro Water Reservoir,46WPU0000000033U,SE1,Seitevare,1,MAW,PT60M,3,2018-07-28 03:00:00+02:00
2018-08-07 13:56:44+02:00,0,SE_1,Unplanned outage,A03,,2018-08-07 06:15:00+02:00,vpe_OS2Ufv9K29usgiY5Zw,320.0,Hydro Water Reservoir,46WPU0000000026R,SE1,Ritsem,1,MAW,PT1M,4,2018-08-07 06:07:00+02:00
2018-08-13 08:44:34+02:00,0,SE_1,Unplanned outage,A03,,2018-08-13 05:30:00+02:00,YelqRcRRsik4rcjZIxIeOg,320.0,Hydro Water Reservoir,46WPU0000000026R,SE1,Ritsem,1,MAW,PT1M,2,2018-08-13 05:22:00+02:00
2018-08-14 09:36:05+02:00,0,SE_1,Unplanned outage,A03,,2018-08-14 07:30:00+02:00,gxIP0R20qY5tg4Qwd_giTA,320.0,Hydro Water Reservoir,46WPU0000000026R,SE1,Ritsem,1,MAW,PT1M,2,2018-08-14 07:17:00+02:00
2018-09-10 06:29:06+02:00,0,SE_1,Unplanned outage,A03,,2018-09-10 06:30:00+02:00,qs0Hc5LQdPOSgwVR4g-gMQ,225.0,Hydro Water Reservoir,46WPU0000000033U,SE1,Seitevare,1,MAW,PT1M,1,2018-09-10 06:27:00+02:00
2018-11-01 11:47:44+01:00,0,SE_1,Unplanned outage,A03,,2018-11-01 11:45:00+01:00,56YJ5qqfo6iIoq5ZZXstjA,320.0,Hydro Water Reservoir,46WPU0000000026R,SE1,Ritsem,1,MAW,PT1M,1,2018-11-01 11:32:00+01:00
2018-11-26 15:36:00+01:00,340,SE_1,Unplanned outage,A03,,2018-11-26 11:30:00+01:00,gl3Yi1USlH3yKmIf8ecRmw,452.0,Hydro Water Reservoir,46WPU0000000032W,SE1,Messaure,1,MAW,PT1M,2,2018-11-26 11:16:00+01:00
2018-12-14 12:33:39+01:00,0,SE_1,Unplanned outage,A03,,2018-12-14 12:15:00+01:00,5rdCAubGdgQT9XcqdhQSQQ,320.0,Hydro Water Reservoir,46WPU0000000026R,SE1,Ritsem,1,MAW,PT1M,2,2018-12-14 12:09:00+01:00
2018-12-26 15:58:27+01:00,665,SE_1,Unplanned outage,A03,,2018-12-26 16:00:00+01:00,f6P5OV6j6fPC4Z58Fe7z3g,830.0,Hydro Water Reservoir,46WPU0000000029L,SE1,Harsprånget,1,MAW,PT1M,1,2018-12-26 15:55:00+01:00
2018-12-28 12:11:08+01:00,665,SE_1,Unplanned outage,A03,,2018-12-28 08:45:00+01:00,SCgYw429i7zzQ0Dj5fwxYA,830.0,Hydro Water Reservoir,46WPU0000000029L,SE1,Harsprånget,1,MAW,PT1M,2,2018-12-28 08:37:00+01:00
2019-01-30 08:48:14+01:00,0,SE_1,Unplanned outage,A03,,2019-01-30 06:45:00+01:00,pCJTHkSUB42CKyD0_ieJvg,320.0,Hydro Water Reservoir,46WPU0000000026R,SE1,Ritsem,1,MAW,PT1M,3,2019-01-30 06:39:00+01:00
2019-02-04 00:53:52+01:00,0,SE_1,Unplanned outage,A03,,2019-02-03 17:15:00+01:00,kreufVZK1GVbz0MFx-XWfQ,320.0,Hydro Water Reservoir,46WPU0000000026R,SE1,Ritsem,1,MAW,PT1M,2,2019-02-03 17:08:00+01:00
2019-02-04 06:54:26+01:00,0,SE_1,Unplanned outage,A03,,2019-02-04 07:00:00+01:00,VMbrNCwuoScD-jAQluHEJg,320.0,Hydro Water Reservoir,46WPU0000000026R,SE1,Ritsem,1,MAW,PT1M,1,2019-02-04 06:53:00+01:00
2019-07-24 18:01:13+02:00,0,SE_1,Unplanned outage,A03,,2019-07-24 13:00:00+02:00,VgrqPHQ3GEqKdSB8E7g6Hw,225.0,Hydro Water Reservoir,46WPU0000000033U,SE1,Seitevare,1,MAW,PT1M,3,2019-07-24 12:46:00+02:00
2019-08-26 06:59:23+02:00,0,SE_1,Unplanned outage,A03,,2019-08-26 07:00:00+02:00,QZrjwufC4G8RxYFCaxMN3Q,343.0,Hydro Water Reservoir,46WPU0000000031Y,SE1,Ligga,1,MAW,PT15M,1,2019-08-26 06:45:00+02:00
2019-08-26 07:05:36+02:00,200,SE_1,Unplanned outage,A03,,2019-08-26 07:00:00+02:00,jqHzleC-sA3hH5UQyCCN9w,830.0,Hydro Water Reservoir,46WPU0000000029L,SE1,Harsprånget,1,MAW,PT15M,1,2019-08-26 06:45:00+02:00
2019-12-02 08:45:00+01:00,0,SE_1,Unplanned outage,A03,,2019-12-02 16:00:00+01:00,YZbkHolN5sIEhuSQ2rOdKg,225.0,Hydro Water Reservoir,46WPU0000000033U,SE1,Seitevare,1,MAW,PT60M,2,2019-12-02 02:00:00+01:00
2019-12-07 08:19:19+01:00,0,SE_1,Unplanned outage,A03,,2019-12-07 08:30:00+01:00,hEq_ZgrS-SnMBG1fP70lKQ,225.0,Hydro Water Reservoir,46WPU0000000033U,SE1,Seitevare,1,MAW,PT1M,1,2019-12-07 08:17:00+01:00
2019-12-20 03:24:00+01:00,0,SE_1,Unplanned outage,A03,,2019-12-20 01:30:00+01:00,iFEM6buMrHV5t9VdMlH_Jw,343.0,Hydro Water Reservoir,46WPU0000000031Y,SE1,Ligga,1,MAW,PT1M,2,2019-12-20 01:20:00+01:00
2020-02-04 13:56:19+01:00,0,SE_1,Unplanned outage,A03,,2020-02-04 07:00:00+01:00,S3PCA1Ma_PyL_fzRqbhihw,320.0,Hydro Water Reservoir,46WPU0000000026R,SE1,Ritsem,1,MAW,PT1M,6,2020-02-04 06:55:00+01:00
2020-08-05 16:50:08+02:00,0,SE_1,Unplanned outage,A03,,2020-08-05 15:30:00+02:00,3HTDqDLCIBI9ViVQwn0Ryg,320.0,Hydro Water Reservoir,46WPU0000000026R,SE1,Ritsem,1,MAW,PT1M,2,2020-08-05 15:29:00+02:00
2020-09-14 13:35:45+02:00,0,SE_1,Unplanned outage,A03,,2020-09-14 12:30:00+02:00,hvTc0r5lutPSP76UDXLijQ,225.0,Hydro Water Reservoir,46WPU0000000033U,SE1,Seitevare,1,MAW,PT1M,2,2020-09-14 12:18:00+02:00
2020-09-16 16:31:19+02:00,0,SE_1,Unplanned outage,A03,,2020-09-16 16:15:00+02:00,-LzM34LJ4SZgH31VEGhCjg,487.0,Hydro Water Reservoir,46WPU0000000035Q,SE1,Letsi,1,MAW,PT1M,1,2020-09-16 16:04:00+02:00
2020-09-26 00:23:10+02:00,0,SE_1,Unplanned outage,A03,,2020-09-23 15:30:00+02:00,9bA51kw6I8R9K57Atsr-iQ,320.0,Hydro Water Reservoir,46WPU0000000026R,SE1,Ritsem,1,MAW,PT1M,4,2020-09-23 15:28:00+02:00
2020-09-28 12:21:11+02:00,0,SE_1,Unplanned outage,A03,,2020-09-28 08:00:00+02:00,LdUdWj88UCTgenD9Ma868w,325.0,Hydro Water Reservoir,46WPU0000000027P,SE1,Vietas,1,MAW,PT15M,2,2020-09-28 07:45:00+02:00
2020-10-13 05:50:09+02:00,0,SE_1,Unplanned outage,A03,,2020-10-13 06:00:00+02:00,6Sn3F8d7t44oj69PXjYx-g,320.0,Hydro Water Reservoir,46WPU0000000026R,SE1,Ritsem,1,MAW,PT1M,1,2020-10-13 05:47:00+02:00
2020-10-14 07:43:08+02:00,0,SE_1,Unplanned outage,A03,,2020-10-14 07:00:00+02:00,oIV5K2a1LDY_K7VTmChJTw,320.0,Hydro Water Reservoir,46WPU0000000026R,SE1,Ritsem,1,MAW,PT15M,2,2020-10-14 06:45:00+02:00
2020-10-15 16:13:17+02:00,0,SE_1,Unplanned outage,A03,,2020-10-15 16:15:00+02:00,vc2O3XSJ8rTQRygiSnhv2A,225.0,Hydro Water Reservoir,46WPU0000000033U,SE1,Seitevare,1,MAW,PT1M,1,2020-10-15 16:08:00+02:00
2020-10-16 06:57:38+02:00,0,SE_1,Unplanned outage,A03,,2020-10-16 07:00:00+02:00,1GcKFyMbWBIcAwOCDDV_Bg,320.0,Hydro Water Reservoir,46WPU0000000026R,SE1,Ritsem,1,MAW,PT1M,1,2020-10-16 06:52:00+02:00
2020-10-30 18:08:19+01:00,0,SE_1,Unplanned outage,A03,,2020-10-30 18:15:00+01:00,nbb7zTYav5mvWWdqArwJLg,320.0,Hydro Water Reservoir,46WPU0000000026R,SE1,Ritsem,1,MAW,PT1M,1,2020-10-30 18:05:00+01:00
2020-11-04 08:07:53+01:00,0,SE_1,Unplanned outage,A03,,2020-11-03 20:30:00+01:00,ANg9KwDVq8mBtRar0Djjfw,487.0,Hydro Water Reservoir,46WPU0000000035Q,SE1,Letsi,1,MAW,PT1M,2,2020-11-03 20:22:00+01:00
2020-11-09 05:15:07+01:00,0,SE_1,Unplanned outage,A03,,2020-11-09 01:45:00+01:00,p__IQu4aK5Xmr2iHgJ9K6w,320.0,Hydro Water Reservoir,46WPU0000000026R,SE1,Ritsem,1,MAW,PT1M,2,2020-11-09 01:40:00+01:00
2020-11-23 06:50:08+01:00,0,SE_1,Unplanned outage,A03,,2020-11-23 05:30:00+01:00,bv0nGuxUEr96E7wZTAa6XA,225.0,Hydro Water Reservoir,46WPU0000000033U,SE1,Seitevare,1,MAW,PT1M,2,2020-11-23 05:16:00+01:00
2020-12-04 21:56:50+01:00,0,SE_1,Unplanned outage,A03,,2020-12-04 10:15:00+01:00,X45off1WjUlPkj-oBh4-pg,320.0,Hydro Water Reservoir,46WPU0000000026R,SE1,Ritsem,1,MAW,PT1M,7,2020-12-04 10:05:00+01:00
2020-12-25 18:35:51+01:00,0,SE_1,Unplanned outage,A03,,2020-12-25 18:45:00+01:00,VPnF4ZQ4fO8s9S9g2ySINQ,320.0,Hydro Water Reservoir,46WPU0000000026R,SE1,Ritsem,1,MAW,PT1M,1,2020-12-25 18:34:00+01:00
2021-02-07 21:47:56+01:00,0,SE_1,Unplanned outage,A03,,2021-02-07 18:45:00+01:00,upak08erlTyGQDEc3AKagg,320.0,Hydro Water Reservoir,46WPU0000000026R,SE1,Ritsem,1,MAW,PT1M,2,2021-02-07 18:34:00+01:00
2021-06-03 14:59:29+02:00,0,SE_1,Unplanned outage,A03,,2021-06-03 12:45:00+02:00,ukz61yEf4NiwQh6K6OadGw,487.0,Hydro Water Reservoir,46WPU0000000035Q,SE1,Letsi,1,MAW,PT1M,4,2021-06-03 12:40:00+02:00
2021-06-08 15:25:45+02:00,0,SE_1,Unplanned outage,A03,,2021-06-08 15:30:00+02:00,Bg9zBcE9TmfywVoQawAT1A,325.0,Hydro Water Reservoir,46WPU0000000027P,SE1,Vietas,1,MAW,PT1M,1,2021-06-08 15:23:00+02:00
2021-06-08 15:27:15+02:00,0,SE_1,Unplanned outage,A03,,2021-06-08 15:30:00+02:00,VVBujdH0kzde3RU1A0tKJw,440.0,Hydro Water Reservoir,46WPU0000000028N,SE1,Porjus,1,MAW,PT1M,1,2021-06-08 15:24:00+02:00
2021-06-22 14:45:51+02:00,0,SE_1,Unplanned outage,A03,,2021-06-22 12:45:00+02:00,m_mU-HyUEcrUqWYI7iwNAA,320.0,Hydro Water Reservoir,46WPU0000000026R,SE1,Ritsem,1,MAW,PT1M,2,2021-06-22 12:43:00+02:00
2021-06-25 02:03:29+02:00,0,SE_1,Unplanned outage,A03,,2021-06-25 07:00:00+02:00,T-qDQT2meKt_SpKUoU9OAQ,320.0,Hydro Water Reservoir,46WPU0000000026R,SE1,Ritsem,1,MAW,PT60M,1,2021-06-25 02:00:00+02:00
2021-07-04 08:38:47+02:00,0,SE_1,Unplanned outage,A03,,2021-07-04 08:30:00+02:00,PssYzgd7_9Bm8Dk-cucNTw,325.0,Hydro Water Reservoir,46WPU0000000027P,SE1,Vietas,1,MAW,PT1M,1,2021-07-04 08:25:00+02:00
2021-07-04 09:36:13+02:00,0,SE_1,Unplanned outage,A03,,2021-07-04 08:30:00+02:00,fF9SSYdngoYYFH06cAnF2Q,320.0,Hydro Water Reservoir,46WPU0000000026R,SE1,Ritsem,1,MAW,PT1M,2,2021-07-04 08:25:00+02:00
2021-07-04 20:57:19+02:00,0,SE_1,Unplanned outage,A03,,2021-07-04 14:00:00+02:00,CH4Eslnm_K3jGQgLurvqKA,320.0,Hydro Water Reservoir,46WPU0000000026R,SE1,Ritsem,1,MAW,PT1M,6,2021-07-04 13:53:00+02:00
2021-07-12 07:29:41+02:00,0,SE_1,Unplanned outage,A03,,2021-07-12 07:28:00+02:00,pNvJ2Et4DF9dgKEk43hC-Q,325.0,Hydro Water Reservoir,46WPU0000000027P,SE1,Vietas,1,MAW,PT1M,2,2021-07-12 07:02:00+02:00
2021-08-13 19:42:22+02:00,0,SE_1,Unplanned outage,A03,,2021-08-13 16:30:00+02:00,68RleT89C_bkYqb6zUrtDA,214.0,Hydro Water Reservoir,46WPU0000000039I,SE1,Gallejaur,1,MAW,PT1M,2,2021-08-13 16:28:00+02:00
2021-11-17 15:56:41+01:00,0,SE_1,Unplanned outage,A03,,2021-11-17 16:00:00+01:00,Q27CWQV1mRvo-YvXpF0XpQ,225.0,Hydro Water Reservoir,46WPU0000000033U,SE1,Seitevare,1,MAW,PT1M,1,2021-11-17 15:55:00+01:00
2021-11-25 16:41:26+01:00,0,SE_1,Unplanned outage,A03,,2021-11-25 14:30:00+01:00,7CFuuVZgAEyV8A1CW9Bf0g,645.0,Wind Onshore,46WPU0000000113W,SE1,MarkbygdenETT,1,MAW,PT1M,2,2021-11-25 14:20:00+01:00
2021-11-26 06:28:39+01:00,487,SE_1,Unplanned outage,A03,,2021-11-26 07:00:00+01:00,6UL8Ce3Ng-Sd8VKB4SQJdw,645.0,Wind Onshore,46WPU0000000113W,SE1,MarkbygdenETT,1,MAW,PT30M,1,2021-11-26 06:30:00+01:00
2021-11-26 20:03:19+01:00,537,SE_1,Unplanned outage,A03,,2021-11-26 20:15:00+01:00,YpLX-0wXFNFvUbpVXK5AwQ,645.0,Wind Onshore,46WPU0000000113W,SE1,MarkbygdenETT,1,MAW,PT1M,1,2021-11-26 20:05:00+01:00
2021-12-06 11:44:39+01:00,371,SE_1,Unplanned outage,A03,,2021-12-06 14:00:00+01:00,dyNZhhg_Ovv5DkbuLBxq6Q,645.0,Wind Onshore,46WPU0000000113W,SE1,MarkbygdenETT,1,MAW,PT60M,1,2021-12-06 11:00:00+01:00
2022-01-06 09:56:13+01:00,500,SE_1,Unplanned outage,A03,,2022-01-04 11:00:00+01:00,iLaIYQqf55iqEsyhz6dOAQ,645.0,Wind Onshore,46WPU0000000113W,SE1,MarkbygdenETT,1,MAW,PT15M,9,2022-01-04 10:45:00+01:00
2022-01-14 15:13:47+01:00,530,SE_1,Unplanned outage,A03,,2022-01-14 15:15:00+01:00,1w9XF1lg97YIVwkpR6WPAg,645.0,Wind Onshore,46WPU0000000113W,SE1,MarkbygdenETT,1,MAW,PT1M,1,2022-01-14 15:06:00+01:00
2022-02-21 14:19:49+01:00,0,SE_1,Unplanned outage,A03,,2022-02-21 09:15:00+01:00,t7NGqqEsvzcFaowQhP6i5w,320.0,Hydro Water Reservoir,46WPU0000000026R,SE1,Ritsem,1,MAW,PT1M,3,2022-02-21 09:10:00+01:00
2022-03-25 19:47:59+01:00,545,SE_1,Unplanned outage,A03,,2022-03-25 19:30:00+01:00,8PPEobzTWxQ1nPNfP4Kfaw,645.0,Wind Onshore,46WPU0000000113W,SE1,MarkbygdenETT,1,MAW,PT1M,2,2022-03-25 19:25:00+01:00
2022-05-04 11:39:44+02:00,0,SE_1,Unplanned outage,A03,,2022-05-04 11:30:00+02:00,hwNQeDW1h6UczOZwy0LMCA,320.0,Hydro Water Reservoir,46WPU0000000026R,SE1,Ritsem,1,MAW,PT1M,1,2022-05-04 11:29:00+02:00
2022-05-30 18:11:52+02:00,450,SE_1,Unplanned outage,A03,,2022-05-30 10:15:00+02:00,H7FqmztrGgi70ug-zp0mBQ,645.0,Wind Onshore,46WPU0000000113W,SE1,MarkbygdenETT,1,MAW,PT1M,7,2022-05-30 10:13:00+02:00
2022-06-03 22:30:21+02:00,530,SE_1,Unplanned outage,A03,,2022-06-02 19:30:00+02:00,ApiO7niy0jzU7tq8VEbTDg,645.0,Wind Onshore,46WPU0000000113W,SE1,MarkbygdenETT,1,MAW,PT1M,11,2022-06-02 19:25:00+02:00
2022-06-16 18:38:22+02:00,0,SE_1,Unplanned outage,A03,,2022-06-16 18:00:00+02:00,awzpuYcZg7lJqYKSyU8cbw,214.0,Hydro Water Reservoir,46WPU0000000039I,SE1,Gallejaur,1,MAW,PT60M,3,2022-06-16 16:00:00+02:00
2022-06-26 02:18:53+02:00,371,SE_1,Unplanned outage,A03,,2022-06-25 22:00:00+02:00,9SIzGBJ7bJH3EtWY9pbPZA,645.0,Wind Onshore,46WPU0000000113W,SE1,MarkbygdenETT,1,MAW,PT1M,3,2022-06-25 21:55:00+02:00
