2015-03-05 18:42:41+01:00,78,SE_4,Unplanned outage,A03,,2015-03-05 18:30:00+01:00,2livdKsXDGeO96tP8LnmxQ,250.0,Fossil Oil,46WPU00000000024,SE4,Gasturbiner Halmstad,1,MAW,PT1M,6,2015-02-25 12:00:00+01:00
2015-03-18 14:25:22+01:00,78,SE_4,Unplanned outage,A03,,2015-03-18 13:30:00+01:00,EhvcuvitzAhjThxOpbztHQ,250.0,Fossil Oil,46WPU00000000024,SE4,Gasturbiner Halmstad,1,MAW,PT1M,4,2015-03-16 14:39:00+01:00
2015-04-28 14:34:45+02:00,78,SE_4,Unplanned outage,A03,,2015-04-28 14:25:00+02:00,Y3mSdTm63VJt0VudzN_8sw,250.0,Fossil Oil,46WPU00000000024,SE4,Gasturbiner Halmstad,1,MAW,PT1M,2,2015-04-28 09:50:00+02:00
2015-07-06 20:41:05+02:00,110,SE_4,Unplanned outage,A03,,2015-07-09 10:00:00+02:00,mARr5x0KbSmguZy6oUQstg,448.0,Fossil Gas,46WPU00000000040,SE4,Öresundsverket CHP,1,MAW,PT1M,1,2015-07-06 20:30:00+02:00
2015-08-31 13:31:01+02:00,110,SE_4,Unplanned outage,A03,,2015-08-31 13:00:00+02:00,MWlkNSS_F6Sla3_zVO2pQQ,448.0,Fossil Gas,46WPU00000000040,SE4,Öresundsverket CHP,1,MAW,PT1M,5,2015-07-24 15:00:00+02:00
2015-09-10 02:42:28+02:00,78,SE_4,Unplanned outage,A03,,2015-09-09 22:10:00+02:00,RbQNhNIGfj63eZvzmrlkFg,250.0,Fossil Oil,46WPU00000000024,SE4,Gasturbiner Halmstad,1,MAW,PT1M,4,2015-09-09 09:15:00+02:00
2015-09-24 16:24:11+02:00,78,SE_4,Unplanned outage,A03,,2015-09-24 18:30:00+02:00,nt8013R-Xj6-lmSJFnhLvg,250.0,Fossil Oil,46WPU00000000024,SE4,Gasturbiner Halmstad,1,MAW,PT1M,2,2015-09-24 07:00:00+02:00
2016-01-06 16:03:27+01:00,670,SE_4,Unplanned outage,A03,,2016-01-06 17:00:00+01:00,NVbYMO3rHdy2sr2S1bJSeg,670.0,Fossil Oil,46WPU0000000005Z,SE4,Karlshamn,1,MAW,PT1M,1,2016-01-06 15:03:00+01:00
2016-01-14 13:08:42+01:00,705,SE_4,Unplanned outage,A03,,2016-01-14 09:15:00+01:00,WZwhPu4_yt3f9lK2_YhA1w,670.0,Fossil Oil,46WPU0000000005Z,SE4,Karlshamn,1,MAW,PT1M,1,2016-01-14 08:15:00+01:00
2016-02-10 21:50:28+01:00,78,SE_4,Unplanned outage,A03,,2016-02-11 12:00:00+01:00,-AgXTvgte-eWmhDGoyH3cA,250.0,Fossil Oil,46WPU00000000024,SE4,Gasturbiner Halmstad,1,MAW,PT1M,2,2016-02-10 16:52:00+01:00
2016-11-03 17:48:08+01:00,670,SE_4,Unplanned outage,A03,,2016-11-11 18:00:00+01:00,Yl3vvKgtBtK0Ug_MQSEkdQ,670.0,Fossil Oil,46WPU0000000005Z,SE4,Karlshamn,1,MAW,PT1M,8,2016-10-04 13:30:00+02:00
2016-11-13 22:13:52+01:00,78,SE_4,Unplanned outage,A03,,2016-11-13 23:59:00+01:00,WlfIR1kduOoW5RLFxOsGjQ,250.0,Fossil Oil,46WPU00000000024,SE4,Gasturbiner Halmstad,1,MAW,PT1M,2,2016-11-13 18:03:00+01:00
