2015-09-13 07:55:54+02:00,219,PL,Unplanned outage,A03,,2015-09-13 11:00:00+02:00,wJjY_AtLbLW62X1OKb6VKQ,386.0,Fossil Hard coal,19W000000000229Z,Polska,EC Żerań,1,MAW,PT1M,2,2015-09-13 07:15:00+02:00
2015-09-13 10:30:37+02:00,219,PL,Unplanned outage,A03,,2015-09-13 10:15:00+02:00,jZjWbbSeVYEmPUp9iDWURw,386.0,Fossil Hard coal,19W000000000229Z,Polska,EC Żerań,1,MAW,PT1M,1,2015-09-13 07:15:00+02:00
2015-09-28 10:05:27+02:00,441,PL,Unplanned outage,A03,,2015-09-28 19:00:00+02:00,KgwIF7VfUptu-RLwuBbULw,620.0,Fossil Hard coal,19W0000000002191,Polska,EC Siekierki,1,MAW,PT1M,1,2015-09-28 07:30:00+02:00
2015-09-28 13:01:04+02:00,441,PL,Unplanned outage,A03,,2015-09-28 22:00:00+02:00,OHD4KPyN1NXY_l2aLkBrjA,620.0,Fossil Hard coal,19W0000000002191,Polska,EC Siekierki,1,MAW,PT1M,1,2015-09-28 07:30:00+02:00
2015-10-11 03:00:28+02:00,493,PL,Unplanned outage,A03,,2015-10-13 23:59:00+02:00,8-l9kZCP8-Es_ITVqyYMWA,620.0,Fossil Hard coal,19W0000000002191,Polska,EC Siekierki,1,MAW,PT1M,1,2015-10-11 02:00:00+02:00
2015-10-14 00:00:45+02:00,493,PL,Unplanned outage,A03,,2015-10-12 23:43:00+02:00,ZtPnUPeg4z5u6XXg_37B7A,620.0,Fossil Hard coal,19W0000000002191,Polska,EC Siekierki,1,MAW,PT1M,1,2015-10-11 02:00:00+02:00
2015-10-31 10:35:28+01:00,505,PL,Unplanned outage,A03,,2015-11-03 23:59:00+01:00,5NvhPoaTbQYGSORBMPM1dA,620.0,Fossil Hard coal,19W0000000002191,Polska,EC Siekierki,1,MAW,PT1M,1,2015-10-31 09:10:00+01:00
2015-11-03 23:35:33+01:00,505,PL,Unplanned outage,A03,,2015-11-04 16:00:00+01:00,djff2ZTLelkoJUZ0SNnEOA,620.0,Fossil Hard coal,19W0000000002191,Polska,EC Siekierki,1,MAW,PT1M,1,2015-10-31 09:10:00+01:00
2015-11-04 22:40:22+01:00,505,PL,Unplanned outage,A03,,2015-11-05 15:00:00+01:00,wyACMnUHvJ6hH27NlagCcw,620.0,Fossil Hard coal,19W0000000002191,Polska,EC Siekierki,1,MAW,PT1M,1,2015-10-31 09:10:00+01:00
2015-11-05 23:20:48+01:00,505,PL,Unplanned outage,A03,,2015-11-06 12:00:00+01:00,0BxN883WQEMPk0PG8gOsEA,620.0,Fossil Hard coal,19W0000000002191,Polska,EC Siekierki,1,MAW,PT1M,1,2015-10-31 09:10:00+01:00
2015-11-29 22:40:36+01:00,505,PL,Unplanned outage,A03,,2015-11-06 04:50:00+01:00,V9z4UU8m7mPU-CxGi4-xiQ,620.0,Fossil Hard coal,19W0000000002191,Polska,EC Siekierki,1,MAW,PT1M,1,2015-10-31 18:36:00+01:00
2015-12-01 10:05:36+01:00,441,PL,Unplanned outage,A03,,2015-12-01 23:59:00+01:00,w9zdV7v34j_QOEH5B-XrAA,620.0,Fossil Hard coal,19W0000000002191,Polska,EC Siekierki,1,MAW,PT1M,1,2015-12-01 09:40:00+01:00
2015-12-21 12:58:56+01:00,441,PL,Unplanned outage,A03,,2015-12-21 18:00:00+01:00,6gP9JLrgHIz2Cx_wjWxIVg,620.0,Fossil Hard coal,19W0000000002191,Polska,EC Siekierki,1,MAW,PT1M,2,2015-12-21 12:20:00+01:00
2015-12-21 20:45:29+01:00,441,PL,Unplanned outage,A03,,2015-12-21 16:41:00+01:00,eBFTB0VYFbcYJjvLIHQ7Vw,620.0,Fossil Hard coal,19W0000000002191,Polska,EC Siekierki,1,MAW,PT1M,1,2015-12-21 12:20:00+01:00
2015-12-22 12:15:23+01:00,504,PL,Unplanned outage,A03,,2015-12-22 15:15:00+01:00,EKwS_sTStp-dHMCB3la6QA,620.0,Fossil Hard coal,19W0000000002191,Polska,EC Siekierki,1,MAW,PT1M,1,2015-12-22 11:15:00+01:00
2016-01-31 10:04:02+01:00,505,PL,Unplanned outage,A03,,2016-02-02 23:59:00+01:00,qyb35gbY0QkCiJG4men2Zw,620.0,Fossil Hard coal,19W0000000002191,Polska,EC Siekierki,1,MAW,PT1M,1,2016-01-31 07:35:00+01:00
2016-02-03 00:05:31+01:00,505,PL,Unplanned outage,A03,,2016-02-01 14:23:00+01:00,uR2G7JTfD8EwndaaxKl8Bw,620.0,Fossil Hard coal,19W0000000002191,Polska,EC Siekierki,1,MAW,PT1M,1,2016-01-31 07:35:00+01:00
2016-03-30 11:15:57+02:00,505,PL,Unplanned outage,A03,,2016-03-31 23:59:00+02:00,p4GVdVPfm1sV1sJxKqOlQQ,620.0,Fossil Hard coal,19W0000000002191,Polska,EC Siekierki,1,MAW,PT1M,1,2016-03-30 08:54:00+02:00
2016-03-30 21:21:14+02:00,505,PL,Unplanned outage,A03,,2016-03-30 20:00:00+02:00,ArdknJToGnBr3XyPe4S8Gw,620.0,Fossil Hard coal,19W0000000002191,Polska,EC Siekierki,1,MAW,PT1M,1,2016-03-30 08:54:00+02:00
2016-04-22 20:50:33+02:00,505,PL,Unplanned outage,A03,,2016-04-22 23:59:00+02:00,ARQC6qaheB5sskoQPAY0AA,620.0,Fossil Hard coal,19W0000000002191,Polska,EC Siekierki,1,MAW,PT1M,1,2016-04-22 12:00:00+02:00
2016-04-23 00:30:43+02:00,505,PL,Unplanned outage,A03,,2016-04-23 16:00:00+02:00,nMzIvz8C8cS3m6E_GM9DZw,620.0,Fossil Hard coal,19W0000000002191,Polska,EC Siekierki,1,MAW,PT1M,1,2016-04-22 12:00:00+02:00
2016-04-23 17:50:33+02:00,505,PL,Unplanned outage,A03,,2016-04-24 22:00:00+02:00,u6pTfU3TTTNnYtEHe4TwhQ,620.0,Fossil Hard coal,19W0000000002191,Polska,EC Siekierki,1,MAW,PT1M,1,2016-04-22 12:00:00+02:00
2016-04-24 21:30:41+02:00,505,PL,Unplanned outage,A03,,2016-04-25 08:00:00+02:00,yeEN1IS9zpznAdcjE3SLuQ,620.0,Fossil Hard coal,19W0000000002191,Polska,EC Siekierki,1,MAW,PT1M,1,2016-04-22 12:00:00+02:00
2016-07-29 01:00:21+02:00,505,PL,Unplanned outage,A03,,2016-07-29 15:00:00+02:00,kGoIt-wz7aDCmnDeljJLnA,620.0,Fossil Hard coal,19W0000000002191,Polska,EC Siekierki,1,MAW,PT1M,1,2016-07-29 00:30:00+02:00
2016-07-31 16:55:37+02:00,254,PL,Unplanned outage,A03,,2016-08-01 23:59:00+02:00,ZBi-Uhbta3vzzwynir8Wdg,386.0,Fossil Hard coal,19W000000000229Z,Polska,EC Żerań,1,MAW,PT1M,1,2016-07-31 10:40:00+02:00
2016-08-01 16:45:26+02:00,254,PL,Unplanned outage,A03,,2016-08-01 14:20:00+02:00,D2bB-7AljZc3tge70b8aPg,386.0,Fossil Hard coal,19W000000000229Z,Polska,EC Żerań,1,MAW,PT1M,1,2016-07-31 10:40:00+02:00
2016-08-07 08:35:43+02:00,493,PL,Unplanned outage,A03,,2016-08-09 23:58:00+02:00,s_-KMku0iDQsWgKEBBaKlQ,620.0,Fossil Hard coal,19W0000000002191,Polska,EC Siekierki,1,MAW,PT1M,1,2016-08-07 05:00:00+02:00
2016-08-18 08:00:47+02:00,504,PL,Unplanned outage,A03,,2016-08-18 17:00:00+02:00,P2z_cbbIwvt4c6CiS8MQVA,620.0,Fossil Hard coal,19W0000000002191,Polska,EC Siekierki,1,MAW,PT1M,1,2016-08-18 07:00:00+02:00
2016-10-06 11:28:24+02:00,219,PL,Unplanned outage,A03,,2016-10-10 23:59:00+02:00,s1ebcAW4Z5yLDPTxjhZhLA,386.0,Fossil Hard coal,19W000000000229Z,Polska,EC Żerań,1,MAW,PT1M,1,2016-10-06 09:20:00+02:00
2016-10-07 06:51:30+02:00,219,PL,Unplanned outage,A03,,2016-10-07 03:00:00+02:00,-vcVDNdN9PkPG7TyKFa2Aw,386.0,Fossil Hard coal,19W000000000229Z,Polska,EC Żerań,1,MAW,PT1M,1,2016-10-06 09:20:00+02:00
2017-01-20 23:35:25+01:00,286,PL,Unplanned outage,A03,,2017-01-26 23:59:00+01:00,H6qqJ3CLhWj9HQO80pNzBA,386.0,Fossil Hard coal,19W000000000229Z,Polska,EC Żerań,1,MAW,PT1M,1,2017-01-20 23:15:00+01:00
2017-01-21 23:40:32+01:00,286,PL,Unplanned outage,A03,,2017-01-23 23:59:00+01:00,pTBKNOdQss_JbtOpd-jM3A,386.0,Fossil Hard coal,19W000000000229Z,Polska,EC Żerań,1,MAW,PT1M,1,2017-01-20 23:15:00+01:00
2017-02-02 04:50:26+01:00,505,PL,Unplanned outage,A03,,2017-02-02 23:59:00+01:00,R5xBPYRFr-51D3_fvqdbEQ,620.0,Fossil Hard coal,19W0000000002191,Polska,EC Siekierki,1,MAW,PT1M,1,2017-02-02 04:20:00+01:00
2017-02-02 18:20:34+01:00,505,PL,Unplanned outage,A03,,2017-02-03 10:00:00+01:00,wFAkWoXCl_t3kdpztASK0g,620.0,Fossil Hard coal,19W0000000002191,Polska,EC Siekierki,1,MAW,PT1M,1,2017-02-02 04:20:00+01:00
2017-02-03 10:48:43+01:00,505,PL,Unplanned outage,A03,,2017-02-03 15:00:00+01:00,AXc0f7z_oQBeUGvZS_0RtQ,620.0,Fossil Hard coal,19W0000000002191,Polska,EC Siekierki,1,MAW,PT1M,1,2017-02-02 04:20:00+01:00
2017-04-17 16:25:30+02:00,505,PL,Unplanned outage,A03,,2017-04-19 23:59:00+02:00,F4jMCfo0YfQodkNIbs5U0w,620.0,Fossil Hard coal,19W0000000002191,Polska,EC Siekierki,1,MAW,PT1M,1,2017-04-17 16:03:00+02:00
2017-05-20 09:15:31+02:00,493,PL,Unplanned outage,A03,,2017-05-21 23:59:00+02:00,5XFl7KfvLi_o4ootFmTtog,620.0,Fossil Hard coal,19W0000000002191,Polska,EC Siekierki,1,MAW,PT1M,1,2017-05-20 05:00:00+02:00
2017-05-21 18:30:32+02:00,493,PL,Unplanned outage,A03,,2017-05-21 17:30:00+02:00,-s8r7-CB1VtzsAV3y0qd6w,620.0,Fossil Hard coal,19W0000000002191,Polska,EC Siekierki,1,MAW,PT1M,1,2017-05-20 05:00:00+02:00
2017-07-20 19:10:24+02:00,504,PL,Unplanned outage,A03,,2017-07-20 13:33:00+02:00,1W8ywYvLff3MGVOE_Jwlsg,620.0,Fossil Hard coal,19W0000000002191,Polska,EC Siekierki,1,MAW,PT1M,1,2017-07-19 20:18:00+02:00
2017-12-12 14:09:27+01:00,254,PL,Unplanned outage,A03,,2017-12-12 18:00:00+01:00,CjO1lXcsgGfklEh5_pMNMg,386.0,Fossil Hard coal,19W000000000229Z,Polska,EC Żerań,1,MAW,PT1M,1,2017-12-12 13:18:00+01:00
2018-04-03 13:25:40+02:00,229,PL,Unplanned outage,A03,,2018-04-08 00:19:00+02:00,moLLvavSQ1lHXc5XknR6ng,386.0,Fossil Hard coal,19W000000000229Z,Polska,EC Żerań,1,MAW,PT60M,2,2018-04-03 09:19:00+02:00
2019-07-18 20:50:52+02:00,504,PL,Unplanned outage,A03,,2019-07-19 14:00:00+02:00,OkOntTjsBy1k2DPxciAhjA,620.0,Fossil Hard coal,19W0000000002191,Polska,EC Siekierki,1,MAW,PT60M,1,2019-07-19 00:00:00+02:00
2019-07-20 22:40:43+02:00,504,PL,Unplanned outage,A03,,2019-07-21 23:00:00+02:00,7012zWUOxIH-9_tKG0g6RA,620.0,Fossil Hard coal,19W0000000002191,Polska,EC Siekierki,1,MAW,PT60M,1,2019-07-20 07:00:00+02:00
2019-07-21 23:05:49+02:00,504,PL,Unplanned outage,A03,,2019-07-23 23:45:00+02:00,e_PFKkMCEP_qrvfwnZvUfg,620.0,Fossil Hard coal,19W0000000002191,Polska,EC Siekierki,1,MAW,PT15M,1,2019-07-23 23:30:00+02:00
2019-09-26 16:01:29+02:00,504,PL,Unplanned outage,A03,,2019-07-19 07:00:00+02:00,6hWKyZewhjHjKgfKuZgfHQ,620.0,Fossil Hard coal,19W0000000002191,Polska,EC Siekierki,1,MAW,PT60M,1,2019-07-19 00:00:00+02:00
2019-09-26 16:01:43+02:00,504,PL,Unplanned outage,A03,,2019-07-23 23:00:00+02:00,PrtFeyee3dVuck4A74u5VQ,620.0,Fossil Hard coal,19W0000000002191,Polska,EC Siekierki,1,MAW,PT60M,1,2019-07-20 14:00:00+02:00
2019-12-08 12:35:25+01:00,219,PL,Unplanned outage,A03,,2019-12-08 12:00:00+01:00,ZvfgQA1-Wyb72FhYRtAkBg,351.0,Fossil Hard coal,19W000000000229Z,Polska,EC Żerań,1,MAW,PT1M,1,2019-12-08 11:55:00+01:00
2020-03-03 10:13:19+01:00,229,PL,Unplanned outage,A03,,2020-03-03 23:45:00+01:00,d8F1jDjuL3MomXvP2iCSZg,351.0,Fossil Hard coal,19W000000000229Z,Polska,EC Żerań,1,MAW,PT15M,1,2020-03-03 23:30:00+01:00
2021-01-07 11:20:35+01:00,389,PL,Unplanned outage,A03,,2021-01-09 18:00:00+01:00,bCxoFUqvaXIoZ6CxsJAblA,620.0,Fossil Hard coal,19W0000000002191,Polska,EC Siekierki,1,MAW,PT60M,3,2021-01-03 10:00:00+01:00
2021-01-17 11:01:50+01:00,444,PL,Unplanned outage,A03,,2021-01-17 10:49:00+01:00,inCQowbGIh1_4mnzMhh90A,644.0,Fossil Brown coal/Lignite,19W000000000142A,Polska,Pątnów 1,1,MAW,PT1M,2,2021-01-17 10:45:00+01:00
2021-01-17 11:01:51+01:00,422,PL,Unplanned outage,A03,,2021-01-17 20:15:00+01:00,IRgNrqAaNPnFpECj8GPX0w,644.0,Fossil Brown coal/Lignite,19W000000000142A,Polska,Pątnów 1,1,MAW,PT1M,1,2021-01-17 20:01:00+01:00
2021-01-17 11:02:59+01:00,222,PL,Unplanned outage,A03,,2021-01-17 20:00:00+01:00,sEAzjeznsgTvQAruMyYz2Q,644.0,Fossil Brown coal/Lignite,19W000000000142A,Polska,Pątnów 1,1,MAW,PT60M,1,2021-01-17 11:00:00+01:00
2021-01-17 17:00:17+01:00,110,PL,Unplanned outage,A03,,2021-01-17 08:30:00+01:00,C82A6uIUz12QTxJ5BAhf1Q,330.0,Fossil Hard coal,19W000000000186R,Polska,Skawina,1,MAW,PT1M,2,2021-01-17 08:22:00+01:00
2021-01-18 08:50:59+01:00,444,PL,Unplanned outage,A03,,2021-01-19 00:00:00+01:00,ei8moHSVk_h3K4gHiHaH5A,644.0,Fossil Brown coal/Lignite,19W000000000142A,Polska,Pątnów 1,1,MAW,PT60M,1,2021-01-18 08:00:00+01:00
2021-01-18 18:04:21+01:00,351.32,PL,Unplanned outage,A03,,2021-01-18 09:00:00+01:00,c00apOYZkhwt9YYSzNtMEA,644.0,Fossil Brown coal/Lignite,19W000000000142A,Polska,Pątnów 1,1,MAW,PT1M,3,2021-01-18 08:50:00+01:00
2021-01-18 18:06:42+01:00,444,PL,Unplanned outage,A03,,2021-01-18 22:30:00+01:00,Yln-QMdy5JGM4QZ4HflBFg,644.0,Fossil Brown coal/Lignite,19W000000000142A,Polska,Pątnów 1,1,MAW,PT15M,4,2021-01-18 22:15:00+01:00
2021-01-19 11:21:03+01:00,351.32,PL,Unplanned outage,A03,,2021-01-19 10:00:00+01:00,pY9Ahn90HhBoKFxZjK2n-g,644.0,Fossil Brown coal/Lignite,19W000000000142A,Polska,Pątnów 1,1,MAW,PT60M,2,2021-01-19 08:00:00+01:00
2021-01-19 11:21:06+01:00,129.32,PL,Unplanned outage,A03,,2021-01-19 22:00:00+01:00,7LaVtrmSMtH44oYXW94tpg,644.0,Fossil Brown coal/Lignite,19W000000000142A,Polska,Pątnów 1,1,MAW,PT60M,1,2021-01-19 11:00:00+01:00
2021-01-19 11:23:46+01:00,222,PL,Unplanned outage,A03,,2021-01-19 23:00:00+01:00,Q8u8ETkxieNnYvCKz556ig,644.0,Fossil Brown coal/Lignite,19W000000000142A,Polska,Pątnów 1,1,MAW,PT30M,1,2021-01-19 22:30:00+01:00
2021-01-24 20:21:42+01:00,209,PL,Unplanned outage,A03,,2021-01-23 14:00:00+01:00,CEDK2NEIO0d-bv0AQHziZA,451.0,Fossil Hard coal,19W0000000000806,Polska,Kraków Łęg,1,MAW,PT60M,1,2021-01-22 01:00:00+01:00
2021-01-27 14:48:57+01:00,4712,PL,Unplanned outage,A03,,2021-02-01 00:00:00+01:00,18e1miEtKXssxzmnJS52yg,5102.0,Fossil Brown coal/Lignite,19W000000000016F,Polska,Bełchatów,1,MAW,PT60M,1,2021-01-21 01:00:00+01:00
2021-01-27 14:52:21+01:00,0,PL,Unplanned outage,A03,,2021-01-25 23:15:00+01:00,DjtPn5o0CkR90QPNA9fLqw,910.0,Fossil Hard coal,19W000000000296K,Polska,Jaworzno 2 JWCD,1,MAW,PT1M,1,2021-01-25 23:01:00+01:00
2021-01-27 15:29:55+01:00,1641,PL,Unplanned outage,A03,,2021-01-23 18:00:00+01:00,tN2NC_oaPh43mqkVHxZG-Q,2207.0,Fossil Hard coal,19W000000000104I,Polska,Kozienice 2,1,MAW,PT1M,1,2021-01-23 17:56:00+01:00
2021-01-27 16:58:42+01:00,680,PL,Unplanned outage,A03,,2020-12-20 00:15:00+01:00,IkR6BKB1ipVIhIMnFmppQw,905.0,Fossil Hard coal,19W0000000001195,Polska,Łaziska 3,1,MAW,PT1M,1,2020-12-20 00:01:00+01:00
2021-01-31 12:49:23+01:00,4712,PL,Unplanned outage,A03,,2021-01-31 07:30:00+01:00,QgRU-dc1ntUb4De-LDdcLA,5102.0,Fossil Brown coal/Lignite,19W000000000016F,Polska,Bełchatów,1,MAW,PT30M,2,2021-01-31 07:00:00+01:00
2021-02-01 11:51:24+01:00,243.986,PL,Unplanned outage,A03,,2021-02-01 11:00:00+01:00,aIhNv-3Te-IhQBl5fzG-Hg,474.0,Fossil Brown coal/Lignite,19W000000000149X,Polska,Pątnów 2,1,MAW,PT15M,1,2021-02-01 10:45:00+01:00
2021-02-02 13:26:59+01:00,1120,PL,Unplanned outage,A03,,2021-01-25 00:15:00+01:00,DbV-jVJCkT4sf9v0Yrxa-A,1345.0,Fossil Hard coal,19W0000000000636,Polska,Jaworzno 3,1,MAW,PT1M,1,2021-01-25 00:01:00+01:00
2021-02-05 10:25:20+01:00,680,PL,Unplanned outage,A03,,2021-01-01 01:15:00+01:00,AlqUN24PHmUyMbSMq2CKlg,905.0,Fossil Hard coal,19W0000000001195,Polska,Łaziska 3,1,MAW,PT1M,2,2021-01-01 01:01:00+01:00
2021-02-05 19:29:45+01:00,422,PL,Unplanned outage,A03,,2021-02-05 13:30:00+01:00,_iCoYsf31SBBp8oTKmTGZA,644.0,Fossil Brown coal/Lignite,19W000000000142A,Polska,Pątnów 1,1,MAW,PT1M,2,2021-02-05 13:24:00+01:00
2021-02-05 19:31:04+01:00,222,PL,Unplanned outage,A03,,2021-02-05 19:00:00+01:00,Ijua78b9vYjLu172JefeVQ,644.0,Fossil Brown coal/Lignite,19W000000000142A,Polska,Pątnów 1,1,MAW,PT15M,1,2021-02-05 18:45:00+01:00
2021-02-06 01:09:42+01:00,0,PL,Unplanned outage,A03,,2021-02-06 00:33:00+01:00,1GTzcWt4KrmxCVZ4boMDrA,474.0,Fossil Brown coal/Lignite,19W000000000149X,Polska,Pątnów 2,1,MAW,PT1M,1,2021-02-06 00:16:00+01:00
2021-02-06 11:04:02+01:00,0,PL,Unplanned outage,A03,,2021-02-06 04:00:00+01:00,QtCypBoIV--IsWPqk92exQ,910.0,Fossil Hard coal,19W000000000296K,Polska,Jaworzno 2 JWCD,1,MAW,PT1M,1,2021-02-06 03:46:00+01:00
2021-02-06 12:44:39+01:00,681,PL,Unplanned outage,A03,,2020-09-26 00:30:00+02:00,1DtPyPjFWy5FLPn1tY4zBg,1357.0,Fossil Hard coal,19W000000000043C,Polska,Dolna Odra,1,MAW,PT1M,2,2020-09-26 00:24:00+02:00
2021-02-06 12:46:51+01:00,1585,PL,Unplanned outage,A03,,2021-01-23 01:00:00+01:00,y9vhAavpxsvtHUVoky4xZg,1813.0,Fossil Hard coal,19W000000000095U,Polska,Kozienice 1,1,MAW,PT30M,2,2021-01-23 00:30:00+01:00
2021-02-07 12:18:23+01:00,681,PL,Unplanned outage,A03,,2021-02-09 00:00:00+01:00,RD41TgUEV7WJ-AIVZ25bug,903.0,Fossil Hard coal,19W000000000043C,Polska,Dolna Odra,1,MAW,PT60M,1,2021-02-07 19:00:00+01:00
2021-02-07 12:18:48+01:00,527,PL,Unplanned outage,A03,,2021-02-07 18:00:00+01:00,xZ1OEDfdQ3Kt-3XyA4yq6Q,903.0,Fossil Hard coal,19W000000000043C,Polska,Dolna Odra,1,MAW,PT60M,1,2021-02-07 08:00:00+01:00
2021-02-07 12:20:28+01:00,681,PL,Unplanned outage,A03,,2020-09-26 01:00:00+02:00,O1_XPUHwKjRcImpb1gRQxg,1357.0,Fossil Hard coal,19W000000000043C,Polska,Dolna Odra,1,MAW,PT30M,2,2020-09-26 00:30:00+02:00
2021-02-07 12:41:49+01:00,4732,PL,Unplanned outage,A03,,2021-02-06 00:30:00+01:00,2EL5ScZwdQdzkRgNnOkwTA,5102.0,Fossil Brown coal/Lignite,19W000000000016F,Polska,Bełchatów,1,MAW,PT15M,1,2021-02-06 00:15:00+01:00
2021-02-07 12:45:15+01:00,4732,PL,Unplanned outage,A03,,2021-02-07 04:30:00+01:00,4TLnQkwEljvmSjP-oBmL8Q,5102.0,Fossil Brown coal/Lignite,19W000000000016F,Polska,Bełchatów,1,MAW,PT1M,1,2021-02-07 04:17:00+01:00
2021-02-07 13:06:24+01:00,444,PL,Unplanned outage,A03,,2021-02-07 05:46:00+01:00,08J1q1v-O0GczhicpSuoNw,644.0,Fossil Brown coal/Lignite,19W000000000142A,Polska,Pątnów 1,1,MAW,PT1M,5,2021-02-07 05:45:00+01:00
2021-02-09 07:45:27+01:00,527,PL,Unplanned outage,A03,,2021-02-07 18:37:00+01:00,pousfNjHlJa4PElRZaYL4g,903.0,Fossil Hard coal,19W000000000043C,Polska,Dolna Odra,1,MAW,PT1M,1,2021-02-07 18:30:00+01:00
2021-02-09 07:46:23+01:00,681,PL,Unplanned outage,A03,,2021-02-07 18:45:00+01:00,P9Dn_s6futIwjCWORS_v8Q,903.0,Fossil Hard coal,19W000000000043C,Polska,Dolna Odra,1,MAW,PT1M,1,2021-02-07 18:38:00+01:00
2021-02-09 16:21:33+01:00,450,PL,Unplanned outage,A03,,2021-02-08 20:30:00+01:00,2ESaLqVqNW9_AUwhdmx6KA,905.0,Fossil Hard coal,19W0000000001195,Polska,Łaziska 3,1,MAW,PT15M,1,2021-02-08 20:15:00+01:00
2021-02-09 16:31:08+01:00,0,PL,Unplanned outage,A03,,2021-02-08 20:00:00+01:00,LwHpgwJ6fhoVyc8fmffSMA,467.0,Fossil Gas,19W000000000284R,Polska,EC Stalowa Wola,1,MAW,PT15M,1,2021-02-08 19:45:00+01:00
2021-02-09 16:31:09+01:00,895,PL,Unplanned outage,A03,,2021-02-09 07:00:00+01:00,ezHI69_6_xybnPAnilpS5A,1345.0,Fossil Hard coal,19W0000000000636,Polska,Jaworzno 3,1,MAW,PT30M,2,2021-02-09 06:30:00+01:00
2021-02-09 16:34:55+01:00,0,PL,Unplanned outage,A03,,2021-02-08 17:30:00+01:00,cTVIdl8J6JZoS2TuRag19A,910.0,Fossil Hard coal,19W000000000296K,Polska,Jaworzno 2 JWCD,1,MAW,PT30M,2,2021-02-08 17:00:00+01:00
2021-02-09 16:36:00+01:00,0,PL,Unplanned outage,A03,,2021-02-09 08:30:00+01:00,uH1bsHAmXyO46drFinvClw,910.0,Fossil Hard coal,19W000000000296K,Polska,Jaworzno 2 JWCD,1,MAW,PT1M,1,2021-02-09 08:24:00+01:00
2021-02-09 18:35:11+01:00,444,PL,Unplanned outage,A03,,2021-02-09 08:30:00+01:00,BLqVT6GhOz1Nwsh9W_KO-g,644.0,Fossil Brown coal/Lignite,19W000000000142A,Polska,Pątnów 1,1,MAW,PT30M,1,2021-02-09 08:00:00+01:00
2021-02-09 18:36:29+01:00,384.728,PL,Unplanned outage,A03,,2021-02-09 08:59:00+01:00,HRZ9_LMmcn1VmwGsUlHI1g,644.0,Fossil Brown coal/Lignite,19W000000000142A,Polska,Pątnów 1,1,MAW,PT1M,1,2021-02-09 08:55:00+01:00
2021-02-09 18:36:32+01:00,357.786,PL,Unplanned outage,A03,,2021-02-09 11:45:00+01:00,U_g6QnxiqXmdj_XUgU9Bkw,644.0,Fossil Brown coal/Lignite,19W000000000142A,Polska,Pątnów 1,1,MAW,PT15M,1,2021-02-09 11:30:00+01:00
2021-02-09 22:21:11+01:00,444,PL,Unplanned outage,A03,,2021-02-09 12:00:00+01:00,kovjh9jHMNcLmvq47oFqUg,644.0,Fossil Brown coal/Lignite,19W000000000142A,Polska,Pątnów 1,1,MAW,PT1M,2,2021-02-09 11:46:00+01:00
2021-02-09 22:26:10+01:00,444,PL,Unplanned outage,A03,,2021-02-09 22:15:00+01:00,Byt3DoNwefL04_k2LRVcDA,644.0,Fossil Brown coal/Lignite,19W000000000142A,Polska,Pątnów 1,1,MAW,PT1M,1,2021-02-09 22:01:00+01:00
2021-02-10 08:22:44+01:00,399.816,PL,Unplanned outage,A03,,2021-02-10 08:30:00+01:00,enEBtU8gSAIJiX5BC0nTOQ,644.0,Fossil Brown coal/Lignite,19W000000000142A,Polska,Pątnów 1,1,MAW,PT15M,1,2021-02-10 08:15:00+01:00
2021-02-10 14:21:15+01:00,424.602,PL,Unplanned outage,A03,,2021-02-10 09:15:00+01:00,Q2mYhQWnpSUT3KrGi6nNFA,644.0,Fossil Brown coal/Lignite,19W000000000142A,Polska,Pątnów 1,1,MAW,PT1M,1,2021-02-10 09:01:00+01:00
2021-02-10 14:22:45+01:00,222,PL,Unplanned outage,A03,,2021-02-10 16:00:00+01:00,lH3VhJSvm0cxHjBOHVPytg,644.0,Fossil Brown coal/Lignite,19W000000000142A,Polska,Pątnów 1,1,MAW,PT30M,1,2021-02-10 15:30:00+01:00
2021-02-10 16:19:46+01:00,202.602,PL,Unplanned outage,A03,,2021-02-10 15:00:00+01:00,ZQ6xIr6vuqmLgKo_xvIopQ,644.0,Fossil Brown coal/Lignite,19W000000000142A,Polska,Pątnów 1,1,MAW,PT30M,1,2021-02-10 14:30:00+01:00
2021-02-12 10:02:28+01:00,681,PL,Unplanned outage,A03,,2021-02-15 00:00:00+01:00,U31PR96mfKfhsA38kmWxKA,903.0,Fossil Hard coal,19W000000000043C,Polska,Dolna Odra,1,MAW,PT60M,1,2021-02-12 01:00:00+01:00
2021-02-13 14:52:53+01:00,444,PL,Unplanned outage,A03,,2021-02-11 00:15:00+01:00,EWU38xoqRiCAMtyqWljTOA,644.0,Fossil Brown coal/Lignite,19W000000000142A,Polska,Pątnów 1,1,MAW,PT1M,4,2021-02-11 00:01:00+01:00
2021-02-16 08:22:36+01:00,253.66,PL,Unplanned outage,A03,,2021-02-16 08:00:00+01:00,eBXLc9OU1k_yXf_URRuoUA,474.0,Fossil Brown coal/Lignite,19W000000000149X,Polska,Pątnów 2,1,MAW,PT1M,1,2021-02-16 07:46:00+01:00
2021-02-16 10:33:53+01:00,4712,PL,Unplanned outage,A03,,2021-02-19 00:15:00+01:00,w-TGEXFful1i3gtzKNjMsQ,5102.0,Fossil Brown coal/Lignite,19W000000000016F,Polska,Bełchatów,1,MAW,PT1M,2,2021-02-19 00:01:00+01:00
2021-02-17 19:09:17+01:00,276,PL,Unplanned outage,A03,,2021-02-17 18:16:00+01:00,MIuEOIB54kz2tHCbLoBvWA,552.0,Hydro Pumped Storage,19W000000000247X,Polska,Porąbka Żar,1,MAW,PT1M,1,2021-02-17 18:10:00+01:00
2021-02-18 14:07:44+01:00,0,PL,Unplanned outage,A03,,2021-02-17 23:30:00+01:00,RBgXBkAXS1jhMa-gxj34eg,910.0,Fossil Hard coal,19W000000000296K,Polska,Jaworzno 2 JWCD,1,MAW,PT1M,1,2021-02-17 23:19:00+01:00
2021-04-08 10:12:16+02:00,106.8,PL,Unplanned outage,A03,,2021-04-07 14:00:00+02:00,J7VzEWtiZSgU84AB2y9owA,217.3,Fossil Hard coal,19W000000000059Y,Polska,Gdańsk 2,1,MAW,PT60M,1,2021-04-07 13:00:00+02:00
2021-04-09 12:51:19+02:00,111.5,PL,Unplanned outage,A03,,2021-04-11 00:00:00+02:00,54feeSgXRaUjYnNAIj8yBg,217.3,Fossil Hard coal,19W000000000059Y,Polska,Gdańsk 2,1,MAW,PT60M,2,2021-04-09 12:00:00+02:00
2021-04-13 10:23:22+02:00,167,PL,Unplanned outage,A03,,2021-04-13 15:00:00+02:00,O5PGnNg_2b3lG2HIjYSenw,299.0,Fossil Hard coal,19W000000000297I,Polska,EC Żerań 1,1,MAW,PT60M,1,2021-04-12 20:00:00+02:00
2021-04-20 08:55:25+02:00,110.5,PL,Unplanned outage,A03,,2021-04-20 03:30:00+02:00,Z4MfAKLamixh3piCSMtuUA,217.3,Fossil Hard coal,19W000000000059Y,Polska,Gdańsk 2,1,MAW,PT30M,2,2021-04-20 03:00:00+02:00
2021-04-23 14:55:15+02:00,110.5,PL,Unplanned outage,A03,,2021-04-23 13:30:00+02:00,mNTKVwsEXc_fdU5Nkz2EVw,217.3,Fossil Hard coal,19W000000000059Y,Polska,Gdańsk 2,1,MAW,PT1M,1,2021-04-23 13:26:00+02:00
2021-04-27 11:58:19+02:00,105,PL,Unplanned outage,A03,,2021-04-30 17:00:00+02:00,KRjxq4ItqqYmlFo_ZfL1hQ,299.0,Fossil Hard coal,19W000000000297I,Polska,EC Żerań 1,1,MAW,PT60M,1,2021-04-27 12:00:00+02:00
2021-04-28 08:15:22+02:00,110.5,PL,Unplanned outage,A03,,2021-04-25 00:15:00+02:00,YMlWdYl6PQd2McaE5xld8w,217.3,Fossil Hard coal,19W000000000059Y,Polska,Gdańsk 2,1,MAW,PT1M,3,2021-04-25 00:01:00+02:00
2021-05-01 20:15:46+02:00,105,PL,Unplanned outage,A03,,2021-05-04 00:00:00+02:00,RGppMFnSZEteVFOFd1maEA,299.0,Fossil Hard coal,19W000000000297I,Polska,EC Żerań 1,1,MAW,PT60M,1,2021-05-01 16:00:00+02:00
2021-05-01 20:16:02+02:00,70,PL,Unplanned outage,A03,,2021-05-04 00:15:00+02:00,EDnZBHCKE4WRyPPJqZ0Pqw,299.0,Fossil Hard coal,19W000000000297I,Polska,EC Żerań 1,1,MAW,PT1M,1,2021-05-04 00:01:00+02:00
2021-05-10 14:15:12+02:00,110.3,PL,Unplanned outage,A03,,2021-05-08 13:43:00+02:00,6_Zam94eLMqpzUNixYrFTA,217.3,Fossil Hard coal,19W000000000059Y,Polska,Gdańsk 2,1,MAW,PT1M,1,2021-05-08 13:30:00+02:00
2021-05-12 11:26:43+02:00,505,PL,Unplanned outage,A03,,2021-04-11 16:16:00+02:00,_41Kv359LOoPukyP-ky4Bg,620.0,Fossil Hard coal,19W0000000002191,Polska,EC Siekierki,1,MAW,PT1M,1,2021-04-11 16:15:00+02:00
2021-05-12 11:27:21+02:00,504,PL,Unplanned outage,A03,,2021-05-12 07:00:00+02:00,r41WJie76qqKYI2V_hp7Ow,620.0,Fossil Hard coal,19W0000000002191,Polska,EC Siekierki,1,MAW,PT60M,1,2021-05-10 09:00:00+02:00
2021-05-12 18:02:20+02:00,472,PL,Unplanned outage,A03,,2021-05-12 16:00:00+02:00,KYa7U63M4hM8p65XKiQ0gg,620.0,Fossil Hard coal,19W0000000002191,Polska,EC Siekierki,1,MAW,PT60M,2,2021-05-12 08:00:00+02:00
2021-05-12 18:02:30+02:00,504,PL,Unplanned outage,A03,,2021-05-12 07:30:00+02:00,5aXBmEd7IaqtX7cBSizjUA,620.0,Fossil Hard coal,19W0000000002191,Polska,EC Siekierki,1,MAW,PT30M,2,2021-05-12 07:00:00+02:00
2021-05-21 08:50:10+02:00,0,PL,Unplanned outage,A03,,2021-05-21 06:00:00+02:00,KGO9jeaJhxT-cXBsJLI91A,205.0,Fossil Hard coal,19W000000000106E,Polska,EC Łódź-3,1,MAW,PT60M,1,2021-05-21 04:00:00+02:00
2021-05-24 08:03:19+02:00,55,PL,Unplanned outage,A03,,2021-04-23 00:02:00+02:00,mOPLzxIz5El0LiyCd_gx9w,205.0,Fossil Hard coal,19W000000000106E,Polska,EC Łódź-3,1,MAW,PT1M,1,2021-04-23 00:00:00+02:00
2021-05-24 08:03:38+02:00,95,PL,Unplanned outage,A03,,2021-05-06 13:00:00+02:00,ybzSxQ76plufVuQJfwsuQw,205.0,Fossil Hard coal,19W000000000106E,Polska,EC Łódź-3,1,MAW,PT60M,1,2021-05-06 09:00:00+02:00
2021-05-24 08:03:46+02:00,95,PL,Unplanned outage,A03,,2021-04-28 10:15:00+02:00,IMSVFHOSXvDRmSmF8Elezg,205.0,Fossil Hard coal,19W000000000106E,Polska,EC Łódź-3,1,MAW,PT1M,1,2021-04-28 10:02:00+02:00
2021-05-24 08:04:41+02:00,55,PL,Unplanned outage,A03,,2021-04-09 11:30:00+02:00,H9Wpi9E1Lv8LLq883248-Q,205.0,Fossil Hard coal,19W000000000106E,Polska,EC Łódź-3,1,MAW,PT1M,1,2021-04-09 11:25:00+02:00
2021-05-24 08:05:18+02:00,55,PL,Unplanned outage,A03,,2021-05-06 08:10:00+02:00,iyh4Rv8Y8hGzCu-I_nOgmQ,205.0,Fossil Hard coal,19W000000000106E,Polska,EC Łódź-3,1,MAW,PT1M,1,2021-05-06 08:00:00+02:00
2021-05-24 20:48:27+02:00,505,PL,Unplanned outage,A03,,2021-05-19 17:30:00+02:00,BI3zTQ8jSMwQ_tJG0tsexQ,620.0,Fossil Hard coal,19W0000000002191,Polska,EC Siekierki,1,MAW,PT1M,2,2021-05-19 17:28:00+02:00
2021-05-25 16:02:50+02:00,473,PL,Unplanned outage,A03,,2021-05-25 12:00:00+02:00,hfjdhEjNAKxlmhC_DBUg9Q,620.0,Fossil Hard coal,19W0000000002191,Polska,EC Siekierki,1,MAW,PT60M,2,2021-05-24 21:00:00+02:00
2021-05-27 10:39:19+02:00,505,PL,Unplanned outage,A03,,2021-05-25 12:30:00+02:00,I245sL6AWpLKyLOUw9wCjA,620.0,Fossil Hard coal,19W0000000002191,Polska,EC Siekierki,1,MAW,PT15M,2,2021-05-25 12:15:00+02:00
2021-05-27 10:42:27+02:00,441,PL,Unplanned outage,A03,,2021-05-28 00:00:00+02:00,MSMrXVzMeMyZNX5ztbGajA,620.0,Fossil Hard coal,19W0000000002191,Polska,EC Siekierki,1,MAW,PT60M,1,2021-05-27 07:00:00+02:00
2021-05-29 15:24:40+02:00,505,PL,Unplanned outage,A03,,2021-05-25 20:00:00+02:00,CV9J9SZpdtQ2Tm2XiOra5g,620.0,Fossil Hard coal,19W0000000002191,Polska,EC Siekierki,1,MAW,PT60M,3,2021-05-25 13:00:00+02:00
2021-06-07 08:07:22+02:00,55,PL,Unplanned outage,A03,,2021-06-04 05:20:00+02:00,VNSESlCsBV2nsIgaChE88Q,205.0,Fossil Hard coal,19W000000000106E,Polska,EC Łódź-3,1,MAW,PT1M,3,2021-06-04 05:15:00+02:00
2021-06-08 10:56:24+02:00,3143,PL,Unplanned outage,A03,,2021-06-08 10:15:00+02:00,dnoKUfheyCxXPn4YG1lz5A,3342.0,Fossil Hard coal,19W0000000001292,Polska,Opole,1,MAW,PT1M,1,2021-06-08 10:01:00+02:00
2021-06-21 09:58:20+02:00,441,PL,Unplanned outage,A03,,2021-07-03 00:00:00+02:00,LaPFL029mWA6jF_Df6lHpQ,620.0,Fossil Hard coal,19W0000000002191,Polska,EC Siekierki,1,MAW,PT60M,1,2021-06-21 08:00:00+02:00
2021-06-23 07:21:15+02:00,55,PL,Unplanned outage,A03,,2021-06-04 08:00:00+02:00,TsKbmjbpNFLcD044hJxZJQ,205.0,Fossil Hard coal,19W000000000106E,Polska,EC Łódź-3,1,MAW,PT30M,3,2021-06-04 07:30:00+02:00
2021-06-25 07:41:28+02:00,1648.774,PL,Unplanned outage,A03,,2021-06-24 13:38:00+02:00,WdKvl-i-6KzL4oh3p9l0xQ,1800.0,Fossil Hard coal,19W0000000001713,Polska,Rybnik,1,MAW,PT1M,1,2021-06-24 13:30:00+02:00
2021-06-25 07:42:18+02:00,1665,PL,Unplanned outage,A03,,2021-06-24 20:00:00+02:00,ZNb6z1O54oCK7CdQ40i__A,1800.0,Fossil Hard coal,19W0000000001713,Polska,Rybnik,1,MAW,PT60M,1,2021-06-24 14:00:00+02:00
2021-06-30 07:20:52+02:00,55,PL,Unplanned outage,A03,,2021-06-22 04:00:00+02:00,Ozlnh4biSvkCVGi3pz__Uw,205.0,Fossil Hard coal,19W000000000106E,Polska,EC Łódź-3,1,MAW,PT1M,2,2021-06-22 03:49:00+02:00
2021-06-30 07:21:09+02:00,55,PL,Unplanned outage,A03,,2021-06-13 03:00:00+02:00,oG9DMggxIr8q8V1y8-DzbA,205.0,Fossil Hard coal,19W000000000106E,Polska,EC Łódź-3,1,MAW,PT60M,2,2021-06-04 08:00:00+02:00
2021-06-30 07:35:20+02:00,55,PL,Unplanned outage,A03,,2021-06-22 04:00:00+02:00,R-SN-RE-S34H-OeXhaZG3w,205.0,Fossil Hard coal,19W000000000106E,Polska,EC Łódź-3,1,MAW,PT1M,6,2021-06-22 03:49:00+02:00
2021-07-13 09:37:42+02:00,110.5,PL,Unplanned outage,A03,,2021-07-12 09:15:00+02:00,pRw0GY39_1cPSW8MEITuMg,217.3,Fossil Hard coal,19W000000000059Y,Polska,Gdańsk 2,1,MAW,PT15M,5,2021-07-12 09:00:00+02:00
2021-07-21 07:26:08+02:00,0,PL,Unplanned outage,A03,,2021-07-13 08:30:00+02:00,aJ5Pjp6oBMc5tgRQzZYbIw,205.0,Fossil Hard coal,19W000000000106E,Polska,EC Łódź-3,1,MAW,PT30M,2,2021-07-13 08:00:00+02:00
2021-08-06 11:52:28+02:00,441,PL,Unplanned outage,A03,,2021-02-26 02:15:00+01:00,5AA5QTW4umo_KQVItWvgPQ,620.0,Fossil Hard coal,19W0000000002191,Polska,EC Siekierki,1,MAW,PT1M,1,2021-02-26 02:11:00+01:00
2021-08-06 11:52:43+02:00,441,PL,Unplanned outage,A03,,2021-02-11 06:15:00+01:00,2lU0M2RLcydb8g5a-yYQSA,620.0,Fossil Hard coal,19W0000000002191,Polska,EC Siekierki,1,MAW,PT1M,1,2021-02-11 06:01:00+01:00
2021-07-14 17:16:19+02:00,465.106,PL,Unplanned outage,A03,,2021-07-14 21:15:00+02:00,JOXAj_h_LowSk8omr3c8Vw,644.0,Fossil Brown coal/Lignite,19W000000000142A,Polska,Pątnów 1,1,MAW,PT15M,3,2021-07-14 21:00:00+02:00
2021-07-16 10:56:22+02:00,522.874,PL,Unplanned outage,A03,,2021-07-16 14:00:00+02:00,wnFRoZoAtByFZPrREsqt9g,644.0,Fossil Brown coal/Lignite,19W000000000142A,Polska,Pątnów 1,1,MAW,PT60M,1,2021-07-16 11:00:00+02:00
2021-07-16 16:43:22+02:00,505.631,PL,Unplanned outage,A03,,2021-07-16 22:00:00+02:00,dES7OWVCgB-u6E_sqGkEZQ,644.0,Fossil Brown coal/Lignite,19W000000000142A,Polska,Pątnów 1,1,MAW,PT60M,1,2021-07-16 17:00:00+02:00
2021-07-21 07:27:29+02:00,0,PL,Unplanned outage,A03,,2021-07-15 13:00:00+02:00,im7qWtnELjirUPRj-aJQ_g,205.0,Fossil Hard coal,19W000000000106E,Polska,EC Łódź-3,1,MAW,PT60M,1,2021-07-13 09:00:00+02:00
2021-07-23 07:27:39+02:00,55,PL,Unplanned outage,A03,,2021-07-22 14:00:00+02:00,02L62BM_-TIJW8RwpsrN5g,205.0,Fossil Hard coal,19W000000000106E,Polska,EC Łódź-3,1,MAW,PT60M,3,2021-07-15 14:00:00+02:00
2021-07-26 10:09:28+02:00,70,PL,Unplanned outage,A03,,2021-07-26 09:00:00+02:00,hr2vX3gM0z4hg_0-LkGa7Q,299.0,Fossil Hard coal,19W000000000297I,Polska,EC Żerań 1,1,MAW,PT30M,1,2021-07-26 08:30:00+02:00
2021-07-27 05:22:14+02:00,1658.774,PL,Unplanned outage,A03,,2021-07-26 18:00:00+02:00,exZ388JAlIqXXEneOzEN7w,1800.0,Fossil Hard coal,19W0000000001713,Polska,Rybnik,1,MAW,PT30M,1,2021-07-26 17:30:00+02:00
2021-07-27 10:24:10+02:00,106.8,PL,Unplanned outage,A03,,2021-07-27 00:15:00+02:00,7kF47zIDR8kVHshgUhP57A,217.3,Fossil Hard coal,19W000000000059Y,Polska,Gdańsk 2,1,MAW,PT1M,1,2021-07-27 00:01:00+02:00
2021-08-10 06:53:14+02:00,95,PL,Unplanned outage,A03,,2021-07-31 08:59:00+02:00,FJCo13WfWACRJ_xG_ZYvmw,205.0,Fossil Hard coal,19W000000000106E,Polska,EC Łódź-3,1,MAW,PT1M,3,2021-07-31 08:45:00+02:00
2021-08-10 06:53:18+02:00,55,PL,Unplanned outage,A03,,2021-08-06 11:00:00+02:00,eKWtTNeqRp1ZDZt7ONhPQw,205.0,Fossil Hard coal,19W000000000106E,Polska,EC Łódź-3,1,MAW,PT60M,1,2021-07-31 09:00:00+02:00
2021-08-16 09:35:16+02:00,55,PL,Unplanned outage,A03,,2021-08-09 10:00:00+02:00,1ta_UL_4tDzqIwO4877a4Q,205.0,Fossil Hard coal,19W000000000106E,Polska,EC Łódź-3,1,MAW,PT60M,1,2021-08-06 12:00:00+02:00
2021-08-17 07:22:12+02:00,0,PL,Unplanned outage,A03,,2021-08-09 11:00:00+02:00,FVMtF4X3U_BqcJo9XXAeIg,205.0,Fossil Hard coal,19W000000000106E,Polska,EC Łódź-3,1,MAW,PT30M,3,2021-08-09 10:30:00+02:00
2021-08-19 21:12:24+02:00,505,PL,Unplanned outage,A03,,2021-08-19 20:30:00+02:00,mlFqE6tPv1IJjzWzSkTn3A,620.0,Fossil Hard coal,19W0000000002191,Polska,EC Siekierki,1,MAW,PT30M,5,2021-08-19 20:00:00+02:00
2021-08-24 13:31:22+02:00,0,PL,Unplanned outage,A03,,2021-08-13 19:15:00+02:00,cU7MV_3_VJovhYanlO9Jfw,205.0,Fossil Hard coal,19W000000000106E,Polska,EC Łódź-3,1,MAW,PT1M,4,2021-08-13 19:01:00+02:00
2021-08-24 13:31:42+02:00,0,PL,Unplanned outage,A03,,2021-08-24 05:35:00+02:00,e7eSIX76yDpHc0cz1lediw,205.0,Fossil Hard coal,19W000000000106E,Polska,EC Łódź-3,1,MAW,PT1M,2,2021-08-24 05:30:00+02:00
2021-08-24 13:45:24+02:00,40,PL,Unplanned outage,A03,,2021-08-23 15:45:00+02:00,QppWu89ne34Prx_D7BHvOg,205.0,Fossil Hard coal,19W000000000106E,Polska,EC Łódź-3,1,MAW,PT15M,3,2021-08-23 15:30:00+02:00
2021-08-24 13:46:22+02:00,0,PL,Unplanned outage,A03,,2021-08-17 10:00:00+02:00,Mz_DwE7hRDCgY5qHsBa25g,205.0,Fossil Hard coal,19W000000000106E,Polska,EC Łódź-3,1,MAW,PT60M,1,2021-08-16 10:00:00+02:00
2021-08-25 09:38:26+02:00,111.5,PL,Unplanned outage,A03,,2021-08-20 14:15:00+02:00,lDSjbHKSahjFrW4Nt6IIQw,217.3,Fossil Hard coal,19W000000000059Y,Polska,Gdańsk 2,1,MAW,PT1M,2,2021-08-20 14:01:00+02:00
2021-08-25 09:38:36+02:00,54,PL,Unplanned outage,A03,,2021-08-19 19:15:00+02:00,j7yoY-0J-x7V5dWTYi7pIg,217.3,Fossil Hard coal,19W000000000059Y,Polska,Gdańsk 2,1,MAW,PT1M,1,2021-08-19 19:10:00+02:00
2021-09-06 08:13:36+02:00,40,PL,Unplanned outage,A03,,2021-09-04 09:00:00+02:00,SBQqCikn6bWgpsOstp-r3A,205.0,Fossil Hard coal,19W000000000106E,Polska,EC Łódź-3,1,MAW,PT60M,3,2021-08-24 06:00:00+02:00
2021-09-10 09:21:49+02:00,110.3,PL,Unplanned outage,A03,,2021-09-09 16:00:00+02:00,OR8AcKgCYXzQY-Td6zCfFw,217.3,Fossil Hard coal,19W000000000059Y,Polska,Gdańsk 2,1,MAW,PT60M,2,2021-08-31 12:00:00+02:00
2021-09-20 07:56:46+02:00,0,PL,Unplanned outage,A03,,2021-09-17 16:47:00+02:00,wgzN0LCelSNwt7fj0q_bXQ,205.0,Fossil Hard coal,19W000000000106E,Polska,EC Łódź-3,1,MAW,PT1M,5,2021-09-17 16:45:00+02:00
2021-09-21 07:49:16+02:00,55,PL,Unplanned outage,A03,,2021-09-17 17:00:00+02:00,0ifchbj6B_TnsL5sMDKN2A,205.0,Fossil Hard coal,19W000000000106E,Polska,EC Łódź-3,1,MAW,PT1M,3,2021-09-17 16:48:00+02:00
2021-09-23 10:08:34+02:00,106.8,PL,Unplanned outage,A03,,2021-09-22 15:00:00+02:00,Fa_wa-NMQ3vnmVh_MwIe5Q,217.3,Fossil Hard coal,19W000000000059Y,Polska,Gdańsk 2,1,MAW,PT60M,3,2021-09-13 08:00:00+02:00
2021-09-25 11:09:24+02:00,407.553,PL,Unplanned outage,A03,,2021-09-25 18:00:00+02:00,Kv7oL347-JquYgEuu9UHuw,644.0,Fossil Brown coal/Lignite,19W000000000142A,Polska,Pątnów 1,1,MAW,PT60M,1,2021-09-25 11:00:00+02:00
2021-09-27 09:31:31+02:00,95,PL,Unplanned outage,A03,,2021-09-24 16:30:00+02:00,iCW3CPSqRHEzbkp5wDlNFg,205.0,Fossil Hard coal,19W000000000106E,Polska,EC Łódź-3,1,MAW,PT30M,3,2021-09-24 16:00:00+02:00
2021-10-01 08:08:51+02:00,95,PL,Unplanned outage,A03,,2021-09-20 16:00:00+02:00,pmJUQmS7Dz69pc1PEh_cIA,205.0,Fossil Hard coal,19W000000000106E,Polska,EC Łódź-3,1,MAW,PT1M,4,2021-09-20 15:49:00+02:00
2021-10-01 08:13:33+02:00,40,PL,Unplanned outage,A03,,2021-09-24 19:15:00+02:00,i1XW0HcWBm_mP6X-4vk91g,205.0,Fossil Hard coal,19W000000000106E,Polska,EC Łódź-3,1,MAW,PT1M,1,2021-09-24 19:01:00+02:00
2021-10-20 09:33:09+02:00,106.8,PL,Unplanned outage,A03,,2021-10-20 02:42:00+02:00,ixCIzRv1JS1oWTHqPWdSYg,217.3,Fossil Hard coal,19W000000000059Y,Polska,Gdańsk 2,1,MAW,PT1M,1,2021-10-20 02:30:00+02:00
2021-11-09 16:47:13+01:00,505,PL,Unplanned outage,A03,,2021-11-09 15:45:00+01:00,Ssgetj_uENfWrJ_lDVj1SA,620.0,Fossil Hard coal,19W0000000002191,Polska,EC Siekierki,1,MAW,PT1M,1,2021-11-09 15:40:00+01:00
2021-11-12 08:23:41+01:00,95,PL,Unplanned outage,A03,,2021-11-10 17:00:00+01:00,DyVHtLJsNVdH1uXjw4JTfw,205.0,Fossil Hard coal,19W000000000106E,Polska,EC Łódź-3,1,MAW,PT60M,1,2021-11-10 11:00:00+01:00
2021-11-13 17:21:23+01:00,465.106,PL,Unplanned outage,A03,,2021-11-13 17:00:00+01:00,ADukiYcmETyPOe_bB7ZgZw,644.0,Fossil Brown coal/Lignite,19W000000000142A,Polska,Pątnów 1,1,MAW,PT30M,1,2021-11-13 16:30:00+01:00
2021-11-15 12:01:16+01:00,111.5,PL,Unplanned outage,A03,,2021-11-12 19:15:00+01:00,ZccZY84o5cO1Sk3xYHe3xA,217.3,Fossil Hard coal,19W000000000059Y,Polska,Gdańsk 2,1,MAW,PT1M,1,2021-11-12 19:09:00+01:00
2021-11-15 14:01:28+01:00,327.194,PL,Unplanned outage,A03,,2021-10-27 09:30:00+02:00,hxARyHCul14wiHmXCbfPyw,451.0,Fossil Hard coal,19W0000000000806,Polska,Kraków Łęg,1,MAW,PT15M,4,2021-10-27 09:15:00+02:00
2021-11-18 06:51:23+01:00,1195.897,PL,Unplanned outage,A03,,2021-11-18 06:30:00+01:00,nwO1bspHQN38gEtkOqgU9Q,1350.0,Fossil Hard coal,19W0000000001713,Polska,Rybnik,1,MAW,PT30M,3,2021-11-18 06:00:00+01:00
2022-01-14 12:34:21+01:00,106.8,PL,Unplanned outage,A03,,2022-01-13 21:30:00+01:00,IpZmRKRQO29JmyldexP3hw,217.3,Fossil Hard coal,19W000000000059Y,Polska,Gdańsk 2,1,MAW,PT1M,1,2022-01-13 21:21:00+01:00
2022-02-14 09:15:32+01:00,350.296,PL,Unplanned outage,A03,,2022-02-15 00:00:00+01:00,DBICEY9-Ux7EygTCClvw3w,451.0,Fossil Hard coal,19W0000000000806,Polska,Kraków Łęg,1,MAW,PT60M,1,2022-02-14 10:00:00+01:00
2022-02-16 13:59:24+01:00,111.5,PL,Unplanned outage,A03,,2022-02-16 02:15:00+01:00,UXdBBjaZpI7L98PBWexiPw,217.3,Fossil Hard coal,19W000000000059Y,Polska,Gdańsk 2,1,MAW,PT1M,1,2022-02-16 02:12:00+01:00
2022-02-26 20:29:26+01:00,1175.569,PL,Unplanned outage,A03,,2022-02-27 06:00:00+01:00,tOs4cXn0XalFWtKddjQHIA,1350.0,Fossil Hard coal,19W0000000001713,Polska,Rybnik,1,MAW,PT60M,1,2022-02-26 20:00:00+01:00
2022-03-01 07:26:23+01:00,1169.138,PL,Unplanned outage,A03,,2022-02-27 10:15:00+01:00,IVpLYgKYRksS_jPDpFo0aw,1350.0,Fossil Hard coal,19W0000000001713,Polska,Rybnik,1,MAW,PT1M,3,2022-02-27 10:01:00+01:00
2022-03-01 08:53:21+01:00,95,PL,Unplanned outage,A03,,2022-02-26 19:05:00+01:00,Pgw94Uw_97d5IED6oBhl-w,205.0,Fossil Hard coal,19W000000000106E,Polska,EC Łódź-3,1,MAW,PT1M,3,2022-02-26 19:00:00+01:00
2022-03-21 10:52:17+01:00,107,PL,Unplanned outage,A03,,2022-03-18 17:20:00+01:00,TnM7CiSA4d_oBiB4mAcqnw,217.3,Fossil Hard coal,19W000000000059Y,Polska,Gdańsk 2,1,MAW,PT1M,1,2022-03-18 17:15:00+01:00
2022-05-05 16:50:26+02:00,110.3,PL,Unplanned outage,A03,,2022-05-02 01:45:00+02:00,YmhN698J3429w3t1gwyapQ,217.3,Fossil Hard coal,19W000000000059Y,Polska,Gdańsk 2,1,MAW,PT15M,1,2022-05-02 01:30:00+02:00
2022-05-05 16:53:20+02:00,4932,PL,Unplanned outage,A03,,2022-03-26 17:00:00+01:00,kt5NBou9Hlroyb0sPByG1A,5102.0,Fossil Brown coal/Lignite,19W000000000016F,Polska,Bełchatów,1,MAW,PT60M,1,2022-03-26 07:00:00+01:00
2022-05-05 16:53:58+02:00,645,PL,Unplanned outage,A03,,2022-04-10 14:30:00+02:00,G7clHT1cZnT7qE9hOZxBvA,780.0,Hydro Pumped Storage,19W0000000002418,Polska,Żarnowiec,1,MAW,PT15M,1,2022-04-10 14:15:00+02:00
2022-05-05 16:56:53+02:00,4942,PL,Unplanned outage,A03,,2022-04-02 18:00:00+02:00,yrU9sbN4qsB0MDtMVfJ2Lg,5102.0,Fossil Brown coal/Lignite,19W000000000016F,Polska,Bełchatów,1,MAW,PT60M,1,2022-04-02 11:00:00+02:00
2022-05-05 16:58:56+02:00,4952,PL,Unplanned outage,A03,,2022-04-10 10:30:00+02:00,7XfPIs4kZ5RpJVDzYFlzvA,5102.0,Fossil Brown coal/Lignite,19W000000000016F,Polska,Bełchatów,1,MAW,PT30M,1,2022-04-10 10:00:00+02:00
2022-05-05 17:00:59+02:00,441,PL,Unplanned outage,A03,,2022-04-10 18:00:00+02:00,kSOroiMaiqbKsWzNusgJoQ,620.0,Fossil Hard coal,19W0000000002191,Polska,EC Siekierki,1,MAW,PT1M,1,2022-04-10 17:55:00+02:00
2022-05-05 17:01:10+02:00,441,PL,Unplanned outage,A03,,2022-04-11 00:15:00+02:00,VrM7HPVBDSi6IVMC4KvH4Q,620.0,Fossil Hard coal,19W0000000002191,Polska,EC Siekierki,1,MAW,PT1M,1,2022-04-11 00:01:00+02:00
2022-05-15 08:44:09+02:00,70,PL,Unplanned outage,A03,,2022-05-13 16:30:00+02:00,I3Uf_tv-U_efcJ06hldfQQ,299.0,Fossil Hard coal,19W000000000297I,Polska,EC Żerań 1,1,MAW,PT15M,2,2022-05-13 16:15:00+02:00
2022-05-17 09:12:18+02:00,55,PL,Unplanned outage,A03,,2022-05-09 02:17:00+02:00,mE3rFbAD7oeB96FZ7nM8HQ,205.0,Fossil Hard coal,19W000000000106E,Polska,EC Łódź-3,1,MAW,PT1M,1,2022-05-09 02:15:00+02:00
2022-05-17 09:12:20+02:00,55,PL,Unplanned outage,A03,,2022-05-16 20:36:00+02:00,PqUQYky4NenRo0-1lHUaoQ,205.0,Fossil Hard coal,19W000000000106E,Polska,EC Łódź-3,1,MAW,PT1M,1,2022-05-16 20:30:00+02:00
2022-05-17 09:12:31+02:00,55,PL,Unplanned outage,A03,,2022-05-16 10:00:00+02:00,OELKeMvER1wePYOWv92yaQ,205.0,Fossil Hard coal,19W000000000106E,Polska,EC Łódź-3,1,MAW,PT60M,1,2022-05-13 20:00:00+02:00
2022-05-17 09:12:40+02:00,55,PL,Unplanned outage,A03,,2022-05-13 18:45:00+02:00,RX5sqdKbvbtjKdMPcCl5wg,205.0,Fossil Hard coal,19W000000000106E,Polska,EC Łódź-3,1,MAW,PT15M,1,2022-05-13 18:30:00+02:00
2022-05-17 09:14:56+02:00,0,PL,Unplanned outage,A03,,2022-05-16 10:30:00+02:00,uPbz03whaKDxOVwVkbGBAg,205.0,Fossil Hard coal,19W000000000106E,Polska,EC Łódź-3,1,MAW,PT15M,1,2022-05-16 10:15:00+02:00
2022-05-17 09:17:41+02:00,0,PL,Unplanned outage,A03,,2022-06-27 00:15:00+02:00,f8h9ihqEaJA3ymh9ykdjkg,205.0,Fossil Hard coal,19W000000000106E,Polska,EC Łódź-3,1,MAW,PT1M,1,2022-06-27 00:01:00+02:00
2022-05-19 23:26:18+02:00,70,PL,Unplanned outage,A03,,2022-05-20 00:00:00+02:00,cZpJLhLNXbWa9bYD7fFjPA,299.0,Fossil Hard coal,19W000000000297I,Polska,EC Żerań 1,1,MAW,PT60M,2,2022-05-18 01:00:00+02:00
2022-05-20 12:56:19+02:00,35,PL,Unplanned outage,A03,,2022-05-20 00:15:00+02:00,l-OMW2RnZ936K4vD6UL7nA,299.0,Fossil Hard coal,19W000000000297I,Polska,EC Żerań 1,1,MAW,PT1M,2,2022-05-20 00:01:00+02:00
2022-05-23 08:04:57+02:00,110.5,PL,Unplanned outage,A03,,2022-05-23 00:39:00+02:00,urbucNzxaSZyTzgGoqAmPw,217.3,Fossil Hard coal,19W000000000059Y,Polska,Gdańsk 2,1,MAW,PT1M,3,2022-05-23 00:30:00+02:00
2022-05-25 10:06:55+02:00,53,PL,Unplanned outage,A03,,2022-05-24 14:07:00+02:00,Su_SSsFo1DZeBG5GaODvng,217.3,Fossil Hard coal,19W000000000059Y,Polska,Gdańsk 2,1,MAW,PT1M,2,2022-05-24 14:00:00+02:00
2022-05-26 09:51:43+02:00,52.8,PL,Unplanned outage,A03,,2022-06-05 23:45:00+02:00,rC3zgBqQXXIoZ_CmtzrjVA,217.3,Fossil Hard coal,19W000000000059Y,Polska,Gdańsk 2,1,MAW,PT15M,1,2022-06-05 23:30:00+02:00
2022-05-26 09:52:00+02:00,110.3,PL,Unplanned outage,A03,,2022-06-06 00:00:00+02:00,G1MyS1Atiwe-agVzA9SARA,217.3,Fossil Hard coal,19W000000000059Y,Polska,Gdańsk 2,1,MAW,PT1M,4,2022-06-05 23:46:00+02:00
2022-05-26 09:53:11+02:00,105.8,PL,Unplanned outage,A03,,2022-05-24 14:15:00+02:00,b_stJyaPM7NSo4qsbVkK-Q,217.3,Fossil Hard coal,19W000000000059Y,Polska,Gdańsk 2,1,MAW,PT1M,2,2022-05-24 14:08:00+02:00
2022-06-30 09:35:27+02:00,110.3,PL,Unplanned outage,A03,,2022-07-01 23:00:00+02:00,2PAuv8AnhJ3QY7EZYr1G7Q,217.3,Fossil Hard coal,19W000000000059Y,Polska,Gdańsk 2,1,MAW,PT60M,1,2022-07-01 00:00:00+02:00
2022-06-30 22:41:27+02:00,1169.138,PL,Unplanned outage,A03,,2022-06-30 00:15:00+02:00,I-ih8G6rnxrXZ0ocb-TdnA,1350.0,Fossil Hard coal,19W0000000001713,Polska,Rybnik,1,MAW,PT1M,2,2022-06-30 00:01:00+02:00
2022-06-30 22:41:34+02:00,1079.784,PL,Unplanned outage,A03,,2022-07-01 00:00:00+02:00,--GwzNheFOHWyI0UPgsPrA,1350.0,Fossil Hard coal,19W0000000001713,Polska,Rybnik,1,MAW,PT60M,1,2022-06-30 23:00:00+02:00
2022-07-01 08:58:17+02:00,52.8,PL,Unplanned outage,A03,,2022-06-27 00:15:00+02:00,xD2zXHKxmYPA_dTzNfzjuA,217.3,Fossil Hard coal,19W000000000059Y,Polska,Gdańsk 2,1,MAW,PT1M,2,2022-06-27 00:01:00+02:00
2022-07-01 08:58:45+02:00,110.3,PL,Unplanned outage,A03,,2022-06-30 23:00:00+02:00,uIHdrV3YSU7m-0DCW__Z5w,217.3,Fossil Hard coal,19W000000000059Y,Polska,Gdańsk 2,1,MAW,PT60M,1,2022-06-30 13:00:00+02:00
