2019-02-06 14:36:42+02:00,360,GR,Unplanned outage,A03,,2019-01-03 00:00:00+02:00,zUNjmbdc1m_pCRyq6iN5Wg,550.0,Fossil Gas,29WAISLAVRIO-IVM,SOUTH GREECE,LAVRIO4,1,MAW,PT60M,1,2017-10-11 00:00:00+03:00
2019-02-06 14:36:45+02:00,0,GR,Unplanned outage,A03,,2018-11-14 00:00:00+02:00,2fDPWRe8RW0g2qC_M3Ttng,378.0,Fossil Gas,29WAISLAVRIO-V-A,SOUTH GREECE,LAVRIO5,1,MAW,PT60M,1,2017-11-28 00:00:00+02:00
2019-02-06 14:36:47+02:00,405,GR,Unplanned outage,A03,,2018-10-22 00:00:00+03:00,lEIL3CE_tDUL6esBcIHTMg,500.0,Fossil Gas,29WAISMEGAL-V--J,SOUTH GREECE,MEGALOPOLI_V,1,MAW,PT60M,1,2018-10-17 00:00:00+03:00
2019-02-06 14:36:50+02:00,0,GR,Unplanned outage,A03,,2019-01-17 00:00:00+02:00,tvj7DeB9IkZ5ZMZH-J207g,283.0,Fossil Brown coal/Lignite,29WAISAGDIMI-IVW,NORTH GREECE,AG_DIMITRIOS4,1,MAW,PT60M,1,2019-01-12 00:00:00+02:00
2019-02-25 15:37:08+02:00,0,GR,Unplanned outage,A03,,2019-02-25 00:00:00+02:00,9Gyg6hQoVJmztLhxAL5_Rw,256.0,Fossil Brown coal/Lignite,29WAISMEGAL-IV-C,SOUTH GREECE,MEGALOPOLI4,1,MAW,PT60M,1,2019-01-17 00:00:00+02:00
2019-03-01 12:58:22+02:00,0,GR,Unplanned outage,A03,,2019-02-28 00:00:00+02:00,ieND3U2h-oQxX3t9PpQCrg,289.0,Fossil Brown coal/Lignite,29WAISMELITII--H,NORTH GREECE,MELITI,1,MAW,PT60M,1,2019-02-10 00:00:00+02:00
2019-03-06 12:13:10+02:00,0,GR,Unplanned outage,A03,,2019-03-04 00:00:00+02:00,Vb01RWBGdFvPpfqDWzUy3w,271.0,Fossil Brown coal/Lignite,29WAISKARDIAII-Z,NORTH GREECE,KARDIA2,1,MAW,PT60M,1,2019-01-05 00:00:00+02:00
2019-03-06 12:13:11+02:00,0,GR,Unplanned outage,A03,,2019-03-05 00:00:00+02:00,DJbvk_pgboFyFz02ecX51g,273.0,Fossil Brown coal/Lignite,29WAISAMYNT-I--L,NORTH GREECE,AMYNDEO1,1,MAW,PT60M,1,2019-03-01 00:00:00+02:00
2019-03-08 11:40:27+02:00,0,GR,Unplanned outage,A03,,2019-03-09 00:00:00+02:00,N9GmFD8BHnbNKrBVxjo-4w,283.0,Fossil Brown coal/Lignite,29WAISAGDIMIIIIJ,NORTH GREECE,AG_DIMITRIOS3,1,MAW,PT60M,1,2019-02-18 00:00:00+02:00
2019-03-20 12:03:28+02:00,0,GR,Unplanned outage,A03,,2019-03-16 00:00:00+02:00,tQGm5aVNwEOipTuFKIzyrw,500.0,Fossil Gas,29WAISMEGAL-V--J,SOUTH GREECE,MEGALOPOLI_V,1,MAW,PT60M,1,2019-03-08 00:00:00+02:00
2019-03-22 15:23:45+02:00,0,GR,Unplanned outage,A03,,2019-03-21 00:00:00+02:00,I2z89RhuZueQWNkK2o-9bQ,272.0,Fossil Brown coal/Lignite,29WAISKARDIAI--I,NORTH GREECE,KARDIA1,1,MAW,PT60M,1,2019-01-10 00:00:00+02:00
2019-04-04 14:30:39+03:00,0,GR,Unplanned outage,A03,,2019-04-02 00:00:00+03:00,mQppLAiUUbIXNEwnazhUSQ,378.0,Fossil Gas,29WAISLAVRIO-V-A,SOUTH GREECE,LAVRIO5,1,MAW,PT60M,1,2019-03-25 00:00:00+02:00
2019-04-04 14:30:45+03:00,180,GR,Unplanned outage,A03,,2019-04-01 00:00:00+03:00,IRawOIhhwRwRYj3ZMlzrKw,500.0,Fossil Gas,29WAISMEGAL-V--J,SOUTH GREECE,MEGALOPOLI_V,1,MAW,PT60M,1,2019-03-22 00:00:00+02:00
2019-04-12 16:44:01+03:00,283,GR,Unplanned outage,A03,,2019-04-13 00:00:00+03:00,Tr2tekGldFnGnkNmvtKi0A,283.0,Fossil Brown coal/Lignite,29WAISAGDIMI-IVW,NORTH GREECE,AG_DIMITRIOS4,1,MAW,PT60M,1,2019-04-06 00:00:00+03:00
2019-06-27 12:37:46+03:00,0,GR,Unplanned outage,A03,,2019-06-14 00:00:00+03:00,dyTrt-lyr2yxvkJZY1Nm4w,289.0,Fossil Brown coal/Lignite,29WAISMELITII--H,NORTH GREECE,MELITI,1,MAW,PT60M,1,2019-06-08 00:00:00+03:00
2019-06-27 12:53:44+03:00,400,GR,Unplanned outage,A03,,2019-05-29 00:00:00+03:00,20ei1-3prjMGfnPYmOdp_w,500.0,Fossil Gas,29WAISMEGAL-V--J,SOUTH GREECE,MEGALOPOLI_V,1,MAW,PT60M,1,2019-03-17 00:00:00+02:00
2019-06-27 12:55:10+03:00,400,GR,Unplanned outage,A03,,2019-06-11 00:00:00+03:00,gau2c4HOP5PBiRgc04bzuA,500.0,Fossil Gas,29WAISMEGAL-V--J,SOUTH GREECE,MEGALOPOLI_V,1,MAW,PT60M,1,2019-06-06 00:00:00+03:00
