2015-01-18 20:58:23+01:00,0,DK_1,Unplanned outage,A03,,2015-01-18 20:56:00+01:00,jlf5KL-hpn6ANhHYQvD3bg,357.0,Fossil Hard coal,45V0000000000148,Denmark,Studstrupvaerket,1,MAW,PT1M,2,2015-01-18 19:55:00+01:00
2015-01-22 07:46:13+01:00,0,DK_1,Unplanned outage,A03,,2015-01-22 09:00:00+01:00,lxjKuUdQHuL8YHrK4n8MqA,359.0,Fossil Hard coal,45V0000000000148,Denmark,Studstrupvaerket,1,MAW,PT1M,3,2015-01-22 03:05:00+01:00
2015-02-21 05:18:12+01:00,0,DK_1,Unplanned outage,A03,,2015-02-21 05:15:00+01:00,JvG15-bQaZbW-DttKcDaVQ,359.0,Fossil Hard coal,45V0000000000148,Denmark,Studstrupvaerket,1,MAW,PT1M,2,2015-02-21 01:58:00+01:00
2015-02-21 09:24:12+01:00,0,DK_1,Unplanned outage,A03,,2015-02-21 09:14:00+01:00,ri_0VgJGJrO8t7QM_RUkdA,359.0,Fossil Hard coal,45V0000000000148,Denmark,Studstrupvaerket,1,MAW,PT1M,2,2015-02-21 06:52:00+01:00
2015-02-22 20:29:23+01:00,0,DK_1,Unplanned outage,A03,,2015-02-22 20:27:00+01:00,z685aWMAI6t5nL-IGCWaiA,359.0,Fossil Hard coal,45V0000000000148,Denmark,Studstrupvaerket,1,MAW,PT1M,2,2015-02-22 18:18:00+01:00
2015-02-23 15:49:02+01:00,0,DK_1,Unplanned outage,A03,,2015-02-23 15:47:00+01:00,ojfqaJ1tSQr5M1K7jN4pSw,359.0,Fossil Hard coal,45V0000000000148,Denmark,Studstrupvaerket,1,MAW,PT1M,2,2015-02-23 14:55:00+01:00
2015-02-24 14:55:14+01:00,0,DK_1,Unplanned outage,A03,,2015-02-24 14:47:00+01:00,gcwuJ28nuQ8n3RHGxOF5-g,359.0,Fossil Hard coal,45V0000000000148,Denmark,Studstrupvaerket,1,MAW,PT1M,2,2015-02-23 23:32:00+01:00
2015-03-03 01:25:24+01:00,230,DK_1,Unplanned outage,A03,,2015-03-03 01:21:00+01:00,Aiw_xApjs8l8uHcts8sb7Q,372.0,Fossil Hard coal,45V000000000013A,Denmark,Fynsvaerket,1,MAW,PT1M,2,2015-03-02 22:55:00+01:00
2015-03-23 09:24:13+01:00,0,DK_1,Unplanned outage,A03,,2015-03-23 12:59:00+01:00,ggiIscMo3gKA8udLHhSQWQ,399.6,Wind Offshore,45V000000000020D,Denmark,Anholt,1,MAW,PT1M,6,2015-02-21 13:25:00+01:00
2015-03-25 09:55:28+01:00,274,DK_1,Unplanned outage,A03,,2015-03-25 18:00:00+01:00,43eIJp0I55Y3S2pGRO-4bw,399.6,Wind Offshore,45V000000000020D,Denmark,Anholt,1,MAW,PT1M,5,2015-03-24 13:00:00+01:00
2015-03-29 08:14:06+02:00,0,DK_1,Unplanned outage,A03,,2015-03-29 08:10:00+02:00,KoBYEDzMU2ZFxFJYy7KKBA,372.0,Fossil Hard coal,45V000000000013A,Denmark,Fynsvaerket,1,MAW,PT1M,2,2015-03-29 04:57:00+02:00
2015-04-20 14:59:23+02:00,0,DK_1,Unplanned outage,A03,,2015-04-20 16:00:00+02:00,AYwCmywAB3VPXDpTK84Upw,372.0,Fossil Hard coal,45V000000000013A,Denmark,Fynsvaerket,1,MAW,PT1M,1,2015-04-20 14:20:00+02:00
2015-04-21 06:02:12+02:00,0,DK_1,Unplanned outage,A03,,2015-04-21 06:30:00+02:00,1NJUNLZ5la9pB8ycwuk3Rw,372.0,Fossil Hard coal,45V000000000013A,Denmark,Fynsvaerket,1,MAW,PT1M,1,2015-04-21 05:13:00+02:00
2015-04-21 22:54:28+02:00,0,DK_1,Unplanned outage,A03,,2015-04-21 23:59:00+02:00,UtIJfa65vPdCn0JEJXPGZA,372.0,Fossil Hard coal,45V000000000013A,Denmark,Fynsvaerket,1,MAW,PT1M,1,2015-04-21 22:45:00+02:00
2015-04-26 00:41:27+02:00,0,DK_1,Unplanned outage,A03,,2015-04-26 01:00:00+02:00,HgvASTwgehZfM-uFy7r4Vg,357.0,Fossil Hard coal,45V0000000000148,Denmark,Studstrupvaerket,1,MAW,PT1M,1,2015-04-25 23:48:00+02:00
2015-04-30 22:26:27+02:00,0,DK_1,Unplanned outage,A03,,2015-04-30 23:30:00+02:00,gFxMrRJlnxIEfQvh_cDq3Q,372.0,Fossil Hard coal,45V000000000013A,Denmark,Fynsvaerket,1,MAW,PT1M,1,2015-04-30 22:14:00+02:00
2015-05-01 10:18:23+02:00,0,DK_1,Unplanned outage,A03,,2015-05-01 10:15:00+02:00,M_SEB7V39VqhdmYCnFGoww,392.0,Fossil Gas,45V000000000010G,Denmark,Skaerbaekvaerket,1,MAW,PT1M,2,2015-05-01 09:00:00+02:00
2015-05-05 05:31:48+02:00,0,DK_1,Unplanned outage,A03,,2015-05-05 05:29:00+02:00,6Ot57v7hARbgj7uxcYgt0Q,372.0,Fossil Hard coal,45V000000000013A,Denmark,Fynsvaerket,1,MAW,PT1M,2,2015-05-05 03:43:00+02:00
2015-05-09 20:12:14+02:00,0,DK_1,Unplanned outage,A03,,2015-05-09 21:08:00+02:00,ugLXqeyEJF3i8hvQNhcyHg,372.0,Fossil Hard coal,45V000000000013A,Denmark,Fynsvaerket,1,MAW,PT1M,1,2015-05-09 20:08:00+02:00
2015-05-15 00:06:00+02:00,0,DK_1,Unplanned outage,A03,,2015-05-15 00:01:00+02:00,Scvs0dliwT4z8M2MdnaFqg,380.0,Fossil Hard coal,45V0000000000156,Denmark,Nordjyllandsvaerket,1,MAW,PT1M,2,2015-05-14 20:31:00+02:00
2015-05-18 07:52:13+02:00,0,DK_1,Unplanned outage,A03,,2015-05-18 09:00:00+02:00,uYCgMxI6Qhn2Me5SwtDIqw,392.0,Fossil Gas,45V000000000010G,Denmark,Skaerbaekvaerket,1,MAW,PT1M,1,2015-05-18 07:32:00+02:00
2015-05-23 23:21:46+02:00,0,DK_1,Unplanned outage,A03,,2015-05-23 23:59:00+02:00,nRZKklDorUIv0NUiI8KHFw,372.0,Fossil Hard coal,45V000000000013A,Denmark,Fynsvaerket,1,MAW,PT1M,1,2015-05-23 22:58:00+02:00
2015-07-03 16:59:21+02:00,0,DK_1,Unplanned outage,A03,,2015-07-03 18:00:00+02:00,J_MmLqC_ZbY_COXIz8knOA,380.0,Fossil Hard coal,45V0000000000156,Denmark,Nordjyllandsvaerket,1,MAW,PT1M,4,2015-07-03 09:52:00+02:00
2015-07-08 11:41:23+02:00,60,DK_1,Unplanned outage,A03,,2015-07-08 11:38:00+02:00,UcolO0vTUnzkGkYgb3S5Tw,380.0,Fossil Hard coal,45V0000000000156,Denmark,Nordjyllandsvaerket,1,MAW,PT1M,3,2015-07-08 00:32:00+02:00
2015-07-15 19:21:45+02:00,0,DK_1,Unplanned outage,A03,,2015-07-15 19:45:00+02:00,kssAp2or762PFuJ0uREpeA,357.0,Fossil Hard coal,45V0000000000148,Denmark,Studstrupvaerket,1,MAW,PT1M,1,2015-07-15 18:35:00+02:00
2015-07-19 11:38:39+02:00,280,DK_1,Unplanned outage,A03,,2015-07-19 11:30:00+02:00,uRPLen8laViZ0fUClaeZAQ,380.0,Fossil Hard coal,45V0000000000156,Denmark,Nordjyllandsvaerket,1,MAW,PT1M,2,2015-07-18 17:01:00+02:00
2015-07-20 16:06:51+02:00,286,DK_1,Unplanned outage,A03,,2015-07-20 15:05:00+02:00,YlQiuXsOrKjSmWRYBH9hBA,380.0,Fossil Hard coal,45V0000000000156,Denmark,Nordjyllandsvaerket,1,MAW,PT1M,2,2015-07-20 10:41:00+02:00
2015-08-05 13:33:54+02:00,275,DK_1,Unplanned outage,A03,,2015-08-05 18:00:00+02:00,gAGLhuFXBQGmNjSjaZ1_Vw,380.0,Fossil Hard coal,45V0000000000156,Denmark,Nordjyllandsvaerket,1,MAW,PT1M,1,2015-08-05 13:30:00+02:00
2015-08-19 17:41:46+02:00,0,DK_1,Unplanned outage,A03,,2015-08-19 17:26:00+02:00,utgaPAiLqiw66VszM7Xcgw,357.0,Fossil Hard coal,45V0000000000148,Denmark,Studstrupvaerket,1,MAW,PT1M,2,2015-08-19 15:50:00+02:00
2015-08-20 10:27:11+02:00,0,DK_1,Unplanned outage,A03,,2015-08-23 21:00:00+02:00,WD1NdL4TFqZz_zueU8LQDQ,392.0,Fossil Gas,45V000000000010G,Denmark,Skaerbaekvaerket,1,MAW,PT1M,2,2015-08-19 20:28:00+02:00
2015-08-22 15:56:22+02:00,300,DK_1,Unplanned outage,A03,,2015-08-22 15:54:00+02:00,wd912gXoPqSy7uq7s01zvw,380.0,Fossil Hard coal,45V0000000000156,Denmark,Nordjyllandsvaerket,1,MAW,PT1M,6,2015-08-13 06:54:00+02:00
2015-09-04 06:59:10+02:00,0,DK_1,Unplanned outage,A03,,2015-09-04 06:56:00+02:00,X0dPrU_9HLyu9D3d7Yn1Zg,357.0,Fossil Hard coal,45V0000000000148,Denmark,Studstrupvaerket,1,MAW,PT1M,2,2015-09-04 05:45:00+02:00
2015-09-07 02:19:46+02:00,0,DK_1,Unplanned outage,A03,,2015-09-07 03:00:00+02:00,ESv8hFBDAbwt763ZmWy1_Q,357.0,Fossil Hard coal,45V0000000000148,Denmark,Studstrupvaerket,1,MAW,PT1M,1,2015-09-07 01:27:00+02:00
2015-09-11 20:23:04+02:00,0,DK_1,Unplanned outage,A03,,2015-09-12 02:00:00+02:00,Fi-iM8asgi9tQyigIgjH1w,392.0,Fossil Gas,45V000000000010G,Denmark,Skaerbaekvaerket,1,MAW,PT1M,4,2015-09-09 14:43:00+02:00
2015-10-05 01:03:21+02:00,290,DK_1,Unplanned outage,A03,,2015-10-05 00:59:00+02:00,mWZdEWmmBpzsDlS011lYCA,380.0,Fossil Hard coal,45V0000000000156,Denmark,Nordjyllandsvaerket,1,MAW,PT1M,2,2015-10-04 08:22:00+02:00
2015-10-06 05:00:10+02:00,0,DK_1,Unplanned outage,A03,,2015-10-06 04:56:00+02:00,cVcEyjW2Nlmpa457fOXt6g,359.0,Fossil Hard coal,45V0000000000148,Denmark,Studstrupvaerket,1,MAW,PT1M,4,2015-10-06 00:34:00+02:00
2015-10-14 08:06:43+02:00,0,DK_1,Unplanned outage,A03,,2015-10-14 10:00:00+02:00,HfR0HkmX3uYV3TT_WE_SIg,359.0,Fossil Hard coal,45V0000000000148,Denmark,Studstrupvaerket,1,MAW,PT1M,2,2015-10-14 07:13:00+02:00
2015-10-20 13:54:21+02:00,0,DK_1,Unplanned outage,A03,,2015-10-20 13:45:00+02:00,q-gL5JRkCO981KvhHvZfrg,392.0,Fossil Gas,45V000000000010G,Denmark,Skaerbaekvaerket,1,MAW,PT1M,2,2015-10-20 11:40:00+02:00
2015-10-20 20:11:54+02:00,0,DK_1,Unplanned outage,A03,,2015-10-20 21:00:00+02:00,FjksAyTKRLm-NPtX6hAKxA,377.0,Fossil Hard coal,45V0000000000164,Denmark,Esbjergvaerket,1,MAW,PT1M,1,2015-10-20 19:20:00+02:00
2015-10-29 07:47:12+01:00,0,DK_1,Unplanned outage,A03,,2015-10-31 12:00:00+01:00,ro8iYkOs25KtWEfqlBQB8g,359.0,Fossil Hard coal,45V0000000000148,Denmark,Studstrupvaerket,1,MAW,PT1M,6,2015-10-27 08:14:00+01:00
2015-11-05 08:10:59+01:00,100,DK_1,Unplanned outage,A03,,2015-11-06 17:00:00+01:00,zrJSLuQbOW2niA4C17aMhA,392.0,Fossil Gas,45V000000000010G,Denmark,Skaerbaekvaerket,1,MAW,PT1M,1,2015-11-06 08:30:00+01:00
2015-11-09 10:39:11+01:00,0,DK_1,Unplanned outage,A03,,2015-11-09 16:00:00+01:00,tkC4Yc9osaqS1Vk23YGeHA,377.0,Fossil Hard coal,45V0000000000164,Denmark,Esbjergvaerket,1,MAW,PT1M,3,2015-11-09 05:16:00+01:00
2015-11-13 12:49:06+01:00,280,DK_1,Unplanned outage,A03,,2015-11-13 23:59:00+01:00,PzXFhCYR2cm8JcjfmJ3-eQ,377.0,Fossil Hard coal,45V0000000000164,Denmark,Esbjergvaerket,1,MAW,PT1M,1,2015-11-13 12:40:00+01:00
2015-11-16 11:20:20+01:00,280,DK_1,Unplanned outage,A03,,2015-11-16 13:00:00+01:00,Wg4hzE5N3VeAwCkDLFKmgQ,377.0,Fossil Hard coal,45V0000000000164,Denmark,Esbjergvaerket,1,MAW,PT1M,3,2015-11-14 10:14:00+01:00
2015-11-23 08:34:44+01:00,270,DK_1,Unplanned outage,A03,,2015-11-23 14:00:00+01:00,1p-DjvMepqOpQSyH5NjIrQ,399.6,Wind Offshore,45V000000000020D,Denmark,Anholt,1,MAW,PT1M,1,2015-11-23 08:00:00+01:00
2015-11-23 19:32:13+01:00,270,DK_1,Unplanned outage,A03,,2015-11-23 19:21:00+01:00,n_xERMgso_CqyllLmnr6pg,399.6,Wind Offshore,45V000000000020D,Denmark,Anholt,1,MAW,PT1M,2,2015-11-23 15:43:00+01:00
2015-12-03 10:40:11+01:00,0,DK_1,Unplanned outage,A03,,2015-12-03 11:30:00+01:00,3DOlhq-rOpA63Mzuo7EGLQ,392.0,Fossil Gas,45V000000000010G,Denmark,Skaerbaekvaerket,1,MAW,PT1M,2,2015-12-03 10:30:00+01:00
2015-12-08 08:56:12+01:00,0,DK_1,Unplanned outage,A03,,2015-12-08 08:42:00+01:00,E2MfBQL0Soa7CS5b91AaOQ,359.0,Fossil Hard coal,45V0000000000148,Denmark,Studstrupvaerket,1,MAW,PT1M,2,2015-12-08 07:24:00+01:00
2015-12-18 11:19:11+01:00,0,DK_1,Unplanned outage,A03,,2015-12-18 11:16:00+01:00,YWKsT73zzdp7I1IZ3_lzWQ,209.3,Wind Offshore,45V0000000000229,Denmark,Horns Rev B,1,MAW,PT1M,7,2015-10-19 01:57:00+02:00
2015-12-27 03:02:13+01:00,0,DK_1,Unplanned outage,A03,,2015-12-26 20:17:00+01:00,RD8h5MnUBTpE4h6EPYS5Bg,372.0,Fossil Hard coal,45V000000000013A,Denmark,Fynsvaerket,1,MAW,PT1M,2,2015-12-26 16:37:00+01:00
2015-12-31 14:09:20+01:00,0,DK_1,Unplanned outage,A03,,2015-12-31 14:50:00+01:00,nXIsRh-3GoqT1R0c8aJ6zg,377.0,Fossil Hard coal,45V0000000000164,Denmark,Esbjergvaerket,1,MAW,PT1M,1,2015-12-31 14:01:00+01:00
2016-01-01 21:52:24+01:00,0,DK_1,Unplanned outage,A03,,2016-01-01 21:50:00+01:00,p80UkEZmT5Q1qstkP11sFg,357.0,Fossil Hard coal,45V0000000000148,Denmark,Studstrupvaerket,1,MAW,PT1M,3,2016-01-01 19:00:00+01:00
2016-01-05 17:21:11+01:00,0,DK_1,Unplanned outage,A03,,2016-01-05 22:00:00+01:00,squBO3UzrbZ78k-Mvh64uw,372.0,Fossil Hard coal,45V000000000013A,Denmark,Fynsvaerket,1,MAW,PT1M,3,2016-01-05 12:35:00+01:00
2016-01-24 21:23:36+01:00,0,DK_1,Unplanned outage,A03,,2016-01-24 20:47:00+01:00,5N70CMbQJvcvFcybYbu3XQ,359.0,Fossil Hard coal,45V0000000000148,Denmark,Studstrupvaerket,1,MAW,PT1M,2,2016-01-24 20:21:00+01:00
2016-01-31 02:23:39+01:00,0,DK_1,Unplanned outage,A03,,2016-01-31 04:45:00+01:00,C3UXI9WTGtkDOS8XKdIm9Q,377.0,Fossil Hard coal,45V0000000000164,Denmark,Esbjergvaerket,1,MAW,PT1M,2,2016-01-31 00:00:00+01:00
2016-02-08 08:30:12+01:00,0,DK_1,Unplanned outage,A03,,2016-02-08 10:15:00+01:00,KH0g4rYDU5CC6JR_EcSkkw,377.0,Fossil Hard coal,45V0000000000164,Denmark,Esbjergvaerket,1,MAW,PT1M,2,2016-02-08 07:34:00+01:00
2016-02-19 11:29:20+01:00,200,DK_1,Unplanned outage,A03,,2016-02-19 16:00:00+01:00,dasGgYLlDAwF24oQUEQQ6g,357.0,Fossil Hard coal,45V0000000000148,Denmark,Studstrupvaerket,1,MAW,PT1M,3,2016-02-18 12:15:00+01:00
2016-03-05 18:33:31+01:00,170,DK_1,Unplanned outage,A03,,2016-03-05 18:32:00+01:00,cYpiOcL0lNtWik_mym5Kdg,372.0,Fossil Hard coal,45V000000000013A,Denmark,Fynsvaerket,1,MAW,PT1M,11,2016-01-29 01:20:00+01:00
2016-03-15 18:51:23+01:00,0,DK_1,Unplanned outage,A03,,2016-03-15 18:45:00+01:00,oYsghGSQNRRv7CEsOzEfLw,359.0,Fossil Hard coal,45V0000000000148,Denmark,Studstrupvaerket,1,MAW,PT1M,6,2016-03-14 12:35:00+01:00
2016-03-15 20:58:13+01:00,0,DK_1,Unplanned outage,A03,,2016-03-15 23:00:00+01:00,QgsaxtibZY8v-nEVOHwpYg,359.0,Fossil Hard coal,45V0000000000148,Denmark,Studstrupvaerket,1,MAW,PT1M,1,2016-03-15 20:53:00+01:00
2016-03-23 14:40:11+01:00,200,DK_1,Unplanned outage,A03,,2016-03-23 14:36:00+01:00,JNO8Ji9x-_YU32a0GuiOCg,359.0,Fossil Hard coal,45V0000000000148,Denmark,Studstrupvaerket,1,MAW,PT1M,2,2016-03-23 13:48:00+01:00
2016-03-27 03:05:55+02:00,0,DK_1,Unplanned outage,A03,,2016-03-27 03:03:00+02:00,0m4mzgfMHl8fEjoZFzlk9A,377.0,Fossil Hard coal,45V0000000000164,Denmark,Esbjergvaerket,1,MAW,PT1M,2,2016-03-27 01:39:00+01:00
2016-03-27 22:44:27+02:00,0,DK_1,Unplanned outage,A03,,2016-03-27 22:30:00+02:00,_xpSuL6rXwuBR7l0DLY9cA,372.0,Fossil Hard coal,45V000000000013A,Denmark,Fynsvaerket,1,MAW,PT1M,3,2016-03-27 19:00:00+02:00
2016-03-31 14:17:30+02:00,0,DK_1,Unplanned outage,A03,,2016-03-31 13:13:00+02:00,hzHa1FdW0s1KsSdV3RWLuw,392.0,Fossil Gas,45V000000000010G,Denmark,Skaerbaekvaerket,1,MAW,PT1M,4,2016-03-31 01:33:00+02:00
2016-03-31 17:36:24+02:00,0,DK_1,Unplanned outage,A03,,2016-03-31 20:00:00+02:00,6Agl9oBONenZNEgoIZdJ1w,377.0,Fossil Hard coal,45V0000000000164,Denmark,Esbjergvaerket,1,MAW,PT1M,4,2016-03-31 09:05:00+02:00
2016-04-04 15:56:08+02:00,0,DK_1,Unplanned outage,A03,,2016-04-04 17:00:00+02:00,TTl_HuUpccBbzHZlLQcqvQ,392.0,Fossil Gas,45V000000000010G,Denmark,Skaerbaekvaerket,1,MAW,PT1M,2,2016-04-04 14:20:00+02:00
2016-04-13 14:48:04+02:00,173,DK_1,Unplanned outage,A03,,2016-04-13 14:41:00+02:00,BhP5nOTplH0B2cIdl4UKMA,372.0,Fossil Hard coal,45V000000000013A,Denmark,Fynsvaerket,1,MAW,PT1M,5,2016-04-13 08:00:00+02:00
2016-04-22 07:15:11+02:00,0,DK_1,Unplanned outage,A03,,2016-04-22 07:12:00+02:00,8x5m5ImvA9fxDVuGcAnLRA,380.0,Fossil Hard coal,45V0000000000156,Denmark,Nordjyllandsvaerket,1,MAW,PT1M,8,2016-04-16 14:42:00+02:00
2016-05-01 10:48:11+02:00,130,DK_1,Unplanned outage,A03,,2016-05-01 10:44:00+02:00,3v260asY1YSPY8E6sFcWyQ,377.0,Fossil Hard coal,45V0000000000164,Denmark,Esbjergvaerket,1,MAW,PT1M,2,2016-05-01 07:31:00+02:00
2016-05-06 10:25:11+02:00,0,DK_1,Unplanned outage,A03,,2016-05-06 11:30:00+02:00,E4-m1F65esNAZq5gSVG-Xw,392.0,Fossil Gas,45V000000000010G,Denmark,Skaerbaekvaerket,1,MAW,PT1M,2,2016-05-06 07:27:00+02:00
2016-05-19 11:48:10+02:00,0,DK_1,Unplanned outage,A03,,2016-05-19 14:00:00+02:00,IcjCcyrJMcHySQfTTE1CLA,392.0,Fossil Gas,45V000000000010G,Denmark,Skaerbaekvaerket,1,MAW,PT1M,1,2016-05-19 11:34:00+02:00
2016-05-24 11:35:46+02:00,0,DK_1,Unplanned outage,A03,,2016-05-24 14:00:00+02:00,8QHEXQg91GlaMaDWCGmPCA,359.0,Fossil Hard coal,45V0000000000148,Denmark,Studstrupvaerket,1,MAW,PT1M,2,2016-05-24 11:24:00+02:00
2016-06-02 11:28:11+02:00,0,DK_1,Unplanned outage,A03,,2016-06-03 22:00:00+02:00,TDdNAG4z8ApMjKjhjgGUBw,377.0,Fossil Hard coal,45V0000000000164,Denmark,Esbjergvaerket,1,MAW,PT1M,4,2016-06-02 02:09:00+02:00
2016-06-16 10:25:11+02:00,0,DK_1,Unplanned outage,A03,,2016-06-20 06:00:00+02:00,UvzPz6cBm-TRGpO3yJ4vgg,359.0,Fossil Hard coal,45V0000000000148,Denmark,Studstrupvaerket,1,MAW,PT1M,12,2016-05-27 15:35:00+02:00
2016-06-22 10:26:10+02:00,240,DK_1,Unplanned outage,A03,,2016-06-22 23:59:00+02:00,J9L8KDU9Tl2gX3Aumihpuw,372.0,Fossil Hard coal,45V000000000013A,Denmark,Fynsvaerket,1,MAW,PT1M,1,2016-06-22 10:24:00+02:00
2016-06-29 10:09:31+02:00,0,DK_1,Unplanned outage,A03,,2016-06-30 18:00:00+02:00,RPIhGjy49EBKNyQ1ww_lyg,377.0,Fossil Hard coal,45V0000000000164,Denmark,Esbjergvaerket,1,MAW,PT1M,3,2016-06-27 15:43:00+02:00
2016-06-30 20:33:42+02:00,250,DK_1,Unplanned outage,A03,,2016-06-30 22:00:00+02:00,dnW4Zp2BwPd2DzsLglD3Bw,377.0,Fossil Hard coal,45V0000000000164,Denmark,Esbjergvaerket,1,MAW,PT1M,3,2016-06-30 16:08:00+02:00
2016-07-08 10:30:11+02:00,0,DK_1,Unplanned outage,A03,,2016-07-08 10:25:00+02:00,--44sIPqfot_GSoTBEBBFg,372.0,Fossil Hard coal,45V000000000013A,Denmark,Fynsvaerket,1,MAW,PT1M,4,2016-07-08 05:57:00+02:00
2016-07-29 23:47:21+02:00,0,DK_1,Unplanned outage,A03,,2016-07-30 00:05:00+02:00,kECNsvDQQcIV4BmEbTiUOQ,359.0,Fossil Hard coal,45V0000000000148,Denmark,Studstrupvaerket,1,MAW,PT1M,2,2016-07-29 21:34:00+02:00
2016-07-30 10:04:29+02:00,0,DK_1,Unplanned outage,A03,,2016-07-30 11:00:00+02:00,BICf-K8rbU2vTS__9UoQaA,359.0,Fossil Hard coal,45V0000000000148,Denmark,Studstrupvaerket,1,MAW,PT1M,2,2016-07-30 08:25:00+02:00
2016-08-02 18:14:21+02:00,0,DK_1,Unplanned outage,A03,,2016-08-03 17:00:00+02:00,OrjqjDHSkYVvysGdp7B1iA,377.0,Fossil Hard coal,45V0000000000164,Denmark,Esbjergvaerket,1,MAW,PT1M,5,2016-07-30 18:40:00+02:00
2016-08-15 19:59:21+02:00,260,DK_1,Unplanned outage,A03,,2016-08-15 19:55:00+02:00,fvuVkLu5seDMG8OnOELW2A,377.0,Fossil Hard coal,45V0000000000164,Denmark,Esbjergvaerket,1,MAW,PT1M,3,2016-08-15 07:27:00+02:00
2016-08-29 00:55:37+02:00,0,DK_1,Unplanned outage,A03,,2016-08-29 00:52:00+02:00,yHvZodlNNqvn26FvPDcqGw,359.0,Fossil Hard coal,45V0000000000148,Denmark,Studstrupvaerket,1,MAW,PT1M,2,2016-08-29 00:30:00+02:00
2016-09-02 11:58:11+02:00,0,DK_1,Unplanned outage,A03,,2016-09-02 11:54:00+02:00,moG4H9Q6-h2LKuuxkOkieQ,359.0,Fossil Hard coal,45V0000000000148,Denmark,Studstrupvaerket,1,MAW,PT1M,2,2016-09-02 09:43:00+02:00
2016-09-12 05:18:35+02:00,0,DK_1,Unplanned outage,A03,,2016-09-12 05:16:00+02:00,ORLZ76kDj4CU6oPiQm04fg,377.0,Fossil Hard coal,45V0000000000164,Denmark,Esbjergvaerket,1,MAW,PT1M,2,2016-09-11 23:53:00+02:00
2016-09-19 18:36:41+02:00,225,DK_1,Unplanned outage,A03,,2016-09-19 16:25:00+02:00,gM7KfIPSJlEjNSeZTBVuyA,372.0,Fossil Hard coal,45V000000000013A,Denmark,Fynsvaerket,1,MAW,PT1M,2,2016-09-19 00:41:00+02:00
2016-09-23 22:22:11+02:00,0,DK_1,Unplanned outage,A03,,2016-09-23 23:59:00+02:00,3Kw6Ta58rwtCyjOXcImTpQ,380.0,Fossil Hard coal,45V0000000000156,Denmark,Nordjyllandsvaerket,1,MAW,PT1M,1,2016-09-23 22:14:00+02:00
2016-09-25 17:42:21+02:00,60,DK_1,Unplanned outage,A03,,2016-09-25 19:00:00+02:00,YC_yYx2YbvH41RkwUFFzIw,359.0,Fossil Hard coal,45V0000000000148,Denmark,Studstrupvaerket,1,MAW,PT1M,1,2016-09-25 17:31:00+02:00
2016-09-26 15:15:17+02:00,0,DK_1,Unplanned outage,A03,,2016-09-26 14:39:00+02:00,KbiQHFztryCzJzFCwbIPcA,359.0,Fossil Hard coal,45V0000000000148,Denmark,Studstrupvaerket,1,MAW,PT1M,2,2016-09-26 12:36:00+02:00
2016-10-07 04:52:16+02:00,0,DK_1,Unplanned outage,A03,,2016-10-07 03:00:00+02:00,a3Y7eDFd8jVWBMv6KTTHlQ,372.0,Fossil Hard coal,45V000000000013A,Denmark,Fynsvaerket,1,MAW,PT1M,2,2016-10-07 01:51:00+02:00
2016-10-14 10:28:23+02:00,0,DK_1,Unplanned outage,A03,,2016-10-14 09:15:00+02:00,Ae8jmAykL0JWx33GSVBGIQ,372.0,Fossil Hard coal,45V000000000013A,Denmark,Fynsvaerket,1,MAW,PT1M,1,2016-10-14 08:00:00+02:00
2016-10-17 17:43:22+02:00,0,DK_1,Unplanned outage,A03,,2016-10-17 18:30:00+02:00,ciAAsKpuix-_zZFbHLGhBw,372.0,Fossil Hard coal,45V000000000013A,Denmark,Fynsvaerket,1,MAW,PT1M,1,2016-10-17 17:38:00+02:00
2016-10-20 10:19:27+02:00,225,DK_1,Unplanned outage,A03,,2016-10-21 23:59:00+02:00,eqMpKfzKp2tl1U6KWiFNww,372.0,Fossil Hard coal,45V000000000013A,Denmark,Fynsvaerket,1,MAW,PT1M,5,2016-10-19 11:45:00+02:00
2016-10-21 15:18:24+02:00,0,DK_1,Unplanned outage,A03,,2016-10-21 15:30:00+02:00,aF4idcgHB_CP3TDitlskrg,359.0,Fossil Hard coal,45V0000000000148,Denmark,Studstrupvaerket,1,MAW,PT1M,5,2016-10-21 12:03:00+02:00
2016-10-24 11:15:23+02:00,0,DK_1,Unplanned outage,A03,,2016-10-24 12:30:00+02:00,hISxJuC79m93vDG_yBCfGw,359.0,Fossil Hard coal,45V0000000000148,Denmark,Studstrupvaerket,1,MAW,PT1M,2,2016-10-24 09:32:00+02:00
2016-10-28 09:08:36+02:00,0,DK_1,Unplanned outage,A03,,2016-10-28 07:35:00+02:00,L6QXV0yPEyC4dzDA6cFTvA,372.0,Fossil Hard coal,45V000000000013A,Denmark,Fynsvaerket,1,MAW,PT1M,1,2016-10-28 07:15:00+02:00
2016-10-28 20:02:06+02:00,165,DK_1,Unplanned outage,A03,,2016-10-29 01:00:00+02:00,SVB6YMic9MBWm5Yn8Y5qPw,359.0,Fossil Hard coal,45V0000000000148,Denmark,Studstrupvaerket,1,MAW,PT1M,2,2016-10-28 23:00:00+02:00
2016-10-29 04:17:15+02:00,0,DK_1,Unplanned outage,A03,,2016-10-29 12:00:00+02:00,hEiadq04qgV-Y5BsV1_xtQ,372.0,Fossil Hard coal,45V000000000013A,Denmark,Fynsvaerket,1,MAW,PT1M,1,2016-10-29 04:00:00+02:00
2016-11-04 00:30:38+01:00,230,DK_1,Unplanned outage,A03,,2016-11-04 00:30:00+01:00,1M0KAd9r3Q7yziaoUOEDAA,377.0,Fossil Hard coal,45V0000000000164,Denmark,Esbjergvaerket,1,MAW,PT1M,2,2016-11-03 21:40:00+01:00
2016-11-08 09:23:47+01:00,280,DK_1,Unplanned outage,A03,,2016-11-08 23:59:00+01:00,GDV0s9lmmaur8KARX7AsCQ,359.0,Fossil Hard coal,45V0000000000148,Denmark,Studstrupvaerket,1,MAW,PT1M,3,2016-11-07 13:06:00+01:00
2016-11-12 21:03:24+01:00,210,DK_1,Unplanned outage,A03,,2016-11-12 21:00:00+01:00,yjeXV4OlvVN6QL7JsB0Ixw,392.0,Fossil Gas,45V000000000010G,Denmark,Skaerbaekvaerket,1,MAW,PT1M,2,2016-11-11 18:30:00+01:00
2016-11-16 04:59:11+01:00,200,DK_1,Unplanned outage,A03,,2016-11-16 04:56:00+01:00,kiuPFDFX2WrZsU6_AXJQ9w,392.0,Fossil Gas,45V000000000010G,Denmark,Skaerbaekvaerket,1,MAW,PT1M,2,2016-11-16 04:34:00+01:00
2016-11-16 15:29:53+01:00,130,DK_1,Unplanned outage,A03,,2016-11-16 14:50:00+01:00,zoNNURDl0VQb2hkUDxuVyw,392.0,Fossil Gas,45V000000000010G,Denmark,Skaerbaekvaerket,1,MAW,PT1M,3,2016-11-16 12:47:00+01:00
2016-11-19 13:31:50+01:00,200,DK_1,Unplanned outage,A03,,2016-11-19 13:10:00+01:00,Cd72bglol2WSN6rAlaCahw,392.0,Fossil Gas,45V000000000010G,Denmark,Skaerbaekvaerket,1,MAW,PT1M,2,2016-11-19 07:49:00+01:00
2016-11-22 06:51:13+01:00,0,DK_1,Unplanned outage,A03,,2016-11-22 10:00:00+01:00,q3KP2gG7zYuOhQDHx6kzmQ,359.0,Fossil Hard coal,45V0000000000148,Denmark,Studstrupvaerket,1,MAW,PT1M,1,2016-11-22 06:40:00+01:00
2016-11-28 22:10:23+01:00,0,DK_1,Unplanned outage,A03,,2016-11-28 22:30:00+01:00,05bPWoZSy6YiEI0BB8Tu_w,392.0,Fossil Gas,45V000000000010G,Denmark,Skaerbaekvaerket,1,MAW,PT1M,2,2016-11-28 18:30:00+01:00
2016-11-30 10:27:00+01:00,0,DK_1,Unplanned outage,A03,,2016-11-30 13:00:00+01:00,nhQc2vknPKMcxtkmPGYikA,359.0,Fossil Hard coal,45V0000000000148,Denmark,Studstrupvaerket,1,MAW,PT1M,1,2016-11-30 10:11:00+01:00
2016-12-02 16:01:33+01:00,0,DK_1,Unplanned outage,A03,,2016-12-02 14:22:00+01:00,z9YwJAGB6t3DEnU-qodzWQ,372.0,Fossil Hard coal,45V000000000013A,Denmark,Fynsvaerket,1,MAW,PT1M,1,2016-12-02 13:38:00+01:00
2016-12-13 04:10:17+01:00,0,DK_1,Unplanned outage,A03,,2016-12-13 05:00:00+01:00,f5dXItpT_0_TWyOyYKdCzQ,357.0,Fossil Hard coal,45V0000000000148,Denmark,Studstrupvaerket,1,MAW,PT1M,7,2016-12-12 10:55:00+01:00
2016-12-13 09:22:41+01:00,140,DK_1,Unplanned outage,A03,,2016-12-13 12:00:00+01:00,cTttSuyK0jqiZfyIdoXBkw,357.0,Fossil Hard coal,45V0000000000148,Denmark,Studstrupvaerket,1,MAW,PT1M,2,2016-12-13 05:34:00+01:00
2016-12-13 13:17:12+01:00,140,DK_1,Unplanned outage,A03,,2016-12-13 15:00:00+01:00,TNZJUtyFYOOoNoQhuAkHwA,357.0,Fossil Hard coal,45V0000000000148,Denmark,Studstrupvaerket,1,MAW,PT1M,1,2016-12-13 12:31:00+01:00
2016-12-16 18:59:46+01:00,0,DK_1,Unplanned outage,A03,,2016-12-16 22:00:00+01:00,iTranGNzGhghTHsm-SQDuA,357.0,Fossil Hard coal,45V0000000000148,Denmark,Studstrupvaerket,1,MAW,PT1M,1,2016-12-16 18:37:00+01:00
2017-01-08 04:07:51+01:00,190,DK_1,Unplanned outage,A03,,2017-01-08 04:02:00+01:00,NhtaDUV1nWPRXL_H1UBpHw,357.0,Fossil Hard coal,45V0000000000148,Denmark,Studstrupvaerket,1,MAW,PT1M,2,2017-01-08 01:47:00+01:00
2017-01-12 09:53:52+01:00,0,DK_1,Unplanned outage,A03,,2017-01-12 11:00:00+01:00,krOma2ZywdfHQT2l6w8bjA,392.0,Fossil Gas,45V000000000010G,Denmark,Skaerbaekvaerket,1,MAW,PT1M,2,2017-01-12 07:21:00+01:00
2017-02-13 11:37:29+01:00,190,DK_1,Unplanned outage,A03,,2017-02-13 15:00:00+01:00,TKW5tugFB3HK3H98sF4rGg,359.0,Fossil Hard coal,45V0000000000148,Denmark,Studstrupvaerket,1,MAW,PT1M,1,2017-02-13 12:00:00+01:00
2017-03-12 00:50:15+01:00,0,DK_1,Unplanned outage,A03,,2017-03-12 02:00:00+01:00,C0-zIZJ83054urtKN9mhiA,359.0,Fossil Hard coal,45V0000000000148,Denmark,Studstrupvaerket,1,MAW,PT1M,7,2017-03-09 17:30:00+01:00
2017-03-12 07:03:48+01:00,0,DK_1,Unplanned outage,A03,,2017-03-12 08:00:00+01:00,q7arpDiOfoYOsTTfOha2Kw,359.0,Fossil Hard coal,45V0000000000148,Denmark,Studstrupvaerket,1,MAW,PT1M,3,2017-03-12 04:00:00+01:00
2017-03-31 01:57:14+02:00,0,DK_1,Unplanned outage,A03,,2017-03-31 02:30:00+02:00,6Y-2dPtSxRk-fkiVDqnCdA,359.0,Fossil Hard coal,45V0000000000148,Denmark,Studstrupvaerket,1,MAW,PT1M,2,2017-03-31 00:16:00+02:00
2017-04-01 01:43:55+02:00,0,DK_1,Unplanned outage,A03,,2017-04-01 01:38:00+02:00,mhTugVHpRe31IKt9EmxEtQ,359.0,Fossil Hard coal,45W000000000015T,Denmark,Studstrupvaerket,1,MAW,PT1M,2,2017-04-01 00:10:00+02:00
2017-04-02 22:30:05+02:00,230,DK_1,Unplanned outage,A03,,2017-04-03 00:00:00+02:00,xFnKIDbSzwRSHbKxjpKLew,359.0,Fossil Hard coal,45W000000000015T,Denmark,Studstrupvaerket,1,MAW,PT1M,1,2017-04-02 22:20:00+02:00
2017-04-03 23:16:17+02:00,0,DK_1,Unplanned outage,A03,,2017-04-03 23:11:00+02:00,gq18W5dH67wrgCU5z8Y4-w,359.0,Fossil Hard coal,45W000000000015T,Denmark,Studstrupvaerket,1,MAW,PT1M,2,2017-04-03 22:47:00+02:00
2017-04-06 13:13:17+02:00,0,DK_1,Unplanned outage,A03,,2017-04-06 14:00:00+02:00,s98OBi4Rqo022nPjpdwrFA,392.0,Fossil Gas,45V000000000010G,Denmark,Skaerbaekvaerket,1,MAW,PT1M,3,2017-04-06 02:46:00+02:00
2017-04-12 04:02:34+02:00,0,DK_1,Unplanned outage,A03,,2017-04-12 04:00:00+02:00,BWhiv2h7RYQ-3ewGN5nSaA,372.0,Fossil Hard coal,45V000000000013A,Denmark,Fynsvaerket,1,MAW,PT1M,3,2017-04-12 01:00:00+02:00
2017-04-13 15:27:38+02:00,0,DK_1,Unplanned outage,A03,,2017-04-13 16:30:00+02:00,ay-fk6Lnl_nkEJxOmEAiqg,359.0,Fossil Hard coal,45W000000000015T,Denmark,Studstrupvaerket,1,MAW,PT1M,1,2017-04-13 15:12:00+02:00
2017-04-14 19:06:46+02:00,0,DK_1,Unplanned outage,A03,,2017-04-14 19:05:00+02:00,dKhJ1J0F5vJPz7TRwVUeIA,392.0,Fossil Gas,45V000000000010G,Denmark,Skaerbaekvaerket,1,MAW,PT1M,3,2017-04-14 17:48:00+02:00
2017-04-20 17:25:36+02:00,270,DK_1,Unplanned outage,A03,,2017-04-21 18:00:00+02:00,baNlycaMjGCN2vHN3q3G1Q,359.0,Fossil Hard coal,45W000000000015T,Denmark,Studstrupvaerket,1,MAW,PT1M,1,2017-04-20 17:16:00+02:00
2017-04-26 10:15:05+02:00,0,DK_1,Unplanned outage,A03,,2017-04-26 23:59:00+02:00,kpV7X27I6qc1dv0Qh5m__A,359.0,Fossil Hard coal,45W000000000015T,Denmark,Studstrupvaerket,1,MAW,PT1M,2,2017-04-26 02:37:00+02:00
2017-04-26 20:38:15+02:00,170,DK_1,Unplanned outage,A03,,2017-04-26 20:31:00+02:00,DTeWNBvCrYSOlO38PnZy-g,372.0,Fossil Hard coal,45V000000000013A,Denmark,Fynsvaerket,1,MAW,PT1M,2,2017-04-26 19:00:00+02:00
2017-05-03 15:55:19+02:00,267,DK_1,Unplanned outage,A03,,2017-05-03 16:45:00+02:00,4fnYjMp1xvg7VVZNzLy2IQ,359.0,Fossil Hard coal,45W000000000015T,Denmark,Studstrupvaerket,1,MAW,PT1M,2,2017-05-03 14:54:00+02:00
2017-05-05 10:13:26+02:00,267,DK_1,Unplanned outage,A03,,2017-05-05 10:06:00+02:00,btrQmGvsZClMxCkyQjCsNQ,359.0,Fossil Hard coal,45W000000000015T,Denmark,Studstrupvaerket,1,MAW,PT1M,2,2017-05-04 16:02:00+02:00
2017-05-11 05:27:26+02:00,0,DK_1,Unplanned outage,A03,,2017-05-11 09:00:00+02:00,bLohGyfQjVeZYQQF7zNQUw,377.0,Fossil Hard coal,45V0000000000164,Denmark,Esbjergvaerket,1,MAW,PT1M,7,2017-05-08 20:03:00+02:00
2017-05-11 06:15:16+02:00,0,DK_1,Unplanned outage,A03,,2017-05-11 06:15:00+02:00,DW9yemrFAhyVfOtjmislAg,372.0,Fossil Hard coal,45V000000000013A,Denmark,Fynsvaerket,1,MAW,PT1M,2,2017-05-11 05:10:00+02:00
2017-05-24 17:26:27+02:00,0,DK_1,Unplanned outage,A03,,2017-05-20 08:00:00+02:00,K_Hev7WCJYQOd6YPvxqQRA,359.0,Fossil Hard coal,45W000000000015T,Denmark,Studstrupvaerket,1,MAW,PT1M,2,2017-05-20 06:39:00+02:00
2017-05-29 16:39:24+02:00,0,DK_1,Unplanned outage,A03,,2017-05-28 19:30:00+02:00,KRRU1Ftf7lm25JsqXT1wFw,359.0,Fossil Hard coal,45W000000000015T,Denmark,Studstrupvaerket,1,MAW,PT1M,1,2017-05-28 18:00:00+02:00
2017-05-30 12:40:08+02:00,0,DK_1,Unplanned outage,A03,,2017-05-30 05:00:00+02:00,-A-VeP1auFEBvb-q2HcV4Q,377.0,Fossil Hard coal,45W000000000017P,Denmark,Esbjergvaerket,1,MAW,PT1M,1,2017-05-30 02:01:00+02:00
2017-06-22 18:30:14+02:00,160,DK_1,Unplanned outage,A03,,2017-06-22 23:59:00+02:00,dagPpSoHtfOTrgqh4eQa9Q,359.0,Fossil Hard coal,45W000000000015T,Denmark,Studstrupvaerket,1,MAW,PT1M,1,2017-06-22 18:12:00+02:00
2017-08-17 16:20:20+02:00,200,DK_1,Unplanned outage,A03,,2017-08-17 16:02:00+02:00,IVnxvegnokTlQlJ3PbrT2A,359.0,Fossil Hard coal,45W000000000015T,Denmark,Studstrupvaerket,1,MAW,PT1M,2,2017-08-17 11:00:00+02:00
2017-08-28 20:46:15+02:00,0,DK_1,Unplanned outage,A03,,2017-08-28 20:25:00+02:00,zjSEjKuQus_roVt-CHIRaA,372.0,Fossil Hard coal,45W000000000014V,Denmark,Fynsvaerket,1,MAW,PT1M,2,2017-08-28 19:10:00+02:00
2017-08-29 14:12:32+02:00,180,DK_1,Unplanned outage,A03,,2017-08-29 14:05:00+02:00,5auBzDfXTBWdPPu-o8Hnow,372.0,Fossil Hard coal,45W000000000014V,Denmark,Fynsvaerket,1,MAW,PT1M,5,2017-08-28 14:15:00+02:00
2017-08-29 20:03:48+02:00,190,DK_1,Unplanned outage,A03,,2017-08-29 19:55:00+02:00,aPrpdg7zwqngR4tlDTnRuQ,372.0,Fossil Hard coal,45W000000000014V,Denmark,Fynsvaerket,1,MAW,PT1M,2,2017-08-29 16:52:00+02:00
2017-08-31 07:52:15+02:00,0,DK_1,Unplanned outage,A03,,2017-08-31 07:47:00+02:00,Bg_PYe7DN42EVXH1U3b8VQ,359.0,Fossil Hard coal,45W000000000015T,Denmark,Studstrupvaerket,1,MAW,PT1M,2,2017-08-31 03:49:00+02:00
2017-09-04 23:24:34+02:00,160,DK_1,Unplanned outage,A03,,2017-09-05 01:00:00+02:00,WwLOdiGJzY10fN4gDIopYQ,377.0,Fossil Hard coal,45W000000000017P,Denmark,Esbjergvaerket,1,MAW,PT1M,6,2017-09-04 10:47:00+02:00
2017-09-28 19:30:49+02:00,0,DK_1,Unplanned outage,A03,,2017-09-28 19:22:00+02:00,dmN0a53Qup8TD322dZ_60g,372.0,Fossil Hard coal,45W000000000014V,Denmark,Fynsvaerket,1,MAW,PT1M,2,2017-09-28 08:00:00+02:00
2017-10-02 03:03:46+02:00,0,DK_1,Unplanned outage,A03,,2017-10-02 11:00:00+02:00,TeQPPGCmU50zSib3ZFXD4w,359.0,Fossil Hard coal,45W000000000015T,Denmark,Studstrupvaerket,1,MAW,PT1M,8,2017-09-27 06:17:00+02:00
2017-10-03 03:21:07+02:00,0,DK_1,Unplanned outage,A03,,2017-10-03 04:30:00+02:00,0jYfYP53G2YkMYfAMU4VBA,359.0,Fossil Hard coal,45W000000000015T,Denmark,Studstrupvaerket,1,MAW,PT1M,4,2017-10-02 15:19:00+02:00
2017-10-11 09:13:59+02:00,260,DK_1,Unplanned outage,A03,,2017-10-11 08:59:00+02:00,PeOorXP9SVgQegABJpoiAA,359.0,Fossil Hard coal,45W000000000015T,Denmark,Studstrupvaerket,1,MAW,PT1M,3,2017-10-11 05:05:00+02:00
2017-10-20 08:32:54+02:00,0,DK_1,Unplanned outage,A03,,2017-10-20 23:59:00+02:00,i-SzpoWFvKPC_MuZoJEunw,372.0,Fossil Hard coal,45W000000000014V,Denmark,Fynsvaerket,1,MAW,PT1M,1,2017-10-20 08:28:00+02:00
2017-11-12 21:47:49+01:00,0,DK_1,Unplanned outage,A03,,2017-11-12 22:00:00+01:00,OEyLNCNaYMkOBQeXj8GsnQ,359.0,Fossil Hard coal,45W000000000015T,Denmark,Studstrupvaerket,1,MAW,PT1M,1,2017-11-12 21:07:00+01:00
2017-11-13 02:31:14+01:00,0,DK_1,Unplanned outage,A03,,2017-11-13 02:23:00+01:00,KEbAQmvPD7LraK9YKirSIg,359.0,Fossil Hard coal,45W000000000015T,Denmark,Studstrupvaerket,1,MAW,PT1M,2,2017-11-13 00:49:00+01:00
2017-11-13 07:49:33+01:00,0,DK_1,Unplanned outage,A03,,2017-11-13 09:00:00+01:00,vgQIrDG-eEuCW79kFF076w,392.0,Fossil Gas,45W0000000000110,Denmark,Skaerbaekvaerket,1,MAW,PT1M,2,2017-11-13 07:05:00+01:00
2017-12-03 22:47:19+01:00,0,DK_1,Unplanned outage,A03,,2017-12-04 06:00:00+01:00,7B-_82rCgpzyDvLoxz9Hjw,357.0,Fossil Hard coal,45W000000000015T,Denmark,Studstrupvaerket,1,MAW,PT1M,4,2017-12-03 23:59:00+01:00
2017-12-04 19:55:18+01:00,0,DK_1,Unplanned outage,A03,,2017-12-04 19:50:00+01:00,vrKzpy3n3Q3d8SkIWkmWUg,359.0,Fossil Hard coal,45W000000000015T,Denmark,Studstrupvaerket,1,MAW,PT1M,5,2017-12-04 15:20:00+01:00
2017-12-07 16:10:21+01:00,0,DK_1,Unplanned outage,A03,,2017-12-08 20:00:00+01:00,197d71Vl1RZwM9Wd60kvaQ,392.0,Fossil Gas,45W0000000000110,Denmark,Skaerbaekvaerket,1,MAW,PT1M,5,2017-11-17 13:57:00+01:00
2017-12-13 17:05:14+01:00,0,DK_1,Unplanned outage,A03,,2017-12-13 19:00:00+01:00,SsSqNWCxc43sLZhzSnCM5g,359.0,Fossil Hard coal,45W000000000015T,Denmark,Studstrupvaerket,1,MAW,PT60M,3,2017-12-11 20:00:00+01:00
2017-12-13 20:30:31+01:00,0,DK_1,Unplanned outage,A03,,2017-12-13 16:30:00+01:00,GHH96QkiTZGX4H67oAoelA,372.0,Fossil Hard coal,45W000000000014V,Denmark,Fynsvaerket,1,MAW,PT1M,3,2017-12-13 16:19:00+01:00
2017-12-21 11:24:58+01:00,275,DK_1,Unplanned outage,A03,,2017-12-21 11:22:00+01:00,GDctGPkJyDw9isDZ1JZLvA,359.0,Fossil Hard coal,45W000000000015T,Denmark,Studstrupvaerket,1,MAW,PT1M,2,2017-12-21 11:15:00+01:00
2017-12-21 14:23:55+01:00,0,DK_1,Unplanned outage,A03,,2017-12-21 13:31:00+01:00,mJJDpfCYL6voC5CGS5B0kQ,377.0,Fossil Hard coal,45W000000000017P,Denmark,Esbjergvaerket,1,MAW,PT1M,5,2017-12-21 13:30:00+01:00
2017-12-24 08:12:37+01:00,0,DK_1,Unplanned outage,A03,,2017-12-24 08:00:00+01:00,Hyv1k_AJHkbPnQhJSAWvBw,372.0,Fossil Hard coal,45W000000000014V,Denmark,Fynsvaerket,1,MAW,PT60M,3,2017-12-24 07:00:00+01:00
2017-12-28 14:23:20+01:00,175,DK_1,Unplanned outage,A03,,2017-12-28 13:55:00+01:00,ynxUKXbahVpu4BvirsS4sA,359.0,Fossil Hard coal,45W000000000015T,Denmark,Studstrupvaerket,1,MAW,PT1M,2,2017-12-28 13:31:00+01:00
2018-01-01 23:28:34+01:00,0,DK_1,Unplanned outage,A03,,2018-01-01 19:45:00+01:00,1M0I2NxoqzR25IIgVk7MnQ,372.0,Fossil Hard coal,45W000000000014V,Denmark,Fynsvaerket,1,MAW,PT1M,4,2018-01-01 19:33:00+01:00
2018-01-05 22:39:11+01:00,289,DK_1,Unplanned outage,A03,,2018-01-05 22:30:00+01:00,D7xtC1irtt5dov31wfUegA,377.0,Fossil Hard coal,45W000000000017P,Denmark,Esbjergvaerket,1,MAW,PT30M,4,2018-01-05 22:00:00+01:00
2018-01-22 10:29:13+01:00,0,DK_1,Unplanned outage,A03,,2018-01-22 05:15:00+01:00,R-kLLcHFyetx3zXZ69akeg,377.0,Fossil Hard coal,45W000000000017P,Denmark,Esbjergvaerket,1,MAW,PT1M,2,2018-01-22 05:06:00+01:00
2018-01-24 14:27:42+01:00,0,DK_1,Unplanned outage,A03,,2018-01-24 11:00:00+01:00,Vl6dh0PT1WgjrltGptODkQ,392.0,Fossil Gas,45W0000000000110,Denmark,Skaerbaekvaerket,1,MAW,PT1M,3,2018-01-24 10:48:00+01:00
2018-01-29 05:55:39+01:00,0,DK_1,Unplanned outage,A03,,2018-01-29 07:00:00+01:00,sEUq4b2N44nwZGK8S-ndiw,377.0,Fossil Hard coal,45W000000000017P,Denmark,Esbjergvaerket,1,MAW,PT60M,2,2018-01-29 05:00:00+01:00
2018-02-08 03:06:19+01:00,140,DK_1,Unplanned outage,A03,,2018-02-07 23:45:00+01:00,eFZSo3Q3wIP8ZMFV45IKCA,380.0,Fossil Hard coal,45W000000000016R,Denmark,Nordjyllandsvaerket,1,MAW,PT1M,5,2018-02-07 23:42:00+01:00
2018-03-17 22:26:19+01:00,0,DK_1,Unplanned outage,A03,,2018-03-17 22:15:00+01:00,yG7lZ3x7MKQnNQ8Efff1wA,377.0,Fossil Hard coal,45W000000000017P,Denmark,Esbjergvaerket,1,MAW,PT1M,1,2018-03-17 22:03:00+01:00
2018-03-20 17:54:18+01:00,0,DK_1,Unplanned outage,A03,,2018-03-20 17:30:00+01:00,kBLsnC_0t8sxztUWMJcSKQ,392.0,Fossil Gas,45W0000000000110,Denmark,Skaerbaekvaerket,1,MAW,PT1M,2,2018-03-20 17:22:00+01:00
2018-03-24 08:54:13+01:00,230,DK_1,Unplanned outage,A03,,2018-03-23 09:00:00+01:00,14tvctlwkQQhTbu4K2QmFQ,372.0,Fossil Hard coal,45W000000000014V,Denmark,Fynsvaerket,1,MAW,PT15M,3,2018-03-23 08:45:00+01:00
2018-03-29 04:37:24+02:00,280,DK_1,Unplanned outage,A03,,2018-03-29 04:32:00+02:00,giCriBovDrDf9sVdGS0MLA,359.0,Fossil Hard coal,45W000000000015T,Denmark,Studstrupvaerket,1,MAW,PT1M,2,2018-03-29 04:30:00+02:00
2018-04-12 13:04:51+02:00,0,DK_1,Unplanned outage,A03,,2018-04-12 12:45:00+02:00,baKaTEuEhHAEIMfofEbrpA,359.0,Fossil Hard coal,45W000000000015T,Denmark,Studstrupvaerket,1,MAW,PT1M,1,2018-04-12 12:43:00+02:00
2018-04-18 18:11:26+02:00,220,DK_1,Unplanned outage,A03,,2018-04-19 12:00:00+02:00,_QhtvlrU5dzRUlFpX2oXHg,372.0,Fossil Hard coal,45W000000000014V,Denmark,Fynsvaerket,1,MAW,PT60M,1,2018-04-18 18:00:00+02:00
2018-05-24 09:47:37+02:00,0,DK_1,Unplanned outage,A03,,2018-04-10 02:30:00+02:00,GI6Z1zghmuw-cTJXmpJkoA,359.0,Fossil Hard coal,45W000000000015T,Denmark,Studstrupvaerket,1,MAW,PT1M,2,2018-04-10 02:16:00+02:00
2018-05-24 09:48:09+02:00,209,DK_1,Unplanned outage,A03,,2018-04-10 16:00:00+02:00,TZEPuoDhU3yuVC0tMPATCw,372.0,Fossil Hard coal,45W000000000014V,Denmark,Fynsvaerket,1,MAW,PT60M,2,2018-04-10 11:00:00+02:00
2018-05-24 09:48:42+02:00,0,DK_1,Unplanned outage,A03,,2018-04-14 13:56:00+02:00,IDTVO6v1wYPDjvF7RewUSg,392.0,Fossil Gas,45W0000000000110,Denmark,Skaerbaekvaerket,1,MAW,PT1M,2,2018-04-14 13:45:00+02:00
2018-05-24 09:48:43+02:00,0,DK_1,Unplanned outage,A03,,2018-04-16 16:15:00+02:00,dHI3I-s3a0KpfQCZrIrpBw,359.0,Fossil Hard coal,45W000000000015T,Denmark,Studstrupvaerket,1,MAW,PT1M,1,2018-04-16 16:00:00+02:00
2018-05-24 09:49:37+02:00,0,DK_1,Unplanned outage,A03,,2018-04-19 20:00:00+02:00,5OCM7AOZbtReV00PgbMOPQ,359.0,Fossil Hard coal,45W000000000015T,Denmark,Studstrupvaerket,1,MAW,PT60M,2,2018-04-18 12:00:00+02:00
2018-05-24 09:55:43+02:00,0,DK_1,Unplanned outage,A03,,2018-05-05 20:06:00+02:00,OlN9aQr_y2O_lN5jqILXeQ,359.0,Fossil Hard coal,45W000000000015T,Denmark,Studstrupvaerket,1,MAW,PT1M,6,2018-05-05 20:00:00+02:00
2018-05-24 09:56:00+02:00,130,DK_1,Unplanned outage,A03,,2018-05-12 01:00:00+02:00,o0wKTcILoFNFHigBKn36IA,359.0,Fossil Hard coal,45W000000000015T,Denmark,Studstrupvaerket,1,MAW,PT30M,2,2018-05-12 00:30:00+02:00
2018-06-19 08:24:34+02:00,0,DK_1,Unplanned outage,A03,,2018-06-19 08:00:00+02:00,BXrK1wmdUTDlfHhQ65WyYQ,377.0,Fossil Hard coal,45W000000000017P,Denmark,Esbjergvaerket,1,MAW,PT1M,2,2018-06-19 07:46:00+02:00
2018-06-26 07:26:57+02:00,0,DK_1,Unplanned outage,A03,,2018-06-26 07:15:00+02:00,fsgKYEl6yIPEigfHesIlRQ,359.0,Fossil Hard coal,45W000000000015T,Denmark,Studstrupvaerket,1,MAW,PT15M,3,2018-06-26 07:00:00+02:00
2018-08-03 11:51:36+02:00,190,DK_1,Unplanned outage,A03,,2018-08-03 10:30:00+02:00,-ufQt9iAhsATvRDncAsqFA,359.0,Fossil Hard coal,45W000000000015T,Denmark,Studstrupvaerket,1,MAW,PT1M,2,2018-08-03 10:19:00+02:00
2018-08-07 18:58:25+02:00,180,DK_1,Unplanned outage,A03,,2018-08-07 18:45:00+02:00,KGla9ra8R71oM4QgpdYjrg,359.0,Fossil Hard coal,45W000000000015T,Denmark,Studstrupvaerket,1,MAW,PT1M,1,2018-08-07 18:44:00+02:00
2018-08-09 09:16:56+02:00,0,DK_1,Unplanned outage,A03,,2018-08-08 19:00:00+02:00,UJ0-6cmPkKZqhNHn8y_tFA,392.0,Fossil Gas,45W0000000000110,Denmark,Skaerbaekvaerket,1,MAW,PT15M,1,2018-08-08 18:45:00+02:00
2018-08-17 02:50:55+02:00,0,DK_1,Unplanned outage,A03,,2018-08-17 02:45:00+02:00,vHqNeBLMa33m1-eh0s3B2A,359.0,Fossil Hard coal,45W000000000015T,Denmark,Studstrupvaerket,1,MAW,PT15M,2,2018-08-17 02:30:00+02:00
2018-08-25 17:08:55+02:00,0,DK_1,Unplanned outage,A03,,2018-08-25 14:00:00+02:00,Z6bpTfb5_YdMJRW65r6u7Q,359.0,Fossil Hard coal,45W000000000015T,Denmark,Studstrupvaerket,1,MAW,PT1M,3,2018-08-25 13:50:00+02:00
2018-09-10 08:45:06+02:00,180,DK_1,Unplanned outage,A03,,2018-09-10 08:45:00+02:00,P13UXaYZOrA1jSI4MGkP6w,357.0,Fossil Hard coal,45W000000000015T,Denmark,Studstrupvaerket,1,MAW,PT1M,1,2018-09-10 08:38:00+02:00
2018-09-12 23:18:44+02:00,0,DK_1,Unplanned outage,A03,,2018-09-13 01:00:00+02:00,ecKYyzZ2WlReV0Ze7vxVSQ,359.0,Fossil Hard coal,45W000000000015T,Denmark,Studstrupvaerket,1,MAW,PT60M,3,2018-09-12 21:00:00+02:00
2018-09-14 16:04:35+02:00,0,DK_1,Unplanned outage,A03,,2018-09-14 16:20:00+02:00,OM3zwKovhFTVhmXEwgBe3Q,357.0,Fossil Hard coal,45W000000000015T,Denmark,Studstrupvaerket,1,MAW,PT1M,2,2018-09-14 16:15:00+02:00
2018-09-24 18:37:37+02:00,0,DK_1,Unplanned outage,A03,,2018-09-24 14:00:00+02:00,xWwbZg0uomkHhetoOXSovA,359.0,Fossil Hard coal,45W000000000015T,Denmark,Studstrupvaerket,1,MAW,PT15M,3,2018-09-24 13:45:00+02:00
2018-09-28 11:32:55+02:00,0,DK_1,Unplanned outage,A03,,2018-09-28 08:00:00+02:00,CdMf3Hu1rzCDn5iIYJxdGg,359.0,Fossil Hard coal,45W000000000015T,Denmark,Studstrupvaerket,1,MAW,PT1M,5,2018-09-28 07:49:00+02:00
2018-10-10 23:15:43+02:00,0,DK_1,Unplanned outage,A03,,2018-10-10 23:15:00+02:00,C7WvO9caFOSWaRB7VmYJYQ,359.0,Fossil Hard coal,45W000000000015T,Denmark,Studstrupvaerket,1,MAW,PT1M,1,2018-10-10 23:06:00+02:00
2018-10-11 19:34:10+02:00,0,DK_1,Unplanned outage,A03,,2018-10-11 21:00:00+02:00,drGw97Azgw1GvpCHUVJyuw,359.0,Fossil Hard coal,45W000000000015T,Denmark,Studstrupvaerket,1,MAW,PT60M,1,2018-10-11 20:00:00+02:00
2018-10-27 02:50:32+02:00,130,DK_1,Unplanned outage,A03,,2018-10-27 02:45:00+02:00,n8_HrKtvy65uOP8BmfAk-Q,359.0,Fossil Hard coal,45W000000000015T,Denmark,Studstrupvaerket,1,MAW,PT1M,1,2018-10-27 02:43:00+02:00
2018-11-08 03:48:19+01:00,270,DK_1,Unplanned outage,A03,,2018-11-08 03:30:00+01:00,V4XT9hiu8SuCJVtZ-aUzIA,359.0,Fossil Hard coal,45W000000000015T,Denmark,Studstrupvaerket,1,MAW,PT30M,2,2018-11-08 03:00:00+01:00
2018-11-10 14:24:49+01:00,270,DK_1,Unplanned outage,A03,,2018-11-10 14:20:00+01:00,h2A2n48bqBExB96fddIxmw,359.0,Fossil Hard coal,45W000000000015T,Denmark,Studstrupvaerket,1,MAW,PT1M,2,2018-11-10 14:15:00+01:00
2018-11-17 19:36:39+01:00,0,DK_1,Unplanned outage,A03,,2018-11-17 12:00:00+01:00,mIx_sM3oG6PwEA5iQNZOfA,392.0,Fossil Gas,45W0000000000110,Denmark,Skaerbaekvaerket,1,MAW,PT15M,2,2018-11-17 11:45:00+01:00
2018-11-28 09:23:37+01:00,0,DK_1,Unplanned outage,A03,,2018-11-28 09:15:00+01:00,GFIhP5-e6QxW4HaNZ2jAdw,357.0,Fossil Hard coal,45W000000000015T,Denmark,Studstrupvaerket,1,MAW,PT1M,1,2018-11-28 09:12:00+01:00
2018-11-29 14:38:03+01:00,240,DK_1,Unplanned outage,A03,,2018-11-29 18:00:00+01:00,RbFxftTPzCcsV-Jj0QMukQ,372.0,Fossil Hard coal,45W000000000014V,Denmark,Fynsvaerket,1,MAW,PT60M,2,2018-11-29 10:00:00+01:00
2018-12-03 08:02:10+01:00,0,DK_1,Unplanned outage,A03,,2018-12-03 09:00:00+01:00,oHeKncs-zRj95Bjo_Ay1uA,357.0,Fossil Hard coal,45W000000000015T,Denmark,Studstrupvaerket,1,MAW,PT60M,1,2018-12-03 08:00:00+01:00
2018-12-05 08:39:47+01:00,0,DK_1,Unplanned outage,A03,,2018-12-03 11:15:00+01:00,3etqVFPGT4HhOLEnPrqkcA,392.0,Fossil Gas,45W0000000000110,Denmark,Skaerbaekvaerket,1,MAW,PT1M,2,2018-12-03 11:04:00+01:00
2018-12-06 17:02:47+01:00,0,DK_1,Unplanned outage,A03,,2018-12-06 15:45:00+01:00,SG-d0lrk-DYWueMKeJqraw,372.0,Fossil Hard coal,45W000000000014V,Denmark,Fynsvaerket,1,MAW,PT1M,2,2018-12-06 15:40:00+01:00
2018-12-07 00:36:29+01:00,0,DK_1,Unplanned outage,A03,,2018-12-07 00:25:00+01:00,3FKyAjup2hNU2mHlGptYlw,372.0,Fossil Hard coal,45W000000000014V,Denmark,Fynsvaerket,1,MAW,PT1M,2,2018-12-07 00:15:00+01:00
2018-12-17 09:03:37+01:00,260,DK_1,Unplanned outage,A03,,2018-12-07 02:00:00+01:00,p0SMMYsxqh8Pqu3cuebrag,372.0,Fossil Hard coal,45W000000000014V,Denmark,Fynsvaerket,1,MAW,PT1M,12,2018-12-07 01:50:00+01:00
2018-12-18 14:48:06+01:00,222,DK_1,Unplanned outage,A03,,2018-12-18 14:00:00+01:00,_fPaSPWKQ0u8ja9ZvGghfQ,372.0,Fossil Hard coal,45W000000000014V,Denmark,Fynsvaerket,1,MAW,PT1M,2,2018-12-18 13:55:00+01:00
2018-12-23 08:59:06+01:00,0,DK_1,Unplanned outage,A03,,2018-12-23 08:58:00+01:00,L5f35qiDjRCH6uQmm023PQ,359.0,Fossil Hard coal,45W000000000015T,Denmark,Studstrupvaerket,1,MAW,PT1M,11,2018-12-23 08:45:00+01:00
2019-01-09 01:09:02+01:00,0,DK_1,Unplanned outage,A03,,2019-01-08 21:30:00+01:00,wYAStcln2BbF9b5rVaW8eQ,372.0,Fossil Hard coal,45W000000000014V,Denmark,Fynsvaerket,1,MAW,PT1M,3,2019-01-08 21:20:00+01:00
2019-01-14 08:18:23+01:00,0,DK_1,Unplanned outage,A03,,2019-01-14 08:00:00+01:00,qWNXWSIaNBqLmb5Nlj7ZlA,392.0,Fossil Gas,45W0000000000110,Denmark,Skaerbaekvaerket,1,MAW,PT30M,2,2019-01-14 07:30:00+01:00
2019-01-21 13:32:18+01:00,0,DK_1,Unplanned outage,A03,,2019-01-21 15:00:00+01:00,8ncHLWPnC4YSvtNy-0Lkdw,392.0,Fossil Gas,45W0000000000110,Denmark,Skaerbaekvaerket,1,MAW,PT60M,3,2019-01-21 12:00:00+01:00
2019-02-01 03:09:16+01:00,140,DK_1,Unplanned outage,A03,,2019-02-01 02:00:00+01:00,SPLAqdWAjyMu8dUjG8LPdw,372.0,Fossil Hard coal,45W000000000014V,Denmark,Fynsvaerket,1,MAW,PT60M,2,2019-01-31 22:00:00+01:00
2019-02-06 21:12:40+01:00,164,DK_1,Unplanned outage,A03,,2019-02-06 21:00:00+01:00,o9j3JB2YMf1o0hz0gPEAcg,372.0,Fossil Hard coal,45W000000000014V,Denmark,Fynsvaerket,1,MAW,PT60M,2,2019-02-06 19:00:00+01:00
2019-02-10 18:20:16+01:00,155,DK_1,Unplanned outage,A03,,2019-02-09 18:00:00+01:00,vMiQUP9Ma5VUvOsoYyG_xg,372.0,Fossil Hard coal,45W000000000014V,Denmark,Fynsvaerket,1,MAW,PT30M,6,2019-02-09 17:30:00+01:00
2019-02-26 14:31:14+01:00,0,DK_1,Unplanned outage,A03,,2019-02-26 15:00:00+01:00,0cBhUKbPa5sBD9G45LbwuA,392.0,Fossil Gas,45W0000000000110,Denmark,Skaerbaekvaerket,1,MAW,PT60M,3,2019-02-26 04:00:00+01:00
2019-03-14 06:33:00+01:00,255,DK_1,Unplanned outage,A03,,2019-03-15 06:25:00+01:00,QMEaSGhi3WAmQhj7lZQsdg,372.0,Fossil Hard coal,45W000000000014V,Denmark,Fynsvaerket,1,MAW,PT1M,1,2019-03-15 06:15:00+01:00
2019-03-28 14:24:11+01:00,0,DK_1,Unplanned outage,A03,,2019-03-28 14:00:00+01:00,kb0inKmOXKpqjfuShx_pLg,357.0,Fossil Hard coal,45W000000000015T,Denmark,Studstrupvaerket,1,MAW,PT60M,4,2019-03-28 02:00:00+01:00
2019-03-30 11:50:58+01:00,77,DK_1,Unplanned outage,A03,,2019-03-30 10:30:00+01:00,XhpeMnub0_FdXT2cX-B0YQ,359.0,Fossil Hard coal,45W000000000015T,Denmark,Studstrupvaerket,1,MAW,PT1M,2,2019-03-30 10:29:00+01:00
2019-04-07 12:43:35+02:00,0,DK_1,Unplanned outage,A03,,2019-04-07 12:15:00+02:00,fUs7_ziWIeksFjguDlIx-A,372.0,Fossil Hard coal,45W000000000014V,Denmark,Fynsvaerket,1,MAW,PT15M,2,2019-04-07 12:00:00+02:00
2019-04-08 07:29:27+02:00,0,DK_1,Unplanned outage,A03,,2019-04-08 07:00:00+02:00,5V08Ar0_IEuKyCu2XqZDNQ,372.0,Fossil Hard coal,45W000000000014V,Denmark,Fynsvaerket,1,MAW,PT60M,2,2019-04-08 04:00:00+02:00
2019-04-16 04:45:33+02:00,0,DK_1,Unplanned outage,A03,,2019-04-16 03:30:00+02:00,VEoTYUHfOF-OGR2smjcAjg,359.0,Fossil Hard coal,45W000000000015T,Denmark,Studstrupvaerket,1,MAW,PT1M,3,2019-04-16 03:27:00+02:00
2019-05-03 23:47:42+02:00,0,DK_1,Unplanned outage,A03,,2019-05-04 00:00:00+02:00,Okfb-AKZgwWSRC93m_4O-g,372.0,Fossil Hard coal,45W000000000014V,Denmark,Fynsvaerket,1,MAW,PT60M,4,2019-05-03 20:00:00+02:00
2019-06-06 19:23:41+02:00,0,DK_1,Unplanned outage,A03,,2019-06-06 17:45:00+02:00,lZJjByHJPU2YPUQKJg7-Mg,359.0,Fossil Hard coal,45W000000000015T,Denmark,Studstrupvaerket,1,MAW,PT1M,1,2019-06-06 17:31:00+02:00
2019-06-20 18:25:29+02:00,0,DK_1,Unplanned outage,A03,,2019-06-20 19:00:00+02:00,fuMqwwqK1B36HVWs8zA31g,357.0,Fossil Hard coal,45W000000000015T,Denmark,Studstrupvaerket,1,MAW,PT60M,2,2019-06-20 10:00:00+02:00
2019-06-27 15:15:11+02:00,0,DK_1,Unplanned outage,A03,,2019-06-27 00:00:00+02:00,g_WGPkW0deVJqTH-t3PuRA,392.0,Fossil Gas,45W0000000000110,Denmark,Skaerbaekvaerket,1,MAW,PT1M,3,2019-06-26 23:55:00+02:00
2019-08-20 11:28:15+02:00,0,DK_1,Unplanned outage,A03,,2019-06-17 20:00:00+02:00,c3dZPdMabdUFMtwWViBtPA,392.0,Fossil Gas,45W0000000000110,Denmark,Skaerbaekvaerket,1,MAW,PT15M,19,2019-06-17 19:30:00+02:00
2019-08-02 13:27:24+02:00,0,DK_1,Unplanned outage,A03,,2019-08-02 13:25:00+02:00,GFhhrwBWAiZwI16DtwbsWw,372.0,Fossil Hard coal,45W000000000014V,Denmark,Fynsvaerket,1,MAW,PT1M,4,2019-08-02 13:15:00+02:00
2019-08-29 10:51:23+02:00,0,DK_1,Unplanned outage,A03,,2019-08-14 22:30:00+02:00,1LwrMdZNzP-UL3Vp968xyQ,359.0,Fossil Hard coal,45W000000000015T,Denmark,Studstrupvaerket,1,MAW,PT1M,11,2019-08-14 22:15:00+02:00
2019-09-05 10:54:34+02:00,0,DK_1,Unplanned outage,A03,,2019-09-05 10:48:00+02:00,7gS4giXE2VyyaqUHpHuSJQ,359.0,Fossil Hard coal,45W000000000015T,Denmark,Studstrupvaerket,1,MAW,PT1M,2,2019-09-05 10:45:00+02:00
2019-09-06 06:49:56+02:00,0,DK_1,Unplanned outage,A03,,2019-09-06 06:45:00+02:00,lSNWB49cH_OB8-e-b1gffQ,359.0,Fossil Hard coal,45W000000000015T,Denmark,Studstrupvaerket,1,MAW,PT1M,1,2019-09-06 06:43:00+02:00
2019-09-06 10:42:21+02:00,0,DK_1,Unplanned outage,A03,,2019-09-06 10:00:00+02:00,NkX9RuXcoF0AHW0VgrrTZQ,359.0,Fossil Hard coal,45W000000000015T,Denmark,Studstrupvaerket,1,MAW,PT1M,2,2019-09-06 09:53:00+02:00
2019-09-06 15:07:44+02:00,0,DK_1,Unplanned outage,A03,,2019-09-06 14:59:00+02:00,o6yl8-k4hGLGul2QobtXtQ,359.0,Fossil Hard coal,45W000000000015T,Denmark,Studstrupvaerket,1,MAW,PT1M,2,2019-09-06 14:41:00+02:00
2019-09-06 23:41:28+02:00,0,DK_1,Unplanned outage,A03,,2019-09-07 00:00:00+02:00,oGKckeR0ZEntIEp81YcJhg,359.0,Fossil Hard coal,45W000000000015T,Denmark,Studstrupvaerket,1,MAW,PT30M,1,2019-09-06 23:30:00+02:00
2019-09-11 05:57:14+02:00,0,DK_1,Unplanned outage,A03,,2019-09-11 04:45:00+02:00,DfDVQ0LhDhVwCH1TmekZzA,359.0,Fossil Hard coal,45W000000000015T,Denmark,Studstrupvaerket,1,MAW,PT1M,2,2019-09-11 04:32:00+02:00
2019-09-18 12:55:51+02:00,0,DK_1,Unplanned outage,A03,,2019-09-18 11:45:00+02:00,wfPOfPXKYY6VGWeALhp6kQ,359.0,Fossil Hard coal,45W000000000015T,Denmark,Studstrupvaerket,1,MAW,PT1M,2,2019-09-18 11:41:00+02:00
2019-09-20 03:15:57+02:00,0,DK_1,Unplanned outage,A03,,2019-09-20 04:00:00+02:00,du-fYZxE9LldCkkPly8PTQ,359.0,Fossil Hard coal,45W000000000015T,Denmark,Studstrupvaerket,1,MAW,PT60M,1,2019-09-20 03:00:00+02:00
2019-09-21 19:19:58+02:00,180,DK_1,Unplanned outage,A03,,2019-09-21 20:00:00+02:00,5mLnLDXW4sirDq3uWmLEAQ,359.0,Fossil Hard coal,45W000000000015T,Denmark,Studstrupvaerket,1,MAW,PT60M,1,2019-09-21 19:00:00+02:00
2019-09-22 19:26:35+02:00,250,DK_1,Unplanned outage,A03,,2019-09-22 20:00:00+02:00,0o2Myz8y__bGzoencz3CLw,359.0,Fossil Hard coal,45W000000000015T,Denmark,Studstrupvaerket,1,MAW,PT60M,1,2019-09-22 19:00:00+02:00
2019-09-29 22:23:51+02:00,0,DK_1,Unplanned outage,A03,,2019-09-29 22:15:00+02:00,6-8FN5lukbqPKPSbqOf9LA,359.0,Fossil Hard coal,45W000000000015T,Denmark,Studstrupvaerket,1,MAW,PT1M,1,2019-09-29 22:11:00+02:00
2019-10-02 18:34:45+02:00,0,DK_1,Unplanned outage,A03,,2019-10-02 18:00:00+02:00,L7qP3tpljTv7xdb-d-jrEQ,372.0,Fossil Hard coal,45W000000000014V,Denmark,Fynsvaerket,1,MAW,PT60M,2,2019-10-02 16:00:00+02:00
2019-10-06 10:01:32+02:00,200,DK_1,Unplanned outage,A03,,2019-10-04 09:30:00+02:00,2hIfsu-cmI4-ISDli_illw,372.0,Fossil Hard coal,45W000000000014V,Denmark,Fynsvaerket,1,MAW,PT1M,2,2019-10-04 09:20:00+02:00
2019-10-12 08:35:05+02:00,0,DK_1,Unplanned outage,A03,,2019-10-12 08:30:00+02:00,yr8bY7biobhReP36NZzOrw,372.0,Fossil Hard coal,45W000000000014V,Denmark,Fynsvaerket,1,MAW,PT30M,4,2019-10-12 08:00:00+02:00
2019-10-16 01:52:04+02:00,60,DK_1,Unplanned outage,A03,,2019-10-16 06:00:00+02:00,Z-CGoNSjsSxXgbF9HIPwDg,377.0,Fossil Hard coal,45W000000000017P,Denmark,Esbjergvaerket,1,MAW,PT60M,1,2019-10-16 03:00:00+02:00
2019-10-21 11:29:14+02:00,0,DK_1,Unplanned outage,A03,,2019-10-22 16:00:00+02:00,0ANy6S8aEM4q6Xok_VvtJQ,372.0,Fossil Hard coal,45W000000000014V,Denmark,Fynsvaerket,1,MAW,PT60M,3,2019-10-16 23:00:00+02:00
2019-10-24 12:49:25+02:00,0,DK_1,Unplanned outage,A03,,2019-10-24 12:15:00+02:00,VaLQ9_Wb1gvOXBLBXQnbpQ,359.0,Fossil Hard coal,45W000000000015T,Denmark,Studstrupvaerket,1,MAW,PT1M,2,2019-10-24 12:05:00+02:00
2019-11-02 14:36:28+01:00,100,DK_1,Unplanned outage,A03,,2019-11-02 14:00:00+01:00,p1HGA0F6XdcVxfENwmLQvw,359.0,Fossil Hard coal,45W000000000015T,Denmark,Studstrupvaerket,1,MAW,PT30M,3,2019-11-02 13:30:00+01:00
2019-11-03 03:01:04+01:00,0,DK_1,Unplanned outage,A03,,2019-11-03 04:00:00+01:00,sgiXhHEYEqY61kVjh0mbog,377.0,Fossil Hard coal,45W000000000017P,Denmark,Esbjergvaerket,1,MAW,PT60M,2,2019-11-03 03:00:00+01:00
2019-11-05 21:38:32+01:00,0,DK_1,Unplanned outage,A03,,2019-11-05 21:33:00+01:00,sgWbuQjfUIyOV0sfD0g6Cg,359.0,Fossil Hard coal,45W000000000015T,Denmark,Studstrupvaerket,1,MAW,PT1M,2,2019-11-05 21:30:00+01:00
2019-11-11 06:52:39+01:00,0,DK_1,Unplanned outage,A03,,2019-11-11 01:00:00+01:00,WBRG4XlhIZKicDRb9Tt-Wg,372.0,Fossil Hard coal,45W000000000014V,Denmark,Fynsvaerket,1,MAW,PT30M,6,2019-11-11 00:30:00+01:00
2019-11-28 12:40:00+01:00,0,DK_1,Unplanned outage,A03,,2019-11-28 12:30:00+01:00,KRMUNIPt6quSSMGtCbDFUg,392.0,Fossil Gas,45W0000000000110,Denmark,Skaerbaekvaerket,1,MAW,PT30M,17,2019-11-28 12:00:00+01:00
2019-12-02 01:55:24+01:00,0,DK_1,Unplanned outage,A03,,2019-12-02 02:00:00+01:00,pFItprNoFIRUv2hPNG4vVw,357.0,Fossil Hard coal,45W000000000015T,Denmark,Studstrupvaerket,1,MAW,PT15M,1,2019-12-02 01:45:00+01:00
2019-12-04 13:23:47+01:00,0,DK_1,Unplanned outage,A03,,2019-12-04 14:30:00+01:00,pycozGy4_vM4NlCuQzwYrA,392.0,Fossil Gas,45W0000000000110,Denmark,Skaerbaekvaerket,1,MAW,PT30M,4,2019-12-04 14:00:00+01:00
2019-12-04 16:32:22+01:00,180,DK_1,Unplanned outage,A03,,2019-12-04 16:28:00+01:00,Vc_39SyOzBDXWZQ8VWPONg,357.0,Fossil Hard coal,45W000000000015T,Denmark,Studstrupvaerket,1,MAW,PT1M,2,2019-12-04 16:05:00+01:00
2019-12-11 09:18:02+01:00,300,DK_1,Unplanned outage,A03,,2019-12-11 15:00:00+01:00,drdmDKL91R264phoJTfrzg,380.0,Fossil Hard coal,45W000000000016R,Denmark,Nordjyllandsvaerket,1,MAW,PT60M,3,2019-12-10 20:00:00+01:00
2019-12-12 04:53:01+01:00,409,DK_1,Unplanned outage,A03,,2021-08-06 23:30:00+02:00,yughTOj6kT0OIvQhCAhPVQ,372.0,Fossil Hard coal,45W000000000014V,Denmark,Fynsvaerket,1,MAW,PT30M,12,2021-08-06 23:00:00+02:00
2019-12-20 13:45:44+01:00,0,DK_1,Unplanned outage,A03,,2019-12-20 13:38:00+01:00,Y6_NF61eS0mEtTSnYtmVaA,392.0,Fossil Gas,45W0000000000110,Denmark,Skaerbaekvaerket,1,MAW,PT1M,2,2019-12-20 13:30:00+01:00
2019-12-27 21:29:39+01:00,0,DK_1,Unplanned outage,A03,,2019-12-27 22:30:00+01:00,zYwbve6A8mYLNjJn33qECA,377.0,Fossil Hard coal,45W000000000017P,Denmark,Esbjergvaerket,1,MAW,PT30M,1,2019-12-27 21:30:00+01:00
2020-01-19 01:46:25+01:00,0,DK_1,Unplanned outage,A03,,2020-01-19 03:00:00+01:00,DcgCm81zZg8KNOJVxNAhhA,392.0,Fossil Gas,45W0000000000110,Denmark,Skaerbaekvaerket,1,MAW,PT60M,4,2020-01-18 20:00:00+01:00
2020-01-19 06:06:24+01:00,0,DK_1,Unplanned outage,A03,,2020-01-19 12:00:00+01:00,-doQgUxgumDp3dlY7ejs2Q,392.0,Fossil Gas,45W0000000000110,Denmark,Skaerbaekvaerket,1,MAW,PT60M,1,2020-01-19 06:00:00+01:00
2020-01-21 18:28:06+01:00,0,DK_1,Unplanned outage,A03,,2020-01-21 18:00:00+01:00,vTQp1iyft7Dijwqh7UZq5A,357.0,Fossil Hard coal,45W000000000015T,Denmark,Studstrupvaerket,1,MAW,PT30M,2,2020-01-21 17:30:00+01:00
2020-01-26 20:47:52+01:00,0,DK_1,Unplanned outage,A03,,2020-01-26 21:30:00+01:00,8lOTZkVy_kyNBDVoKsw-9g,357.0,Fossil Hard coal,45W000000000015T,Denmark,Studstrupvaerket,1,MAW,PT30M,1,2020-01-26 20:30:00+01:00
2020-01-31 07:27:07+01:00,0,DK_1,Unplanned outage,A03,,2020-01-31 09:00:00+01:00,iUji4v7Ye4-eYrXE-Nx7ww,357.0,Fossil Hard coal,45W000000000015T,Denmark,Studstrupvaerket,1,MAW,PT60M,2,2020-01-31 06:00:00+01:00
2020-02-05 12:57:47+01:00,0,DK_1,Unplanned outage,A03,,2019-12-20 11:30:00+01:00,qG0VViMfdiYvLMd13rpG3w,372.0,Fossil Hard coal,45W000000000014V,Denmark,Fynsvaerket,1,MAW,PT1M,7,2019-12-20 11:15:00+01:00
2020-02-05 15:42:19+01:00,0,DK_1,Unplanned outage,A03,,2020-02-07 15:30:00+01:00,EV7OWUCXoWszhIa586S1yA,357.0,Fossil Hard coal,45W000000000015T,Denmark,Studstrupvaerket,1,MAW,PT30M,1,2020-02-07 15:00:00+01:00
2020-02-08 07:58:08+01:00,0,DK_1,Unplanned outage,A03,,2020-02-08 04:00:00+01:00,50VERcEPqFyBYcXJASMkSg,357.0,Fossil Hard coal,45W000000000015T,Denmark,Studstrupvaerket,1,MAW,PT1M,3,2020-02-08 03:53:00+01:00
2020-02-10 11:23:29+01:00,0,DK_1,Unplanned outage,A03,,2020-02-10 13:30:00+01:00,K1zjV2eDWlAaOLUESm0M7Q,357.0,Fossil Hard coal,45W000000000015T,Denmark,Studstrupvaerket,1,MAW,PT30M,1,2020-02-10 13:00:00+01:00
2020-02-11 06:56:15+01:00,0,DK_1,Unplanned outage,A03,,2020-02-11 04:00:00+01:00,PwPe8OJ6b4Xc5CaBOWwdTg,392.0,Fossil Gas,45W0000000000110,Denmark,Skaerbaekvaerket,1,MAW,PT1M,2,2020-02-11 03:58:00+01:00
2020-02-14 23:21:52+01:00,0,DK_1,Unplanned outage,A03,,2020-02-14 22:00:00+01:00,F1ePahjPlFFIlKm5g8Gw6A,392.0,Fossil Gas,45W0000000000110,Denmark,Skaerbaekvaerket,1,MAW,PT1M,2,2020-02-14 21:57:00+01:00
2020-02-23 07:52:50+01:00,25,DK_1,Unplanned outage,A03,,2020-02-23 11:00:00+01:00,N2SN5s2mgLbNGVDUFR_5CQ,359.0,Fossil Hard coal,45W000000000015T,Denmark,Studstrupvaerket,1,MAW,PT60M,2,2020-02-23 10:00:00+01:00
2020-03-10 01:21:00+01:00,0,DK_1,Unplanned outage,A03,,2020-03-10 01:30:00+01:00,HNTAqyA7CQD2VaMNu1N9ZQ,357.0,Fossil Hard coal,45W000000000015T,Denmark,Studstrupvaerket,1,MAW,PT15M,1,2020-03-10 01:15:00+01:00
2020-03-16 11:07:33+01:00,0,DK_1,Unplanned outage,A03,,2020-03-16 06:45:00+01:00,WQ2H83Os4vuxLsgeWGI4Gg,359.0,Fossil Hard coal,45W000000000015T,Denmark,Studstrupvaerket,1,MAW,PT1M,3,2020-03-16 06:33:00+01:00
2020-03-27 09:21:46+01:00,0,DK_1,Unplanned outage,A03,,2020-02-09 23:30:00+01:00,6scTQoGl7K6xKheXqe0gHw,372.0,Fossil Hard coal,45W000000000014V,Denmark,Fynsvaerket,1,MAW,PT30M,7,2020-02-09 23:00:00+01:00
2020-03-30 13:29:09+02:00,0,DK_1,Unplanned outage,A03,,2020-03-29 01:00:00+01:00,I08PdQ-Aw0_3Nkl5MkIrCQ,380.0,Fossil Hard coal,45W000000000016R,Denmark,Nordjyllandsvaerket,1,MAW,PT30M,2,2020-03-29 00:30:00+01:00
2020-04-18 07:44:22+02:00,140,DK_1,Unplanned outage,A03,,2020-04-18 07:31:00+02:00,NpXudj9I9ANkeDAlW8sGSw,359.0,Fossil Hard coal,45W000000000015T,Denmark,Studstrupvaerket,1,MAW,PT1M,4,2020-04-18 07:30:00+02:00
2020-04-24 13:00:57+02:00,0,DK_1,Unplanned outage,A03,,2020-07-17 23:59:00+02:00,n6KwlpNpwHWckcFwoOBsGA,392.0,Fossil Gas,45W0000000000110,Denmark,Skaerbaekvaerket,1,MAW,PT1M,6,2020-07-17 23:45:00+02:00
2020-05-04 22:02:11+02:00,0,DK_1,Unplanned outage,A03,,2020-05-04 20:00:00+02:00,Svr0LhrMurwOFBh09AxBEw,359.0,Fossil Hard coal,45W000000000015T,Denmark,Studstrupvaerket,1,MAW,PT60M,2,2020-05-04 19:00:00+02:00
2020-05-20 06:41:17+02:00,125,DK_1,Unplanned outage,A03,,2020-05-20 08:00:00+02:00,GwxmBuSRw-NQA5x0XW_vew,377.0,Fossil Hard coal,45W000000000017P,Denmark,Esbjergvaerket,1,MAW,PT60M,1,2020-05-20 06:00:00+02:00
2020-06-01 19:36:52+02:00,0,DK_1,Unplanned outage,A03,,2020-06-01 20:00:00+02:00,3svTDWfmYjymjjfoIOK4SA,377.0,Fossil Hard coal,45W000000000017P,Denmark,Esbjergvaerket,1,MAW,PT60M,2,2020-06-01 19:00:00+02:00
2020-06-01 23:39:58+02:00,200,DK_1,Unplanned outage,A03,,2020-06-01 23:45:00+02:00,ROOpvWL3edsVKoM8O96x_Q,377.0,Fossil Hard coal,45W000000000017P,Denmark,Esbjergvaerket,1,MAW,PT1M,2,2020-06-01 23:30:00+02:00
2020-06-03 09:07:12+02:00,0,DK_1,Unplanned outage,A03,,2020-06-03 12:00:00+02:00,fmyDfwG5E5JYl0Y7sRcSAA,359.0,Fossil Hard coal,45W000000000015T,Denmark,Studstrupvaerket,1,MAW,PT60M,1,2020-06-01 13:00:00+02:00
2020-06-03 12:01:26+02:00,60,DK_1,Unplanned outage,A03,,2020-06-03 15:00:00+02:00,OQTfdG8lwCx1k0N2I4v_cg,357.0,Fossil Hard coal,45W000000000015T,Denmark,Studstrupvaerket,1,MAW,PT60M,1,2020-06-03 12:00:00+02:00
2020-06-04 08:24:08+02:00,0,DK_1,Unplanned outage,A03,,2020-06-11 18:00:00+02:00,ResbxVthGcP3BPqSVzRjcA,380.0,Fossil Hard coal,45W000000000016R,Denmark,Nordjyllandsvaerket,1,MAW,PT60M,2,2020-06-02 07:00:00+02:00
2020-06-08 03:14:36+02:00,180,DK_1,Unplanned outage,A03,,2020-06-05 20:15:00+02:00,cDmCM1oEgEk3WE2rtMoisA,357.0,Fossil Hard coal,45W000000000015T,Denmark,Studstrupvaerket,1,MAW,PT1M,7,2020-06-05 20:06:00+02:00
2020-06-13 22:58:43+02:00,0,DK_1,Unplanned outage,A03,,2020-06-13 22:52:00+02:00,Zk-k8JPYEMwphr0tK-808A,357.0,Fossil Hard coal,45W000000000015T,Denmark,Studstrupvaerket,1,MAW,PT1M,5,2020-06-13 22:45:00+02:00
2020-06-15 22:00:20+02:00,100,DK_1,Unplanned outage,A03,,2020-06-15 21:00:00+02:00,_TDcGxwve1lHqY3AdjjubQ,357.0,Fossil Hard coal,45W000000000015T,Denmark,Studstrupvaerket,1,MAW,PT60M,2,2020-06-15 20:00:00+02:00
2020-06-19 13:48:45+02:00,0,DK_1,Unplanned outage,A03,,2020-03-27 17:00:00+01:00,eoO9w0Ww4aYxfDrOyq2FzA,372.0,Fossil Hard coal,45W000000000014V,Denmark,Fynsvaerket,1,MAW,PT30M,10,2020-03-27 16:00:00+01:00
2020-06-22 20:57:51+02:00,100,DK_1,Unplanned outage,A03,,2020-06-22 21:00:00+02:00,SFxmF4_I2jI_NjzwxJAYcw,357.0,Fossil Hard coal,45W000000000015T,Denmark,Studstrupvaerket,1,MAW,PT60M,3,2020-06-22 19:00:00+02:00
2020-06-23 17:26:45+02:00,0,DK_1,Unplanned outage,A03,,2020-06-24 23:00:00+02:00,3RML84CLJDjbbHD2HKV8JQ,380.0,Fossil Hard coal,45W000000000016R,Denmark,Nordjyllandsvaerket,1,MAW,PT60M,1,2020-06-11 00:00:00+02:00
2020-06-23 17:48:18+02:00,300,DK_1,Unplanned outage,A03,,2020-06-23 17:45:00+02:00,oSrrvkL_I8NIg76b2jFTug,377.0,Fossil Hard coal,45W000000000017P,Denmark,Esbjergvaerket,1,MAW,PT1M,1,2020-06-23 17:35:00+02:00
2020-06-24 08:53:11+02:00,225,DK_1,Unplanned outage,A03,,2020-06-24 06:30:00+02:00,l4G-g8C_NMdYUuTi4Cwz1A,377.0,Fossil Hard coal,45W000000000017P,Denmark,Esbjergvaerket,1,MAW,PT15M,3,2020-06-24 06:15:00+02:00
2020-07-03 00:36:07+02:00,250,DK_1,Unplanned outage,A03,,2020-07-02 18:30:00+02:00,lxHAOsePha_gcZOsrz-VvQ,377.0,Fossil Hard coal,45W000000000017P,Denmark,Esbjergvaerket,1,MAW,PT15M,4,2020-07-02 18:15:00+02:00
2020-07-04 16:56:51+02:00,0,DK_1,Unplanned outage,A03,,2020-07-05 02:00:00+02:00,bqn5CFdylYThBRja3tr5hQ,357.0,Fossil Hard coal,45W000000000015T,Denmark,Studstrupvaerket,1,MAW,PT60M,4,2020-07-02 09:00:00+02:00
2020-09-10 13:00:43+02:00,0,DK_1,Unplanned outage,A03,,2020-10-03 23:59:00+02:00,DerAWY_biQrhKtrBZPe-hA,380.0,Fossil Hard coal,45W000000000016R,Denmark,Nordjyllandsvaerket,1,MAW,PT1M,10,2020-10-03 23:45:00+02:00
2020-11-25 10:57:17+01:00,409,DK_1,Unplanned outage,A03,,2020-11-25 12:00:00+01:00,hEgTwZm39KT_KsOazb5T5w,372.0,Fossil Hard coal,45W000000000014V,Denmark,Fynsvaerket,1,MAW,PT60M,4,2020-08-26 00:00:00+02:00
2020-08-17 08:28:39+02:00,170,DK_1,Unplanned outage,A03,,2020-08-17 08:15:00+02:00,HwDKlaYV9-fjKK5mB1k9ZA,357.0,Fossil Hard coal,45W000000000015T,Denmark,Studstrupvaerket,1,MAW,PT15M,2,2020-08-17 08:00:00+02:00
2020-08-20 13:31:48+02:00,0,DK_1,Unplanned outage,A03,,2020-08-20 17:00:00+02:00,ZcUB_CLWKssy33FjE0FraQ,357.0,Fossil Hard coal,45W000000000015T,Denmark,Studstrupvaerket,1,MAW,PT60M,3,2020-08-20 12:00:00+02:00
2020-08-20 18:19:51+02:00,100,DK_1,Unplanned outage,A03,,2020-08-20 19:03:00+02:00,r-PZ_27_28fl7LVT7JSDnw,357.0,Fossil Hard coal,45W000000000015T,Denmark,Studstrupvaerket,1,MAW,PT1M,1,2020-08-20 19:00:00+02:00
2020-08-21 12:45:11+02:00,210,DK_1,Unplanned outage,A03,,2020-08-21 11:30:00+02:00,TEKG5yOi7x4ls3-rMctHGg,357.0,Fossil Hard coal,45W000000000015T,Denmark,Studstrupvaerket,1,MAW,PT30M,3,2020-08-21 11:00:00+02:00
2020-09-08 15:42:42+02:00,60,DK_1,Unplanned outage,A03,,2020-09-07 13:00:00+02:00,85Zge_mCelZxREGzpv-9gg,357.0,Fossil Hard coal,45W000000000015T,Denmark,Studstrupvaerket,1,MAW,PT30M,5,2020-09-07 12:30:00+02:00
2020-09-24 11:53:11+02:00,0,DK_1,Unplanned outage,A03,,2020-09-24 12:30:00+02:00,-aWPpTEaiy79txBpvSk4Qw,392.0,Fossil Gas,45W0000000000110,Denmark,Skaerbaekvaerket,1,MAW,PT30M,4,2020-09-24 12:00:00+02:00
2020-09-25 13:55:12+02:00,0,DK_1,Unplanned outage,A03,,2020-09-25 13:45:00+02:00,0zHLCsbeiZojytSwUnZ2RA,392.0,Fossil Gas,45W0000000000110,Denmark,Skaerbaekvaerket,1,MAW,PT1M,1,2020-09-25 13:40:00+02:00
2020-09-27 19:53:49+02:00,160,DK_1,Unplanned outage,A03,,2020-09-27 19:30:00+02:00,_9MYRQBljutv8zut61I4RQ,359.0,Fossil Hard coal,45W000000000015T,Denmark,Studstrupvaerket,1,MAW,PT30M,2,2020-09-27 18:30:00+02:00
2020-09-28 09:50:39+02:00,0,DK_1,Unplanned outage,A03,,2020-09-28 11:30:00+02:00,aLBsWkZpBf0fl4WCnhb8NQ,392.0,Fossil Gas,45W0000000000110,Denmark,Skaerbaekvaerket,1,MAW,PT30M,2,2020-09-28 11:00:00+02:00
2020-09-28 12:59:41+02:00,0,DK_1,Unplanned outage,A03,,2020-09-28 13:00:00+02:00,cJ6VoS4P4kOjpk5YbkN6vw,392.0,Fossil Gas,45W0000000000110,Denmark,Skaerbaekvaerket,1,MAW,PT1M,1,2020-09-28 12:49:00+02:00
2020-09-30 11:56:14+02:00,0,DK_1,Unplanned outage,A03,,2020-09-30 12:30:00+02:00,J2Yn4JEZ8mOIPPk8rtvznw,377.0,Fossil Hard coal,45W000000000017P,Denmark,Esbjergvaerket,1,MAW,PT30M,2,2020-09-30 12:00:00+02:00
2020-09-30 22:39:29+02:00,0,DK_1,Unplanned outage,A03,,2020-09-30 20:30:00+02:00,ZEVFnyJk3-4rD4hsTj3b4w,359.0,Fossil Hard coal,45W000000000015T,Denmark,Studstrupvaerket,1,MAW,PT15M,2,2020-09-30 20:15:00+02:00
2020-10-05 10:53:13+02:00,260,DK_1,Unplanned outage,A03,,2020-10-05 10:45:00+02:00,JnJSFxLhrY7Oxde1FEJW0w,359.0,Fossil Hard coal,45W000000000015T,Denmark,Studstrupvaerket,1,MAW,PT15M,2,2020-10-05 10:15:00+02:00
2020-10-07 22:21:58+02:00,0,DK_1,Unplanned outage,A03,,2020-10-07 23:00:00+02:00,PqNqD6z3Q9wZqXwJgs_WtA,380.0,Fossil Hard coal,45W000000000016R,Denmark,Nordjyllandsvaerket,1,MAW,PT60M,3,2020-10-07 17:00:00+02:00
2020-10-08 00:11:01+02:00,0,DK_1,Unplanned outage,A03,,2020-10-08 01:00:00+02:00,r-zlyOqxUmoi57l49VaoVg,359.0,Fossil Hard coal,45W000000000015T,Denmark,Studstrupvaerket,1,MAW,PT60M,1,2020-10-08 00:00:00+02:00
2020-10-09 23:00:29+02:00,0,DK_1,Unplanned outage,A03,,2020-10-10 04:00:00+02:00,-3CTe8ZivQCWSc1O2V0UWw,380.0,Fossil Hard coal,45W000000000016R,Denmark,Nordjyllandsvaerket,1,MAW,PT60M,1,2020-10-10 01:00:00+02:00
2020-10-12 18:23:20+02:00,200,DK_1,Unplanned outage,A03,,2020-10-12 23:00:00+02:00,RpQJSo8cY_X_BLjZGNibZg,377.0,Fossil Hard coal,45W000000000017P,Denmark,Esbjergvaerket,1,MAW,PT60M,3,2020-10-12 08:00:00+02:00
2020-10-21 12:02:42+02:00,300,DK_1,Unplanned outage,A03,,2020-09-28 21:30:00+02:00,9fD9y9drw3mxP2jSg3VIZA,392.0,Fossil Gas,45W0000000000110,Denmark,Skaerbaekvaerket,1,MAW,PT1M,5,2020-09-28 21:25:00+02:00
2020-10-22 10:32:59+02:00,0,DK_1,Unplanned outage,A03,,2020-10-23 09:00:00+02:00,UajGAmbv7tAQRV_0uizuwg,380.0,Fossil Hard coal,45W000000000016R,Denmark,Nordjyllandsvaerket,1,MAW,PT60M,2,2020-10-19 22:00:00+02:00
2020-10-23 17:13:17+02:00,0,DK_1,Unplanned outage,A03,,2020-10-23 20:00:00+02:00,hMLAvzYXRWkGn669vvydpw,380.0,Fossil Hard coal,45W000000000016R,Denmark,Nordjyllandsvaerket,1,MAW,PT60M,3,2020-10-23 13:00:00+02:00
2020-10-30 07:47:37+01:00,150,DK_1,Unplanned outage,A03,,2020-10-30 07:43:00+01:00,KsdYachr0rXV_Fm22IVq7w,377.0,Fossil Hard coal,45W000000000017P,Denmark,Esbjergvaerket,1,MAW,PT1M,2,2020-10-30 07:25:00+01:00
2020-11-10 02:46:47+01:00,0,DK_1,Unplanned outage,A03,,2020-11-10 02:30:00+01:00,kPvPQfIOPb7wrnLEbn_29g,392.0,Fossil Gas,45W0000000000110,Denmark,Skaerbaekvaerket,1,MAW,PT30M,2,2020-11-10 02:00:00+01:00
2020-11-17 22:51:11+01:00,0,DK_1,Unplanned outage,A03,,2020-11-17 22:30:00+01:00,1Lhd4JvcynUGWBKhUjMWLw,359.0,Fossil Hard coal,45W000000000015T,Denmark,Studstrupvaerket,1,MAW,PT30M,2,2020-11-17 22:00:00+01:00
2020-11-18 21:21:55+01:00,0,DK_1,Unplanned outage,A03,,2020-11-19 00:00:00+01:00,mcTbiK1-h1p9zPBsztCl_g,359.0,Fossil Hard coal,45W000000000015T,Denmark,Studstrupvaerket,1,MAW,PT60M,1,2020-11-18 22:00:00+01:00
2020-11-29 12:19:19+01:00,240,DK_1,Unplanned outage,A03,,2020-11-29 10:00:00+01:00,VEzM8znLhLo-TjPCKycETA,377.0,Fossil Hard coal,45W000000000017P,Denmark,Esbjergvaerket,1,MAW,PT60M,4,2020-11-28 00:00:00+01:00
2020-12-01 07:43:38+01:00,240,DK_1,Unplanned outage,A03,,2020-11-29 20:00:00+01:00,u4v6DaLUi6yIXs0Z15Uo9Q,377.0,Fossil Hard coal,45W000000000017P,Denmark,Esbjergvaerket,1,MAW,PT15M,8,2020-11-29 19:45:00+01:00
2020-12-01 10:30:16+01:00,225,DK_1,Unplanned outage,A03,,2020-12-01 10:30:00+01:00,Jw2PXBoKDzG1ir4qBAqoMw,359.0,Fossil Hard coal,45W000000000015T,Denmark,Studstrupvaerket,1,MAW,PT1M,1,2020-12-01 10:17:00+01:00
2020-12-02 02:07:55+01:00,20,DK_1,Unplanned outage,A03,,2020-12-02 02:00:00+01:00,c_E6krpA6rFi_wEKgYJNKg,357.0,Fossil Hard coal,45W000000000015T,Denmark,Studstrupvaerket,1,MAW,PT1M,1,2020-12-02 01:55:00+01:00
2020-12-09 19:12:30+01:00,295,DK_1,Unplanned outage,A03,,2020-12-09 12:00:00+01:00,jyfkMgqaeA9yxnUQiBqw5w,377.0,Fossil Hard coal,45W000000000017P,Denmark,Esbjergvaerket,1,MAW,PT15M,3,2020-12-09 11:45:00+01:00
2020-12-11 11:57:11+01:00,0,DK_1,Unplanned outage,A03,,2020-11-10 04:00:00+01:00,-u07rvaqfz7NPuIO42zJpA,392.0,Fossil Gas,45W0000000000110,Denmark,Skaerbaekvaerket,1,MAW,PT30M,8,2020-11-10 03:30:00+01:00
2020-12-13 05:49:38+01:00,0,DK_1,Unplanned outage,A03,,2020-12-10 00:15:00+01:00,11H3Be82nVoKaIZkqyt3GQ,380.0,Fossil Hard coal,45W000000000016R,Denmark,Nordjyllandsvaerket,1,MAW,PT1M,4,2020-12-10 00:01:00+01:00
2020-12-13 09:49:10+01:00,0,DK_1,Unplanned outage,A03,,2020-12-13 10:00:00+01:00,1YIUXYaIqZPqHb0vRhqw8A,380.0,Fossil Hard coal,45W000000000016R,Denmark,Nordjyllandsvaerket,1,MAW,PT15M,1,2020-12-13 09:45:00+01:00
2020-12-17 11:22:43+01:00,300,DK_1,Unplanned outage,A03,,2020-12-17 11:15:00+01:00,kQw7O8oc1fo9MxqF-Mv7VA,392.0,Fossil Gas,45W0000000000110,Denmark,Skaerbaekvaerket,1,MAW,PT1M,1,2020-12-17 11:07:00+01:00
2020-12-23 17:38:48+01:00,0,DK_1,Unplanned outage,A03,,2020-12-22 18:15:00+01:00,Us8PnXeIh5treF2WkGNXgA,392.0,Fossil Gas,45W0000000000110,Denmark,Skaerbaekvaerket,1,MAW,PT1M,6,2020-12-22 18:11:00+01:00
2020-12-28 17:15:48+01:00,0,DK_1,Unplanned outage,A03,,2020-12-25 00:00:00+01:00,D_yT1IenQOQk8xsMBXLtzA,380.0,Fossil Hard coal,45W000000000016R,Denmark,Nordjyllandsvaerket,1,MAW,PT1M,5,2020-12-24 23:59:00+01:00
2020-12-30 12:01:14+01:00,0,DK_1,Unplanned outage,A03,,2020-12-30 14:00:00+01:00,8iGsBzUqIYQowEbB6zK9xg,392.0,Fossil Gas,45W0000000000110,Denmark,Skaerbaekvaerket,1,MAW,PT60M,1,2020-12-30 12:00:00+01:00
2021-01-05 05:08:06+01:00,0,DK_1,Unplanned outage,A03,,2021-01-05 04:45:00+01:00,sGID8EixEdeaaz0JQSNfbQ,357.0,Fossil Hard coal,45W000000000015T,Denmark,Studstrupvaerket,1,MAW,PT15M,2,2021-01-05 04:30:00+01:00
2021-01-08 04:16:05+01:00,0,DK_1,Unplanned outage,A03,,2021-01-08 04:15:00+01:00,JNdcjLIFZvxzLqysCQBZDQ,392.0,Fossil Gas,45W0000000000110,Denmark,Skaerbaekvaerket,1,MAW,PT1M,1,2021-01-08 04:05:00+01:00
2021-01-08 09:05:37+01:00,250,DK_1,Unplanned outage,A03,,2021-01-08 05:45:00+01:00,AVJp0XsfRkAFiIFKhKsqbw,392.0,Fossil Gas,45W0000000000110,Denmark,Skaerbaekvaerket,1,MAW,PT1M,1,2021-01-08 05:36:00+01:00
2021-01-12 06:27:08+01:00,380,DK_1,Unplanned outage,A03,,2021-01-12 05:00:00+01:00,VmhvaZ8J_XZL6PKT3PlvAg,359.0,Fossil Hard coal,45W000000000015T,Denmark,Studstrupvaerket,1,MAW,PT30M,2,2021-01-12 04:30:00+01:00
2021-01-14 12:25:42+01:00,180,DK_1,Unplanned outage,A03,,2021-01-14 12:30:00+01:00,WwY2_SGYYJWRClJtV_NssA,357.0,Fossil Hard coal,45W000000000015T,Denmark,Studstrupvaerket,1,MAW,PT1M,1,2021-01-14 12:18:00+01:00
2021-01-14 15:51:45+01:00,180,DK_1,Unplanned outage,A03,,2021-01-14 15:45:00+01:00,xfKfiIJHVM-vB0aPjLo5Kg,359.0,Fossil Hard coal,45W000000000015T,Denmark,Studstrupvaerket,1,MAW,PT15M,2,2021-01-14 15:30:00+01:00
2021-01-19 13:50:57+01:00,110,DK_1,Unplanned outage,A03,,2021-01-19 15:00:00+01:00,YpwG7rRSRD_rvbTt9y1SFQ,357.0,Fossil Hard coal,45W000000000015T,Denmark,Studstrupvaerket,1,MAW,PT60M,2,2021-01-19 13:00:00+01:00
2021-01-21 10:25:13+01:00,250,DK_1,Unplanned outage,A03,,2021-01-21 18:00:00+01:00,M4XWCWgPlDV1Y81Hn0FHHQ,380.0,Fossil Hard coal,45W000000000016R,Denmark,Nordjyllandsvaerket,1,MAW,PT60M,1,2021-01-21 10:00:00+01:00
2021-01-21 11:34:29+01:00,250,DK_1,Unplanned outage,A03,,2021-01-21 11:00:00+01:00,kDuKh1qSGZqQZrhzUZrZaQ,380.0,Fossil Hard coal,45W000000000016R,Denmark,Nordjyllandsvaerket,1,MAW,PT60M,1,2021-01-21 10:00:00+01:00
2021-01-22 08:14:40+01:00,175,DK_1,Unplanned outage,A03,,2021-01-22 08:00:00+01:00,E8vf5PW20sotXOwuAhI-bw,357.0,Fossil Hard coal,45W000000000015T,Denmark,Studstrupvaerket,1,MAW,PT15M,2,2021-01-22 07:45:00+01:00
2021-01-23 17:42:21+01:00,180,DK_1,Unplanned outage,A03,,2021-01-23 07:45:00+01:00,_CMemkfIWhUL98aM3vPy1A,357.0,Fossil Hard coal,45W000000000015T,Denmark,Studstrupvaerket,1,MAW,PT1M,4,2021-01-23 07:43:00+01:00
2021-01-27 03:19:37+01:00,180,DK_1,Unplanned outage,A03,,2021-01-26 16:30:00+01:00,B2xgKL4JGL2YuMIIUe7jpQ,357.0,Fossil Hard coal,45W000000000015T,Denmark,Studstrupvaerket,1,MAW,PT15M,2,2021-01-26 16:15:00+01:00
2021-01-27 09:11:13+01:00,180,DK_1,Unplanned outage,A03,,2021-01-27 09:15:00+01:00,GwlCT-3Fbd45SdHx8Xdmdg,357.0,Fossil Hard coal,45W000000000015T,Denmark,Studstrupvaerket,1,MAW,PT1M,1,2021-01-27 09:05:00+01:00
2021-01-30 06:48:07+01:00,0,DK_1,Unplanned outage,A03,,2021-01-30 01:30:00+01:00,B6vuEMKJXpaU2iijym_WSg,377.0,Fossil Hard coal,45W000000000017P,Denmark,Esbjergvaerket,1,MAW,PT15M,4,2021-01-30 01:15:00+01:00
2021-02-11 08:04:24+01:00,305,DK_1,Unplanned outage,A03,,2021-02-11 08:00:00+01:00,uwqhmntjdh89CBOpJjMsxQ,392.0,Fossil Gas,45W0000000000110,Denmark,Skaerbaekvaerket,1,MAW,PT1M,1,2021-02-11 07:55:00+01:00
2021-02-11 23:12:16+01:00,0,DK_1,Unplanned outage,A03,,2021-02-11 22:30:00+01:00,0HMdmtmNqgh_AZfUhPkdKA,392.0,Fossil Gas,45W0000000000110,Denmark,Skaerbaekvaerket,1,MAW,PT1M,1,2021-02-11 22:27:00+01:00
2021-02-15 11:55:59+01:00,0,DK_1,Unplanned outage,A03,,2021-02-15 10:15:00+01:00,QHmp5DIPjaVp8A7huh8i-w,377.0,Fossil Hard coal,45W000000000017P,Denmark,Esbjergvaerket,1,MAW,PT1M,2,2021-02-15 10:05:00+01:00
2021-03-03 01:43:03+01:00,220,DK_1,Unplanned outage,A03,,2021-03-02 16:00:00+01:00,CStr_0m85JBXXBjJEVw-VA,357.0,Fossil Hard coal,45W000000000015T,Denmark,Studstrupvaerket,1,MAW,PT30M,2,2021-03-02 15:30:00+01:00
2021-03-04 09:26:14+01:00,0,DK_1,Unplanned outage,A03,,2021-02-13 11:00:00+01:00,kSAKT9TNY4UujUuTfQG9ig,380.0,Fossil Hard coal,45W000000000016R,Denmark,Nordjyllandsvaerket,1,MAW,PT15M,8,2021-02-13 10:45:00+01:00
2021-03-05 23:40:32+01:00,250,DK_1,Unplanned outage,A03,,2021-03-05 21:00:00+01:00,ST2O5-Y8miAOLrnnTce27g,380.0,Fossil Hard coal,45W000000000016R,Denmark,Nordjyllandsvaerket,1,MAW,PT30M,2,2021-03-05 20:30:00+01:00
2021-03-12 09:12:40+01:00,125,DK_1,Unplanned outage,A03,,2021-03-08 06:00:00+01:00,wy7RLS3pBu-68aZ6rx5Bew,377.0,Fossil Hard coal,45W000000000017P,Denmark,Esbjergvaerket,1,MAW,PT1M,7,2021-03-08 05:51:00+01:00
2021-03-15 08:58:41+01:00,250,DK_1,Unplanned outage,A03,,2021-03-15 08:59:00+01:00,J3Ls76m-IHxSbQ20RvFStA,380.0,Fossil Hard coal,45W000000000016R,Denmark,Nordjyllandsvaerket,1,MAW,PT1M,6,2021-03-15 08:45:00+01:00
2021-03-15 12:27:44+01:00,0,DK_1,Unplanned outage,A03,,2021-03-14 16:00:00+01:00,BmAqt6ugPsnNl7BWQ28RPw,372.0,Fossil Hard coal,45W000000000014V,Denmark,Fynsvaerket,1,MAW,PT15M,15,2021-03-14 15:45:00+01:00
2021-03-22 23:43:04+01:00,180,DK_1,Unplanned outage,A03,,2021-03-23 01:00:00+01:00,Gxi-y73OnVDXUfZdm5oQIg,359.0,Fossil Hard coal,45W000000000015T,Denmark,Studstrupvaerket,1,MAW,PT60M,1,2021-03-23 00:00:00+01:00
2021-03-23 04:11:06+01:00,0,DK_1,Unplanned outage,A03,,2021-03-23 04:00:00+01:00,v5okdGm9Clfzxr_SwXiAWg,357.0,Fossil Hard coal,45W000000000015T,Denmark,Studstrupvaerket,1,MAW,PT60M,2,2021-03-23 03:00:00+01:00
2021-03-25 16:45:18+01:00,180,DK_1,Unplanned outage,A03,,2021-03-25 15:00:00+01:00,50Rg8iytCREYe1oYLOzB3Q,357.0,Fossil Hard coal,45W000000000015T,Denmark,Studstrupvaerket,1,MAW,PT15M,2,2021-03-25 14:45:00+01:00
2021-03-31 12:45:44+02:00,90,DK_1,Unplanned outage,A03,,2021-03-29 14:00:00+02:00,R1niSUSZzaHQUPm81jOZ_A,392.0,Fossil Gas,45W0000000000110,Denmark,Skaerbaekvaerket,1,MAW,PT15M,2,2021-03-29 13:45:00+02:00
2021-04-02 14:40:47+02:00,0,DK_1,Unplanned outage,A03,,2021-04-02 14:30:00+02:00,HyxzBWvhnKDR1LkVZXMvgg,359.0,Fossil Hard coal,45W000000000015T,Denmark,Studstrupvaerket,1,MAW,PT30M,2,2021-04-02 14:00:00+02:00
2021-04-27 15:13:51+02:00,412,DK_1,Unplanned outage,A03,,2021-04-19 18:00:00+02:00,hsQz2LDoyjNQ2lP78-y2Sg,380.0,Fossil Hard coal,45W000000000016R,Denmark,Nordjyllandsvaerket,1,MAW,PT60M,5,2021-04-19 09:00:00+02:00
2021-05-10 01:46:31+02:00,0,DK_1,Unplanned outage,A03,,2021-05-09 14:15:00+02:00,5_GXluqND9Q8OMCNEqMwCQ,377.0,Fossil Hard coal,45W000000000017P,Denmark,Esbjergvaerket,1,MAW,PT1M,2,2021-05-09 14:02:00+02:00
2021-05-27 16:55:07+02:00,0,DK_1,Unplanned outage,A03,,2021-05-27 23:00:00+02:00,0pTPh0wXgHSZeVafY-OiDw,377.0,Fossil Hard coal,45W000000000017P,Denmark,Esbjergvaerket,1,MAW,PT60M,3,2021-05-24 13:00:00+02:00
2021-06-15 23:43:46+02:00,0,DK_1,Unplanned outage,A03,,2021-06-16 04:00:00+02:00,xtNMBJqP9mIU4iiF_ZxjQw,357.0,Fossil Hard coal,45W000000000015T,Denmark,Studstrupvaerket,1,MAW,PT60M,1,2021-06-16 00:00:00+02:00
2021-06-19 17:06:16+02:00,150,DK_1,Unplanned outage,A03,,2021-06-19 16:00:00+02:00,4tV0P7SfZSeIuJqZ-xNBPQ,357.0,Fossil Hard coal,45W000000000015T,Denmark,Studstrupvaerket,1,MAW,PT60M,2,2021-06-19 11:00:00+02:00
2021-06-23 12:01:20+02:00,280,DK_1,Unplanned outage,A03,,2021-06-23 04:30:00+02:00,Bp7WXg_z69RstI1XsvEaug,357.0,Fossil Hard coal,45W000000000015T,Denmark,Studstrupvaerket,1,MAW,PT15M,2,2021-06-23 04:15:00+02:00
2021-06-27 23:10:59+02:00,0,DK_1,Unplanned outage,A03,,2021-06-28 12:00:00+02:00,mw8run9ckBkHyWMXP1bamg,380.0,Fossil Hard coal,45W000000000016R,Denmark,Nordjyllandsvaerket,1,MAW,PT60M,3,2021-06-27 17:00:00+02:00
2021-06-28 18:53:24+02:00,0,DK_1,Unplanned outage,A03,,2021-06-28 20:00:00+02:00,v6Xjtjk-MP-fm7v49qGrmQ,380.0,Fossil Hard coal,45W000000000016R,Denmark,Nordjyllandsvaerket,1,MAW,PT60M,3,2021-06-28 13:00:00+02:00
2021-07-02 11:26:43+02:00,200,DK_1,Unplanned outage,A03,,2021-06-29 08:30:00+02:00,AofWYwj-CTHXFUCL9_vlAw,377.0,Fossil Hard coal,45W000000000017P,Denmark,Esbjergvaerket,1,MAW,PT1M,2,2021-06-29 08:29:00+02:00
2021-07-02 11:39:12+02:00,0,DK_1,Unplanned outage,A03,,2021-06-17 21:15:00+02:00,o2hNHDpeUX1DQBSA3h4Eog,392.0,Fossil Gas,45W0000000000110,Denmark,Skaerbaekvaerket,1,MAW,PT1M,3,2021-06-17 21:05:00+02:00
2021-07-06 11:11:49+02:00,0,DK_1,Unplanned outage,A03,,2021-07-06 05:30:00+02:00,kx3YIZLcZ-HD6OT-j4a11Q,380.0,Fossil Hard coal,45W000000000016R,Denmark,Nordjyllandsvaerket,1,MAW,PT1M,3,2021-07-06 05:25:00+02:00
2021-11-05 08:11:57+01:00,0,DK_1,Unplanned outage,A03,,2021-06-06 23:45:00+02:00,qkiRsFGa6hEwT7a90IR6mg,372.0,Fossil Hard coal,45W000000000014V,Denmark,Fynsvaerket,1,MAW,PT15M,34,2021-06-06 23:30:00+02:00
2021-07-16 15:27:15+02:00,0,DK_1,Unplanned outage,A03,,2021-07-16 23:59:00+02:00,kAVx1NdvirdrwF4lbvOCRw,380.0,Fossil Hard coal,45W000000000016R,Denmark,Nordjyllandsvaerket,1,MAW,PT1M,1,2021-07-16 23:45:00+02:00
2021-08-17 08:18:45+02:00,0,DK_1,Unplanned outage,A03,,2021-08-17 10:00:00+02:00,1EtVDx05Im2kP8gQ3D9ooA,357.0,Fossil Hard coal,45W000000000015T,Denmark,Studstrupvaerket,1,MAW,PT60M,1,2021-08-17 09:00:00+02:00
2021-08-19 11:11:12+02:00,280,DK_1,Unplanned outage,A03,,2021-08-19 11:00:00+02:00,XRxWyTCEBhcryIw3UrltiA,380.0,Fossil Hard coal,45W000000000016R,Denmark,Nordjyllandsvaerket,1,MAW,PT60M,2,2021-08-19 07:00:00+02:00
2021-08-28 04:35:14+02:00,240,DK_1,Unplanned outage,A03,,2021-08-28 05:00:00+02:00,xfMebMcyNtPmMN_x9Qs38Q,357.0,Fossil Hard coal,45W000000000015T,Denmark,Studstrupvaerket,1,MAW,PT30M,1,2021-08-28 04:30:00+02:00
2021-08-29 17:18:19+02:00,240,DK_1,Unplanned outage,A03,,2021-08-29 11:00:00+02:00,GdNcKZOAWUh9Badp_Nlpzw,357.0,Fossil Hard coal,45W000000000015T,Denmark,Studstrupvaerket,1,MAW,PT30M,2,2021-08-29 10:30:00+02:00
2021-09-03 14:10:16+02:00,240,DK_1,Unplanned outage,A03,,2021-09-03 14:00:00+02:00,bUxR6iEo53IohK1hxVaX1Q,357.0,Fossil Hard coal,45W000000000015T,Denmark,Studstrupvaerket,1,MAW,PT60M,2,2021-09-03 11:00:00+02:00
2021-09-24 11:08:45+02:00,150,DK_1,Unplanned outage,A03,,2021-09-24 11:00:00+02:00,0DV8-wxZDviadtg07oyCIw,359.0,Fossil Hard coal,45W000000000015T,Denmark,Studstrupvaerket,1,MAW,PT1M,1,2021-09-24 10:56:00+02:00
2021-10-11 08:58:41+02:00,0,DK_1,Unplanned outage,A03,,2021-10-13 23:45:00+02:00,KgD61kumnHILr3xBlDKZUg,380.0,Fossil Hard coal,45W000000000016R,Denmark,Nordjyllandsvaerket,1,MAW,PT15M,4,2021-10-13 23:30:00+02:00
2021-10-27 20:48:40+02:00,0,DK_1,Unplanned outage,A03,,2021-10-27 22:00:00+02:00,SURE5a9Z0Ov_bid6fenqjg,359.0,Fossil Hard coal,45W000000000015T,Denmark,Studstrupvaerket,1,MAW,PT60M,1,2021-10-27 21:00:00+02:00
2021-11-08 00:27:05+01:00,0,DK_1,Unplanned outage,A03,,2021-11-07 23:30:00+01:00,RbdEwdcehjEm6gSH42zycg,377.0,Fossil Hard coal,45W000000000017P,Denmark,Esbjergvaerket,1,MAW,PT15M,2,2021-11-07 23:15:00+01:00
2021-11-26 09:59:13+01:00,0,DK_1,Unplanned outage,A03,,2021-11-18 16:00:00+01:00,gdtzz08-4WczggDlQ3EGVQ,372.0,Fossil Hard coal,45W000000000014V,Denmark,Fynsvaerket,1,MAW,PT15M,36,2021-11-18 15:45:00+01:00
2021-12-03 09:37:12+01:00,0,DK_1,Unplanned outage,A03,,2021-12-03 09:26:00+01:00,DAoKFdCe3FF-AfxCJArvmg,357.0,Fossil Hard coal,45W000000000015T,Denmark,Studstrupvaerket,1,MAW,PT1M,2,2021-12-03 09:15:00+01:00
2021-12-03 12:19:01+01:00,200,DK_1,Unplanned outage,A03,,2021-12-03 11:30:00+01:00,M_GtS_Otgey1orxcLIm6wA,357.0,Fossil Hard coal,45W000000000015T,Denmark,Studstrupvaerket,1,MAW,PT1M,2,2021-12-03 11:25:00+01:00
2021-12-10 15:47:23+01:00,0,DK_1,Unplanned outage,A03,,2021-12-04 20:00:00+01:00,6PdgyL4QjI3uQW8zesgTBA,357.0,Fossil Hard coal,45W000000000015T,Denmark,Studstrupvaerket,1,MAW,PT1M,5,2021-12-04 19:50:00+01:00
2021-12-11 14:41:48+01:00,0,DK_1,Unplanned outage,A03,,2021-12-11 16:30:00+01:00,boxEZaP2jCLGv22lJPyoMQ,359.0,Fossil Hard coal,45W000000000015T,Denmark,Studstrupvaerket,1,MAW,PT30M,1,2021-12-11 16:00:00+01:00
2021-12-30 14:13:21+01:00,0,DK_1,Unplanned outage,A03,,2021-12-30 01:00:00+01:00,j-nfaz8atkJV20CirqcW1w,377.0,Fossil Hard coal,45W000000000017P,Denmark,Esbjergvaerket,1,MAW,PT1M,2,2021-12-30 00:52:00+01:00
2022-01-04 13:43:43+01:00,0,DK_1,Unplanned outage,A03,,2022-01-02 18:30:00+01:00,S9sM98ZYaCRpXyNejdEc1w,357.0,Fossil Hard coal,45W000000000015T,Denmark,Studstrupvaerket,1,MAW,PT15M,5,2022-01-02 18:15:00+01:00
2022-01-28 23:20:19+01:00,0,DK_1,Unplanned outage,A03,,2022-01-29 07:00:00+01:00,R1HRpRCpeEy4xAFKL6TFzg,380.0,Fossil Hard coal,45W000000000016R,Denmark,Nordjyllandsvaerket,1,MAW,PT60M,3,2022-01-27 11:00:00+01:00
2022-01-31 09:22:50+01:00,0,DK_1,Unplanned outage,A03,,2022-01-31 06:30:00+01:00,Rd-xJv3NCa0s5zAo8uSO9g,380.0,Fossil Hard coal,45W000000000016R,Denmark,Nordjyllandsvaerket,1,MAW,PT15M,3,2022-01-31 06:15:00+01:00
2022-02-07 10:44:55+01:00,0,DK_1,Unplanned outage,A03,,2022-02-07 19:00:00+01:00,MpfVhirTCkhAcseNQSQ8KQ,380.0,Fossil Hard coal,45W000000000016R,Denmark,Nordjyllandsvaerket,1,MAW,PT60M,2,2022-02-06 20:00:00+01:00
2022-02-11 14:05:08+01:00,0,DK_1,Unplanned outage,A03,,2022-02-11 14:45:00+01:00,igtBFypDDQgsgOPQmzykDQ,357.0,Fossil Hard coal,45W000000000015T,Denmark,Studstrupvaerket,1,MAW,PT15M,1,2022-02-11 14:30:00+01:00
2022-02-16 18:02:15+01:00,0,DK_1,Unplanned outage,A03,,2022-02-16 21:00:00+01:00,eEbZgpx8EWqW7yHxGH1XQA,357.0,Fossil Hard coal,45W000000000015T,Denmark,Studstrupvaerket,1,MAW,PT60M,1,2022-02-16 20:00:00+01:00
2022-02-19 08:16:13+01:00,0,DK_1,Unplanned outage,A03,,2022-02-19 08:13:00+01:00,j25lYHilr-vTAixF3WBx0g,359.0,Fossil Hard coal,45W000000000015T,Denmark,Studstrupvaerket,1,MAW,PT1M,3,2022-02-19 08:00:00+01:00
2022-02-23 13:09:42+01:00,150,DK_1,Unplanned outage,A03,,2022-02-18 11:30:00+01:00,y8AzsOWUeAvqgIfUpRC6RQ,357.0,Fossil Hard coal,45W000000000015T,Denmark,Studstrupvaerket,1,MAW,PT1M,4,2022-02-18 11:23:00+01:00
2022-02-25 21:21:43+01:00,0,DK_1,Unplanned outage,A03,,2022-02-25 21:30:00+01:00,hpA6lRAKifYt4-zCviaXeg,377.0,Fossil Hard coal,45W000000000017P,Denmark,Esbjergvaerket,1,MAW,PT15M,1,2022-02-25 21:15:00+01:00
2022-02-26 07:21:05+01:00,0,DK_1,Unplanned outage,A03,,2022-02-25 23:30:00+01:00,kj-C74LpnI6YrBMJQ48GPw,357.0,Fossil Hard coal,45W000000000015T,Denmark,Studstrupvaerket,1,MAW,PT1M,2,2022-02-25 23:20:00+01:00
2022-03-20 13:06:09+01:00,0,DK_1,Unplanned outage,A03,,2022-03-19 04:00:00+01:00,mnZfFDsegGjPu2smYwSY-Q,357.0,Fossil Hard coal,45W000000000015T,Denmark,Studstrupvaerket,1,MAW,PT1M,2,2022-03-19 03:51:00+01:00
2022-03-26 03:13:38+01:00,0,DK_1,Unplanned outage,A03,,2022-03-26 05:00:00+01:00,xbQYWZbfib8itQ_iFPZDfA,359.0,Fossil Hard coal,45W000000000015T,Denmark,Studstrupvaerket,1,MAW,PT60M,1,2022-03-26 04:00:00+01:00
2022-03-26 17:21:31+01:00,200,DK_1,Unplanned outage,A03,,2022-03-26 17:15:00+01:00,M7bqmeIVyPzJrc51D6ijKw,357.0,Fossil Hard coal,45W000000000015T,Denmark,Studstrupvaerket,1,MAW,PT1M,1,2022-03-26 17:02:00+01:00
2022-04-11 12:01:46+02:00,300,DK_1,Unplanned outage,A03,,2022-04-11 11:30:00+02:00,vcgD4OuqFdKeTa_liTCJcQ,377.0,Fossil Hard coal,45W000000000017P,Denmark,Esbjergvaerket,1,MAW,PT30M,3,2022-04-11 11:00:00+02:00
2022-04-19 04:32:08+02:00,0,DK_1,Unplanned outage,A03,,2022-04-19 04:15:00+02:00,_LL04DOb_4C8ly5pHHiYIA,377.0,Fossil Hard coal,45W000000000017P,Denmark,Esbjergvaerket,1,MAW,PT1M,1,2022-04-19 04:03:00+02:00
2022-04-29 11:52:14+02:00,0,DK_1,Unplanned outage,A03,,2022-04-29 07:30:00+02:00,pRWkVoZI--SrTPi820uCBg,380.0,Fossil Hard coal,45W000000000016R,Denmark,Nordjyllandsvaerket,1,MAW,PT1M,4,2022-04-29 07:28:00+02:00
2022-05-18 12:56:12+02:00,240,DK_1,Unplanned outage,A03,,2022-05-18 16:00:00+02:00,x9uZxSSEFlAZqfPMPf1AjA,380.0,Fossil Hard coal,45W000000000016R,Denmark,Nordjyllandsvaerket,1,MAW,PT60M,1,2022-05-18 12:00:00+02:00
2022-05-18 15:02:46+02:00,0,DK_1,Unplanned outage,A03,,2022-05-18 15:00:00+02:00,oJnLbSzhL1bw-v6JMU5ZeQ,359.0,Fossil Hard coal,45W000000000015T,Denmark,Studstrupvaerket,1,MAW,PT1M,1,2022-05-18 14:48:00+02:00
2022-05-19 09:20:19+02:00,240,DK_1,Unplanned outage,A03,,2022-05-19 16:00:00+02:00,AN2rj5MOCF8L153IjKhBOg,380.0,Fossil Hard coal,45W000000000016R,Denmark,Nordjyllandsvaerket,1,MAW,PT60M,1,2022-05-19 12:00:00+02:00
2022-06-02 13:42:20+02:00,0,DK_1,Unplanned outage,A03,,2022-06-02 13:30:00+02:00,zo03UyAUCK8n8WvEr70qOA,359.0,Fossil Hard coal,45W000000000015T,Denmark,Studstrupvaerket,1,MAW,PT30M,2,2022-06-02 12:30:00+02:00
2022-06-30 05:30:42+02:00,0,DK_1,Unplanned outage,A03,,2022-06-30 05:00:00+02:00,OY76h8sgT6PDVSlydgqqVw,380.0,Fossil Hard coal,45W000000000016R,Denmark,Nordjyllandsvaerket,1,MAW,PT60M,6,2022-06-29 04:00:00+02:00
