2015-01-18 20:58:23+01:00,380,DK_1,Unplanned outage,A03,,2015-01-18 20:56:00+01:00,47oWNkZcik-iO2c4mZye_w,730.0,Fossil Hard coal,45V0000000000148,Denmark,Studstrupvaerket,1,MAW,PT1M,2,2015-01-18 19:55:00+01:00
2015-01-22 07:46:14+01:00,380,DK_1,Unplanned outage,A03,,2015-01-22 09:00:00+01:00,AVEPejM5StV7Ap1QzKW3QA,730.0,Fossil Hard coal,45V0000000000148,Denmark,Studstrupvaerket,1,MAW,PT1M,3,2015-01-22 03:05:00+01:00
2015-02-21 05:18:12+01:00,380,DK_1,Unplanned outage,A03,,2015-02-21 05:15:00+01:00,K-PtUmPajlpQ2Tv-O2kvdw,730.0,Fossil Hard coal,45V0000000000148,Denmark,Studstrupvaerket,1,MAW,PT1M,2,2015-02-21 01:58:00+01:00
2015-02-21 09:24:12+01:00,380,DK_1,Unplanned outage,A03,,2015-02-21 09:14:00+01:00,tvgYVh0nqmgHIpK5ZOU_9w,730.0,Fossil Hard coal,45V0000000000148,Denmark,Studstrupvaerket,1,MAW,PT1M,2,2015-02-21 06:52:00+01:00
2015-02-22 20:29:23+01:00,380,DK_1,Unplanned outage,A03,,2015-02-22 20:27:00+01:00,kvUxdIXbv7alkjlIn9yyLw,730.0,Fossil Hard coal,45V0000000000148,Denmark,Studstrupvaerket,1,MAW,PT1M,2,2015-02-22 18:18:00+01:00
2015-02-23 15:49:02+01:00,380,DK_1,Unplanned outage,A03,,2015-02-23 15:47:00+01:00,pljDhz9Y1KLOGJCGpCa8wA,730.0,Fossil Hard coal,45V0000000000148,Denmark,Studstrupvaerket,1,MAW,PT1M,2,2015-02-23 14:55:00+01:00
2015-02-24 14:55:14+01:00,380,DK_1,Unplanned outage,A03,,2015-02-24 14:47:00+01:00,FXHiFoZ-tRPgvRcqxXqHzA,730.0,Fossil Hard coal,45V0000000000148,Denmark,Studstrupvaerket,1,MAW,PT1M,2,2015-02-23 23:32:00+01:00
2015-03-03 01:25:24+01:00,265,DK_1,Unplanned outage,A03,,2015-03-03 01:21:00+01:00,K3e-NsLe-REaeUPWCiK3qQ,407.1,Fossil Hard coal,45V000000000013A,Denmark,Fynsvaerket,1,MAW,PT1M,2,2015-03-02 22:55:00+01:00
2015-03-23 09:24:13+01:00,0,DK_1,Unplanned outage,A03,,2015-03-23 12:59:00+01:00,4F-x5Dh-tRSM730ExOY_RA,399.6,Wind Offshore,45V000000000020D,Denmark,Anholt,1,MAW,PT1M,6,2015-02-21 13:25:00+01:00
2015-03-25 02:23:20+01:00,274,DK_1,Unplanned outage,A03,,2015-03-25 18:00:00+01:00,PEvU73mHYPDnPU6P3GGHfw,399.6,Wind Offshore,45V000000000020D,Denmark,Anholt,1,MAW,PT1M,5,2015-03-24 13:00:00+01:00
2015-03-29 08:14:06+02:00,35,DK_1,Unplanned outage,A03,,2015-03-29 08:10:00+02:00,ehaguzxB-SER2wIQWi_S6Q,407.1,Fossil Hard coal,45V000000000013A,Denmark,Fynsvaerket,1,MAW,PT1M,2,2015-03-29 04:57:00+02:00
2015-04-20 14:59:24+02:00,35,DK_1,Unplanned outage,A03,,2015-04-20 16:00:00+02:00,aXvhU9mUG5wzN9eTCdXHWg,407.1,Fossil Hard coal,45V000000000013A,Denmark,Fynsvaerket,1,MAW,PT1M,1,2015-04-20 14:20:00+02:00
2015-04-21 06:02:12+02:00,35,DK_1,Unplanned outage,A03,,2015-04-21 06:30:00+02:00,FBq6_GGOEjWcl1XPhFoY_w,407.1,Fossil Hard coal,45V000000000013A,Denmark,Fynsvaerket,1,MAW,PT1M,1,2015-04-21 05:13:00+02:00
2015-04-21 22:54:28+02:00,35,DK_1,Unplanned outage,A03,,2015-04-21 23:59:00+02:00,0OjKcSVPpMYkCnStZ27c_w,407.1,Fossil Hard coal,45V000000000013A,Denmark,Fynsvaerket,1,MAW,PT1M,1,2015-04-21 22:45:00+02:00
2015-04-26 00:41:27+02:00,380,DK_1,Unplanned outage,A03,,2015-04-26 01:00:00+02:00,8vlAE63AoTEObZ3ULs0mwg,730.0,Fossil Hard coal,45V0000000000148,Denmark,Studstrupvaerket,1,MAW,PT1M,1,2015-04-25 23:48:00+02:00
2015-04-30 22:26:27+02:00,35,DK_1,Unplanned outage,A03,,2015-04-30 23:30:00+02:00,K3Pf0x3_sxlVir8TBWrHSw,407.1,Fossil Hard coal,45V000000000013A,Denmark,Fynsvaerket,1,MAW,PT1M,1,2015-04-30 22:14:00+02:00
2015-05-01 10:18:23+02:00,0,DK_1,Unplanned outage,A03,,2015-05-01 10:15:00+02:00,IWBBMbJlAm2rpk_BwHwkHw,392.0,Fossil Gas,45V000000000010G,Denmark,Skaerbaekvaerket,1,MAW,PT1M,2,2015-05-01 09:00:00+02:00
2015-05-05 05:31:48+02:00,35,DK_1,Unplanned outage,A03,,2015-05-05 05:29:00+02:00,BngySYhk6-4FTvDwCyEm3g,407.1,Fossil Hard coal,45V000000000013A,Denmark,Fynsvaerket,1,MAW,PT1M,2,2015-05-05 03:43:00+02:00
2015-05-09 20:12:14+02:00,35,DK_1,Unplanned outage,A03,,2015-05-09 21:08:00+02:00,bTsFDRGCWIDgEJhFarIC_A,407.1,Fossil Hard coal,45V000000000013A,Denmark,Fynsvaerket,1,MAW,PT1M,1,2015-05-09 20:08:00+02:00
2015-05-15 00:06:06+02:00,210,DK_1,Unplanned outage,A03,,2015-05-15 00:01:00+02:00,TId7kgcgBG86tWLHnSo-Fg,690.0,Fossil Hard coal,45V0000000000156,Denmark,Nordjyllandsvaerket,1,MAW,PT1M,2,2015-05-14 20:31:00+02:00
2015-05-18 07:52:32+02:00,0,DK_1,Unplanned outage,A03,,2015-05-18 09:00:00+02:00,Wi1aT9J4Ln-LaI9wk6uilQ,392.0,Fossil Gas,45V000000000010G,Denmark,Skaerbaekvaerket,1,MAW,PT1M,1,2015-05-18 07:32:00+02:00
2015-05-23 23:21:46+02:00,35,DK_1,Unplanned outage,A03,,2015-05-23 23:59:00+02:00,Mh3NAMJCYHe1hCpP3DXZlQ,407.1,Fossil Hard coal,45V000000000013A,Denmark,Fynsvaerket,1,MAW,PT1M,1,2015-05-23 22:58:00+02:00
2015-07-03 16:59:21+02:00,210,DK_1,Unplanned outage,A03,,2015-07-03 18:00:00+02:00,UDbc17jTtYi2F6WwBSVxCA,690.0,Fossil Hard coal,45V0000000000156,Denmark,Nordjyllandsvaerket,1,MAW,PT1M,4,2015-07-03 09:52:00+02:00
2015-07-08 11:41:23+02:00,270,DK_1,Unplanned outage,A03,,2015-07-08 11:38:00+02:00,jTvjoKTWYcRhANSUzOza4Q,690.0,Fossil Hard coal,45V0000000000156,Denmark,Nordjyllandsvaerket,1,MAW,PT1M,3,2015-07-08 00:32:00+02:00
2015-07-15 19:21:45+02:00,380,DK_1,Unplanned outage,A03,,2015-07-15 19:45:00+02:00,YuCNC6dh94iKZjD4q1f5Sg,730.0,Fossil Hard coal,45V0000000000148,Denmark,Studstrupvaerket,1,MAW,PT1M,1,2015-07-15 18:35:00+02:00
2015-07-19 11:38:39+02:00,490,DK_1,Unplanned outage,A03,,2015-07-19 11:30:00+02:00,VflQoHeKfA8r0TjJVWKL6A,690.0,Fossil Hard coal,45V0000000000156,Denmark,Nordjyllandsvaerket,1,MAW,PT1M,2,2015-07-18 17:01:00+02:00
2015-07-20 16:07:01+02:00,496,DK_1,Unplanned outage,A03,,2015-07-20 15:05:00+02:00,FnUBuvUTSWEZva5UdcIlVA,690.0,Fossil Hard coal,45V0000000000156,Denmark,Nordjyllandsvaerket,1,MAW,PT1M,2,2015-07-20 10:41:00+02:00
2015-08-05 13:33:55+02:00,485,DK_1,Unplanned outage,A03,,2015-08-05 18:00:00+02:00,djok6JYjW62zAvewV9syGA,690.0,Fossil Hard coal,45V0000000000156,Denmark,Nordjyllandsvaerket,1,MAW,PT1M,1,2015-08-05 13:30:00+02:00
2015-08-19 17:41:47+02:00,380,DK_1,Unplanned outage,A03,,2015-08-19 17:26:00+02:00,-rZQH1fegKLZcjjIkssQdw,730.0,Fossil Hard coal,45V0000000000148,Denmark,Studstrupvaerket,1,MAW,PT1M,2,2015-08-19 15:50:00+02:00
2015-08-20 10:27:11+02:00,0,DK_1,Unplanned outage,A03,,2015-08-23 21:00:00+02:00,lT1bSU6D79KYYmo07rOSuw,392.0,Fossil Gas,45V000000000010G,Denmark,Skaerbaekvaerket,1,MAW,PT1M,2,2015-08-19 20:28:00+02:00
2015-08-22 15:56:22+02:00,510,DK_1,Unplanned outage,A03,,2015-08-22 15:54:00+02:00,TlT-emJ1QIc_L3QgGM9pIg,690.0,Fossil Hard coal,45V0000000000156,Denmark,Nordjyllandsvaerket,1,MAW,PT1M,6,2015-08-13 06:54:00+02:00
2015-09-04 06:59:10+02:00,380,DK_1,Unplanned outage,A03,,2015-09-04 06:56:00+02:00,4sCyPCKbMw4ZMTXUj-70lw,730.0,Fossil Hard coal,45V0000000000148,Denmark,Studstrupvaerket,1,MAW,PT1M,2,2015-09-04 05:45:00+02:00
2015-09-07 02:19:44+02:00,380,DK_1,Unplanned outage,A03,,2015-09-07 03:00:00+02:00,Bv54SiPX9lhWffHQ5bHRcg,730.0,Fossil Hard coal,45V0000000000148,Denmark,Studstrupvaerket,1,MAW,PT1M,1,2015-09-07 01:27:00+02:00
2015-09-11 20:23:04+02:00,0,DK_1,Unplanned outage,A03,,2015-09-12 02:00:00+02:00,88N84EVnPzvczOzqE2Y7Zw,392.0,Fossil Gas,45V000000000010G,Denmark,Skaerbaekvaerket,1,MAW,PT1M,4,2015-09-09 14:43:00+02:00
2015-10-05 01:03:21+02:00,500,DK_1,Unplanned outage,A03,,2015-10-05 00:59:00+02:00,vWEUHLEHWXQrEfRG529W2g,690.0,Fossil Hard coal,45V0000000000156,Denmark,Nordjyllandsvaerket,1,MAW,PT1M,2,2015-10-04 08:22:00+02:00
2015-10-06 05:00:11+02:00,380,DK_1,Unplanned outage,A03,,2015-10-06 04:56:00+02:00,1MYssTZmOP_FGQYVGjy4gg,730.0,Fossil Hard coal,45V0000000000148,Denmark,Studstrupvaerket,1,MAW,PT1M,4,2015-10-06 00:34:00+02:00
2015-10-14 08:06:44+02:00,380,DK_1,Unplanned outage,A03,,2015-10-14 10:00:00+02:00,SCBrV_9M4dFqAX1Qm-TZ2g,730.0,Fossil Hard coal,45V0000000000148,Denmark,Studstrupvaerket,1,MAW,PT1M,2,2015-10-14 07:13:00+02:00
2015-10-20 13:54:20+02:00,0,DK_1,Unplanned outage,A03,,2015-10-20 13:45:00+02:00,gT_govl_p3j-cVLQCYfDiQ,392.0,Fossil Gas,45V000000000010G,Denmark,Skaerbaekvaerket,1,MAW,PT1M,2,2015-10-20 11:40:00+02:00
2015-10-20 20:11:55+02:00,0,DK_1,Unplanned outage,A03,,2015-10-20 21:00:00+02:00,Mr5axtvk8Zp5g6ydjQui3A,377.0,Fossil Hard coal,45V0000000000164,Denmark,Esbjergvaerket,1,MAW,PT1M,1,2015-10-20 19:20:00+02:00
2015-10-29 07:47:12+01:00,380,DK_1,Unplanned outage,A03,,2015-10-31 12:00:00+01:00,eGpUPH2CQi20ib3UgwSyIg,730.0,Fossil Hard coal,45V0000000000148,Denmark,Studstrupvaerket,1,MAW,PT1M,6,2015-10-27 08:14:00+01:00
2015-11-05 08:15:12+01:00,100,DK_1,Unplanned outage,A03,,2015-11-06 17:00:00+01:00,F74cddHPv6v25LsNvJJzcA,392.0,Fossil Gas,45V000000000010G,Denmark,Skaerbaekvaerket,1,MAW,PT1M,1,2015-11-06 08:30:00+01:00
2015-11-09 10:39:11+01:00,0,DK_1,Unplanned outage,A03,,2015-11-09 16:00:00+01:00,cTAMYyMbt4FMVD-BrOzYfQ,377.0,Fossil Hard coal,45V0000000000164,Denmark,Esbjergvaerket,1,MAW,PT1M,3,2015-11-09 05:16:00+01:00
2015-11-13 12:49:07+01:00,280,DK_1,Unplanned outage,A03,,2015-11-13 23:59:00+01:00,pF34N5kcqPTxlRX3jL5L4A,377.0,Fossil Hard coal,45V0000000000164,Denmark,Esbjergvaerket,1,MAW,PT1M,1,2015-11-13 12:40:00+01:00
2015-11-16 11:20:20+01:00,280,DK_1,Unplanned outage,A03,,2015-11-16 13:00:00+01:00,hH8xtIHrGDkumhzmnw_dLg,377.0,Fossil Hard coal,45V0000000000164,Denmark,Esbjergvaerket,1,MAW,PT1M,3,2015-11-14 10:14:00+01:00
2015-11-23 08:34:44+01:00,270,DK_1,Unplanned outage,A03,,2015-11-23 14:00:00+01:00,V87Jqo1TlEUAM0TV8w3fFQ,399.6,Wind Offshore,45V000000000020D,Denmark,Anholt,1,MAW,PT1M,1,2015-11-23 08:00:00+01:00
2015-11-23 19:32:13+01:00,270,DK_1,Unplanned outage,A03,,2015-11-23 19:21:00+01:00,vEDoC6ml-3_RCEK37orgwQ,399.6,Wind Offshore,45V000000000020D,Denmark,Anholt,1,MAW,PT1M,2,2015-11-23 15:43:00+01:00
2015-12-03 10:40:11+01:00,0,DK_1,Unplanned outage,A03,,2015-12-03 11:30:00+01:00,j1vL84VgnWj9XO5lPVuY3A,392.0,Fossil Gas,45V000000000010G,Denmark,Skaerbaekvaerket,1,MAW,PT1M,2,2015-12-03 10:30:00+01:00
2015-12-08 08:56:12+01:00,380,DK_1,Unplanned outage,A03,,2015-12-08 08:42:00+01:00,TyrTAGVYa6rCzwfFPHiLwQ,730.0,Fossil Hard coal,45V0000000000148,Denmark,Studstrupvaerket,1,MAW,PT1M,2,2015-12-08 07:24:00+01:00
2015-12-18 11:19:11+01:00,0,DK_1,Unplanned outage,A03,,2015-12-18 11:16:00+01:00,oafPfOZsY7qTyUtJHu-LcQ,209.3,Wind Offshore,45V0000000000229,Denmark,Horns Rev B,1,MAW,PT1M,7,2015-10-19 01:57:00+02:00
2015-12-27 03:03:44+01:00,0,DK_1,Unplanned outage,A03,,2015-12-26 20:17:00+01:00,lpjQdjZAsTV84uAz-E8ieQ,407.1,Fossil Hard coal,45V000000000013A,Denmark,Fynsvaerket,1,MAW,PT1M,3,2015-12-26 16:37:00+01:00
2015-12-31 14:09:19+01:00,0,DK_1,Unplanned outage,A03,,2015-12-31 14:50:00+01:00,SKX3fxSGJV8kkpPAmXQWuQ,377.0,Fossil Hard coal,45V0000000000164,Denmark,Esbjergvaerket,1,MAW,PT1M,1,2015-12-31 14:01:00+01:00
2016-01-01 21:52:25+01:00,380,DK_1,Unplanned outage,A03,,2016-01-01 21:50:00+01:00,Gi0d8ZplHp_ekCiXWHyv8g,730.0,Fossil Hard coal,45V0000000000148,Denmark,Studstrupvaerket,1,MAW,PT1M,3,2016-01-01 19:00:00+01:00
2016-01-05 17:21:12+01:00,0,DK_1,Unplanned outage,A03,,2016-01-05 22:00:00+01:00,GP7kffFEF3tAjnK87sZttg,407.1,Fossil Hard coal,45V000000000013A,Denmark,Fynsvaerket,1,MAW,PT1M,3,2016-01-05 12:35:00+01:00
2016-01-24 21:23:56+01:00,380,DK_1,Unplanned outage,A03,,2016-01-24 20:47:00+01:00,o_me4NQSQN0i_OpEKOQvAA,730.0,Fossil Hard coal,45V0000000000148,Denmark,Studstrupvaerket,1,MAW,PT1M,2,2016-01-24 20:21:00+01:00
2016-01-31 02:23:39+01:00,0,DK_1,Unplanned outage,A03,,2016-01-31 04:45:00+01:00,t52Q8Od0aHrk-rP-cYLT0A,377.0,Fossil Hard coal,45V0000000000164,Denmark,Esbjergvaerket,1,MAW,PT1M,2,2016-01-31 00:00:00+01:00
2016-02-08 08:30:13+01:00,0,DK_1,Unplanned outage,A03,,2016-02-08 10:15:00+01:00,6Ak4Q2kNmKcE-SH2SeWQ0g,377.0,Fossil Hard coal,45V0000000000164,Denmark,Esbjergvaerket,1,MAW,PT1M,2,2016-02-08 07:34:00+01:00
2016-02-19 11:29:20+01:00,580,DK_1,Unplanned outage,A03,,2016-02-19 16:00:00+01:00,nrfBZjAzArqSMX5gt5G0Ew,730.0,Fossil Hard coal,45V0000000000148,Denmark,Studstrupvaerket,1,MAW,PT1M,3,2016-02-18 12:15:00+01:00
2016-03-05 18:33:32+01:00,170,DK_1,Unplanned outage,A03,,2016-03-05 18:32:00+01:00,71hFFifW0G_X_q-0EAMCzA,407.1,Fossil Hard coal,45V000000000013A,Denmark,Fynsvaerket,1,MAW,PT1M,11,2016-01-29 01:20:00+01:00
2016-03-15 18:51:16+01:00,380,DK_1,Unplanned outage,A03,,2016-03-15 18:45:00+01:00,twO4VAgqCdZVz2EtDlx8Jw,730.0,Fossil Hard coal,45V0000000000148,Denmark,Studstrupvaerket,1,MAW,PT1M,6,2016-03-14 12:35:00+01:00
2016-03-15 20:58:13+01:00,380,DK_1,Unplanned outage,A03,,2016-03-15 23:00:00+01:00,KBlJMtGZCC1qNhOvtGD-_A,730.0,Fossil Hard coal,45V0000000000148,Denmark,Studstrupvaerket,1,MAW,PT1M,1,2016-03-15 20:53:00+01:00
2016-03-23 14:40:11+01:00,580,DK_1,Unplanned outage,A03,,2016-03-23 14:36:00+01:00,eQd98__m9mBRyR1De6aq1A,730.0,Fossil Hard coal,45V0000000000148,Denmark,Studstrupvaerket,1,MAW,PT1M,2,2016-03-23 13:48:00+01:00
2016-03-27 03:05:55+02:00,0,DK_1,Unplanned outage,A03,,2016-03-27 03:03:00+02:00,apMlrhDZo_KG8JG36A0OXQ,377.0,Fossil Hard coal,45V0000000000164,Denmark,Esbjergvaerket,1,MAW,PT1M,2,2016-03-27 01:39:00+01:00
2016-03-27 22:44:27+02:00,0,DK_1,Unplanned outage,A03,,2016-03-27 22:30:00+02:00,Gmiatu9DOnI7EhEbJzXb0w,407.1,Fossil Hard coal,45V000000000013A,Denmark,Fynsvaerket,1,MAW,PT1M,3,2016-03-27 19:00:00+02:00
2016-03-31 14:17:30+02:00,0,DK_1,Unplanned outage,A03,,2016-03-31 13:13:00+02:00,x5QfJEOmpNiZjPqBXe5GbA,392.0,Fossil Gas,45V000000000010G,Denmark,Skaerbaekvaerket,1,MAW,PT1M,4,2016-03-31 01:33:00+02:00
2016-03-31 17:36:24+02:00,0,DK_1,Unplanned outage,A03,,2016-03-31 20:00:00+02:00,Fhn5CM_s7a8NZpRLbkJjhw,377.0,Fossil Hard coal,45V0000000000164,Denmark,Esbjergvaerket,1,MAW,PT1M,4,2016-03-31 09:05:00+02:00
2016-04-04 15:56:08+02:00,0,DK_1,Unplanned outage,A03,,2016-04-04 17:00:00+02:00,kP_EXLLs-OR7RbBnf3s20w,392.0,Fossil Gas,45V000000000010G,Denmark,Skaerbaekvaerket,1,MAW,PT1M,2,2016-04-04 14:20:00+02:00
2016-04-13 14:48:04+02:00,173,DK_1,Unplanned outage,A03,,2016-04-13 14:41:00+02:00,Z8SolA5UxjLwudPDB7tbCg,407.1,Fossil Hard coal,45V000000000013A,Denmark,Fynsvaerket,1,MAW,PT1M,5,2016-04-13 08:00:00+02:00
2016-04-22 07:15:11+02:00,210,DK_1,Unplanned outage,A03,,2016-04-22 07:12:00+02:00,TI8Mau0gItwo-qb7d1yZ5Q,690.0,Fossil Hard coal,45V0000000000156,Denmark,Nordjyllandsvaerket,1,MAW,PT1M,8,2016-04-16 14:42:00+02:00
2016-05-01 10:48:10+02:00,130,DK_1,Unplanned outage,A03,,2016-05-01 10:44:00+02:00,mVTbjrUDCC_cSPtp9YkdDw,377.0,Fossil Hard coal,45V0000000000164,Denmark,Esbjergvaerket,1,MAW,PT1M,2,2016-05-01 07:31:00+02:00
2016-05-06 10:25:11+02:00,0,DK_1,Unplanned outage,A03,,2016-05-06 11:30:00+02:00,3BPKYSaLNFdAd_iJEqdFNA,392.0,Fossil Gas,45V000000000010G,Denmark,Skaerbaekvaerket,1,MAW,PT1M,2,2016-05-06 07:27:00+02:00
2016-05-19 11:48:10+02:00,0,DK_1,Unplanned outage,A03,,2016-05-19 14:00:00+02:00,Txkt-playFZBbsyb_lIZzQ,392.0,Fossil Gas,45V000000000010G,Denmark,Skaerbaekvaerket,1,MAW,PT1M,1,2016-05-19 11:34:00+02:00
2016-05-24 11:35:45+02:00,380,DK_1,Unplanned outage,A03,,2016-05-24 14:00:00+02:00,ZhhFgSsSNGCkP3L5r_0TeA,730.0,Fossil Hard coal,45V0000000000148,Denmark,Studstrupvaerket,1,MAW,PT1M,2,2016-05-24 11:24:00+02:00
2016-06-02 11:28:11+02:00,0,DK_1,Unplanned outage,A03,,2016-06-03 22:00:00+02:00,VmNgOB4vAgp1lMxT-Zq0dA,377.0,Fossil Hard coal,45V0000000000164,Denmark,Esbjergvaerket,1,MAW,PT1M,4,2016-06-02 02:09:00+02:00
2016-06-16 10:25:11+02:00,380,DK_1,Unplanned outage,A03,,2016-06-20 06:00:00+02:00,eZGVXMEKsJb44dOK4D0c7A,730.0,Fossil Hard coal,45V0000000000148,Denmark,Studstrupvaerket,1,MAW,PT1M,12,2016-05-27 15:35:00+02:00
2016-06-22 10:26:11+02:00,240,DK_1,Unplanned outage,A03,,2016-06-22 23:59:00+02:00,fMtgHt-cQ1xtlQkmBupvlg,407.1,Fossil Hard coal,45V000000000013A,Denmark,Fynsvaerket,1,MAW,PT1M,1,2016-06-22 10:24:00+02:00
2016-06-29 10:09:32+02:00,0,DK_1,Unplanned outage,A03,,2016-06-30 18:00:00+02:00,UAjaMYt9r5EDDsSvfNH0-w,377.0,Fossil Hard coal,45V0000000000164,Denmark,Esbjergvaerket,1,MAW,PT1M,3,2016-06-27 15:43:00+02:00
2016-06-30 20:33:44+02:00,250,DK_1,Unplanned outage,A03,,2016-06-30 22:00:00+02:00,koSk2ModwkmjS3W07BxkiQ,377.0,Fossil Hard coal,45V0000000000164,Denmark,Esbjergvaerket,1,MAW,PT1M,3,2016-06-30 16:08:00+02:00
2016-07-08 10:30:12+02:00,0,DK_1,Unplanned outage,A03,,2016-07-08 10:25:00+02:00,tIfBkAUABeqBOb2WF50P5A,407.1,Fossil Hard coal,45V000000000013A,Denmark,Fynsvaerket,1,MAW,PT1M,4,2016-07-08 05:57:00+02:00
2016-07-29 23:47:21+02:00,380,DK_1,Unplanned outage,A03,,2016-07-30 00:05:00+02:00,slhP07P6H-Ob2MNJwxWr2Q,730.0,Fossil Hard coal,45V0000000000148,Denmark,Studstrupvaerket,1,MAW,PT1M,2,2016-07-29 21:34:00+02:00
2016-07-30 10:04:28+02:00,380,DK_1,Unplanned outage,A03,,2016-07-30 11:00:00+02:00,9lwUOVqc7uKjaPNTr18lBQ,730.0,Fossil Hard coal,45V0000000000148,Denmark,Studstrupvaerket,1,MAW,PT1M,2,2016-07-30 08:25:00+02:00
2016-08-02 18:14:21+02:00,0,DK_1,Unplanned outage,A03,,2016-08-03 17:00:00+02:00,BAh-txdO4mUKfewlzmXN-A,377.0,Fossil Hard coal,45V0000000000164,Denmark,Esbjergvaerket,1,MAW,PT1M,5,2016-07-30 18:40:00+02:00
2016-08-15 19:59:21+02:00,260,DK_1,Unplanned outage,A03,,2016-08-15 19:55:00+02:00,J64oCatXdRyavvrG75go2Q,377.0,Fossil Hard coal,45V0000000000164,Denmark,Esbjergvaerket,1,MAW,PT1M,3,2016-08-15 07:27:00+02:00
2016-08-29 00:55:38+02:00,380,DK_1,Unplanned outage,A03,,2016-08-29 00:52:00+02:00,FS8MJDURtyYPwApNM_KFJw,730.0,Fossil Hard coal,45V0000000000148,Denmark,Studstrupvaerket,1,MAW,PT1M,2,2016-08-29 00:30:00+02:00
2016-09-02 11:58:11+02:00,380,DK_1,Unplanned outage,A03,,2016-09-02 11:54:00+02:00,7xx_Ni9t5Y-8g7MfnUedTw,730.0,Fossil Hard coal,45V0000000000148,Denmark,Studstrupvaerket,1,MAW,PT1M,2,2016-09-02 09:43:00+02:00
2016-09-12 05:18:35+02:00,0,DK_1,Unplanned outage,A03,,2016-09-12 05:16:00+02:00,XkLBLhsgr1QLHCbt_bJNig,377.0,Fossil Hard coal,45V0000000000164,Denmark,Esbjergvaerket,1,MAW,PT1M,2,2016-09-11 23:53:00+02:00
2016-09-19 18:36:41+02:00,225,DK_1,Unplanned outage,A03,,2016-09-19 16:25:00+02:00,xdPIxuBR74mop5AsZp9ZjA,407.1,Fossil Hard coal,45V000000000013A,Denmark,Fynsvaerket,1,MAW,PT1M,2,2016-09-19 00:41:00+02:00
2016-09-23 22:22:11+02:00,210,DK_1,Unplanned outage,A03,,2016-09-23 23:59:00+02:00,i8vud0bNu8shG86XNqYpAg,405.0,Fossil Hard coal,45V0000000000156,Denmark,Nordjyllandsvaerket,1,MAW,PT1M,1,2016-09-23 22:14:00+02:00
2016-09-25 17:42:21+02:00,440,DK_1,Unplanned outage,A03,,2016-09-25 19:00:00+02:00,FcCJ5Ntu3V8XrZHjkBkwPg,730.0,Fossil Hard coal,45V0000000000148,Denmark,Studstrupvaerket,1,MAW,PT1M,1,2016-09-25 17:31:00+02:00
2016-09-26 15:15:17+02:00,380,DK_1,Unplanned outage,A03,,2016-09-26 14:39:00+02:00,hov6KViMOZ1SzxGMPknNkg,730.0,Fossil Hard coal,45V0000000000148,Denmark,Studstrupvaerket,1,MAW,PT1M,2,2016-09-26 12:36:00+02:00
2016-10-07 04:52:16+02:00,0,DK_1,Unplanned outage,A03,,2016-10-07 03:00:00+02:00,AfO47bbrnXw5wP92u4BY1A,407.1,Fossil Hard coal,45V000000000013A,Denmark,Fynsvaerket,1,MAW,PT1M,2,2016-10-07 01:51:00+02:00
2016-10-14 10:28:22+02:00,0,DK_1,Unplanned outage,A03,,2016-10-14 09:15:00+02:00,NRxeLUlH2nQOs_vvJLTL4A,407.1,Fossil Hard coal,45V000000000013A,Denmark,Fynsvaerket,1,MAW,PT1M,1,2016-10-14 08:00:00+02:00
2016-10-17 17:43:22+02:00,0,DK_1,Unplanned outage,A03,,2016-10-17 18:30:00+02:00,PnHon4ravriwB_Nm4TmKgg,407.1,Fossil Hard coal,45V000000000013A,Denmark,Fynsvaerket,1,MAW,PT1M,1,2016-10-17 17:38:00+02:00
2016-10-20 10:19:27+02:00,225,DK_1,Unplanned outage,A03,,2016-10-21 23:59:00+02:00,S3t2EAbXCQ8X4srIJK1gsg,407.1,Fossil Hard coal,45V000000000013A,Denmark,Fynsvaerket,1,MAW,PT1M,5,2016-10-19 11:45:00+02:00
2016-10-21 15:18:24+02:00,380,DK_1,Unplanned outage,A03,,2016-10-21 15:30:00+02:00,ViyEtHl-1pJ2gW7_PtezHQ,730.0,Fossil Hard coal,45V0000000000148,Denmark,Studstrupvaerket,1,MAW,PT1M,5,2016-10-21 12:03:00+02:00
2016-10-24 11:15:23+02:00,380,DK_1,Unplanned outage,A03,,2016-10-24 12:30:00+02:00,r-v7YYyjfoHqQTk-OhQQQw,730.0,Fossil Hard coal,45V0000000000148,Denmark,Studstrupvaerket,1,MAW,PT1M,2,2016-10-24 09:32:00+02:00
2016-10-28 09:03:41+02:00,0,DK_1,Unplanned outage,A03,,2016-10-28 07:35:00+02:00,HdxA0-BVQ72tVe9shj0UYw,407.1,Fossil Hard coal,45V000000000013A,Denmark,Fynsvaerket,1,MAW,PT1M,1,2016-10-28 07:15:00+02:00
2016-10-28 20:02:06+02:00,545,DK_1,Unplanned outage,A03,,2016-10-29 01:00:00+02:00,8GHV5Lgh98o7_hIHjKnD7w,730.0,Fossil Hard coal,45V0000000000148,Denmark,Studstrupvaerket,1,MAW,PT1M,2,2016-10-28 23:00:00+02:00
2016-10-29 04:17:15+02:00,0,DK_1,Unplanned outage,A03,,2016-10-29 12:00:00+02:00,UGgw1rWEMK3rJgDgg0hq5g,407.1,Fossil Hard coal,45V000000000013A,Denmark,Fynsvaerket,1,MAW,PT1M,1,2016-10-29 04:00:00+02:00
2016-11-04 00:30:38+01:00,230,DK_1,Unplanned outage,A03,,2016-11-04 00:30:00+01:00,ZNtqVpQGVQJRVlPTavoXyQ,377.0,Fossil Hard coal,45V0000000000164,Denmark,Esbjergvaerket,1,MAW,PT1M,2,2016-11-03 21:40:00+01:00
2016-11-08 09:23:47+01:00,660,DK_1,Unplanned outage,A03,,2016-11-08 23:59:00+01:00,xhGPdeIXd7ICZuFMgy1qaw,730.0,Fossil Hard coal,45V0000000000148,Denmark,Studstrupvaerket,1,MAW,PT1M,3,2016-11-07 13:06:00+01:00
2016-11-12 21:03:25+01:00,210,DK_1,Unplanned outage,A03,,2016-11-12 21:00:00+01:00,McxhoGk4HvjZXIlwQpaS8w,392.0,Fossil Gas,45V000000000010G,Denmark,Skaerbaekvaerket,1,MAW,PT1M,2,2016-11-11 18:30:00+01:00
2016-11-16 04:59:11+01:00,200,DK_1,Unplanned outage,A03,,2016-11-16 04:56:00+01:00,X8LayF_Gl2l5rkSPQvNTcQ,392.0,Fossil Gas,45V000000000010G,Denmark,Skaerbaekvaerket,1,MAW,PT1M,2,2016-11-16 04:34:00+01:00
2016-11-16 15:29:53+01:00,130,DK_1,Unplanned outage,A03,,2016-11-16 14:50:00+01:00,5AuDpy8LDUAfAVl2oBVduw,392.0,Fossil Gas,45V000000000010G,Denmark,Skaerbaekvaerket,1,MAW,PT1M,3,2016-11-16 12:47:00+01:00
2016-11-19 13:31:50+01:00,200,DK_1,Unplanned outage,A03,,2016-11-19 13:10:00+01:00,2rj3HeDR8gbT-_r23zrW7w,392.0,Fossil Gas,45V000000000010G,Denmark,Skaerbaekvaerket,1,MAW,PT1M,2,2016-11-19 07:49:00+01:00
2016-11-22 06:51:13+01:00,380,DK_1,Unplanned outage,A03,,2016-11-22 10:00:00+01:00,y4AnrcrP-9r4rNgshc6zFg,730.0,Fossil Hard coal,45V0000000000148,Denmark,Studstrupvaerket,1,MAW,PT1M,1,2016-11-22 06:40:00+01:00
2016-11-28 22:10:23+01:00,0,DK_1,Unplanned outage,A03,,2016-11-28 22:30:00+01:00,zYOzwTxAj8I_1dV0vkZKfg,392.0,Fossil Gas,45V000000000010G,Denmark,Skaerbaekvaerket,1,MAW,PT1M,2,2016-11-28 18:30:00+01:00
2016-11-30 10:27:00+01:00,380,DK_1,Unplanned outage,A03,,2016-11-30 13:00:00+01:00,czymaCLzwsVt7mew0Z9DnA,730.0,Fossil Hard coal,45V0000000000148,Denmark,Studstrupvaerket,1,MAW,PT1M,1,2016-11-30 10:11:00+01:00
2016-12-02 16:01:33+01:00,0,DK_1,Unplanned outage,A03,,2016-12-02 14:22:00+01:00,cWPx34m6C0W16L_AWuE6dg,407.1,Fossil Hard coal,45V000000000013A,Denmark,Fynsvaerket,1,MAW,PT1M,1,2016-12-02 13:38:00+01:00
2016-12-13 04:10:17+01:00,380,DK_1,Unplanned outage,A03,,2016-12-13 05:00:00+01:00,In5LoyEj22jBcpfJX7Ae9A,730.0,Fossil Hard coal,45V0000000000148,Denmark,Studstrupvaerket,1,MAW,PT1M,7,2016-12-12 10:55:00+01:00
2016-12-13 09:22:41+01:00,520,DK_1,Unplanned outage,A03,,2016-12-13 12:00:00+01:00,16ASTQTFKepq61RF2ihoEg,730.0,Fossil Hard coal,45V0000000000148,Denmark,Studstrupvaerket,1,MAW,PT1M,2,2016-12-13 05:34:00+01:00
2016-12-13 13:17:09+01:00,520,DK_1,Unplanned outage,A03,,2016-12-13 15:00:00+01:00,tpRyFugUvy2AD2hagezkxw,730.0,Fossil Hard coal,45V0000000000148,Denmark,Studstrupvaerket,1,MAW,PT1M,1,2016-12-13 12:31:00+01:00
2017-01-12 08:06:40+01:00,0,DK_1,Unplanned outage,A03,,2017-01-12 08:10:00+01:00,a4rVIwC3UPIRXjKD6X9oEg,377.0,Fossil Hard coal,45V0000000000164,Denmark,Esbjergvaerket,1,MAW,PT1M,3,2017-01-12 01:47:00+01:00
2017-05-04 16:53:12+02:00,0,DK_1,Unplanned outage,A03,,2017-05-04 18:00:00+02:00,2MKibgbvZvG2f7_vhpNAGA,392.0,Fossil Gas,45V000000000010G,Denmark,Skaerbaekvaerket,1,MAW,PT1M,1,2017-05-04 16:47:00+02:00
2017-05-17 18:15:56+02:00,0,DK_1,Unplanned outage,A03,,2017-05-17 20:00:00+02:00,hBd4wo2QZSELA5Yy89WK_g,209.3,Wind Offshore,45V0000000000229,Denmark,Horns Rev B,1,MAW,PT1M,6,2017-05-14 17:53:00+02:00
2017-05-19 09:21:15+02:00,0,DK_1,Unplanned outage,A03,,2017-05-20 09:00:00+02:00,4PKsBaYe0QcmxFBDhK2IlA,209.3,Wind Offshore,45V0000000000229,Denmark,Horns Rev B,1,MAW,PT1M,6,2017-05-17 20:00:00+02:00
2017-07-06 14:21:35+02:00,0,DK_1,Unplanned outage,A03,,2017-07-06 14:17:00+02:00,evOjeWQNIr6HpAXK1XuI9Q,377.0,Fossil Hard coal,45W000000000017P,Denmark,Esbjergvaerket,1,MAW,PT1M,7,2017-07-06 07:48:00+02:00
2017-08-22 10:54:44+02:00,0,DK_1,Unplanned outage,A03,,2017-08-15 23:59:00+02:00,NTFCpTKtSgAMnueFLSgJOQ,405.0,Fossil Hard coal,45W000000000016R,Denmark,Nordjyllandsvaerket,1,MAW,PT1M,2,2017-08-14 01:25:00+02:00
2017-08-22 12:28:41+02:00,260,DK_1,Unplanned outage,A03,,2017-08-15 21:15:00+02:00,eg8CiNIz_G7D_Wq0S_F-wg,405.0,Fossil Hard coal,45W000000000016R,Denmark,Nordjyllandsvaerket,1,MAW,PT1M,1,2017-08-15 09:00:00+02:00
2017-10-02 14:29:35+02:00,0,DK_1,Unplanned outage,A03,,2017-10-02 08:30:00+02:00,OQ79912VreuQrC1rxI4aVg,405.0,Fossil Hard coal,45W000000000016R,Denmark,Nordjyllandsvaerket,1,MAW,PT1M,4,2017-09-22 23:59:00+02:00
2017-12-05 13:23:49+01:00,0,DK_1,Unplanned outage,A03,,2017-12-05 13:40:00+01:00,nlF-gptbTYMnI3YGjTLTJQ,405.0,Fossil Hard coal,45W000000000016R,Denmark,Nordjyllandsvaerket,1,MAW,PT1M,2,2017-12-05 12:50:00+01:00
2018-02-12 14:51:42+01:00,267,DK_1,Unplanned outage,A03,,2018-02-12 13:00:00+01:00,kHHZ6m9DMRNCEr-SDza0lQ,399.6,Wind Offshore,45W000000000022W,Denmark,Anholt,1,MAW,PT1M,2,2018-02-12 12:54:00+01:00
2018-02-16 12:37:00+01:00,270,DK_1,Unplanned outage,A03,,2018-02-16 13:00:00+01:00,ofNSJWhUNj-yP78xKgBFcQ,405.0,Fossil Hard coal,45W000000000016R,Denmark,Nordjyllandsvaerket,1,MAW,PT60M,2,2018-02-16 10:00:00+01:00
2018-02-28 09:10:33+01:00,0,DK_1,Unplanned outage,A03,,2018-02-28 06:45:00+01:00,b33JSGKfdnP4WiH47MbVqg,377.0,Fossil Hard coal,45W000000000017P,Denmark,Esbjergvaerket,1,MAW,PT1M,2,2018-02-28 06:40:00+01:00
2018-03-18 05:51:48+01:00,0,DK_1,Unplanned outage,A03,,2018-03-18 05:15:00+01:00,4T8Nx-SJsMS4PD3xOU6uJA,377.0,Fossil Hard coal,45W000000000017P,Denmark,Esbjergvaerket,1,MAW,PT1M,2,2018-03-18 05:13:00+01:00
2018-03-20 08:42:37+01:00,0,DK_1,Unplanned outage,A03,,2018-03-20 03:45:00+01:00,MJjny_D3pY-F1yrTK6CU7w,392.0,Fossil Gas,45W0000000000110,Denmark,Skaerbaekvaerket,1,MAW,PT1M,2,2018-03-20 03:33:00+01:00
2018-03-21 10:46:58+01:00,0,DK_1,Unplanned outage,A03,,2018-03-23 12:00:00+01:00,qg3-tQBuCE0EhtE0Md7NDg,405.0,Fossil Hard coal,45W000000000016R,Denmark,Nordjyllandsvaerket,1,MAW,PT60M,1,2018-03-21 16:00:00+01:00
2018-10-23 13:07:50+02:00,0,DK_1,Unplanned outage,A03,,2018-10-19 13:00:00+02:00,9txXk0pZ8PqYYoN1I4fysA,405.0,Fossil Hard coal,45W000000000016R,Denmark,Nordjyllandsvaerket,1,MAW,PT60M,2,2018-10-17 16:00:00+02:00
2018-10-23 13:08:50+02:00,0,DK_1,Unplanned outage,A03,,2018-10-19 16:15:00+02:00,idi5QWu4ar-YczHXwrmUMA,405.0,Fossil Hard coal,45W000000000016R,Denmark,Nordjyllandsvaerket,1,MAW,PT1M,1,2018-10-19 16:05:00+02:00
2018-12-19 07:22:27+01:00,0,DK_1,Unplanned outage,A03,,2018-12-19 02:45:00+01:00,X3iNkhYLM97FWKr6G1XmrQ,377.0,Fossil Hard coal,45W000000000017P,Denmark,Esbjergvaerket,1,MAW,PT1M,4,2018-12-19 02:32:00+01:00
2018-12-22 02:36:38+01:00,0,DK_1,Unplanned outage,A03,,2018-12-22 03:00:00+01:00,f_-TV8eQ7kuljdhbgaFKzQ,377.0,Fossil Hard coal,45W000000000017P,Denmark,Esbjergvaerket,1,MAW,PT60M,3,2018-12-21 23:00:00+01:00
2019-01-27 09:59:42+01:00,0,DK_1,Unplanned outage,A03,,2019-01-27 08:30:00+01:00,73S-GdG6P4spJhmWSRtGhg,392.0,Fossil Gas,45W0000000000110,Denmark,Skaerbaekvaerket,1,MAW,PT1M,3,2019-01-27 08:18:00+01:00
2019-02-16 17:44:53+01:00,240,DK_1,Unplanned outage,A03,,2019-02-16 23:00:00+01:00,_cgMDD_8hHCTQclkupriMQ,405.0,Fossil Hard coal,45W000000000016R,Denmark,Nordjyllandsvaerket,1,MAW,PT60M,2,2019-02-16 17:00:00+01:00
2019-02-23 11:26:52+01:00,0,DK_1,Unplanned outage,A03,,2019-02-23 21:00:00+01:00,TPic7FK_G7eLstbssIPA3w,392.0,Fossil Gas,45W0000000000110,Denmark,Skaerbaekvaerket,1,MAW,PT60M,5,2019-02-02 06:00:00+01:00
2019-03-04 19:47:47+01:00,0,DK_1,Unplanned outage,A03,,2019-03-04 22:30:00+01:00,-zVUp9pjOMJ6NI8cz8-2Ug,405.0,Fossil Hard coal,45W000000000016R,Denmark,Nordjyllandsvaerket,1,MAW,PT30M,2,2019-03-04 22:00:00+01:00
2019-03-05 16:56:02+01:00,255,DK_1,Unplanned outage,A03,,2019-03-05 16:30:00+01:00,sURIrHFlCKO0TdKwCMhjjQ,405.0,Fossil Hard coal,45W000000000016R,Denmark,Nordjyllandsvaerket,1,MAW,PT15M,3,2019-03-05 16:15:00+01:00
2019-03-21 07:23:50+01:00,270,DK_1,Unplanned outage,A03,,2019-03-20 14:45:00+01:00,-0Vztj38bQnPtiQiYI63dw,405.0,Fossil Hard coal,45W000000000016R,Denmark,Nordjyllandsvaerket,1,MAW,PT1M,2,2019-03-20 14:36:00+01:00
2019-04-24 16:49:26+02:00,205,DK_1,Unplanned outage,A03,,2019-04-24 16:00:00+02:00,DiCT_6PS6LSJaOz-AXAFoA,407.0,Wind Offshore,45W000000000114R,Denmark,Horns Rev C,1,MAW,PT60M,3,2019-04-22 16:00:00+02:00
2019-06-26 11:17:30+02:00,0,DK_1,Unplanned outage,A03,,2019-06-26 04:00:00+02:00,bo_JsGyaNcmK48bB2_cYiw,377.0,Fossil Hard coal,45W000000000017P,Denmark,Esbjergvaerket,1,MAW,PT15M,2,2019-06-26 03:45:00+02:00
2019-12-03 10:32:25+01:00,0,DK_1,Unplanned outage,A03,,2019-05-15 13:00:00+02:00,k-hrIwX57Vf6szQuJjnm0g,405.0,Fossil Hard coal,45W000000000016R,Denmark,Nordjyllandsvaerket,1,MAW,PT30M,5,2019-05-15 12:30:00+02:00
2019-12-24 10:43:24+01:00,0,DK_1,Unplanned outage,A03,,2019-12-24 10:00:00+01:00,Btl3Wrgtm3cd7lHHSgVZWA,405.0,Fossil Hard coal,45W000000000016R,Denmark,Nordjyllandsvaerket,1,MAW,PT15M,2,2019-12-24 09:45:00+01:00
2020-03-18 12:39:47+01:00,0,DK_1,Unplanned outage,A03,,2020-03-17 17:15:00+01:00,L_lMeRyYZycVNMMcNHU1RA,407.0,Wind Offshore,45W000000000114R,Denmark,Horns Rev C,1,MAW,PT1M,4,2020-03-17 17:10:00+01:00
2020-07-02 13:16:27+02:00,0,DK_1,Unplanned outage,A03,,2020-07-02 18:00:00+02:00,io9aiw93Jju8-iQ4GMfMFQ,407.0,Wind Offshore,45W000000000114R,Denmark,Horns Rev C,1,MAW,PT60M,3,2020-06-29 07:00:00+02:00
2020-10-01 15:47:49+02:00,120,DK_1,Unplanned outage,A03,,2020-09-30 19:30:00+02:00,obRvoi2mxlqLKLBMqn8mLg,377.0,Fossil Hard coal,45W000000000017P,Denmark,Esbjergvaerket,1,MAW,PT1M,2,2020-09-30 19:16:00+02:00
2020-10-08 11:01:42+02:00,300,DK_1,Unplanned outage,A03,,2020-10-08 10:15:00+02:00,HdC5AbVFQ8mH0zWGRxF3PA,377.0,Fossil Hard coal,45W000000000017P,Denmark,Esbjergvaerket,1,MAW,PT1M,3,2020-10-08 10:11:00+02:00
2021-02-14 12:43:43+01:00,0,DK_1,Unplanned outage,A03,,2021-02-14 10:30:00+01:00,4cyP16ve0G852dmiGrc4BA,377.0,Fossil Hard coal,45W000000000017P,Denmark,Esbjergvaerket,1,MAW,PT1M,2,2021-02-14 10:28:00+01:00
2021-10-13 10:49:34+02:00,0,DK_1,Unplanned outage,A03,,2021-10-13 04:00:00+02:00,EGFeVbd_zUgBbJ-FsAlxQQ,407.0,Wind Offshore,45W000000000114R,Denmark,Horns Rev C,1,MAW,PT1M,4,2021-10-13 03:52:00+02:00
2022-01-22 10:33:39+01:00,0,DK_1,Unplanned outage,A03,,2022-01-21 23:45:00+01:00,Xr7gg4lDkb6gacZztqmNUA,392.0,Fossil Gas,45W0000000000110,Denmark,Skaerbaekvaerket,1,MAW,PT1M,4,2022-01-21 23:40:00+01:00
2022-06-07 09:57:26+02:00,0,DK_1,Unplanned outage,A03,,2022-12-31 23:00:00+01:00,KJUiHodFyfNlQTV9Ut5DJQ,407.1,Fossil Hard coal,45W000000000014V,Denmark,Fynsvaerket,1,MAW,PT60M,58,2022-05-01 00:00:00+02:00
