2014-12-30 07:55:24+01:00,0,NO_4,Unplanned outage,A03,,2015-01-01 23:59:00+01:00,CMMkCl3on8HkE0A5AYDjnQ,302.4,Hydro Water Reservoir,50WP00000000366U,Kobbelv,Kobbelv,1,MAW,PT1M,1,2014-12-30 08:00:00+01:00
2015-01-14 11:52:16+01:00,0,NO_4,Unplanned outage,A03,,2015-01-14 13:00:00+01:00,_Lv30Mcg_Euf_z_kaeKB0A,263.6,Hydro Water Reservoir,50WP00000000498D,Nedre Rossaga,Nedre Rossaga,1,MAW,PT1M,5,2015-01-12 10:00:00+01:00
2015-01-26 08:16:14+01:00,200,NO_4,Unplanned outage,A03,,2015-01-26 08:14:00+01:00,tXGneCvYmTyGQdVkL0Vllw,300.0,Hydro Water Reservoir,50WP00000000633X,Skjomen,Skjomen,1,MAW,PT1M,3,2015-01-26 06:00:00+01:00
2015-02-11 02:23:13+01:00,200,NO_4,Unplanned outage,A03,,2015-02-11 02:20:00+01:00,OWRow4hvYHzSxUtdEjdq6w,300.0,Hydro Water Reservoir,50WP00000000633X,Skjomen,Skjomen,1,MAW,PT1M,2,2015-02-10 19:06:00+01:00
2015-02-11 07:31:34+01:00,365,NO_4,Unplanned outage,A03,,2015-02-11 07:25:00+01:00,iIq0ErKVYjYcjYDdmFf3VA,505.2,Hydro Water Reservoir,50WP00000000552X,Rana,Rana,1,MAW,PT1M,2,2015-02-11 06:00:00+01:00
2015-02-17 07:19:13+01:00,365,NO_4,Unplanned outage,A03,,2015-02-17 12:00:00+01:00,oDFTU9t7AVhAH4B1sscFZQ,505.2,Hydro Water Reservoir,50WP00000000552X,Rana,Rana,1,MAW,PT1M,2,2015-02-16 17:00:00+01:00
2015-03-03 17:53:01+01:00,360,NO_4,Unplanned outage,A03,,2015-03-04 11:00:00+01:00,-rVJ7Jz1UnbCs-qABrC7mw,505.2,Hydro Water Reservoir,50WP00000000552X,Rana,Rana,1,MAW,PT1M,1,2015-03-03 17:45:00+01:00
2015-03-18 06:49:12+01:00,200,NO_4,Unplanned outage,A03,,2015-03-18 06:45:00+01:00,MPD0fhzosBAnG_u2wZZakA,300.0,Hydro Water Reservoir,50WP00000000633X,Skjomen,Skjomen,1,MAW,PT1M,2,2015-03-18 06:10:00+01:00
2015-03-24 13:38:45+01:00,150,NO_4,Unplanned outage,A03,,2015-03-24 15:00:00+01:00,cwLiIAn7mHZNAuBP5IQaaA,302.4,Hydro Water Reservoir,50WP00000000366U,Kobbelv,Kobbelv,1,MAW,PT1M,1,2015-03-24 13:30:00+01:00
2015-04-07 08:34:22+02:00,200,NO_4,Unplanned outage,A03,,2015-04-07 11:00:00+02:00,Z15wIl5qWfdATdO6UrkPCw,300.0,Hydro Water Reservoir,50WP00000000633X,Skjomen,Skjomen,1,MAW,PT1M,2,2015-04-07 05:40:00+02:00
2015-04-16 15:17:25+02:00,365,NO_4,Unplanned outage,A03,,2015-04-17 15:00:00+02:00,JPjiWQAE2jstAdsG4T52rA,505.2,Hydro Water Reservoir,50WP00000000552X,Rana,Rana,1,MAW,PT1M,1,2015-04-16 15:14:00+02:00
2015-05-03 11:23:25+02:00,200,NO_4,Unplanned outage,A03,,2015-05-04 09:00:00+02:00,hrrD6H3_a-NtoNi7Xd4e4A,300.0,Hydro Water Reservoir,50WP00000000633X,Skjomen,Skjomen,1,MAW,PT1M,2,2015-05-02 21:00:00+02:00
2015-05-03 11:24:23+02:00,200,NO_4,Unplanned outage,A03,,2015-05-04 09:00:00+02:00,5H2SDXMrGgHGO-d_Jux_rg,300.0,Hydro Water Reservoir,50WP00000000633X,Skjomen,Skjomen,1,MAW,PT1M,2,2015-05-02 14:30:00+02:00
2015-05-06 06:21:25+02:00,365,NO_4,Unplanned outage,A03,,2015-05-06 08:00:00+02:00,ACAabdR7Sg6hsJvFpWhH_A,565.2,Hydro Water Reservoir,50WP00000000552X,50WP00000000552X,50WP00000000552X,1,MAW,PT1M,1,2015-05-06 06:15:00+02:00
2015-05-14 15:12:34+02:00,200,NO_4,Unplanned outage,A03,,2015-05-14 15:10:00+02:00,7RRWPg03iR_NTr61ZOhO8g,360.0,Hydro Water Reservoir,50WP00000000633X,50WP00000000633X,50WP00000000633X,1,MAW,PT1M,2,2015-05-14 14:15:00+02:00
2015-05-14 18:52:52+02:00,365,NO_4,Unplanned outage,A03,,2015-05-15 12:00:00+02:00,pf2fkmPGbVX4LDKXTEGWBQ,565.2,Hydro Water Reservoir,50WP00000000552X,50WP00000000552X,50WP00000000552X,1,MAW,PT1M,1,2015-05-14 18:00:00+02:00
2015-05-27 08:02:14+02:00,350,NO_4,Unplanned outage,A03,,2015-05-27 08:00:00+02:00,slReG_fLxruJTnjtFzzfGQ,780.0,Hydro Water Reservoir,50WP00000000695B,50WP00000000695B,50WP00000000695B,1,MAW,PT1M,2,2015-05-27 06:45:00+02:00
2015-05-30 13:28:23+02:00,200,NO_4,Unplanned outage,A03,,2015-06-01 12:00:00+02:00,eZ35R1-lVRNxMHUWd39RMQ,360.0,Hydro Water Reservoir,50WP00000000633X,50WP00000000633X,50WP00000000633X,1,MAW,PT1M,2,2015-05-30 00:20:00+02:00
2015-06-03 13:50:20+02:00,200,NO_4,Unplanned outage,A03,,2015-06-03 14:00:00+02:00,I1c_P0kIz8KtpztC07VZUA,360.0,Hydro Water Reservoir,50WP00000000633X,50WP00000000633X,50WP00000000633X,1,MAW,PT1M,2,2015-06-02 09:40:00+02:00
2015-06-08 12:48:17+02:00,200,NO_4,Unplanned outage,A03,,2015-06-08 12:45:00+02:00,h2Z6S8ucwEg7sScP90ksQw,360.0,Hydro Water Reservoir,50WP00000000633X,50WP00000000633X,50WP00000000633X,1,MAW,PT1M,3,2015-06-06 02:00:00+02:00
2015-06-13 03:02:02+02:00,200,NO_4,Unplanned outage,A03,,2015-06-13 10:00:00+02:00,MNIrDpyaK9eYiZmZ4MdGXw,360.0,Hydro Water Reservoir,50WP00000000633X,50WP00000000633X,50WP00000000633X,1,MAW,PT1M,1,2015-06-13 00:00:00+02:00
2015-06-15 00:19:10+02:00,200,NO_4,Unplanned outage,A03,,2015-06-15 10:00:00+02:00,VMlIIdV-6othBY8mzZ2Aiw,360.0,Hydro Water Reservoir,50WP00000000633X,50WP00000000633X,50WP00000000633X,1,MAW,PT1M,1,2015-06-15 00:10:00+02:00
2015-06-15 12:19:22+02:00,200,NO_4,Unplanned outage,A03,,2015-06-15 11:54:00+02:00,i0qJ8IFQPXnNyIkpZeIA2A,360.0,Hydro Water Reservoir,50WP00000000633X,50WP00000000633X,50WP00000000633X,1,MAW,PT1M,1,2015-06-15 10:30:00+02:00
2015-06-17 07:55:20+02:00,200,NO_4,Unplanned outage,A03,,2015-06-17 12:00:00+02:00,ELq3aZjXm7TPM-Qt_-EsAg,360.0,Hydro Water Reservoir,50WP00000000633X,50WP00000000633X,50WP00000000633X,1,MAW,PT1M,2,2015-06-17 02:45:00+02:00
2015-06-24 00:47:21+02:00,200,NO_4,Unplanned outage,A03,,2015-06-30 07:00:00+02:00,wpgCC76afEcJS9uU7wIFTA,360.0,Hydro Water Reservoir,50WP00000000633X,50WP00000000633X,50WP00000000633X,1,MAW,PT1M,1,2015-06-24 00:40:00+02:00
2015-06-26 11:08:56+02:00,365,NO_4,Unplanned outage,A03,,2015-06-26 11:00:00+02:00,lIyYX4Tzw3lR_q8N7OSsew,565.2,Hydro Water Reservoir,50WP00000000552X,50WP00000000552X,50WP00000000552X,1,MAW,PT1M,3,2015-06-24 12:40:00+02:00
2015-07-16 08:18:11+02:00,200,NO_4,Unplanned outage,A03,,2015-07-16 08:10:00+02:00,etrUGmS37N1J32ECTQXthQ,360.0,Hydro Water Reservoir,50WP00000000633X,Skjomen,Skjomen,1,MAW,PT1M,2,2015-07-16 07:00:00+02:00
2015-07-18 06:53:24+02:00,200,NO_4,Unplanned outage,A03,,2015-07-20 09:00:00+02:00,wpwh5SjDjpqKOlnH6JWTQQ,360.0,Hydro Water Reservoir,50WP00000000633X,Skjomen,Skjomen,1,MAW,PT1M,1,2015-07-18 06:50:00+02:00
2015-07-27 09:04:21+02:00,200,NO_4,Unplanned outage,A03,,2015-07-27 10:00:00+02:00,3syNwhE572Ench3u1TMi2w,360.0,Hydro Water Reservoir,50WP00000000633X,Skjomen,Skjomen,1,MAW,PT1M,3,2015-07-25 04:00:00+02:00
2015-07-27 09:06:04+02:00,200,NO_4,Unplanned outage,A03,,2015-07-27 09:00:00+02:00,FT5R-Q-WyM5XRqAss86aOA,360.0,Hydro Water Reservoir,50WP00000000633X,Skjomen,Skjomen,1,MAW,PT1M,2,2015-07-26 09:00:00+02:00
2015-08-01 10:41:10+02:00,200,NO_4,Unplanned outage,A03,,2015-08-01 11:00:00+02:00,D47vgCZSpT9v8C9b8mCsNA,360.0,Hydro Water Reservoir,50WP00000000633X,Skjomen,Skjomen,1,MAW,PT1M,1,2015-08-01 09:40:00+02:00
2015-08-02 16:17:25+02:00,365,NO_4,Unplanned outage,A03,,2015-08-03 08:00:00+02:00,GICTgbUX7VUonkjeJBfHGg,570.2,Hydro Water Reservoir,50WP00000000552X,Rana,Rana,1,MAW,PT1M,2,2015-08-02 08:30:00+02:00
2015-08-02 19:26:21+02:00,200,NO_4,Unplanned outage,A03,,2015-08-02 19:20:00+02:00,FLduhmx0CNaDLWYAdPfftw,360.0,Hydro Water Reservoir,50WP00000000633X,Skjomen,Skjomen,1,MAW,PT1M,2,2015-08-02 12:30:00+02:00
2015-08-05 08:33:27+02:00,200,NO_4,Unplanned outage,A03,,2015-08-05 12:00:00+02:00,mYcKD69eZijyjwj-eiRfJQ,360.0,Hydro Water Reservoir,50WP00000000633X,Skjomen,Skjomen,1,MAW,PT1M,3,2015-08-04 20:15:00+02:00
2015-08-06 08:47:11+02:00,360,NO_4,Unplanned outage,A03,,2015-08-06 11:00:00+02:00,YuI0X-H9zxTRyUcIFtMYpw,570.2,Hydro Water Reservoir,50WP00000000552X,Rana,Rana,1,MAW,PT1M,2,2015-08-06 06:20:00+02:00
2015-08-18 16:09:11+02:00,200,NO_4,Unplanned outage,A03,,2015-08-18 16:00:00+02:00,mmIVUYfFvsqVAUe2sewZIQ,360.0,Hydro Water Reservoir,50WP00000000633X,Skjomen,Skjomen,1,MAW,PT1M,3,2015-08-18 13:00:00+02:00
2015-08-24 00:51:20+02:00,365,NO_4,Unplanned outage,A03,,2015-08-24 08:00:00+02:00,Lt7Udm2SeJ4s_y0zzjUHZA,570.2,Hydro Water Reservoir,50WP00000000552X,Rana,Rana,1,MAW,PT1M,1,2015-08-24 00:00:00+02:00
2015-09-14 09:36:42+02:00,200,NO_4,Unplanned outage,A03,,2015-09-14 09:30:00+02:00,sblfanzHR0bPE5yaw1tvRw,360.0,Hydro Water Reservoir,50WP00000000633X,Skjomen,Skjomen,1,MAW,PT1M,3,2015-09-12 10:48:00+02:00
2015-09-21 14:35:05+02:00,200,NO_4,Unplanned outage,A03,,2015-09-18 13:50:00+02:00,dwGnP8zNpzWQ3qycCOeNlQ,360.0,Hydro Water Reservoir,50WP00000000633X,Skjomen,Skjomen,1,MAW,PT1M,2,2015-09-18 10:15:00+02:00
2015-10-01 05:53:11+02:00,125,NO_4,Unplanned outage,A03,,2015-10-01 09:00:00+02:00,k1JwSb19RSwZ4ipws9JO_Q,378.4,Hydro Water Reservoir,50WP00000000498D,Nedre Rossaga,Nedre Rossaga,1,MAW,PT1M,1,2015-10-01 05:35:00+02:00
2015-10-05 17:30:29+02:00,365,NO_4,Unplanned outage,A03,,2015-10-05 17:15:00+02:00,DLrN1RiDErYzGHcrB_VWUw,570.2,Hydro Water Reservoir,50WP00000000552X,Rana,Rana,1,MAW,PT1M,6,2015-10-05 00:15:00+02:00
2015-10-22 05:05:11+02:00,200,NO_4,Unplanned outage,A03,,2015-10-22 10:00:00+02:00,9R12WtyWoAOFay9LhvBIgw,360.0,Hydro Water Reservoir,50WP00000000633X,Skjomen,Skjomen,1,MAW,PT1M,1,2015-10-22 05:00:00+02:00
2015-10-27 08:14:11+01:00,360,NO_4,Unplanned outage,A03,,2015-10-27 08:10:00+01:00,XR85M66E631kux_Vbb_rFw,570.2,Hydro Water Reservoir,50WP00000000552X,Rana,Rana,1,MAW,PT1M,2,2015-10-27 07:00:00+01:00
2015-10-28 10:22:24+01:00,150,NO_4,Unplanned outage,A03,,2015-10-28 10:20:00+01:00,bfCijn4JM5tXopwJP7ISbA,352.4,Hydro Water Reservoir,50WP00000000366U,Kobbelv,Kobbelv,1,MAW,PT1M,2,2015-10-27 17:00:00+01:00
2015-11-27 00:38:20+01:00,350,NO_4,Unplanned outage,A03,,2015-11-27 08:00:00+01:00,Fb9fKyfaC425NFqXBEIGiQ,780.0,Hydro Water Reservoir,50WP00000000695B,Svartisen,Svartisen,1,MAW,PT1M,1,2015-11-27 00:00:00+01:00
2015-11-27 00:51:21+01:00,0,NO_4,Unplanned outage,A03,,2015-11-27 04:30:00+01:00,RUKNkmprS9wi_lqvqfLazw,360.0,Hydro Water Reservoir,50WP00000000633X,Skjomen,Skjomen,1,MAW,PT1M,1,2015-11-27 00:30:00+01:00
2016-01-02 23:35:49+01:00,200,NO_4,Unplanned outage,A03,,2016-01-02 23:30:00+01:00,0DatPiSSp4_QdcsfY8NGGQ,360.0,Hydro Water Reservoir,50WP00000000633X,Skjomen,Skjomen,1,MAW,PT1M,2,2016-01-01 16:30:00+01:00
2016-01-06 21:17:08+01:00,0,NO_4,Unplanned outage,A03,,2016-01-06 21:00:00+01:00,WdC-RvucLDLbxf2mTJjDsw,378.4,Hydro Water Reservoir,50WP00000000498D,Nedre Rossaga,Nedre Rossaga,1,MAW,PT1M,8,2016-01-04 10:00:00+01:00
2016-01-26 04:46:12+01:00,350,NO_4,Unplanned outage,A03,,2016-01-26 09:00:00+01:00,1N1sShqf2aBqiOPTCPxyJw,780.0,Hydro Water Reservoir,50WP00000000695B,Svartisen,Svartisen,1,MAW,PT1M,1,2016-01-26 04:40:00+01:00
2016-01-30 17:27:11+01:00,350,NO_4,Unplanned outage,A03,,2016-01-30 17:20:00+01:00,q0uUKyTXBHEOeADd0Uyeyg,780.0,Hydro Water Reservoir,50WP00000000695B,Svartisen,Svartisen,1,MAW,PT1M,2,2016-01-30 16:20:00+01:00
2016-02-05 14:31:43+01:00,350,NO_4,Unplanned outage,A03,,2016-02-05 16:00:00+01:00,mvhwLEHTW0IOIDInCdGmsw,780.0,Hydro Water Reservoir,50WP00000000695B,Svartisen,Svartisen,1,MAW,PT1M,1,2016-02-05 13:45:00+01:00
2016-02-08 08:55:14+01:00,200,NO_4,Unplanned outage,A03,,2016-02-08 10:00:00+01:00,YaECKYQBdODt18dCbqyh5Q,360.0,Hydro Water Reservoir,50WP00000000633X,Skjomen,Skjomen,1,MAW,PT1M,3,2016-02-07 17:30:00+01:00
2016-02-23 07:50:16+01:00,365,NO_4,Unplanned outage,A03,,2016-02-23 07:45:00+01:00,C6P_rXHMTz6ZqqFEhYcKew,570.2,Hydro Water Reservoir,50WP00000000552X,Rana,Rana,1,MAW,PT1M,2,2016-02-23 04:45:00+01:00
2016-03-02 04:09:42+01:00,360,NO_4,Unplanned outage,A03,,2016-03-02 08:00:00+01:00,VctEfWabKcfywfd39lJD7A,570.2,Hydro Water Reservoir,50WP00000000552X,Rana,Rana,1,MAW,PT1M,1,2016-03-02 04:00:00+01:00
2016-03-02 04:13:47+01:00,365,NO_4,Unplanned outage,A03,,2016-03-02 08:00:00+01:00,QIt7O8ORvFG0qWC4vhUIug,570.2,Hydro Water Reservoir,50WP00000000552X,Rana,Rana,1,MAW,PT1M,1,2016-03-02 04:00:00+01:00
2016-03-22 11:45:51+01:00,360,NO_4,Unplanned outage,A03,,2016-03-22 12:00:00+01:00,jx7qKvEi4Wf2_Wg7fzi4JQ,570.2,Hydro Water Reservoir,50WP00000000552X,Rana,Rana,1,MAW,PT1M,2,2016-03-21 22:20:00+01:00
2016-03-29 10:07:02+02:00,200,NO_4,Unplanned outage,A03,,2016-03-29 10:00:00+02:00,AXdhbOQzFmPvAJ50RLVRVQ,360.0,Hydro Water Reservoir,50WP00000000633X,Skjomen,Skjomen,1,MAW,PT1M,3,2016-03-28 17:15:00+02:00
2016-04-11 12:54:29+02:00,250,NO_4,Unplanned outage,A03,,2016-04-11 15:00:00+02:00,q-7p_04fqSDNrxycxTUpuA,780.0,Hydro Water Reservoir,50WP00000000695B,Svartisen,Svartisen,1,MAW,PT1M,3,2016-04-10 08:00:00+02:00
2016-05-21 08:43:15+02:00,365,NO_4,Unplanned outage,A03,,2016-05-23 09:00:00+02:00,d6o63-rYIfPG-78OytGJgg,570.2,Hydro Water Reservoir,50WP00000000552X,Rana,Rana,1,MAW,PT1M,1,2016-05-21 08:20:00+02:00
2016-05-26 13:17:57+02:00,360,NO_4,Unplanned outage,A03,,2016-05-30 20:00:00+02:00,2aKLQ6rdNR5KtU1DqRTo0w,570.2,Hydro Water Reservoir,50WP00000000552X,Rana,Rana,1,MAW,PT1M,7,2016-04-17 11:13:00+02:00
2016-06-25 10:07:50+02:00,200,NO_4,Unplanned outage,A03,,2016-06-27 10:00:00+02:00,3SFwMbGd6EiEgGL75mShCQ,360.0,Hydro Water Reservoir,50WP00000000633X,Skjomen,Skjomen,1,MAW,PT1M,3,2016-06-25 03:05:00+02:00
2016-06-27 04:03:11+02:00,200,NO_4,Unplanned outage,A03,,2016-06-27 09:00:00+02:00,PBfY--NKgee9zM4JMxsGLg,360.0,Hydro Water Reservoir,50WP00000000633X,Skjomen,Skjomen,1,MAW,PT1M,1,2016-06-27 04:00:00+02:00
2016-06-30 13:42:29+02:00,360,NO_4,Unplanned outage,A03,,2016-06-30 13:40:00+02:00,EmaCcabzgTjmYDwNjEKusg,570.2,Hydro Water Reservoir,50WP00000000552X,Rana,Rana,1,MAW,PT1M,3,2016-06-30 00:35:00+02:00
2016-07-04 10:26:10+02:00,200,NO_4,Unplanned outage,A03,,2016-07-04 15:00:00+02:00,uzYzhmBSC2sWHTpW6w_HWA,360.0,Hydro Water Reservoir,50WP00000000633X,Skjomen,Skjomen,1,MAW,PT1M,5,2016-07-02 00:45:00+02:00
2016-07-11 00:44:21+02:00,365,NO_4,Unplanned outage,A03,,2016-07-11 02:00:00+02:00,4s49ut43M2DfO0Oi0YX-zA,570.2,Hydro Water Reservoir,50WP00000000552X,Rana,Rana,1,MAW,PT1M,1,2016-07-11 00:40:00+02:00
2016-07-11 00:45:22+02:00,360,NO_4,Unplanned outage,A03,,2016-07-11 02:00:00+02:00,4wP40PNGYori6bWXB7_opw,570.2,Hydro Water Reservoir,50WP00000000552X,Rana,Rana,1,MAW,PT1M,1,2016-07-11 00:40:00+02:00
2016-07-17 01:03:24+02:00,200,NO_4,Unplanned outage,A03,,2016-07-18 09:00:00+02:00,SSuB8Hp7K4NAzWuUzFQk9g,360.0,Hydro Water Reservoir,50WP00000000633X,Skjomen,Skjomen,1,MAW,PT1M,1,2016-07-17 01:00:00+02:00
2016-08-01 09:56:12+02:00,360,NO_4,Unplanned outage,A03,,2016-08-01 15:00:00+02:00,mLOLneHNjp8A-rqf-UCGcg,570.2,Hydro Water Reservoir,50WP00000000552X,Rana,Rana,1,MAW,PT1M,3,2016-08-01 01:00:00+02:00
2016-08-05 13:14:30+02:00,200,NO_4,Unplanned outage,A03,,2016-08-05 13:00:00+02:00,ThNYF0gnvCpbHHmhfrC0Iw,360.0,Hydro Water Reservoir,50WP00000000633X,Skjomen,Skjomen,1,MAW,PT1M,3,2016-08-05 06:45:00+02:00
2016-08-29 08:03:11+02:00,150,NO_4,Unplanned outage,A03,,2016-08-29 08:00:00+02:00,W4oZgVTwk4ZWItxJN3DcGA,352.4,Hydro Water Reservoir,50WP00000000366U,Kobbelv,Kobbelv,1,MAW,PT1M,3,2016-08-28 22:22:00+02:00
2016-09-05 12:50:11+02:00,365,NO_4,Unplanned outage,A03,,2016-09-05 12:45:00+02:00,H9B6saQVRt3TEUi0Pb-5EA,570.2,Hydro Water Reservoir,50WP00000000552X,Rana,Rana,1,MAW,PT1M,3,2016-09-04 15:15:00+02:00
2016-09-06 08:03:24+02:00,150,NO_4,Unplanned outage,A03,,2016-09-06 11:00:00+02:00,eYAdJ_bq2HdTF5lev_ZoUQ,352.4,Hydro Water Reservoir,50WP00000000366U,Kobbelv,Kobbelv,1,MAW,PT1M,2,2016-09-06 04:45:00+02:00
2016-09-07 07:23:32+02:00,150,NO_4,Unplanned outage,A03,,2016-09-07 07:20:00+02:00,iQHh55cuRcyzM63YDhjz7A,352.4,Hydro Water Reservoir,50WP00000000366U,Kobbelv,Kobbelv,1,MAW,PT1M,2,2016-09-07 05:30:00+02:00
2016-09-15 19:42:17+02:00,365,NO_4,Unplanned outage,A03,,2016-09-16 15:00:00+02:00,cSVorUsE3erW6eRHbWlubg,570.2,Hydro Water Reservoir,50WP00000000552X,Rana,Rana,1,MAW,PT1M,1,2016-09-15 18:55:00+02:00
2016-09-22 17:44:33+02:00,200,NO_4,Unplanned outage,A03,,2016-09-23 11:00:00+02:00,OPklAxjL_uC6XKHL-JfATA,360.0,Hydro Water Reservoir,50WP00000000633X,Skjomen,Skjomen,1,MAW,PT1M,1,2016-09-22 15:45:00+02:00
2016-09-23 09:57:13+02:00,150,NO_4,Unplanned outage,A03,,2016-09-23 09:55:00+02:00,4W_yOiayrVafiYgHAf8hgg,352.4,Hydro Water Reservoir,50WP00000000366U,Kobbelv,Kobbelv,1,MAW,PT1M,2,2016-09-23 08:30:00+02:00
2016-10-12 17:01:40+02:00,217,NO_4,Unplanned outage,A03,,2016-10-12 13:33:00+02:00,ZhMjKC_X_0tbPUCROy0cmQ,378.4,Hydro Water Reservoir,50WP00000000498D,Nedre Rossaga,Nedre Rossaga,1,MAW,PT1M,2,2016-10-12 12:22:00+02:00
2016-10-19 14:28:06+02:00,150,NO_4,Unplanned outage,A03,,2016-10-19 15:00:00+02:00,fguRyyT0oGxKnDeE1m-eww,352.4,Hydro Water Reservoir,50WP00000000366U,Kobbelv,Kobbelv,1,MAW,PT1M,1,2016-10-19 13:00:00+02:00
2016-11-04 09:22:40+01:00,200,NO_4,Unplanned outage,A03,,2016-11-04 09:13:00+01:00,0mNSTFyi3Ct7G4xSREO1Ww,360.0,Hydro Water Reservoir,50WP00000000633X,Skjomen,Skjomen,1,MAW,PT1M,4,2016-11-04 05:40:00+01:00
2016-12-19 06:53:06+01:00,150,NO_4,Unplanned outage,A03,,2016-12-19 06:45:00+01:00,crewgpJLFyXBcYkQjwcBFw,300.0,Hydro Water Reservoir,50WP00000000366U,Kobbelv,Kobbelv,1,MAW,PT1M,3,2016-12-19 00:00:00+01:00
2016-12-22 04:13:21+01:00,150,NO_4,Unplanned outage,A03,,2016-12-22 08:15:00+01:00,H61DLao4AsHQ25rHkY26HQ,300.0,Hydro Water Reservoir,50WP00000000366U,Kobbelv,Kobbelv,1,MAW,PT1M,1,2016-12-22 04:10:00+01:00
2016-12-23 06:47:51+01:00,225,NO_4,Unplanned outage,A03,,2016-12-23 08:00:00+01:00,498JB0npTVYGWWIrwk515Q,486.6,Hydro Water Reservoir,50WP00000000498D,Nedre Rossaga,Nedre Rossaga,1,MAW,PT1M,1,2016-12-23 06:10:00+01:00
2016-12-25 16:21:30+01:00,150,NO_4,Unplanned outage,A03,,2016-12-26 15:00:00+01:00,wNUf13cItdjS69zKkGkiyQ,300.0,Hydro Water Reservoir,50WP00000000366U,Kobbelv,Kobbelv,1,MAW,PT1M,1,2016-12-25 15:45:00+01:00
2017-01-06 00:52:35+01:00,0,NO_4,Unplanned outage,A03,,2017-01-06 08:00:00+01:00,bguBta1UsWhlyh6-FRqFYg,300.0,Hydro Water Reservoir,50WP00000000366U,Kobbelv,Kobbelv,1,MAW,PT1M,1,2017-01-06 00:20:00+01:00
2017-01-09 01:25:11+01:00,0,NO_4,Unplanned outage,A03,,2017-01-09 09:00:00+01:00,WoEto6QK2hWkPiT-2ga1JQ,300.0,Hydro Water Reservoir,50WP00000000366U,Kobbelv,Kobbelv,1,MAW,PT1M,1,2017-01-09 01:15:00+01:00
2017-01-23 08:03:53+01:00,150,NO_4,Unplanned outage,A03,,2017-01-23 09:00:00+01:00,ysUEQLfgFff89d3vqyCrwQ,300.0,Hydro Water Reservoir,50WP00000000366U,Kobbelv,Kobbelv,1,MAW,PT1M,2,2017-01-23 06:10:00+01:00
2017-02-01 16:33:11+01:00,350,NO_4,Unplanned outage,A03,,2017-02-01 16:30:00+01:00,pBRP6ti2RlbFZ-tr-Tt_MQ,720.0,Hydro Water Reservoir,50WP00000000695B,Svartisen,Svartisen,1,MAW,PT1M,3,2017-01-29 22:49:00+01:00
2017-02-09 21:28:33+01:00,0,NO_4,Unplanned outage,A03,,2017-02-10 09:00:00+01:00,E59BK-dEqSau99sODuSvyQ,260.0,Hydro Water Reservoir,50WP00000000498D,Nedre Rossaga,Nedre Rossaga,1,MAW,PT1M,13,2017-02-06 22:40:00+01:00
2017-11-23 15:23:09+01:00,150,NO_4,Unplanned outage,A03,,2017-11-23 15:10:00+01:00,YJ4yBaAQRw1HLA8jDpQeGw,300.0,Hydro Water Reservoir,50WP00000000366U,Kobbelv,Kobbelv,1,MAW,PT1M,2,2017-11-23 14:00:00+01:00
2017-11-27 09:10:53+01:00,150,NO_4,Unplanned outage,A03,,2017-11-27 09:00:00+01:00,adenAROJqbM9SO-mpnZEQw,300.0,Hydro Water Reservoir,50WP00000000366U,Kobbelv,Kobbelv,1,MAW,PT1M,2,2017-11-27 04:40:00+01:00
2018-01-17 17:13:28+01:00,70,NO_4,Unplanned outage,A03,,2018-01-17 11:30:00+01:00,JYi8aTuKJtFLsweTtdIL_A,260.0,Hydro Water Reservoir,50WP00000000498D,Nedre Rossaga,Nedre Rossaga,1,MAW,PT1M,3,2018-01-17 11:20:00+01:00
2019-01-11 18:07:27+01:00,115,NO_4,Unplanned outage,A03,,2019-01-12 09:00:00+01:00,QqX4o81cKNcWLOiw2fwOGA,300.0,Hydro Water Reservoir,50WP00000000633X,Skjomen,Skjomen,1,MAW,PT60M,2,2019-01-11 18:00:00+01:00
2019-05-06 10:12:23+02:00,0,NO_4,Unplanned outage,A03,,2019-05-06 06:30:00+02:00,ukhIgRNja2-RO9nI9-LlCQ,720.0,Hydro Water Reservoir,50WP00000000695B,Svartisen,Svartisen,1,MAW,PT15M,3,2019-05-06 06:15:00+02:00
2019-07-31 02:50:27+02:00,120,NO_4,Unplanned outage,A03,,2019-07-31 01:45:00+02:00,POl2X7l3rGO79DvSCuBAMg,500.0,Hydro Water Reservoir,50WP00000000552X,Rana,Rana,1,MAW,PT1M,2,2019-07-31 01:38:00+02:00
2019-12-29 18:10:33+01:00,0,NO_4,Unplanned outage,A03,,2019-12-29 09:00:00+01:00,8j3orScGza-Hq5DrBWaBiA,720.0,Hydro Water Reservoir,50WP00000000695B,Svartisen,Svartisen,1,MAW,PT1M,5,2019-12-29 08:50:00+01:00
2020-01-04 01:07:04+01:00,127,NO_4,Unplanned outage,A03,,2020-01-04 12:00:00+01:00,lQ1N77R9Px5dHg3aM2PHgA,350.0,Hydro Water Reservoir,50WP00000000498D,Nedre Rossaga,Nedre Rossaga,1,MAW,PT60M,1,2020-01-04 01:00:00+01:00
2020-01-06 08:42:26+01:00,129,NO_4,Unplanned outage,A03,,2020-01-06 10:00:00+01:00,sO03BioICll6ZYCdG2fTHw,350.0,Hydro Water Reservoir,50WP00000000498D,Nedre Rossaga,Nedre Rossaga,1,MAW,PT60M,5,2020-01-04 14:00:00+01:00
2020-01-08 15:58:15+01:00,0,NO_4,Unplanned outage,A03,,2020-01-08 15:30:00+01:00,yJJ6YkvXuky1TtuXdqtpIA,288.0,Wind Onshore,50WP00000000882C,Storheia,Storheia Vindpark,1,MAW,PT1M,1,2020-01-08 15:20:00+01:00
2020-01-27 17:46:21+01:00,200,NO_4,Unplanned outage,A03,,2020-01-27 17:00:00+01:00,TJyiBbigE-DOghgHGr5jXA,300.0,Hydro Water Reservoir,50WP00000000633X,Skjomen,Skjomen,1,MAW,PT60M,2,2020-01-27 15:00:00+01:00
2020-03-13 08:53:40+01:00,0,NO_4,Unplanned outage,A03,,2020-03-13 04:15:00+01:00,pkusSsjjInvOgUNanFyx6Q,300.0,Hydro Water Reservoir,50WP00000000633X,Skjomen,Skjomen,1,MAW,PT1M,2,2020-03-13 04:13:00+01:00
2020-10-22 09:14:09+02:00,150,NO_4,Unplanned outage,A03,,2020-10-21 10:15:00+02:00,DLwFedDDcKYWILn4ShwzRQ,300.0,Hydro Water Reservoir,50WP00000000366U,Kobbelv,Kobbelv,1,MAW,PT1M,6,2020-10-21 10:09:00+02:00
2021-03-29 05:30:41+02:00,0,NO_4,Unplanned outage,A03,,2021-03-29 06:00:00+02:00,NU_l9hjslUYM7YC9fNBTiA,720.0,Hydro Water Reservoir,50WP00000000695B,Svartisen,Svartisen,1,MAW,PT30M,1,2021-03-29 05:30:00+02:00
2021-12-19 03:12:36+01:00,225,NO_4,Unplanned outage,A03,,2021-12-19 02:00:00+01:00,ARWMcvxKhr3_v6EaYC25Gg,350.0,Hydro Water Reservoir,50WP00000000498D,Nedre Rossaga,Nedre Rossaga,1,MAW,PT1M,2,2021-12-19 01:50:00+01:00
2022-02-25 00:34:17+01:00,100,NO_4,Unplanned outage,A03,,2022-02-25 09:00:00+01:00,FREU0Vpv5r8DRmcZVWKNfA,300.0,Hydro Water Reservoir,50WP00000000633X,Skjomen,Skjomen,1,MAW,PT60M,1,2022-02-25 00:00:00+01:00
2022-03-23 06:59:44+01:00,245,NO_4,Unplanned outage,A03,,2022-03-23 06:45:00+01:00,JStakxSdufpfu37BpKgKtw,500.0,Hydro Water Reservoir,50WP00000000552X,Rana,Rana,1,MAW,PT1M,1,2022-03-23 06:39:00+01:00
