2014-12-18 21:12:04+02:00,90,FI,Unplanned outage,A03,,2014-12-18 21:10:00+02:00,syACvPyYhbZgcVMXmdLaEQ,223.0,Fossil Hard coal,44W-T-YT-000012L,Vaasa,Vaskiluoto,1,MAW,PT1M,2,2014-12-18 19:35:00+02:00
2014-12-26 13:29:14+02:00,0,FI,Unplanned outage,A03,,2014-12-26 18:00:00+02:00,xGs4aETdyVv0RHn6LIes6A,105.0,Fossil Hard coal,44W-T-YT-000001Q,Helsinki,Hanasaari,1,MAW,PT1M,1,2014-12-26 13:09:00+02:00
2015-01-04 15:55:43+02:00,0,FI,Unplanned outage,A03,,2015-01-04 18:00:00+02:00,_t0MJVup2LmmVL1QcsO0BA,170.0,Fossil Gas,44W-T-YT-000010P,Espoo,Suomenoja,1,MAW,PT1M,2,2015-01-04 11:14:00+02:00
2015-01-06 20:14:47+02:00,0,FI,Unplanned outage,A03,,2015-01-06 20:03:00+02:00,1xkfP3N4vwZFoao9xyoVJg,120.0,Fossil Peat,44W-T-YT-000009A,Seinäjoki,Seinäjoki,1,MAW,PT1M,3,2015-01-06 02:04:00+02:00
2015-01-07 16:14:23+02:00,0,FI,Unplanned outage,A03,,2015-01-08 00:00:00+02:00,YVGHAw4QEJl_6TeTsvKy6g,120.0,Fossil Peat,44W-T-YT-000009A,Seinäjoki,Seinäjoki,1,MAW,PT1M,1,2015-01-07 16:04:00+02:00
2015-01-07 18:40:14+02:00,0,FI,Unplanned outage,A03,,2015-01-07 18:38:00+02:00,xwhAC1P84YePMKZ4pskrrw,120.0,Fossil Peat,44W-T-YT-000009A,Seinäjoki,Seinäjoki,1,MAW,PT1M,2,2015-01-07 17:00:00+02:00
2015-01-07 20:36:14+02:00,0,FI,Unplanned outage,A03,,2015-01-07 20:20:00+02:00,KBBa61D7KA8l9rpGonKONA,120.0,Fossil Peat,44W-T-YT-000009A,Seinäjoki,Seinäjoki,1,MAW,PT1M,2,2015-01-07 18:41:00+02:00
2015-01-08 17:39:23+02:00,0,FI,Unplanned outage,A03,,2015-01-08 20:00:00+02:00,Qy2y0ftbE32_A0bkECpN5g,240.0,Fossil Hard coal,44W-T-LV-000004L,Pori,Tahkoluoto,1,MAW,PT1M,1,2015-01-08 17:29:00+02:00
2015-01-12 02:53:33+02:00,0,FI,Unplanned outage,A03,,2015-01-12 06:00:00+02:00,G1_Jt0vZP3NdJdv0q-VGTA,565.0,Fossil Hard coal,44W-T-LV-000003N,Pori,Meri-Pori,1,MAW,PT1M,1,2015-01-12 02:45:00+02:00
2015-01-14 12:27:14+02:00,0,FI,Unplanned outage,A03,,2015-01-14 15:00:00+02:00,3QX37SZAkgY3-AtXbJwxGg,105.0,Fossil Hard coal,44W-T-YT-000006G,Naantali,Naantali,1,MAW,PT1M,1,2015-01-14 12:22:00+02:00
2015-01-18 09:13:21+02:00,0,FI,Unplanned outage,A03,,2015-01-18 09:08:00+02:00,gh44GKi6B381elQXF4gPZA,105.0,Fossil Hard coal,44W-T-YT-000006G,Naantali,Naantali,1,MAW,PT1M,2,2015-01-18 07:25:00+02:00
2015-01-19 08:02:14+02:00,0,FI,Unplanned outage,A03,,2015-01-19 10:00:00+02:00,cqIrX43XiKZRbzZky01ZKQ,115.0,Fossil Hard coal,44W-T-YT-000006G,Naantali,Naantali,1,MAW,PT1M,4,2015-01-18 22:25:00+02:00
2015-01-19 12:54:15+02:00,0,FI,Unplanned outage,A03,,2015-01-19 12:26:00+02:00,jRWaze0CFXOXuUMK_buMFQ,240.0,Fossil Hard coal,44W-T-LV-000004L,Pori,Tahkoluoto,1,MAW,PT1M,3,2015-01-19 04:32:00+02:00
2015-01-23 16:44:34+02:00,0,FI,Unplanned outage,A03,,2015-01-23 18:00:00+02:00,RCeoVizsJq9tNqhkEkgn1Q,120.0,Fossil Peat,44W-T-YT-000011N,Oulu,Toppila,1,MAW,PT1M,2,2015-01-23 15:43:00+02:00
2015-01-27 02:29:25+02:00,0,FI,Unplanned outage,A03,,2015-01-27 02:25:00+02:00,mrcFWtGJ-EBgfxXuER3RtQ,120.0,Fossil Peat,44W-T-YT-000011N,Oulu,Toppila,1,MAW,PT1M,6,2015-01-23 20:00:00+02:00
2015-01-30 13:08:42+02:00,0,FI,Unplanned outage,A03,,2015-02-01 18:00:00+02:00,YtDzEdtF6GgeVTREdMxBpQ,190.0,Fossil Peat,44W-T-YT-000003M,Jyväskylä,Keljonlahti,1,MAW,PT1M,1,2014-10-25 22:15:00+03:00
2015-02-10 08:26:15+02:00,0,FI,Unplanned outage,A03,,2015-02-10 14:00:00+02:00,DVS1wuh0Jzvrq4O5MR36jA,105.0,Fossil Hard coal,44W-T-YT-000001Q,Helsinki,Hanasaari,1,MAW,PT1M,1,2015-02-10 08:14:00+02:00
2015-02-11 02:37:12+02:00,0,FI,Unplanned outage,A03,,2015-02-11 02:30:00+02:00,teR7dB6VMLZLRIJ2HJCEJg,190.0,Fossil Peat,44W-T-YT-000003M,Jyväskylä,Keljonlahti,1,MAW,PT1M,2,2015-02-11 00:15:00+02:00
2015-02-11 12:09:37+02:00,0,FI,Unplanned outage,A03,,2015-02-11 13:00:00+02:00,V1IPOikM1BeKXdH4tPoaDw,105.0,Fossil Hard coal,44W-T-YT-000006G,Naantali,Naantali,1,MAW,PT1M,1,2015-02-11 11:15:00+02:00
2015-02-12 12:50:12+02:00,0,FI,Unplanned outage,A03,,2015-02-13 15:00:00+02:00,xUENQgHxg0C1pABRrBoeRQ,155.0,Fossil Hard coal,44W-T-YT-000008C,Helsinki,Salmisaari,1,MAW,PT1M,6,2015-02-10 08:14:00+02:00
2015-02-17 14:32:24+02:00,0,FI,Unplanned outage,A03,,2015-02-18 00:00:00+02:00,-8tGRWAKpM2A5JujtMovzQ,155.0,Fossil Hard coal,44W-T-YT-000008C,Helsinki,Salmisaari,1,MAW,PT1M,1,2015-02-17 14:21:00+02:00
2015-02-20 10:49:30+02:00,0,FI,Unplanned outage,A03,,2015-02-20 12:00:00+02:00,ObyriKRF_dGHuTP67YG92g,105.0,Fossil Hard coal,44W-T-YT-000001Q,Helsinki,Hanasaari,1,MAW,PT1M,1,2015-02-20 10:35:00+02:00
2015-02-24 03:48:03+02:00,0,FI,Unplanned outage,A03,,2015-02-24 03:42:00+02:00,AhPG7311Jqj72GidAjtycQ,880.0,Nuclear,44W-T-YV-0000034,Eurajoki,Olkiluoto 2,1,MAW,PT1M,13,2015-02-04 20:10:00+02:00
2015-02-25 11:22:35+02:00,100,FI,Unplanned outage,A03,,2015-02-25 11:20:00+02:00,NJnr_lN-dsWWC_pPQ1mPeA,223.0,Fossil Hard coal,44W-T-YT-000012L,Vaasa,Vaskiluoto,1,MAW,PT1M,2,2015-02-25 10:35:00+02:00
2015-02-25 17:02:04+02:00,400,FI,Unplanned outage,A03,,2015-02-24 10:11:00+02:00,gVW0saYMA0yaUm-fviEbdQ,880.0,Nuclear,44W-T-YV-0000034,Eurajoki,Olkiluoto 2,1,MAW,PT1M,4,2015-02-24 06:10:00+02:00
2015-02-27 11:24:11+02:00,0,FI,Unplanned outage,A03,,2015-03-02 23:59:00+02:00,jYPFK3tNFcmNB3PiQISv4g,240.0,Fossil Hard coal,44W-T-LV-000002P,Kristiinankaupunki,Kristiina,1,MAW,PT1M,4,2015-02-24 06:12:00+02:00
2015-03-03 22:52:02+02:00,0,FI,Unplanned outage,A03,,2015-03-04 07:00:00+02:00,SOyv8h-FOvxNwaZJgieV3g,105.0,Fossil Hard coal,44W-T-YT-000001Q,Helsinki,Hanasaari,1,MAW,PT1M,1,2015-03-03 22:34:00+02:00
2015-03-04 17:01:05+02:00,0,FI,Unplanned outage,A03,,2015-04-20 01:00:00+03:00,eSuI-SWDDabo8mpnDt4NVQ,105.0,Fossil Hard coal,44W-T-YT-000001Q,Helsinki,Hanasaari,1,MAW,PT1M,7,2015-02-10 14:10:00+02:00
2015-03-04 20:57:02+02:00,0,FI,Unplanned outage,A03,,2015-03-05 09:00:00+02:00,dOcFZQ_600YKuM6gtMPtSw,155.0,Fossil Hard coal,44W-T-YT-000008C,Helsinki,Salmisaari,1,MAW,PT1M,2,2015-03-04 15:45:00+02:00
2015-03-06 02:03:02+02:00,0,FI,Unplanned outage,A03,,2015-03-06 02:00:00+02:00,lFchsxnm9UFOaxPBlvhy3Q,120.0,Fossil Peat,44W-T-YT-000011N,Oulu,Toppila,1,MAW,PT1M,4,2015-03-05 22:25:00+02:00
2015-03-20 16:42:26+02:00,0,FI,Unplanned outage,A03,,2015-03-20 22:00:00+02:00,aECtWqVV_GPyqD_tqbaJAw,105.0,Fossil Hard coal,44W-T-YT-000001Q,Helsinki,Hanasaari,1,MAW,PT1M,1,2015-03-20 16:28:00+02:00
2015-03-21 23:25:33+02:00,0,FI,Unplanned outage,A03,,2015-03-21 23:15:00+02:00,i3XITHi2WCg8_BjdREkPow,125.0,Biomass,44W-T-YT-000002O,Lappeenranta,Kaukaan Voima,1,MAW,PT1M,2,2015-03-21 22:20:00+02:00
2015-03-28 22:51:02+02:00,0,FI,Unplanned outage,A03,,2015-03-29 05:00:00+03:00,kbdgSGHLpUZr6Y8Kl_hHug,223.0,Fossil Hard coal,44W-T-YT-000012L,Vaasa,Vaskiluoto,1,MAW,PT1M,2,2015-03-28 08:07:00+02:00
2015-04-01 10:25:14+03:00,0,FI,Unplanned outage,A03,,2015-04-01 15:00:00+03:00,Pi75BDK44ogWgjvqqK6AYg,125.0,Biomass,44W-T-YT-000002O,Lappeenranta,Kaukaan Voima,1,MAW,PT1M,5,2015-04-01 00:38:00+03:00
2015-04-01 18:51:24+03:00,0,FI,Unplanned outage,A03,,2015-04-01 18:40:00+03:00,6cnqVVbcfLYtj0DUy6iG1Q,125.0,Biomass,44W-T-YT-000002O,Lappeenranta,Kaukaan Voima,1,MAW,PT1M,2,2015-04-01 17:55:00+03:00
2015-04-01 23:04:04+03:00,0,FI,Unplanned outage,A03,,2015-04-01 22:55:00+03:00,H49YqyYqyW5RdbkcTqwTLA,125.0,Biomass,44W-T-YT-000002O,Lappeenranta,Kaukaan Voima,1,MAW,PT1M,2,2015-04-01 22:05:00+03:00
2015-04-02 06:53:15+03:00,0,FI,Unplanned outage,A03,,2015-04-02 09:00:00+03:00,kdas9iW6rBPouun6AqL8SQ,125.0,Biomass,44W-T-YT-000002O,Lappeenranta,Kaukaan Voima,1,MAW,PT1M,1,2015-04-02 06:46:00+03:00
2015-04-02 12:02:18+03:00,0,FI,Unplanned outage,A03,,2015-04-02 11:36:00+03:00,PURwv7Kms61NzaURzijoJA,125.0,Biomass,44W-T-YT-000002O,Lappeenranta,Kaukaan Voima,1,MAW,PT1M,2,2015-04-02 10:28:00+03:00
2015-04-02 23:31:16+03:00,81,FI,Unplanned outage,A03,,2015-04-02 23:25:00+03:00,gdyJTpAzKZAC3z5n6efsAA,223.0,Fossil Hard coal,44W-T-YT-000012L,Vaasa,Vaskiluoto,1,MAW,PT1M,2,2015-04-02 21:10:00+03:00
2015-04-03 01:12:17+03:00,0,FI,Unplanned outage,A03,,2015-04-03 01:05:00+03:00,EJaKLO6OZE4zF_1E5v2-zA,190.0,Fossil Peat,44W-T-YT-000003M,Jyväskylä,Keljonlahti,1,MAW,PT1M,2,2015-04-02 22:20:00+03:00
2015-04-08 04:48:12+03:00,0,FI,Unplanned outage,A03,,2015-04-08 04:40:00+03:00,u72KdV62JN2k3SWxKiL7ew,125.0,Biomass,44W-T-YT-000002O,Lappeenranta,Kaukaan Voima,1,MAW,PT1M,4,2015-04-07 20:23:00+03:00
2015-04-16 06:57:18+03:00,0,FI,Unplanned outage,A03,,2015-04-16 12:00:00+03:00,tu-9y8TrqVMiwRAONmpYYg,105.0,Fossil Hard coal,44W-T-YT-000001Q,Helsinki,Hanasaari,1,MAW,PT1M,1,2015-04-16 06:50:00+03:00
2015-04-24 18:57:27+03:00,0,FI,Unplanned outage,A03,,2015-04-24 20:00:00+03:00,AiZigfARNJzjAlGg3RCs5A,120.0,Fossil Peat,44W-T-YT-000011N,Oulu,Toppila,1,MAW,PT1M,8,2015-04-22 13:57:00+03:00
2015-04-26 23:17:10+03:00,0,FI,Unplanned outage,A03,,2015-04-26 22:41:00+03:00,SM3IHwcPEEJ4Tu_nyke7_Q,120.0,Fossil Peat,44W-T-YT-000009A,Seinäjoki,Seinäjoki,1,MAW,PT1M,4,2015-04-25 23:31:00+03:00
2015-04-28 22:29:33+03:00,0,FI,Unplanned outage,A03,,2015-04-28 22:13:00+03:00,qi_ws1GFX-4w9M-MbFMaBQ,120.0,Fossil Peat,44W-T-YT-000011N,Oulu,Toppila,1,MAW,PT1M,6,2015-04-24 23:30:00+03:00
2015-04-29 13:04:17+03:00,0,FI,Unplanned outage,A03,,2015-04-29 18:00:00+03:00,Q_TUHMCFoR6es8ICop-Bhw,120.0,Fossil Peat,44W-T-YT-000011N,Oulu,Toppila,1,MAW,PT1M,4,2015-04-28 23:30:00+03:00
2015-04-29 22:01:43+03:00,0,FI,Unplanned outage,A03,,2015-04-29 21:54:00+03:00,8Jp8iMNwwm8ukHdUVTJ-DA,120.0,Fossil Peat,44W-T-YT-000011N,Oulu,Toppila,1,MAW,PT1M,2,2015-04-29 19:03:00+03:00
2015-05-04 00:00:27+03:00,0,FI,Unplanned outage,A03,,2015-05-04 03:00:00+03:00,2XjtLP0mgO-dfV2yzj7_8Q,240.0,Fossil Peat,44W-T-YT-000000S,Pietarsaari,Alholmens Kraft,1,MAW,PT1M,1,2015-05-03 23:19:00+03:00
2015-05-08 08:20:17+03:00,0,FI,Unplanned outage,A03,,2015-05-08 07:45:00+03:00,DNjQZ6tBf64hZEALjmdUKg,125.0,Biomass,44W-T-YT-000002O,Lappeenranta,Kaukaan Voima,1,MAW,PT1M,3,2015-05-08 02:06:00+03:00
2015-05-08 10:35:36+03:00,0,FI,Unplanned outage,A03,,2015-05-08 10:25:00+03:00,zoiZNbD_asJCvMSUsFMlLA,125.0,Biomass,44W-T-YT-000002O,Lappeenranta,Kaukaan Voima,1,MAW,PT1M,2,2015-05-08 09:10:00+03:00
2015-05-08 12:11:23+03:00,0,FI,Unplanned outage,A03,,2015-05-08 14:00:00+03:00,a4v4VdQf6ymeZloCLF2VNA,125.0,Biomass,44W-T-YT-000002O,Lappeenranta,Kaukaan Voima,1,MAW,PT1M,1,2015-05-08 11:56:00+03:00
2015-05-08 15:38:46+03:00,0,FI,Unplanned outage,A03,,2015-05-08 15:25:00+03:00,lXOazxly4_xS1qeMPEhOlw,125.0,Biomass,44W-T-YT-000002O,Lappeenranta,Kaukaan Voima,1,MAW,PT1M,2,2015-05-08 14:30:00+03:00
2015-05-13 15:18:27+03:00,0,FI,Unplanned outage,A03,,2015-05-13 19:00:00+03:00,ChUWy6lS4pHjR2NdZZp_kQ,160.0,Fossil Gas,44W-T-YT-000013J,Helsinki,Vuosaari,1,MAW,PT1M,1,2015-05-13 14:26:00+03:00
2015-05-25 09:49:18+03:00,0,FI,Unplanned outage,A03,,2015-05-25 09:44:00+03:00,FCqlcpR1Zyhd_NPFN-UZIA,223.0,Fossil Hard coal,44W-T-YT-000012L,Vaasa,Vaskiluoto,1,MAW,PT1M,3,2015-05-25 06:12:00+03:00
2015-06-08 10:29:14+03:00,0,FI,Unplanned outage,A03,,2015-06-06 21:00:00+03:00,rE8r-obOac7xAIkJDYrOYw,880.0,Nuclear,44W-T-YV-0000034,Eurajoki,Olkiluoto 2,1,MAW,PT1M,8,2015-06-05 23:54:00+03:00
2015-06-22 00:05:52+03:00,0,FI,Unplanned outage,A03,,2015-06-21 18:14:00+03:00,IsWqN4cuRH4rojxOgUZpVw,880.0,Nuclear,44W-T-YV-0000034,Eurajoki,Olkiluoto 2,1,MAW,PT1M,7,2015-06-20 11:20:00+03:00
2015-06-22 07:48:11+03:00,0,FI,Unplanned outage,A03,,2015-06-22 11:00:00+03:00,E1vnQ8Zr1vyVZXKJSwV9QA,223.0,Fossil Hard coal,44W-T-YT-000012L,Vaasa,Vaskiluoto,1,MAW,PT1M,2,2015-06-22 06:33:00+03:00
2015-06-30 10:35:44+03:00,0,FI,Unplanned outage,A03,,2015-06-30 10:13:00+03:00,IYSNTzG7KCC3movRsuAMqA,223.0,Fossil Hard coal,44W-T-YT-000012L,Vaasa,Vaskiluoto,1,MAW,PT1M,2,2015-06-30 07:20:00+03:00
2015-07-13 06:34:36+03:00,0,FI,Unplanned outage,A03,,2015-07-13 06:27:00+03:00,I-k0fzvx1CgZBlNlOqCy6Q,240.0,Fossil Peat,44W-T-YT-000000S,Pietarsaari,Alholmens Kraft,1,MAW,PT1M,2,2015-07-13 05:52:00+03:00
2015-07-13 09:41:12+03:00,0,FI,Unplanned outage,A03,,2015-07-13 09:21:00+03:00,Ll74g5sSAdrTLrswlj5Leg,240.0,Fossil Peat,44W-T-YT-000000S,Pietarsaari,Alholmens Kraft,1,MAW,PT1M,2,2015-07-13 08:32:00+03:00
2015-07-13 17:43:51+03:00,0,FI,Unplanned outage,A03,,2015-07-13 17:42:00+03:00,w6zM-UX7_s37KALOupWcQg,240.0,Fossil Peat,44W-T-YT-000000S,Pietarsaari,Alholmens Kraft,1,MAW,PT1M,2,2015-07-13 12:54:00+03:00
2015-08-02 02:02:32+03:00,0,FI,Unplanned outage,A03,,2015-08-02 01:44:00+03:00,z-RrHwljUY0DsyhAYZqCBg,125.0,Biomass,44W-T-YT-000002O,Lappeenranta,Kaukaan Voima,1,MAW,PT1M,2,2015-08-02 00:31:00+03:00
2015-08-10 14:09:02+03:00,0,FI,Unplanned outage,A03,,2015-08-12 12:00:00+03:00,HrPAvQC_BEZRzfaNsi5u-g,105.0,Fossil Hard coal,44W-T-YT-000006G,Naantali,Naantali,1,MAW,PT1M,1,2015-08-10 14:00:00+03:00
2015-08-21 19:26:00+03:00,0,FI,Unplanned outage,A03,,2015-08-21 19:13:00+03:00,SGfXm2UetKmRykqbYsaB9w,125.0,Biomass,44W-T-YT-000002O,Lappeenranta,Kaukaan Voima,1,MAW,PT1M,5,2015-08-21 09:35:00+03:00
2015-08-21 22:58:30+03:00,0,FI,Unplanned outage,A03,,2015-08-21 22:50:00+03:00,BYUvV-vQPNxgiu7vFxpY6Q,125.0,Biomass,44W-T-YT-000002O,Lappeenranta,Kaukaan Voima,1,MAW,PT1M,2,2015-08-21 21:58:00+03:00
2015-08-22 18:10:31+03:00,120,FI,Unplanned outage,A03,,2015-08-22 18:04:00+03:00,IAhhV43_b6yK28sElK0kGQ,223.0,Fossil Hard coal,44W-T-YT-000012L,Vaasa,Vaskiluoto,1,MAW,PT1M,3,2015-08-22 10:15:00+03:00
2015-08-23 02:39:21+03:00,0,FI,Unplanned outage,A03,,2015-08-23 02:12:00+03:00,pGRgtLv2LbzcIYLPAC6qTw,125.0,Biomass,44W-T-YT-000002O,Lappeenranta,Kaukaan Voima,1,MAW,PT1M,6,2015-08-22 17:57:00+03:00
2015-08-28 13:15:50+03:00,0,FI,Unplanned outage,A03,,2015-08-28 12:50:00+03:00,RBskzFW_qbJeYr9IQlkXkg,105.0,Fossil Hard coal,44W-T-YT-000006G,Naantali,Naantali,1,MAW,PT1M,3,2015-08-28 02:48:00+03:00
2015-08-28 18:24:42+03:00,0,FI,Unplanned outage,A03,,2015-08-29 05:00:00+03:00,sY1RQDpwKa7s-s0IVkZMGQ,105.0,Fossil Hard coal,44W-T-YT-000006G,Naantali,Naantali,1,MAW,PT1M,1,2015-08-28 17:54:00+03:00
2015-09-21 02:45:21+03:00,0,FI,Unplanned outage,A03,,2015-09-21 03:00:00+03:00,f292EUKkE9I2A1cK7rwB9g,105.0,Fossil Hard coal,44W-T-YT-000006G,Naantali,Naantali,1,MAW,PT1M,3,2015-09-20 23:36:00+03:00
2015-09-26 01:23:44+03:00,0,FI,Unplanned outage,A03,,2015-09-26 01:18:00+03:00,wypoxKGgX7YshoGaBLeXZg,105.0,Fossil Hard coal,44W-T-YT-000006G,Naantali,Naantali,1,MAW,PT1M,3,2015-09-25 23:32:00+03:00
2015-09-27 18:00:18+03:00,125,FI,Unplanned outage,A03,,2015-09-27 17:50:00+03:00,gYYKLxbTI0e_XRBNm9osDA,240.0,Fossil Peat,44W-T-YT-000000S,Pietarsaari,Alholmens Kraft,1,MAW,PT1M,3,2015-09-26 10:31:00+03:00
2015-09-27 20:12:16+03:00,0,FI,Unplanned outage,A03,,2015-09-27 20:04:00+03:00,VARZWEmoRHoY2jI7W6btvw,115.0,Fossil Hard coal,44W-T-YT-000006G,Naantali,Naantali,1,MAW,PT1M,3,2015-09-27 16:00:00+03:00
2015-09-27 20:12:27+03:00,0,FI,Unplanned outage,A03,,2015-09-27 20:04:00+03:00,aNNoGAeHH4ea9Mp_HC_gHQ,105.0,Fossil Hard coal,44W-T-YT-000006G,Naantali,Naantali,1,MAW,PT1M,3,2015-09-27 13:47:00+03:00
2015-09-28 10:17:12+03:00,0,FI,Unplanned outage,A03,,2015-09-28 11:00:00+03:00,6QdAfc-A4DJRSFz004If_Q,105.0,Fossil Hard coal,44W-T-YT-000006G,Naantali,Naantali,1,MAW,PT1M,5,2015-09-28 02:03:00+03:00
2015-09-28 11:46:22+03:00,0,FI,Unplanned outage,A03,,2015-09-28 13:00:00+03:00,wvvkH9UlzkMwk9e_oTBH2Q,105.0,Fossil Hard coal,44W-T-YT-000006G,Naantali,Naantali,1,MAW,PT1M,1,2015-09-28 11:30:00+03:00
2015-09-29 20:21:00+03:00,0,FI,Unplanned outage,A03,,2015-09-29 20:05:00+03:00,-CVAN3jVcSbr1qOIhCbnkQ,170.0,Fossil Hard coal,44W-T-YT-000004K,Lahti,Kymijärvi,1,MAW,PT1M,3,2015-09-28 21:00:00+03:00
2015-09-30 20:19:15+03:00,0,FI,Unplanned outage,A03,,2015-09-30 20:06:00+03:00,4ecAGrjPvB2d3R_gBhBd1w,248.0,Nuclear,44W-T-YV-0000018,Loviisa,Loviisa 2,1,MAW,PT1M,3,2015-09-30 12:12:00+03:00
2015-10-01 17:54:21+03:00,0,FI,Unplanned outage,A03,,2015-10-01 17:48:00+03:00,J2ZB9tBjieobMacRiq1VGA,115.0,Fossil Hard coal,44W-T-YT-000006G,Naantali,Naantali,1,MAW,PT1M,5,2015-09-29 17:47:00+03:00
2015-10-06 01:24:22+03:00,0,FI,Unplanned outage,A03,,2015-10-06 05:00:00+03:00,cPRxXs_G9b_JdC_I2JcJ0w,105.0,Fossil Hard coal,44W-T-YT-000001Q,Helsinki,Hanasaari,1,MAW,PT1M,1,2015-10-06 01:15:00+03:00
2015-10-06 08:45:12+03:00,0,FI,Unplanned outage,A03,,2015-10-06 09:00:00+03:00,LoEwhKFZvu2A9L3ZIOGKlQ,565.0,Fossil Hard coal,44W-T-LV-000003N,Pori,Meri-Pori,1,MAW,PT1M,2,2015-10-06 05:47:00+03:00
2015-10-06 10:17:26+03:00,0,FI,Unplanned outage,A03,,2015-10-06 12:30:00+03:00,YqoRTFzLPtvs1ljd03OesQ,565.0,Fossil Hard coal,44W-T-LV-000003N,Pori,Meri-Pori,1,MAW,PT1M,2,2015-10-06 09:47:00+03:00
2015-10-07 10:33:02+03:00,400,FI,Unplanned outage,A03,,2015-10-07 12:00:00+03:00,XIQJnwExY_VV77Tw2k4Hzw,565.0,Fossil Hard coal,44W-T-LV-000003N,Pori,Meri-Pori,1,MAW,PT1M,2,2015-10-07 07:45:00+03:00
2015-10-23 17:11:42+03:00,0,FI,Unplanned outage,A03,,2015-10-23 19:00:00+03:00,LHuAWRuIdcAbHDXG7XLVxA,105.0,Fossil Hard coal,44W-T-YT-000006G,Naantali,Naantali,1,MAW,PT1M,1,2015-10-23 16:15:00+03:00
2015-10-26 18:49:01+02:00,0,FI,Unplanned outage,A03,,2015-10-26 18:30:00+02:00,PZevDTOlWvDAChHbwKdc4A,170.0,Fossil Hard coal,44W-T-YT-000004K,Lahti,Kymijärvi,1,MAW,PT1M,3,2015-10-26 09:07:00+02:00
2015-10-30 13:18:10+02:00,0,FI,Unplanned outage,A03,,2015-10-30 19:00:00+02:00,Nl_-OpmKXGiG306-SusDRw,155.0,Fossil Hard coal,44W-T-YT-000008C,Helsinki,Salmisaari,1,MAW,PT1M,1,2015-10-30 12:30:00+02:00
2015-11-02 15:11:53+02:00,0,FI,Unplanned outage,A03,,2015-11-02 16:00:00+02:00,DSghgty2nxTjHMFjxu0YCg,223.0,Fossil Hard coal,44W-T-YT-000012L,Vaasa,Vaskiluoto,1,MAW,PT1M,3,2015-11-02 09:48:00+02:00
2015-11-07 20:56:22+02:00,0,FI,Unplanned outage,A03,,2015-11-07 20:51:00+02:00,EnVhzfkMXg9ZVQLVePI7ig,120.0,Fossil Peat,44W-T-YT-000011N,Oulu,Toppila,1,MAW,PT1M,2,2015-11-06 03:24:00+02:00
2015-11-21 12:57:14+02:00,0,FI,Unplanned outage,A03,,2015-11-21 12:54:00+02:00,zajCB6NV5wTXMrELDEWmXQ,105.0,Fossil Hard coal,44W-T-YT-000006G,Naantali,Naantali,1,MAW,PT1M,5,2015-11-20 20:20:00+02:00
2015-11-23 15:57:58+02:00,0,FI,Unplanned outage,A03,,2015-11-30 16:00:00+02:00,erQbm1Da3wNYOKOAeF01cA,105.0,Fossil Hard coal,44W-T-YT-000006G,Naantali,Naantali,1,MAW,PT1M,3,2015-11-21 18:32:00+02:00
2015-12-03 15:43:10+02:00,0,FI,Unplanned outage,A03,,2015-12-03 15:35:00+02:00,OspwJue78KzQ9Tq11OKm7A,565.0,Fossil Hard coal,44W-T-LV-000003N,Pori,Meri-Pori,1,MAW,PT1M,4,2015-11-29 13:52:00+02:00
2015-12-07 14:54:20+02:00,120,FI,Unplanned outage,A03,,2015-12-07 14:46:00+02:00,yHRc2qkZ5UQGmjZV7Ii7lg,223.0,Fossil Hard coal,44W-T-YT-000012L,Vaasa,Vaskiluoto,1,MAW,PT1M,2,2015-12-07 13:16:00+02:00
2015-12-08 21:58:21+02:00,0,FI,Unplanned outage,A03,,2015-12-09 10:00:00+02:00,vdMFsUcvyWlOMdotcKP2DQ,105.0,Fossil Hard coal,44W-T-YT-000006G,Naantali,Naantali,1,MAW,PT1M,5,2015-12-04 06:22:00+02:00
2015-12-09 04:43:11+02:00,0,FI,Unplanned outage,A03,,2015-12-09 04:38:00+02:00,HxkE3kK8exrVEZ7hjfE6MQ,125.0,Biomass,44W-T-YT-000002O,Lappeenranta,Kaukaan Voima,1,MAW,PT1M,3,2015-12-09 01:55:00+02:00
2015-12-12 16:43:11+02:00,120,FI,Unplanned outage,A03,,2015-12-12 16:41:00+02:00,Kt4XbRf3iSD-6SrqLGfBMQ,223.0,Fossil Hard coal,44W-T-YT-000012L,Vaasa,Vaskiluoto,1,MAW,PT1M,2,2015-12-12 14:25:00+02:00
2015-12-15 07:47:11+02:00,0,FI,Unplanned outage,A03,,2015-12-15 13:00:00+02:00,9fE17IgKE6FqODSsx8goVw,105.0,Fossil Hard coal,44W-T-YT-000001Q,Helsinki,Hanasaari,1,MAW,PT1M,4,2015-12-14 05:44:00+02:00
2015-12-28 10:41:12+02:00,0,FI,Unplanned outage,A03,,2015-12-28 16:00:00+02:00,q4o1G55NFyTXG2NAk9QJUg,155.0,Fossil Hard coal,44W-T-YT-000008C,Helsinki,Salmisaari,1,MAW,PT1M,1,2015-12-28 10:34:00+02:00
2015-12-29 07:16:11+02:00,0,FI,Unplanned outage,A03,,2015-12-29 13:00:00+02:00,J-8QRcF8Xdc8t5B9NRkJNw,155.0,Fossil Hard coal,44W-T-YT-000008C,Helsinki,Salmisaari,1,MAW,PT1M,1,2015-12-29 07:07:00+02:00
2016-01-03 17:00:11+02:00,0,FI,Unplanned outage,A03,,2016-01-03 19:00:00+02:00,XT3IKzk5tpE0lu01Lz39HA,155.0,Fossil Hard coal,44W-T-YT-000008C,Helsinki,Salmisaari,1,MAW,PT1M,2,2016-01-03 07:50:00+02:00
2016-01-15 10:51:24+02:00,0,FI,Unplanned outage,A03,,2016-01-15 10:43:00+02:00,BodLU0lYMZgh41OovMMOwg,240.0,Fossil Peat,44W-T-YT-000000S,Pietarsaari,Alholmens Kraft,1,MAW,PT1M,3,2016-01-15 04:41:00+02:00
2016-01-18 17:12:49+02:00,0,FI,Unplanned outage,A03,,2016-01-18 17:00:00+02:00,7osKoQ0r1bAexm0Yeit0aA,160.0,Fossil Gas,44W-T-YT-000013J,Helsinki,Vuosaari,1,MAW,PT1M,2,2016-01-18 14:58:00+02:00
2016-01-20 14:42:30+02:00,0,FI,Unplanned outage,A03,,2016-01-20 19:00:00+02:00,GthuSRJXId7uaewlujU0HA,120.0,Fossil Peat,44W-T-YT-000011N,Oulu,Toppila,1,MAW,PT1M,5,2016-01-17 12:12:00+02:00
2016-01-22 09:17:33+02:00,120,FI,Unplanned outage,A03,,2016-01-23 00:59:00+02:00,eNU3HcPw7tQ5QXy4HQcu8g,223.0,Fossil Hard coal,44W-T-YT-000012L,Vaasa,Vaskiluoto,1,MAW,PT1M,1,2016-01-22 05:58:00+02:00
2016-02-02 23:15:46+02:00,0,FI,Unplanned outage,A03,,2016-02-04 00:00:00+02:00,DVkbY3vEjbpy5O0-1-1gUg,105.0,Fossil Hard coal,44W-T-YT-000001Q,Helsinki,Hanasaari,1,MAW,PT1M,2,2016-02-02 17:50:00+02:00
2016-02-03 02:22:05+02:00,0,FI,Unplanned outage,A03,,2016-02-03 12:00:00+02:00,ffAUxY32yLT5df1zxWESpQ,223.0,Fossil Hard coal,44W-T-YT-000012L,Vaasa,Vaskiluoto,1,MAW,PT1M,1,2016-02-03 02:19:00+02:00
2016-02-12 00:48:40+02:00,0,FI,Unplanned outage,A03,,2016-02-11 23:33:00+02:00,anZ_sgB4MHCU6N3spEDgOA,223.0,Fossil Hard coal,44W-T-YT-000012L,Vaasa,Vaskiluoto,1,MAW,PT1M,5,2016-02-11 15:38:00+02:00
2016-02-17 20:44:22+02:00,100,FI,Unplanned outage,A03,,2016-02-17 20:43:00+02:00,ZSVDpCNCD3YMjvgCRh1r2w,223.0,Fossil Hard coal,44W-T-YT-000012L,Vaasa,Vaskiluoto,1,MAW,PT1M,2,2016-02-17 19:38:00+02:00
2016-02-23 01:05:30+02:00,0,FI,Unplanned outage,A03,,2016-02-23 07:00:00+02:00,koU8mJAAL6bxcmRlW8NYAg,155.0,Fossil Hard coal,44W-T-YT-000008C,Helsinki,Salmisaari,1,MAW,PT1M,2,2016-02-22 11:35:00+02:00
2016-02-23 16:42:58+02:00,0,FI,Unplanned outage,A03,,2016-02-24 01:00:00+02:00,GGFEMGB7yIv1Oi2TJ8eqcQ,105.0,Fossil Hard coal,44W-T-YT-000001Q,Helsinki,Hanasaari,1,MAW,PT1M,1,2016-02-23 16:17:00+02:00
2016-02-26 09:59:00+02:00,0,FI,Unplanned outage,A03,,2016-02-26 14:00:00+02:00,h2Vxv6QseQjvIP0BmAZwjA,105.0,Fossil Hard coal,44W-T-YT-000001Q,Helsinki,Hanasaari,1,MAW,PT1M,1,2016-02-26 09:48:00+02:00
2016-03-02 05:54:11+02:00,0,FI,Unplanned outage,A03,,2016-03-02 07:00:00+02:00,v1_2aZRefmrFEID4mgdBPA,223.0,Fossil Hard coal,44W-T-YT-000012L,Vaasa,Vaskiluoto,1,MAW,PT1M,2,2016-03-02 05:27:00+02:00
2016-03-02 11:45:12+02:00,0,FI,Unplanned outage,A03,,2016-03-02 11:38:00+02:00,teB7KMjWPrARlRvPsDxhRQ,223.0,Fossil Hard coal,44W-T-YT-000012L,Vaasa,Vaskiluoto,1,MAW,PT1M,2,2016-03-02 08:36:00+02:00
2016-03-07 13:40:11+02:00,0,FI,Unplanned outage,A03,,2016-03-07 13:36:00+02:00,RolHI-g-LnaHrNsUoXxVNw,105.0,Fossil Hard coal,44W-T-YT-000006G,Naantali,Naantali,1,MAW,PT1M,2,2016-03-07 10:29:00+02:00
2016-03-10 13:50:14+02:00,0,FI,Unplanned outage,A03,,2016-03-11 00:00:00+02:00,Rcmh-6V-yJoJj4zMvp7E1Q,105.0,Fossil Hard coal,44W-T-YT-000006G,Naantali,Naantali,1,MAW,PT1M,1,2016-03-10 13:45:00+02:00
2016-03-12 05:46:10+02:00,0,FI,Unplanned outage,A03,,2016-03-12 07:30:00+02:00,cBZa84YmcbSFTPyCdzRmfg,223.0,Fossil Hard coal,44W-T-YT-000012L,Vaasa,Vaskiluoto,1,MAW,PT1M,2,2016-03-12 04:05:00+02:00
2016-04-08 11:50:11+03:00,600,FI,Unplanned outage,A03,,2016-04-11 04:00:00+03:00,xmGTu1lPRzXktAPHzXsehw,880.0,Nuclear,44W-T-YV-0000026,Eurajoki,Olkiluoto 1,1,MAW,PT1M,5,2016-04-07 05:55:00+03:00
2016-04-12 11:38:11+03:00,0,FI,Unplanned outage,A03,,2016-04-12 13:00:00+03:00,tzaoUfcn68ncOhx8PZ8V3Q,223.0,Fossil Hard coal,44W-T-YT-000012L,Vaasa,Vaskiluoto,1,MAW,PT1M,3,2016-04-12 02:50:00+03:00
2016-04-30 14:44:43+03:00,0,FI,Unplanned outage,A03,,2016-04-30 14:32:00+03:00,5fcZNcfLNhMrYZYHVgYqHg,120.0,Fossil Peat,44W-T-YT-000009A,Seinäjoki,Seinäjoki,1,MAW,PT1M,2,2016-04-30 10:36:00+03:00
2016-05-11 21:46:33+03:00,0,FI,Unplanned outage,A03,,2016-05-11 22:00:00+03:00,CeL4-HojEcEzLQF5khMZ2g,155.0,Fossil Hard coal,44W-T-YT-000008C,Helsinki,Salmisaari,1,MAW,PT1M,4,2016-05-11 10:20:00+03:00
2016-05-27 05:46:11+03:00,100,FI,Unplanned outage,A03,,2016-05-27 05:44:00+03:00,9lmxXMUYkeN3ar-OGmyMBQ,223.0,Fossil Hard coal,44W-T-YT-000012L,Vaasa,Vaskiluoto,1,MAW,PT1M,2,2016-05-27 05:30:00+03:00
2016-06-08 12:12:52+03:00,0,FI,Unplanned outage,A03,,2016-06-08 14:00:00+03:00,7aEcP6hETyxE-8l3O16dfw,163.0,Fossil Oil,44W-T-KT-000001I,Forssa,Forssa,1,MAW,PT1M,2,2016-06-08 10:38:00+03:00
2016-06-09 11:44:48+03:00,0,FI,Unplanned outage,A03,,2016-06-09 10:07:00+03:00,puaLGWQntqzxDy6a4fyzWA,223.0,Fossil Hard coal,44W-T-YT-000012L,Vaasa,Vaskiluoto,1,MAW,PT1M,2,2016-06-09 09:04:00+03:00
2016-06-28 09:05:21+03:00,0,FI,Unplanned outage,A03,,2016-06-27 16:30:00+03:00,PBgWIZcxb4UQHjDCDII97w,880.0,Nuclear,44W-T-YV-0000034,Eurajoki,Olkiluoto 2,1,MAW,PT1M,16,2016-05-24 00:22:00+03:00
2016-06-29 00:54:21+03:00,0,FI,Unplanned outage,A03,,2016-06-29 03:00:00+03:00,FnCNxZ9TgiHiq5qlSBtXpw,223.0,Fossil Hard coal,44W-T-YT-000012L,Vaasa,Vaskiluoto,1,MAW,PT1M,12,2016-06-27 02:47:00+03:00
2016-06-29 14:44:21+03:00,0,FI,Unplanned outage,A03,,2016-07-02 16:00:00+03:00,amscdpzDbcaJ_rxMqIdZIA,163.0,Fossil Oil,44W-T-KT-000001I,Forssa,Forssa,1,MAW,PT1M,2,2016-06-29 09:50:00+03:00
2016-07-27 00:51:21+03:00,0,FI,Unplanned outage,A03,,2016-07-27 00:45:00+03:00,hLExmjtg3Vr1EtBVyu6blQ,105.0,Fossil Hard coal,44W-T-YT-000001Q,Helsinki,Hanasaari,1,MAW,PT1M,2,2016-07-26 21:00:00+03:00
2016-08-02 13:40:21+03:00,0,FI,Unplanned outage,A03,,2016-08-02 13:38:00+03:00,4bWpMtfXh1F1xzGLGYWvBw,223.0,Fossil Hard coal,44W-T-YT-000012L,Vaasa,Vaskiluoto,1,MAW,PT1M,3,2016-08-02 04:28:00+03:00
2016-08-16 14:10:47+03:00,0,FI,Unplanned outage,A03,,2016-08-16 15:30:00+03:00,JoOhtYeTH7Rd6Hnjj6lKxw,248.0,Nuclear,44W-T-YV-0000018,Loviisa,Loviisa 2,1,MAW,PT1M,3,2016-08-16 10:26:00+03:00
2016-08-23 17:08:56+03:00,0,FI,Unplanned outage,A03,,2016-08-23 23:00:00+03:00,xvm1jCdQyz9jNKUgaBEAIA,105.0,Fossil Hard coal,44W-T-YT-000006G,Naantali,Naantali,1,MAW,PT1M,2,2016-08-23 09:14:00+03:00
2016-08-30 09:40:10+03:00,0,FI,Unplanned outage,A03,,2016-08-30 09:37:00+03:00,so6YvC142DbNA_yYIwlVQQ,120.0,Fossil Peat,44W-T-YT-000009A,Seinäjoki,Seinäjoki,1,MAW,PT1M,3,2016-08-30 07:25:00+03:00
2016-08-30 10:28:30+03:00,0,FI,Unplanned outage,A03,,2016-08-30 10:10:00+03:00,8R1Kn6TVStLbgqaxEOW4yw,120.0,Fossil Peat,44W-T-YT-000009A,Seinäjoki,Seinäjoki,1,MAW,PT1M,2,2016-08-30 09:45:00+03:00
2016-08-30 12:40:11+03:00,0,FI,Unplanned outage,A03,,2016-08-31 00:59:00+03:00,m246q7CdGCqa3D9Gdo68gw,120.0,Fossil Peat,44W-T-YT-000009A,Seinäjoki,Seinäjoki,1,MAW,PT1M,1,2016-08-30 11:20:00+03:00
2016-09-08 07:04:34+03:00,0,FI,Unplanned outage,A03,,2016-09-08 06:54:00+03:00,wzM3XP69h2qkObzl2X3ejg,565.0,Fossil Hard coal,44W-T-LV-000003N,Pori,Meri-Pori,1,MAW,PT1M,2,2016-09-08 06:26:00+03:00
2016-09-08 07:30:11+03:00,0,FI,Unplanned outage,A03,,2016-09-08 10:00:00+03:00,r2-3kBKiQ4o0PpWoPZi0Gw,565.0,Fossil Hard coal,44W-T-LV-000003N,Pori,Meri-Pori,1,MAW,PT1M,1,2016-09-08 07:20:00+03:00
2016-09-08 15:50:11+03:00,0,FI,Unplanned outage,A03,,2016-09-12 10:00:00+03:00,OEH3Kfz9JJDimpgWZ7Uj0A,170.0,Fossil Hard coal,44W-T-YT-000004K,Lahti,Kymijärvi,1,MAW,PT1M,1,2016-09-08 15:42:00+03:00
2016-09-12 18:10:15+03:00,0,FI,Unplanned outage,A03,,2016-09-12 18:00:00+03:00,FQ-PJNBSYlPo0u9JhG5xYw,170.0,Fossil Hard coal,44W-T-YT-000004K,Lahti,Kymijärvi,1,MAW,PT1M,2,2016-09-12 11:50:00+03:00
2016-09-14 14:57:08+03:00,0,FI,Unplanned outage,A03,,2016-09-14 14:54:00+03:00,lXuHJ5mEz8xHHrJTHU1_AQ,170.0,Fossil Hard coal,44W-T-YT-000004K,Lahti,Kymijärvi,1,MAW,PT1M,2,2016-09-13 16:30:00+03:00
2016-09-16 11:36:21+03:00,0,FI,Unplanned outage,A03,,2016-09-20 12:00:00+03:00,yYDRh-h2v21tGRfOqWMF1A,170.0,Fossil Hard coal,44W-T-YT-000004K,Lahti,Kymijärvi,1,MAW,PT1M,3,2016-09-16 08:32:00+03:00
2016-09-19 07:00:19+03:00,320,FI,Unplanned outage,A03,,2016-09-19 09:00:00+03:00,1be8ACL_IZsZ_8Yf9ChzgQ,565.0,Fossil Hard coal,44W-T-LV-000003N,Pori,Meri-Pori,1,MAW,PT1M,1,2016-09-19 06:54:00+03:00
2016-09-20 07:51:16+03:00,55,FI,Unplanned outage,A03,,2016-09-20 08:00:00+03:00,g1Gvx--MdgeWr0TIWbMTbg,223.0,Fossil Hard coal,44W-T-YT-000012L,Vaasa,Vaskiluoto,1,MAW,PT1M,1,2016-09-20 06:50:00+03:00
2016-10-03 17:18:33+03:00,0,FI,Unplanned outage,A03,,2016-10-04 19:00:00+03:00,N5JaGKCf3H4E-MYrr9vI8g,105.0,Fossil Hard coal,44W-T-YT-000006G,Naantali,Naantali,1,MAW,PT1M,2,2016-09-29 07:50:00+03:00
2016-10-04 08:01:14+03:00,0,FI,Unplanned outage,A03,,2016-10-04 07:55:00+03:00,iIHCWPtbSW1En9eGp4Cr9Q,105.0,Fossil Hard coal,44W-T-YT-000001Q,Helsinki,Hanasaari,1,MAW,PT1M,2,2016-10-04 05:30:00+03:00
2016-10-04 16:37:29+03:00,0,FI,Unplanned outage,A03,,2016-10-04 15:12:00+03:00,0c82eRu-gcTElOdIn7CkKw,565.0,Fossil Hard coal,44W-T-LV-000003N,Pori,Meri-Pori,1,MAW,PT1M,8,2016-10-03 03:08:00+03:00
2016-11-03 23:58:18+02:00,766,FI,Unplanned outage,A03,,2016-11-04 02:00:00+02:00,y_RRSw_AKVQk3wxATxND5g,880.0,Nuclear,44W-T-YV-0000026,Eurajoki,Olkiluoto 1,1,MAW,PT1M,4,2016-11-02 17:32:00+02:00
2016-11-10 22:23:21+02:00,0,FI,Unplanned outage,A03,,2016-11-10 22:16:00+02:00,K_zn7jmVgkzz5MwojWnUeA,565.0,Fossil Hard coal,44W-T-LV-000003N,Pori,Meri-Pori,1,MAW,PT1M,4,2016-11-10 13:51:00+02:00
2016-11-11 02:33:40+02:00,260,FI,Unplanned outage,A03,,2016-11-11 09:00:00+02:00,Of6mkuhNLRG0FeFqNkMVzA,565.0,Fossil Hard coal,44W-T-LV-000003N,Pori,Meri-Pori,1,MAW,PT1M,1,2016-11-11 02:27:00+02:00
2016-12-01 10:25:47+02:00,0,FI,Unplanned outage,A03,,2016-12-01 12:00:00+02:00,-GJHRAp-bEO1fRrJqEigYw,170.0,Fossil Gas,44W-T-YT-000010P,Espoo,Suomenoja,1,MAW,PT1M,1,2016-12-01 10:06:00+02:00
2016-12-01 14:37:56+02:00,0,FI,Unplanned outage,A03,,2016-12-01 13:59:00+02:00,gjdZA61uxZFhdEi8ByN1KQ,125.0,Biomass,44W-T-YT-000002O,Lappeenranta,Kaukaan Voima,1,MAW,PT1M,2,2016-12-01 13:01:00+02:00
2016-12-03 16:36:17+02:00,0,FI,Unplanned outage,A03,,2016-12-03 16:14:00+02:00,UUWvZNAAC8Hjn6M9E9CBng,223.0,Fossil Hard coal,44W-T-YT-000012L,Vaasa,Vaskiluoto,1,MAW,PT1M,4,2016-12-03 03:20:00+02:00
2016-12-10 08:58:10+02:00,0,FI,Unplanned outage,A03,,2016-12-10 11:00:00+02:00,8ebl4E1dlJhdk9J1lgA9dg,105.0,Fossil Hard coal,44W-T-YT-000006G,Naantali,Naantali,1,MAW,PT1M,2,2016-12-10 08:16:00+02:00
2016-12-13 06:15:09+02:00,0,FI,Unplanned outage,A03,,2016-12-13 06:30:00+02:00,26w2VW-oPReG8DYtr7dxYw,880.0,Nuclear,44W-T-YV-0000034,Eurajoki,Olkiluoto 2,1,MAW,PT1M,4,2016-12-13 00:00:00+02:00
2016-12-18 15:18:15+02:00,0,FI,Unplanned outage,A03,,2016-12-17 11:02:00+02:00,FJ9jdrcEx3hLpDjXQNAKJw,880.0,Nuclear,44W-T-YV-0000034,Eurajoki,Olkiluoto 2,1,MAW,PT1M,7,2016-12-13 06:25:00+02:00
2017-01-01 09:46:33+02:00,0,FI,Unplanned outage,A03,,2017-01-01 08:40:00+02:00,2OeH7SftN6FLqbrQFKJI5Q,105.0,Fossil Hard coal,44W-T-YT-000001Q,Helsinki,Hanasaari,1,MAW,PT1M,3,2017-01-01 02:45:00+02:00
2017-01-02 04:33:13+02:00,0,FI,Unplanned outage,A03,,2017-01-02 07:00:00+02:00,ycsTfsm_9Be99gSzrvQGmA,240.0,Fossil Peat,44W-T-YT-000000S,Pietarsaari,Alholmens Kraft,1,MAW,PT1M,1,2017-01-02 03:36:00+02:00
2017-01-04 11:28:20+02:00,0,FI,Unplanned outage,A03,,2017-01-04 11:21:00+02:00,z06ICmMmQuEnhLfUyHshjQ,105.0,Fossil Hard coal,44W-T-YT-000006G,Naantali,Naantali,1,MAW,PT1M,2,2017-01-04 08:14:00+02:00
2017-01-11 10:15:00+02:00,700,FI,Unplanned outage,A03,,2017-01-11 18:00:00+02:00,qOfkyU3m1vzn-zwzVWzr2w,880.0,Nuclear,44W-T-YV-0000026,Eurajoki,Olkiluoto 1,1,MAW,PT1M,9,2016-12-30 00:00:00+02:00
2017-01-20 00:19:01+02:00,0,FI,Unplanned outage,A03,,2017-01-20 00:10:00+02:00,XMmWt2jntVB6miR9SzanNg,105.0,Fossil Hard coal,44W-T-YT-000006G,Naantali,Naantali,1,MAW,PT1M,3,2017-01-13 21:00:00+02:00
2017-01-21 10:40:41+02:00,0,FI,Unplanned outage,A03,,2017-01-21 10:30:00+02:00,wNVV81Aa-TI48ZZEsspN7A,105.0,Fossil Hard coal,44W-T-YT-000006G,Naantali,Naantali,1,MAW,PT1M,2,2017-01-21 09:00:00+02:00
2017-02-07 11:05:13+02:00,0,FI,Unplanned outage,A03,,2017-02-07 22:00:00+02:00,2buBRw_aWZe6-SZSp5CS1Q,105.0,Fossil Hard coal,44W-T-YT-000006G,Naantali,Naantali,1,MAW,PT1M,3,2017-02-05 11:00:00+02:00
2017-02-07 18:32:43+02:00,0,FI,Unplanned outage,A03,,2017-02-07 18:28:00+02:00,UHgRg4D93R81Txh1a7Nx-A,170.0,Fossil Gas,44W-T-YT-000010P,Espoo,Suomenoja,1,MAW,PT1M,2,2017-02-06 23:33:00+02:00
2017-02-18 01:20:45+02:00,0,FI,Unplanned outage,A03,,2017-02-19 00:00:00+02:00,g6ytfS8r23Lc-QTknLOBUA,160.0,Fossil Gas,44W-T-YT-000013J,Helsinki,Vuosaari,1,MAW,PT1M,1,2017-02-18 00:00:00+02:00
2017-02-18 22:11:05+02:00,131,FI,Unplanned outage,A03,,2017-02-18 22:03:00+02:00,tZXOCx2TOji4nCgFZyIVRA,248.0,Nuclear,44W-T-YV-000000A,Loviisa,Loviisa 1,1,MAW,PT1M,2,2017-02-18 18:30:00+02:00
2017-05-04 19:30:39+03:00,565,FI,Unplanned outage,A03,,2017-05-04 19:30:00+03:00,9Vma_zc3PUInQrXINpTEGw,880.0,Nuclear,44W-T-YV-0000026,Eurajoki,Olkiluoto 1,1,MAW,PT1M,2,2017-05-04 15:30:00+03:00
2017-05-05 04:25:19+03:00,0,FI,Unplanned outage,A03,,2017-05-05 04:03:00+03:00,6Tim0rFoy9m2l7JGltr__g,248.0,Nuclear,44W-T-YV-000000A,Loviisa,Loviisa 1,1,MAW,PT1M,2,2017-05-04 13:15:00+03:00
2017-05-05 09:18:31+03:00,131,FI,Unplanned outage,A03,,2017-05-05 09:13:00+03:00,UUA0EJ8R5Ztdx7zZ1msDqw,248.0,Nuclear,44W-T-YV-000000A,Loviisa,Loviisa 1,1,MAW,PT1M,2,2017-05-05 04:15:00+03:00
2017-05-07 06:10:14+03:00,0,FI,Unplanned outage,A03,,2017-05-04 03:30:00+03:00,a6YUHyS7rtMqg3N-q1mjUw,880.0,Nuclear,44W-T-YV-0000026,Eurajoki,Olkiluoto 1,1,MAW,PT1M,6,2017-05-03 01:24:00+03:00
2017-05-09 15:44:06+03:00,0,FI,Unplanned outage,A03,,2017-05-10 23:00:00+03:00,8iEOkVf3z-CHOF0MDqISiw,160.0,Fossil Gas,44W-T-YT-000013J,Helsinki,Vuosaari,1,MAW,PT1M,8,2017-05-08 07:25:00+03:00
2017-05-14 22:33:30+03:00,280,FI,Unplanned outage,A03,,2017-05-14 22:25:00+03:00,oR0r402_HwvsDT8h70q6ww,565.0,Fossil Hard coal,44W-T-LV-000003N,Pori,Meri-Pori,1,MAW,PT1M,9,2017-05-09 14:50:00+03:00
2017-05-17 08:39:56+03:00,46,FI,Unplanned outage,A03,,2017-05-17 08:38:00+03:00,QhvKRm1_3ckjyWplKnswvg,223.0,Fossil Hard coal,44W-T-YT-000012L,Vaasa,Vaskiluoto,1,MAW,PT1M,2,2017-05-17 07:47:00+03:00
2017-05-19 23:15:45+03:00,0,FI,Unplanned outage,A03,,2017-05-20 00:00:00+03:00,hwgdzzo_-9ZTHoWFjZorEA,105.0,Fossil Hard coal,44W-T-YT-000001Q,Helsinki,Hanasaari,1,MAW,PT1M,3,2017-05-18 00:00:00+03:00
2017-05-20 22:18:57+03:00,0,FI,Unplanned outage,A03,,2017-05-20 22:17:00+03:00,cZPdsTqm07BfagnPcfglYg,105.0,Fossil Hard coal,44W-T-YT-000001Q,Helsinki,Hanasaari,1,MAW,PT1M,2,2017-05-20 01:10:00+03:00
2017-05-24 19:41:57+03:00,0,FI,Unplanned outage,A03,,2017-05-24 21:30:00+03:00,cUk6z2Qq6K7wf4Cwvoqhrg,240.0,Fossil Peat,44W-T-YT-000000S,Pietarsaari,Alholmens Kraft,1,MAW,PT1M,1,2017-05-24 19:19:00+03:00
2017-06-01 20:05:49+03:00,0,FI,Unplanned outage,A03,,2017-06-01 20:03:00+03:00,KGC2Mg3S4sepOT3BZkOlPQ,120.0,Fossil Peat,44W-T-YT-000009A,Seinäjoki,Seinäjoki,1,MAW,PT1M,3,2017-06-01 10:22:00+03:00
2017-06-08 03:42:35+03:00,0,FI,Unplanned outage,A03,,2017-06-08 05:00:00+03:00,QJRoc09Tbv6y7KpHGaNQbw,240.0,Fossil Peat,44W-T-YT-000000S,Pietarsaari,Alholmens Kraft,1,MAW,PT1M,3,2017-06-08 00:16:00+03:00
2017-06-21 10:03:26+03:00,0,FI,Unplanned outage,A03,,2017-06-25 18:00:00+03:00,QljrRRH-9BNz3gKfMwn_Bg,105.0,Fossil Hard coal,44W-T-YT-000001Q,Helsinki,Hanasaari,1,MAW,PT1M,4,2017-06-13 12:00:00+03:00
2017-06-29 09:46:13+03:00,180,FI,Unplanned outage,A03,,2017-07-01 15:00:00+03:00,396Yn0q089Te8GRSZfeURw,880.0,Nuclear,44W-T-YV-0000026,Eurajoki,Olkiluoto 1,1,MAW,PT1M,10,2017-06-28 03:53:00+03:00
2017-06-30 07:45:55+03:00,0,FI,Unplanned outage,A03,,2017-06-30 10:00:00+03:00,-cW_iPcCmjQmkDBWvbQOOg,105.0,Fossil Hard coal,44W-T-YT-000006G,Naantali,Naantali,1,MAW,PT1M,6,2017-06-27 09:10:00+03:00
2017-07-04 11:07:21+03:00,120,FI,Unplanned outage,A03,,2017-07-04 11:00:00+03:00,e-FpdMPKgnjcVM9EaXmVpg,223.0,Fossil Hard coal,44W-T-YT-000012L,Vaasa,Vaskiluoto,1,MAW,PT1M,2,2017-07-04 00:15:00+03:00
2017-07-04 14:55:55+03:00,100,FI,Unplanned outage,A03,,2017-07-04 15:00:00+03:00,sjcXWYTU8VCPTJOAI08JOA,223.0,Fossil Hard coal,44W-T-YT-000012L,Vaasa,Vaskiluoto,1,MAW,PT1M,2,2017-07-04 11:01:00+03:00
2017-07-21 15:10:33+03:00,570,FI,Unplanned outage,A03,,2017-07-24 13:00:00+03:00,WS7F4v1n67xWy8NveNmwaA,880.0,Nuclear,44W-T-YV-0000034,Eurajoki,Olkiluoto 2,1,MAW,PT1M,20,2017-07-18 15:25:00+03:00
2017-07-25 16:15:06+03:00,0,FI,Unplanned outage,A03,,2017-07-25 17:00:00+03:00,4lZASIKvMM8dioQzBRkHag,105.0,Fossil Hard coal,44W-T-YT-000006G,Naantali,Naantali,1,MAW,PT1M,2,2017-07-25 15:02:00+03:00
2017-08-03 10:13:59+03:00,0,FI,Unplanned outage,A03,,2017-08-07 01:00:00+03:00,1UzKVlNw7QE1cVk2UGRSJQ,240.0,Fossil Peat,44W-T-YT-000000S,Pietarsaari,Alholmens Kraft,1,MAW,PT1M,2,2017-07-31 17:12:00+03:00
2017-08-07 12:08:32+03:00,700,FI,Unplanned outage,A03,,2017-08-07 13:00:00+03:00,wQAS2vPnYv0VWS6zuCij-A,880.0,Nuclear,44W-T-YV-0000034,Eurajoki,Olkiluoto 2,1,MAW,PT1M,1,2017-08-07 11:30:00+03:00
2017-08-07 13:57:55+03:00,750,FI,Unplanned outage,A03,,2017-08-07 13:56:00+03:00,sRT1kEbw9PWiZa7rWuoLjw,880.0,Nuclear,44W-T-YV-0000034,Eurajoki,Olkiluoto 2,1,MAW,PT1M,14,2017-07-31 17:01:00+03:00
2017-08-29 00:55:35+03:00,0,FI,Unplanned outage,A03,,2017-08-29 00:43:00+03:00,cTns3AkO9NNDsVC67Avo7Q,223.0,Fossil Hard coal,44W-T-YT-000012L,Vaasa,Vaskiluoto,1,MAW,PT1M,4,2017-08-27 22:15:00+03:00
2017-08-29 09:06:11+03:00,0,FI,Unplanned outage,A03,,2017-08-29 09:05:00+03:00,4MMiE21KFIAdFqUCqpQNGw,223.0,Fossil Hard coal,44W-T-YT-000012L,Vaasa,Vaskiluoto,1,MAW,PT1M,2,2017-08-29 04:56:00+03:00
2017-09-08 23:56:55+03:00,0,FI,Unplanned outage,A03,,2017-09-08 23:50:00+03:00,BFyOgumgxVmVloddDdYERQ,105.0,Fossil Hard coal,44W-T-YT-000006G,Naantali,Naantali,1,MAW,PT1M,3,2017-09-04 11:06:00+03:00
2017-09-10 18:47:04+03:00,0,FI,Unplanned outage,A03,,2017-09-10 18:40:00+03:00,7kSho5gwn_AxmcssDq_ptw,240.0,Fossil Peat,44W-T-YT-000000S,Pietarsaari,Alholmens Kraft,1,MAW,PT1M,4,2017-09-03 09:26:00+03:00
2017-09-10 18:57:56+03:00,0,FI,Unplanned outage,A03,,2017-09-10 18:53:00+03:00,EDUS0_ds9_kEnGZnNIsEbA,105.0,Fossil Hard coal,44W-T-YT-000006G,Naantali,Naantali,1,MAW,PT1M,4,2017-09-10 02:14:00+03:00
2017-09-18 12:50:44+03:00,0,FI,Unplanned outage,A03,,2017-09-16 21:35:00+03:00,cmIMrLL3gEMuk4uvnJUK7w,105.0,Fossil Hard coal,44W-T-YT-000001Q,Helsinki,Hanasaari,1,MAW,PT1M,4,2017-09-16 01:26:00+03:00
2017-09-20 13:08:09+03:00,0,FI,Unplanned outage,A03,,2017-09-20 13:01:00+03:00,2Sp-c0_9J7jHetxIakDipQ,248.0,Nuclear,44W-T-YV-0000018,Loviisa,Loviisa 2,1,MAW,PT1M,4,2017-09-20 08:43:00+03:00
2017-09-21 06:57:05+03:00,0,FI,Unplanned outage,A03,,2017-09-21 06:38:00+03:00,P2a8C5JcvvkCC3RZfsKidA,248.0,Nuclear,44W-T-YV-0000018,Loviisa,Loviisa 2,1,MAW,PT1M,10,2017-09-20 08:43:00+03:00
2017-09-25 08:47:25+03:00,0,FI,Unplanned outage,A03,,2017-09-25 08:46:00+03:00,at8Od6ACQBAdo6-Wd560Cw,105.0,Fossil Hard coal,44W-T-YT-000001Q,Helsinki,Hanasaari,1,MAW,PT1M,2,2017-09-25 01:41:00+03:00
2017-09-26 06:49:15+03:00,0,FI,Unplanned outage,A03,,2017-09-26 13:00:00+03:00,WALNQGzhv2IagB6X01pmSw,105.0,Fossil Hard coal,44W-T-YT-000001Q,Helsinki,Hanasaari,1,MAW,PT1M,1,2017-09-26 06:47:00+03:00
2017-10-04 16:48:06+03:00,0,FI,Unplanned outage,A03,,2017-10-04 16:45:00+03:00,NHyW0KEDNo9JQacyuzXxKQ,120.0,Fossil Peat,44W-T-YT-000009A,Seinäjoki,Seinäjoki,1,MAW,PT1M,3,2017-10-04 10:50:00+03:00
2017-10-09 06:31:35+03:00,0,FI,Unplanned outage,A03,,2017-10-09 06:30:00+03:00,AyYSHdLpAy1cEu8ycSwyuQ,240.0,Fossil Peat,44W-T-YT-000000S,Pietarsaari,Alholmens Kraft,1,MAW,PT1M,2,2017-10-09 05:25:00+03:00
2017-10-09 10:58:28+03:00,0,FI,Unplanned outage,A03,,2017-10-09 10:50:00+03:00,AuWnCW8thVbWg1fTcJmu5Q,105.0,Fossil Hard coal,44W-T-YT-000001Q,Helsinki,Hanasaari,1,MAW,PT1M,5,2017-10-06 05:05:00+03:00
2017-10-10 09:47:07+03:00,0,FI,Unplanned outage,A03,,2017-10-12 01:00:00+03:00,7Z5iqIOGGyTL1Vr1VICfSA,240.0,Fossil Peat,44W-T-YT-000000S,Pietarsaari,Alholmens Kraft,1,MAW,PT1M,3,2017-10-09 14:55:00+03:00
2017-10-11 09:44:57+03:00,0,FI,Unplanned outage,A03,,2017-10-16 00:00:00+03:00,JtphmeptSs3Xvq1MzpJzNA,120.0,Fossil Peat,44W-T-YT-000009A,Seinäjoki,Seinäjoki,1,MAW,PT1M,2,2017-10-05 15:00:00+03:00
2017-10-16 16:08:19+03:00,0,FI,Unplanned outage,A03,,2017-10-16 17:00:00+03:00,MJKSLl_b64ea3GwX00byyg,248.0,Nuclear,44W-T-YV-0000018,Loviisa,Loviisa 2,1,MAW,PT1M,2,2017-10-16 14:20:00+03:00
2017-10-20 01:27:15+03:00,0,FI,Unplanned outage,A03,,2017-10-20 01:22:00+03:00,ErkdNkJ5GmCLX_BfEOl24Q,223.0,Fossil Hard coal,44W-T-YT-000012L,Vaasa,Vaskiluoto,1,MAW,PT1M,2,2017-10-19 22:54:00+03:00
2017-10-25 13:24:45+03:00,0,FI,Unplanned outage,A03,,2017-10-25 18:00:00+03:00,VQ13fFB7kqitrpTy_d99tQ,105.0,Fossil Hard coal,44W-T-YT-000006G,Naantali,Naantali,1,MAW,PT1M,1,2017-10-25 13:15:00+03:00
2017-10-25 19:14:24+03:00,0,FI,Unplanned outage,A03,,2017-10-25 19:04:00+03:00,DfiXegB-p37In_6L0qk-cA,105.0,Fossil Hard coal,44W-T-YT-000006G,Naantali,Naantali,1,MAW,PT1M,3,2017-10-25 18:21:00+03:00
2017-11-13 12:51:59+02:00,0,FI,Unplanned outage,A03,,2017-11-13 12:51:00+02:00,XThh4_sVlokGelnI02cQ5g,105.0,Fossil Hard coal,44W-T-YT-000001Q,Helsinki,Hanasaari,1,MAW,PT1M,3,2017-11-12 10:45:00+02:00
2017-12-08 11:13:09+02:00,0,FI,Unplanned outage,A03,,2017-12-08 10:53:00+02:00,tNmjELiL8yIfluZBPREMzw,105.0,Fossil Hard coal,44W-T-YT-000006G,Naantali,Naantali,1,MAW,PT1M,2,2017-12-08 01:30:00+02:00
2017-12-14 12:14:48+02:00,0,FI,Unplanned outage,A03,,2017-12-14 12:00:00+02:00,Uba-SlheSZTSIgny1QyJ4g,160.0,Fossil Gas,44W-T-YT-000013J,Helsinki,Vuosaari,1,MAW,PT60M,2,2017-12-14 11:00:00+02:00
2018-01-17 12:50:29+02:00,80,FI,Unplanned outage,A03,,2018-01-17 12:30:00+02:00,YBq8NZ4cnG0J2rvVZ6L0LA,223.0,Fossil Hard coal,44W-T-YT-000012L,Vaasa,Vaskiluoto,1,MAW,PT1M,2,2018-01-17 12:19:00+02:00
2018-02-02 15:19:46+02:00,710,FI,Unplanned outage,A03,,2018-02-01 17:30:00+02:00,l_XZmF899khk1wUzo-IeIw,890.0,Nuclear,44W-T-YV-0000034,Eurajoki,Olkiluoto 2,1,MAW,PT1M,3,2018-02-01 17:20:00+02:00
2018-02-04 08:49:30+02:00,0,FI,Unplanned outage,A03,,2018-02-04 08:40:00+02:00,5dewynWp3Jc7z3QugnbGIg,170.0,Fossil Gas,44W-T-YT-000010P,Espoo,Suomenoja,1,MAW,PT1M,2,2018-02-04 08:30:00+02:00
2018-02-07 09:18:29+02:00,710,FI,Unplanned outage,A03,,2018-02-07 12:30:00+02:00,l10XUsXwbyjkwfyoAfbQhg,890.0,Nuclear,44W-T-YV-0000034,Eurajoki,Olkiluoto 2,1,MAW,PT30M,1,2018-02-07 12:00:00+02:00
2018-02-19 10:02:30+02:00,0,FI,Unplanned outage,A03,,2018-02-15 16:15:00+02:00,pxRzPjN7eoxJDnbD3O2-hA,105.0,Fossil Hard coal,44W-T-YT-000006G,Naantali,Naantali,1,MAW,PT1M,2,2018-02-15 16:10:00+02:00
2018-02-19 19:53:18+02:00,0,FI,Unplanned outage,A03,,2018-02-19 10:00:00+02:00,QwZwlFyHdJ0N9o6Gr5rSaQ,155.0,Fossil Hard coal,44W-T-YT-000008C,Helsinki,Salmisaari,1,MAW,PT1M,3,2018-02-19 09:50:00+02:00
2018-02-21 18:34:18+02:00,130,FI,Unplanned outage,A03,,2018-02-21 18:33:00+02:00,5_WM4BWM1xkQlrxy6g3BkA,240.0,Fossil Peat,44W-T-YT-000000S,Pietarsaari,Alholmens Kraft,1,MAW,PT1M,2,2018-02-21 18:16:00+02:00
2018-02-23 13:11:36+02:00,150,FI,Unplanned outage,A03,,2018-02-23 10:45:00+02:00,a2BMBrzG67xfD27oytztOw,248.0,Nuclear,44W-T-YV-0000018,Loviisa,Loviisa 2,1,MAW,PT1M,2,2018-02-23 10:40:00+02:00
2018-02-28 12:19:58+02:00,0,FI,Unplanned outage,A03,,2018-02-28 12:15:00+02:00,jNj531v2CQ8T262dBvCeYA,105.0,Fossil Hard coal,44W-T-YT-000006G,Naantali,Naantali,1,MAW,PT15M,2,2018-02-28 12:00:00+02:00
2018-03-01 09:55:57+02:00,0,FI,Unplanned outage,A03,,2018-03-04 01:00:00+02:00,L6IpPWDGFebQb8_bPYKX3Q,240.0,Fossil Peat,44W-T-YT-000000S,Pietarsaari,Alholmens Kraft,1,MAW,PT60M,2,2018-02-27 10:00:00+02:00
2018-03-05 12:20:57+02:00,90,FI,Unplanned outage,A03,,2018-03-05 12:15:00+02:00,qbeYw4rVMfioE8BsXpu5lA,240.0,Fossil Peat,44W-T-YT-000000S,Pietarsaari,Alholmens Kraft,1,MAW,PT15M,3,2018-03-05 12:00:00+02:00
2018-03-09 15:57:48+02:00,0,FI,Unplanned outage,A03,,2018-03-09 08:15:00+02:00,77RXr8V6UbFZTo6nzjBKKA,105.0,Fossil Hard coal,44W-T-YT-000001Q,Helsinki,Hanasaari,1,MAW,PT1M,2,2018-03-09 08:10:00+02:00
2018-03-15 06:16:08+02:00,0,FI,Unplanned outage,A03,,2018-03-15 04:15:00+02:00,C4Co229_P9wNFJ1G-ILD-A,105.0,Fossil Hard coal,44W-T-YT-000001Q,Helsinki,Hanasaari,1,MAW,PT1M,2,2018-03-15 04:05:00+02:00
2018-03-20 07:58:18+02:00,0,FI,Unplanned outage,A03,,2018-03-23 16:00:00+02:00,hY2oZvhsOQJPKHMxc8ldLg,105.0,Fossil Hard coal,44W-T-YT-000006G,Naantali,Naantali,1,MAW,PT60M,1,2018-03-20 09:00:00+02:00
2018-03-29 17:21:14+03:00,0,FI,Unplanned outage,A03,,2018-03-29 17:12:00+03:00,6WR5LrPgvkCVylBHbNplMA,105.0,Fossil Hard coal,44W-T-YT-000001Q,Helsinki,Hanasaari,1,MAW,PT1M,3,2018-03-29 17:00:00+03:00
2018-04-04 16:53:39+03:00,0,FI,Unplanned outage,A03,,2018-04-04 10:15:00+03:00,UXt_FUZ8z1gWF2BOryBG6A,565.0,Fossil Hard coal,44W-T-LV-000003N,Pori,Meri-Pori,1,MAW,PT1M,3,2018-04-04 10:06:00+03:00
2018-04-16 06:45:19+03:00,0,FI,Unplanned outage,A03,,2018-04-16 11:00:00+03:00,MUdMjY4HwYEEBTrWOkjhLw,565.0,Fossil Hard coal,44W-T-LV-000003N,Pori,Meri-Pori,1,MAW,PT60M,1,2018-04-16 07:00:00+03:00
2018-05-24 10:47:09+03:00,0,FI,Unplanned outage,A03,,2018-04-09 05:00:00+03:00,rf3TzIoUcISQ4ZLqpnM8Aw,105.0,Fossil Hard coal,44W-T-YT-000001Q,Helsinki,Hanasaari,1,MAW,PT60M,2,2018-04-08 03:00:00+03:00
2018-05-24 10:49:36+03:00,0,FI,Unplanned outage,A03,,2018-04-16 06:00:00+03:00,NfJxU4OAB-CxdPMbgWdHLw,223.0,Fossil Hard coal,44W-T-YT-000012L,Vaasa,Vaskiluoto,1,MAW,PT1M,6,2018-04-16 05:50:00+03:00
2018-05-24 10:50:49+03:00,0,FI,Unplanned outage,A03,,2018-04-24 03:30:00+03:00,VSwij6GFDH2j4D3M5olQ5Q,223.0,Fossil Hard coal,44W-T-YT-000012L,Vaasa,Vaskiluoto,1,MAW,PT30M,2,2018-04-24 03:00:00+03:00
2018-05-24 10:53:34+03:00,0,FI,Unplanned outage,A03,,2018-05-02 12:45:00+03:00,2_nTNzK9oMB3NP3qVuwIvg,105.0,Fossil Hard coal,44W-T-YT-000006G,Naantali,Naantali,1,MAW,PT1M,4,2018-05-02 12:35:00+03:00
2018-05-24 10:55:27+03:00,0,FI,Unplanned outage,A03,,2018-05-08 17:45:00+03:00,sgAYQuu_IZ7itk39aNwGKQ,890.0,Nuclear,44W-T-YV-0000034,Eurajoki,Olkiluoto 2,1,MAW,PT1M,4,2018-05-08 17:33:00+03:00
2018-05-24 10:56:37+03:00,0,FI,Unplanned outage,A03,,2017-11-28 14:00:00+02:00,Tb2PJBo1eJBGXsy4QxARBQ,146.0,Fossil Hard coal,44W-T-YT-000006G,Naantali,Naantali,1,MAW,PT15M,7,2017-11-28 13:45:00+02:00
2018-05-28 16:18:55+03:00,30,FI,Unplanned outage,A03,,2018-05-28 16:00:00+03:00,VWCMryUScr8GgfMBXD8M6g,565.0,Fossil Hard coal,44W-T-LV-000003N,Pori,Meri-Pori,1,MAW,PT30M,2,2018-05-28 15:30:00+03:00
2018-06-01 14:55:46+03:00,0,FI,Unplanned outage,A03,,2018-06-01 14:00:00+03:00,Ir_Gvo5-oIcHzW9jvlXyfA,160.0,Fossil Gas,44W-T-YT-000013J,Helsinki,Vuosaari,1,MAW,PT60M,2,2018-06-01 10:00:00+03:00
2018-06-18 16:27:55+03:00,0,FI,Unplanned outage,A03,,2018-06-15 14:00:00+03:00,rUNuuu_rXhkUpCW2Nm6c2g,105.0,Fossil Hard coal,44W-T-YT-000006G,Naantali,Naantali,1,MAW,PT30M,2,2018-06-15 13:30:00+03:00
2018-06-25 11:53:25+03:00,0,FI,Unplanned outage,A03,,2018-06-25 08:00:00+03:00,UduH821NtrvLIPF-GL2t_Q,223.0,Fossil Hard coal,44W-T-YT-000012L,Vaasa,Vaskiluoto,1,MAW,PT60M,3,2018-06-25 06:00:00+03:00
2018-06-25 13:33:44+03:00,0,FI,Unplanned outage,A03,,2018-06-25 01:00:00+03:00,fQsGtn3-XcynyLYBlv6iYQ,240.0,Fossil Peat,44W-T-YT-000000S,Pietarsaari,Alholmens Kraft,1,MAW,PT15M,4,2018-06-25 00:45:00+03:00
2018-07-02 11:50:45+03:00,600,FI,Unplanned outage,A03,,2018-07-02 11:45:00+03:00,qlg0XSSaGfKNqGw0sXKmeA,880.0,Nuclear,44W-T-YV-0000026,Eurajoki,Olkiluoto 1,1,MAW,PT15M,2,2018-07-02 11:15:00+03:00
2018-07-04 01:52:05+03:00,0,FI,Unplanned outage,A03,,2018-07-04 03:00:00+03:00,uspeCuzdIjTbawyNhraF5g,105.0,Fossil Hard coal,44W-T-YT-000001Q,Helsinki,Hanasaari,1,MAW,PT60M,1,2018-07-04 02:00:00+03:00
2018-07-16 21:00:14+03:00,0,FI,Unplanned outage,A03,,2018-07-16 08:30:00+03:00,D7ai64UccckuLpt269jAPw,105.0,Fossil Hard coal,44W-T-YT-000001Q,Helsinki,Hanasaari,1,MAW,PT1M,4,2018-07-16 08:25:00+03:00
2018-07-17 19:51:24+03:00,0,FI,Unplanned outage,A03,,2018-07-17 17:00:00+03:00,t0Jk3fIAmosbpBa1N6DoBw,240.0,Fossil Peat,44W-T-YT-000000S,Pietarsaari,Alholmens Kraft,1,MAW,PT1M,5,2018-07-17 16:48:00+03:00
2018-07-19 06:38:35+03:00,0,FI,Unplanned outage,A03,,2018-07-19 06:33:00+03:00,IXXGOq7u2-MHdeelfsYXfw,223.0,Fossil Hard coal,44W-T-YT-000012L,Vaasa,Vaskiluoto,1,MAW,PT1M,2,2018-07-19 06:30:00+03:00
2018-07-21 23:55:14+03:00,0,FI,Unplanned outage,A03,,2018-07-21 21:00:00+03:00,Utw9G0O-iZkU0LAguXqO9A,223.0,Fossil Hard coal,44W-T-YT-000012L,Vaasa,Vaskiluoto,1,MAW,PT1M,3,2018-07-21 20:50:00+03:00
2018-07-22 20:44:56+03:00,0,FI,Unplanned outage,A03,,2018-07-20 07:30:00+03:00,JnQzySCWUAUJzNCymdlbIQ,890.0,Nuclear,44W-T-YV-0000034,Eurajoki,Olkiluoto 2,1,MAW,PT30M,9,2018-07-20 07:00:00+03:00
2018-07-23 08:44:05+03:00,0,FI,Unplanned outage,A03,,2018-07-19 22:15:00+03:00,AY0dHjAXVD2PQ2vinb0Zog,880.0,Nuclear,44W-T-YV-0000026,Eurajoki,Olkiluoto 1,1,MAW,PT15M,8,2018-07-19 22:00:00+03:00
2018-07-25 01:34:54+03:00,0,FI,Unplanned outage,A03,,2018-07-25 01:27:00+03:00,h9SkJV5hGCNQVS-ibLXybw,565.0,Fossil Hard coal,44W-T-LV-000003N,Pori,Meri-Pori,1,MAW,PT1M,2,2018-07-25 01:15:00+03:00
2018-07-27 16:11:49+03:00,80,FI,Unplanned outage,A03,,2018-07-26 18:00:00+03:00,CBJQMWVddB86Jaa4sELAlg,223.0,Fossil Hard coal,44W-T-YT-000012L,Vaasa,Vaskiluoto,1,MAW,PT60M,9,2018-07-26 07:00:00+03:00
2018-08-03 08:34:44+03:00,98,FI,Unplanned outage,A03,,2018-08-03 07:30:00+03:00,4BQA4MygDEpwIt_LYMEbOQ,223.0,Fossil Hard coal,44W-T-YT-000012L,Vaasa,Vaskiluoto,1,MAW,PT15M,2,2018-08-03 07:15:00+03:00
2018-08-04 09:38:46+03:00,0,FI,Unplanned outage,A03,,2018-08-04 10:00:00+03:00,GmDrBl1IzmZmdC1S4e9dwg,120.0,Fossil Peat,44W-T-YT-000009A,Seinäjoki,Seinäjoki,1,MAW,PT30M,4,2018-08-04 09:00:00+03:00
2018-08-10 12:27:25+03:00,0,FI,Unplanned outage,A03,,2018-08-10 13:00:00+03:00,F0aE7lKQIfCAI0uEg0zOjg,160.0,Fossil Gas,44W-T-YT-000013J,Helsinki,Vuosaari,1,MAW,PT30M,1,2018-08-10 12:30:00+03:00
2018-08-16 20:56:24+03:00,0,FI,Unplanned outage,A03,,2018-08-16 10:45:00+03:00,wBcKtpFtPvgHg9fs4OUeZg,146.0,Fossil Hard coal,44W-T-YT-000006G,Naantali,Naantali,1,MAW,PT1M,4,2018-08-16 10:42:00+03:00
2018-08-17 04:20:24+03:00,0,FI,Unplanned outage,A03,,2018-08-17 04:10:00+03:00,USkwQX5WbTAGvbRbLUZmwQ,146.0,Fossil Hard coal,44W-T-YT-000006G,Naantali,Naantali,1,MAW,PT1M,2,2018-08-17 04:00:00+03:00
2018-08-18 05:33:25+03:00,0,FI,Unplanned outage,A03,,2018-08-18 03:00:00+03:00,LrIa56tIfpWrnVXHUX2Paw,146.0,Fossil Hard coal,44W-T-YT-000006G,Naantali,Naantali,1,MAW,PT1M,2,2018-08-18 02:51:00+03:00
2018-08-20 14:50:35+03:00,0,FI,Unplanned outage,A03,,2018-08-20 18:00:00+03:00,wJiQO75sv46mEwDjTcMTKA,146.0,Fossil Hard coal,44W-T-YT-000006G,Naantali,Naantali,1,MAW,PT60M,7,2018-08-18 21:00:00+03:00
2018-08-29 02:10:57+03:00,0,FI,Unplanned outage,A03,,2018-08-29 02:09:00+03:00,9WfpzeRIHJlfUI4ufqWq7A,160.0,Fossil Gas,44W-T-YT-000013J,Helsinki,Vuosaari,1,MAW,PT1M,2,2018-08-29 02:00:00+03:00
2018-09-07 11:52:05+03:00,0,FI,Unplanned outage,A03,,2018-09-07 11:45:00+03:00,atZwoiQAg99DMyUT5tL7Sw,146.0,Fossil Hard coal,44W-T-YT-000006G,Naantali,Naantali,1,MAW,PT1M,1,2018-09-07 11:38:00+03:00
2018-09-11 12:46:15+03:00,0,FI,Unplanned outage,A03,,2018-09-11 11:00:00+03:00,KOtcCTjUhftf3yIH7PxE9g,163.0,Fossil Oil,44W-T-KT-000001I,Forssa,Forssa,1,MAW,PT30M,2,2018-09-11 10:30:00+03:00
2018-09-18 21:54:34+03:00,0,FI,Unplanned outage,A03,,2018-09-18 17:15:00+03:00,1cjPbGIMw-1C7k3RBXu4iA,146.0,Fossil Hard coal,44W-T-YT-000006G,Naantali,Naantali,1,MAW,PT1M,2,2018-09-18 17:13:00+03:00
2018-09-19 08:34:05+03:00,0,FI,Unplanned outage,A03,,2018-09-19 07:00:00+03:00,h6rVmKdVHKnMlIIBE1pVKQ,240.0,Fossil Peat,44W-T-YT-000000S,Pietarsaari,Alholmens Kraft,1,MAW,PT1M,3,2018-09-19 06:55:00+03:00
2018-09-21 09:34:35+03:00,0,FI,Unplanned outage,A03,,2018-10-01 08:00:00+03:00,iVdmTkc0TlF-_-SLFAgOpA,105.0,Fossil Hard coal,44W-T-YT-000006G,Naantali,Naantali,1,MAW,PT60M,6,2018-09-03 11:00:00+03:00
2018-09-24 07:49:55+03:00,0,FI,Unplanned outage,A03,,2018-09-24 06:00:00+03:00,ZTaRVgMjjyUx4W6SJW_imA,223.0,Fossil Hard coal,44W-T-YT-000012L,Vaasa,Vaskiluoto,1,MAW,PT60M,3,2018-09-24 04:00:00+03:00
2018-09-27 17:37:19+03:00,0,FI,Unplanned outage,A03,,2018-09-27 15:30:00+03:00,_ZMdTHzBAg3nuVo6dbzu_A,223.0,Fossil Hard coal,44W-T-YT-000012L,Vaasa,Vaskiluoto,1,MAW,PT15M,2,2018-09-27 15:15:00+03:00
2018-10-01 15:13:55+03:00,130,FI,Unplanned outage,A03,,2018-09-28 15:00:00+03:00,_MqraU4ZVpdEdirpCntV9w,240.0,Fossil Peat,44W-T-YT-000000S,Pietarsaari,Alholmens Kraft,1,MAW,PT1M,5,2018-09-28 14:58:00+03:00
2018-10-03 08:52:15+03:00,0,FI,Unplanned outage,A03,,2018-10-02 22:08:00+03:00,Kb3JnW-xC7yA1OyLzZiWQA,880.0,Nuclear,44W-T-YV-0000026,Eurajoki,Olkiluoto 1,1,MAW,PT1M,8,2018-10-02 22:00:00+03:00
2018-10-04 09:27:25+03:00,0,FI,Unplanned outage,A03,,2018-10-04 06:30:00+03:00,C3mYvyeO8nocn2GtaKAbUA,240.0,Fossil Peat,44W-T-YT-000000S,Pietarsaari,Alholmens Kraft,1,MAW,PT1M,2,2018-10-04 06:23:00+03:00
2018-10-11 14:20:59+03:00,135,FI,Unplanned outage,A03,,2018-10-10 15:15:00+03:00,Vvn1KOc4Aclvm5bRSVs-Ig,240.0,Fossil Peat,44W-T-YT-000000S,Pietarsaari,Alholmens Kraft,1,MAW,PT1M,2,2018-10-10 15:02:00+03:00
2018-10-12 09:50:58+03:00,135,FI,Unplanned outage,A03,,2018-10-13 01:00:00+03:00,-lE11Mp1iqIMX3r7lFyRjg,240.0,Fossil Peat,44W-T-YT-000000S,Pietarsaari,Alholmens Kraft,1,MAW,PT60M,2,2018-10-12 05:00:00+03:00
2018-10-14 08:58:28+03:00,0,FI,Unplanned outage,A03,,2018-10-14 08:45:00+03:00,SFagmg6LVmilQhQ_GR3ptw,223.0,Fossil Hard coal,44W-T-YT-000012L,Vaasa,Vaskiluoto,1,MAW,PT15M,2,2018-10-14 08:30:00+03:00
2018-10-15 16:39:29+03:00,0,FI,Unplanned outage,A03,,2018-10-15 18:00:00+03:00,s6nU2BNZoEv_Dwme8JHaag,146.0,Fossil Hard coal,44W-T-YT-000006G,Naantali,Naantali,1,MAW,PT60M,2,2018-10-15 15:00:00+03:00
2018-10-18 21:23:40+03:00,0,FI,Unplanned outage,A03,,2018-10-18 21:15:00+03:00,v1dshYn831e_kFBmYw17Hw,105.0,Fossil Hard coal,44W-T-YT-000001Q,Helsinki,Hanasaari,1,MAW,PT15M,2,2018-10-18 21:00:00+03:00
2018-10-23 19:08:45+03:00,0,FI,Unplanned outage,A03,,2018-10-23 19:00:00+03:00,Ms9DhYWc1G11sCfja2o1jQ,105.0,Fossil Hard coal,44W-T-YT-000006G,Naantali,Naantali,1,MAW,PT60M,6,2018-10-22 14:00:00+03:00
2018-10-30 17:06:46+02:00,0,FI,Unplanned outage,A03,,2018-10-30 17:00:00+02:00,IJZktWH95SoVU5A5JXjTAg,223.0,Fossil Hard coal,44W-T-YT-000012L,Vaasa,Vaskiluoto,1,MAW,PT60M,4,2018-10-30 13:00:00+02:00
2018-11-01 15:24:19+02:00,0,FI,Unplanned outage,A03,,2018-10-30 21:45:00+02:00,bEU08dkUOACwlsRnQRlJxw,223.0,Fossil Hard coal,44W-T-YT-000012L,Vaasa,Vaskiluoto,1,MAW,PT1M,3,2018-10-30 21:41:00+02:00
2018-11-06 17:24:51+02:00,0,FI,Unplanned outage,A03,,2018-11-06 14:45:00+02:00,ubxkIfWR3cgMsszx3VtIsA,150.0,Fossil Peat,44W-K-LV-000000Q,Haapavesi,Haapavesi,1,MAW,PT1M,2,2018-11-06 14:35:00+02:00
2018-11-07 09:31:27+02:00,0,FI,Unplanned outage,A03,,2018-11-07 16:00:00+02:00,ZaxGZQcmyscYms7DgXqkWw,105.0,Fossil Hard coal,44W-T-YT-000001Q,Helsinki,Hanasaari,1,MAW,PT60M,3,2018-11-05 06:00:00+02:00
2018-11-08 12:06:00+02:00,0,FI,Unplanned outage,A03,,2018-11-08 01:45:00+02:00,VZFE8eRc9gjHNUhUXx_oKQ,223.0,Fossil Hard coal,44W-T-YT-000012L,Vaasa,Vaskiluoto,1,MAW,PT1M,7,2018-11-08 01:35:00+02:00
2018-11-08 15:39:42+02:00,0,FI,Unplanned outage,A03,,2018-11-08 15:15:00+02:00,ZrtjcJXwBdQI25d4rMGo6w,240.0,Fossil Peat,44W-T-YT-000000S,Pietarsaari,Alholmens Kraft,1,MAW,PT15M,21,2018-11-08 15:00:00+02:00
2018-11-09 09:10:27+02:00,110,FI,Unplanned outage,A03,,2018-11-12 01:00:00+02:00,L_rcPK9w09XLjOPB45Z17w,240.0,Fossil Peat,44W-T-YT-000000S,Pietarsaari,Alholmens Kraft,1,MAW,PT60M,2,2018-11-08 16:00:00+02:00
2018-11-09 18:32:01+02:00,0,FI,Unplanned outage,A03,,2018-10-08 14:46:00+03:00,qZpwMhh5QtNeQhbiaQN35w,240.0,Fossil Peat,44W-T-YT-000000S,Pietarsaari,Alholmens Kraft,1,MAW,PT1M,1,2018-10-08 14:40:00+03:00
2018-11-10 01:27:57+02:00,0,FI,Unplanned outage,A03,,2018-11-09 19:00:00+02:00,9OILEtSZtZYLsLfU5SYLdA,120.0,Fossil Peat,44W-T-YT-000009A,Seinäjoki,Seinäjoki,1,MAW,PT1M,2,2018-11-09 18:55:00+02:00
2018-11-16 14:08:17+02:00,0,FI,Unplanned outage,A03,,2018-11-16 12:30:00+02:00,09EijrSD4p35EWDT0yKYzA,146.0,Fossil Hard coal,44W-T-YT-000006G,Naantali,Naantali,1,MAW,PT1M,2,2018-11-16 12:25:00+02:00
2018-11-21 16:40:43+02:00,0,FI,Unplanned outage,A03,,2018-11-21 16:35:00+02:00,YgjSVU7TxRrifITTzrql9Q,170.0,Fossil Gas,44W-T-YT-000010P,Espoo,Suomenoja,1,MAW,PT1M,2,2018-11-21 16:30:00+02:00
2018-11-22 09:44:17+02:00,0,FI,Unplanned outage,A03,,2018-11-22 06:00:00+02:00,7_CJM6vfa1IsQBIZmiHuGA,565.0,Fossil Hard coal,44W-T-LV-000003N,Pori,Meri-Pori,1,MAW,PT1M,2,2018-11-22 05:53:00+02:00
2018-11-22 16:04:11+02:00,0,FI,Unplanned outage,A03,,2018-11-24 00:59:00+02:00,9v1_h-TY9zQigdl0dFdwPA,163.0,Fossil Oil,44W-T-KT-000001I,Forssa,Forssa,1,MAW,PT1M,1,2018-11-24 00:45:00+02:00
2018-11-28 07:07:08+02:00,0,FI,Unplanned outage,A03,,2018-11-28 09:00:00+02:00,JxyvvOEIsEmzinugXDUJSg,160.0,Fossil Gas,44W-T-YT-000013J,Helsinki,Vuosaari,1,MAW,PT60M,1,2018-11-28 07:00:00+02:00
2018-11-28 16:20:22+02:00,0,FI,Unplanned outage,A03,,2018-11-27 21:00:00+02:00,lovjuyHcnyTByhM-EhOvUw,115.0,Fossil Hard coal,44W-T-YT-000006G,Naantali,Naantali,1,MAW,PT30M,2,2018-11-27 20:30:00+02:00
2018-11-30 09:22:21+02:00,0,FI,Unplanned outage,A03,,2018-11-30 07:00:00+02:00,7cRVvHm--z46H7rsE83Hxg,105.0,Fossil Hard coal,44W-T-YT-000001Q,Helsinki,Hanasaari,1,MAW,PT15M,2,2018-11-30 06:45:00+02:00
2018-11-30 09:51:14+02:00,0,FI,Unplanned outage,A03,,2018-11-30 09:45:00+02:00,X6PboNExbpyAXzqC9-Ozdg,105.0,Fossil Hard coal,44W-T-YT-000001Q,Helsinki,Hanasaari,1,MAW,PT1M,1,2018-11-30 09:35:00+02:00
2018-12-01 18:37:25+02:00,0,FI,Unplanned outage,A03,,2018-12-02 07:00:00+02:00,9hNN6GaaGB9x-_LxBhyyxw,120.0,Fossil Peat,44W-T-YT-000009A,Seinäjoki,Seinäjoki,1,MAW,PT60M,1,2018-12-01 19:00:00+02:00
2018-12-06 09:18:57+02:00,0,FI,Unplanned outage,A03,,2018-11-25 05:30:00+02:00,FSidBJSr4ercn1NOp56yKQ,240.0,Fossil Peat,44W-T-YT-000000S,Pietarsaari,Alholmens Kraft,1,MAW,PT1M,5,2018-11-25 05:21:00+02:00
2018-12-08 20:29:02+02:00,0,FI,Unplanned outage,A03,,2018-12-08 20:00:00+02:00,2KoObh23Q5Tb5-FLhLdt8w,240.0,Fossil Peat,44W-T-YT-000000S,Pietarsaari,Alholmens Kraft,1,MAW,PT60M,2,2018-12-08 18:00:00+02:00
2018-12-11 04:47:50+02:00,0,FI,Unplanned outage,A03,,2018-12-11 06:00:00+02:00,Tj3zYVfbtGxU0I2xFd0MfQ,105.0,Fossil Hard coal,44W-T-YT-000001Q,Helsinki,Hanasaari,1,MAW,PT60M,5,2018-12-10 11:00:00+02:00
2018-12-18 01:26:27+02:00,0,FI,Unplanned outage,A03,,2018-12-18 01:00:00+02:00,bKRTccejXA_k5nLeackCqw,223.0,Fossil Hard coal,44W-T-YT-000012L,Vaasa,Vaskiluoto,1,MAW,PT60M,4,2018-12-16 22:00:00+02:00
2018-12-22 16:06:28+02:00,0,FI,Unplanned outage,A03,,2018-12-22 03:45:00+02:00,P179QINLchE7gtjwuEcsJg,146.0,Fossil Hard coal,44W-T-YT-000006G,Naantali,Naantali,1,MAW,PT1M,3,2018-12-22 03:35:00+02:00
2019-01-04 20:10:36+02:00,0,FI,Unplanned outage,A03,,2019-01-04 20:00:00+02:00,25ufpKbw3-4VZB8wPphXyw,240.0,Fossil Peat,44W-T-YT-000000S,Pietarsaari,Alholmens Kraft,1,MAW,PT1M,1,2019-01-04 19:58:00+02:00
2019-01-05 17:47:37+02:00,0,FI,Unplanned outage,A03,,2019-01-05 16:00:00+02:00,SZ5rgStIZEAXaU3QDk6SVg,105.0,Fossil Hard coal,44W-T-YT-000006G,Naantali,Naantali,1,MAW,PT1M,2,2019-01-05 15:54:00+02:00
2019-01-10 11:57:35+02:00,0,FI,Unplanned outage,A03,,2019-01-10 11:54:00+02:00,mQkNMNziHkjVXFI7e6Nr6g,565.0,Fossil Hard coal,44W-T-LV-000003N,Pori,Meri-Pori,1,MAW,PT1M,2,2019-01-10 11:45:00+02:00
2019-01-18 14:56:00+02:00,0,FI,Unplanned outage,A03,,2019-01-18 13:45:00+02:00,pOTzkQs_jeNZjYT6EC_ptw,240.0,Fossil Peat,44W-T-YT-000000S,Pietarsaari,Alholmens Kraft,1,MAW,PT1M,2,2019-01-18 13:32:00+02:00
2019-01-18 16:49:53+02:00,770,FI,Unplanned outage,A03,,2019-01-18 16:00:00+02:00,1yGNIsj97VOTB22MdlO6ew,890.0,Nuclear,44W-T-YV-0000026,Eurajoki,Olkiluoto 1,1,MAW,PT60M,4,2019-01-17 11:00:00+02:00
2019-01-31 02:23:03+02:00,0,FI,Unplanned outage,A03,,2019-01-31 02:00:00+02:00,ZC68Zvbfp6rwocgSXNj3oA,120.0,Fossil Peat,44W-T-YT-000009A,Seinäjoki,Seinäjoki,1,MAW,PT60M,3,2019-01-30 21:00:00+02:00
2019-02-14 21:20:52+02:00,0,FI,Unplanned outage,A03,,2019-02-14 21:10:00+02:00,II3cP4gQ99PczHX9W9Mq9g,105.0,Fossil Hard coal,44W-T-YT-000001Q,Helsinki,Hanasaari,1,MAW,PT1M,2,2019-02-14 21:00:00+02:00
2019-02-26 18:02:19+02:00,0,FI,Unplanned outage,A03,,2019-02-26 18:15:00+02:00,irqpizY8eDgXADIUPL8mWg,146.0,Fossil Hard coal,44W-T-YT-000006G,Naantali,Naantali,1,MAW,PT15M,2,2019-02-26 18:00:00+02:00
2019-03-07 09:18:57+02:00,0,FI,Unplanned outage,A03,,2019-02-27 11:00:00+02:00,2FodqZIXEyiAliwvlOzeUg,240.0,Fossil Peat,44W-T-YT-000000S,Pietarsaari,Alholmens Kraft,1,MAW,PT30M,5,2019-02-27 10:30:00+02:00
2019-03-11 10:16:36+02:00,0,FI,Unplanned outage,A03,,2019-03-11 10:15:00+02:00,hRLNDUsrF_iVyRynvq5OIw,146.0,Fossil Hard coal,44W-T-YT-000006G,Naantali,Naantali,1,MAW,PT1M,1,2019-03-11 10:05:00+02:00
2019-03-13 15:43:59+02:00,0,FI,Unplanned outage,A03,,2019-03-13 15:45:00+02:00,6LrOZz_cJg1VJBFrEzAOGQ,146.0,Fossil Hard coal,44W-T-YT-000006G,Naantali,Naantali,1,MAW,PT1M,1,2019-03-13 15:31:00+02:00
2019-04-01 14:14:37+03:00,0,FI,Unplanned outage,A03,,2019-03-29 13:00:00+02:00,dWbhiwr9pqc1Yvyn9E7vIA,105.0,Fossil Hard coal,44W-T-YT-000006G,Naantali,Naantali,1,MAW,PT1M,2,2019-03-29 12:53:00+02:00
2019-04-06 18:23:01+03:00,0,FI,Unplanned outage,A03,,2019-04-06 18:19:00+03:00,TKpTUCQJVU7W5HKoJ5pVKQ,223.0,Fossil Hard coal,44W-T-YT-000012L,Vaasa,Vaskiluoto,1,MAW,PT1M,6,2019-04-06 18:15:00+03:00
2019-04-10 12:48:07+03:00,0,FI,Unplanned outage,A03,,2019-04-10 06:15:00+03:00,CcSdo5SLiabCqW3KX3Rspw,240.0,Fossil Peat,44W-T-YT-000000S,Pietarsaari,Alholmens Kraft,1,MAW,PT1M,3,2019-04-10 06:05:00+03:00
2019-04-10 20:47:46+03:00,0,FI,Unplanned outage,A03,,2019-04-10 17:15:00+03:00,PLp6kP3EjVqfPnWnltVyQg,105.0,Fossil Hard coal,44W-T-YT-000006G,Naantali,Naantali,1,MAW,PT1M,2,2019-04-10 17:05:00+03:00
2019-04-30 01:53:43+03:00,0,FI,Unplanned outage,A03,,2019-04-30 01:50:00+03:00,bl-4qxJDe6yG55AnIHLOpQ,146.0,Fossil Hard coal,44W-T-YT-000006G,Naantali,Naantali,1,MAW,PT1M,2,2019-04-30 01:45:00+03:00
2019-05-03 16:51:53+03:00,0,FI,Unplanned outage,A03,,2019-05-03 04:00:00+03:00,-gMoZLRdVxJWrRKfuOV8pQ,248.0,Nuclear,44W-T-YV-0000018,Loviisa,Loviisa 2,1,MAW,PT1M,6,2019-05-03 03:47:00+03:00
2019-05-31 14:24:11+03:00,0,FI,Unplanned outage,A03,,2019-05-31 11:00:00+03:00,Mo3er2bvus0dZb5mL_KhwQ,120.0,Fossil Peat,44W-T-YT-000009A,Seinäjoki,Seinäjoki,1,MAW,PT1M,2,2019-05-31 10:50:00+03:00
2019-06-04 12:08:49+03:00,0,FI,Unplanned outage,A03,,2019-06-04 12:06:00+03:00,BB3_5Ln22zmGA-oQqstKRQ,240.0,Fossil Peat,44W-T-YT-000000S,Pietarsaari,Alholmens Kraft,1,MAW,PT1M,3,2019-06-04 12:00:00+03:00
2019-06-14 11:49:36+03:00,0,FI,Unplanned outage,A03,,2019-06-14 14:00:00+03:00,x_9JIRSvz6ga8MkDYbQoRw,105.0,Fossil Hard coal,44W-T-YT-000006G,Naantali,Naantali,1,MAW,PT60M,2,2019-06-14 08:00:00+03:00
2019-06-24 10:21:23+03:00,0,FI,Unplanned outage,A03,,2019-06-18 16:00:00+03:00,HLzSCzvI0mZbvGvAQi1nTg,105.0,Fossil Hard coal,44W-T-YT-000006G,Naantali,Naantali,1,MAW,PT30M,1,2019-06-18 15:30:00+03:00
2019-06-24 15:45:42+03:00,0,FI,Unplanned outage,A03,,2019-06-17 09:45:00+03:00,TKmB_3Psw2l_GK-dZqOPZQ,105.0,Fossil Hard coal,44W-T-YT-000006G,Naantali,Naantali,1,MAW,PT1M,4,2019-06-17 09:32:00+03:00
2019-07-11 07:41:31+03:00,80,FI,Unplanned outage,A03,,2019-07-11 07:00:00+03:00,-waRuy0AlpiV8B_Og4Ucyg,240.0,Fossil Peat,44W-T-YT-000000S,Pietarsaari,Alholmens Kraft,1,MAW,PT15M,2,2019-07-11 06:45:00+03:00
2019-08-07 14:29:34+03:00,0,FI,Unplanned outage,A03,,2019-08-07 03:15:00+03:00,DaFSTWLXNt_7wWOftMp-SA,248.0,Nuclear,44W-T-YV-0000018,Loviisa,Loviisa 2,1,MAW,PT1M,4,2019-08-07 03:11:00+03:00
2019-08-08 06:47:35+03:00,0,FI,Unplanned outage,A03,,2019-08-08 13:00:00+03:00,b-VpNyf55GXI048S3kPi-g,248.0,Nuclear,44W-T-YV-000000A,Loviisa,Loviisa 1,1,MAW,PT60M,2,2019-08-08 08:00:00+03:00
2019-08-13 06:19:57+03:00,0,FI,Unplanned outage,A03,,2019-08-13 07:00:00+03:00,YmoqVtskMo5xiC8sdOFvZg,565.0,Fossil Hard coal,44W-T-LV-000003N,Pori,Meri-Pori,1,MAW,PT30M,1,2019-08-13 06:30:00+03:00
2019-08-23 09:52:23+03:00,0,FI,Unplanned outage,A03,,2019-08-17 09:30:00+03:00,6dt5glx2jrCFn7yvDtbSBA,240.0,Fossil Peat,44W-T-YT-000000S,Pietarsaari,Alholmens Kraft,1,MAW,PT1M,3,2019-08-17 09:20:00+03:00
2019-08-27 19:08:46+03:00,0,FI,Unplanned outage,A03,,2019-08-27 15:45:00+03:00,lssyx5dllVXZIb6AXZxdxA,146.0,Fossil Hard coal,44W-T-YT-000006G,Naantali,Naantali,1,MAW,PT1M,2,2019-08-27 15:41:00+03:00
2019-08-27 19:20:21+03:00,0,FI,Unplanned outage,A03,,2019-08-27 14:45:00+03:00,X-bEehXlSa7LEImqNxPFmQ,120.0,Fossil Peat,44W-T-YT-000009A,Seinäjoki,Seinäjoki,1,MAW,PT1M,3,2019-08-27 14:35:00+03:00
2019-08-27 20:01:53+03:00,0,FI,Unplanned outage,A03,,2019-08-28 00:00:00+03:00,b63amTQOU_ME_mtzpLsubQ,146.0,Fossil Hard coal,44W-T-YT-000006G,Naantali,Naantali,1,MAW,PT60M,1,2019-08-27 20:00:00+03:00
2019-09-03 23:33:41+03:00,100,FI,Unplanned outage,A03,,2019-09-03 23:25:00+03:00,_3VabISazqoKcVNwktON5w,240.0,Fossil Peat,44W-T-YT-000000S,Pietarsaari,Alholmens Kraft,1,MAW,PT1M,2,2019-09-03 23:15:00+03:00
2019-09-04 10:02:29+03:00,0,FI,Unplanned outage,A03,,2019-09-03 23:30:00+03:00,u31C_Dr5EUsq3EE6cLLF_w,240.0,Fossil Peat,44W-T-YT-000000S,Pietarsaari,Alholmens Kraft,1,MAW,PT1M,5,2019-09-03 23:25:00+03:00
2019-09-18 05:34:34+03:00,0,FI,Unplanned outage,A03,,2019-09-18 04:45:00+03:00,jQ0Ih_auXIgpi3Pz8SQ9Rg,160.0,Fossil Gas,44W-T-YT-000013J,Helsinki,Vuosaari,1,MAW,PT1M,2,2019-09-18 04:33:00+03:00
2019-09-23 09:04:09+03:00,0,FI,Unplanned outage,A03,,2019-09-23 08:55:00+03:00,Sw91ZQIzcoTz3FFT9ImmVg,105.0,Fossil Hard coal,44W-T-YT-000006G,Naantali,Naantali,1,MAW,PT1M,2,2019-09-23 08:45:00+03:00
2019-09-24 07:46:58+03:00,100,FI,Unplanned outage,A03,,2019-09-24 06:00:00+03:00,tfvHwEPp5xBPR8X_3DUbdw,223.0,Fossil Hard coal,44W-T-YT-000012L,Vaasa,Vaskiluoto,1,MAW,PT15M,2,2019-09-24 05:45:00+03:00
2019-10-07 11:08:58+03:00,0,FI,Unplanned outage,A03,,2019-10-07 06:15:00+03:00,fUu15w2x81AdRkXOx4z-ZA,223.0,Fossil Hard coal,44W-T-YT-000012L,Vaasa,Vaskiluoto,1,MAW,PT1M,4,2019-10-07 06:07:00+03:00
2019-10-10 10:11:04+03:00,0,FI,Unplanned outage,A03,,2019-10-12 00:00:00+03:00,c432Pfbjp6g9IExen_5ISg,105.0,Fossil Hard coal,44W-T-YT-000001Q,Helsinki,Hanasaari,1,MAW,PT60M,1,2019-10-10 15:00:00+03:00
2019-10-29 12:18:20+02:00,0,FI,Unplanned outage,A03,,2019-10-29 12:17:00+02:00,daQ_jZo-xN8dOMhdXoiVXQ,146.0,Fossil Hard coal,44W-T-YT-000006G,Naantali,Naantali,1,MAW,PT1M,2,2019-10-29 12:15:00+02:00
2019-11-13 10:50:25+02:00,0,FI,Unplanned outage,A03,,2019-11-13 10:35:00+02:00,2YdiNV61UmojweWwoMnB6g,223.0,Fossil Hard coal,44W-T-YT-000012L,Vaasa,Vaskiluoto,1,MAW,PT1M,3,2019-11-13 10:30:00+02:00
2019-11-14 13:36:58+02:00,120,FI,Unplanned outage,A03,,2019-11-14 13:30:00+02:00,fKJn7bTv6EakbUTpQbnYfQ,223.0,Fossil Hard coal,44W-T-YT-000012L,Vaasa,Vaskiluoto,1,MAW,PT30M,3,2019-11-14 13:00:00+02:00
2019-11-18 03:14:41+02:00,0,FI,Unplanned outage,A03,,2019-11-18 03:00:00+02:00,g57mrzjSt99_WTZpesKvLQ,146.0,Fossil Hard coal,44W-T-YT-000006G,Naantali,Naantali,1,MAW,PT60M,4,2019-11-17 11:00:00+02:00
2019-11-22 08:45:32+02:00,0,FI,Unplanned outage,A03,,2019-11-07 12:00:00+02:00,MfmvJ-YlLKzEup04FNTRVw,240.0,Fossil Peat,44W-T-YT-000000S,Pietarsaari,Alholmens Kraft,1,MAW,PT30M,8,2019-11-07 11:30:00+02:00
2019-11-23 18:49:09+02:00,0,FI,Unplanned outage,A03,,2019-11-18 10:45:00+02:00,DdSilPfS4mz4eanBmJ2lww,146.0,Fossil Hard coal,44W-T-YT-000006G,Naantali,Naantali,1,MAW,PT1M,8,2019-11-18 10:44:00+02:00
2019-12-05 09:51:22+02:00,0,FI,Unplanned outage,A03,,2019-11-30 17:00:00+02:00,3TKg_gYmqJcZ-c1hlPGMFQ,240.0,Fossil Peat,44W-T-YT-000000S,Pietarsaari,Alholmens Kraft,1,MAW,PT1M,8,2019-11-30 16:58:00+02:00
2019-12-06 08:52:48+02:00,0,FI,Unplanned outage,A03,,2019-12-06 08:45:00+02:00,AFmOKFu-k35ZFIJ2lpJpag,105.0,Fossil Hard coal,44W-T-YT-000001Q,Helsinki,Hanasaari,1,MAW,PT1M,1,2019-12-06 08:40:00+02:00
2019-12-15 16:25:51+02:00,0,FI,Unplanned outage,A03,,2019-12-15 16:15:00+02:00,EW3fBU4Pi0Jzgr6Jse2cMQ,146.0,Fossil Hard coal,44W-T-YT-000006G,Naantali,Naantali,1,MAW,PT15M,2,2019-12-15 16:00:00+02:00
2019-12-16 05:40:44+02:00,0,FI,Unplanned outage,A03,,2019-12-16 03:15:00+02:00,uUaDqYvd3Vwj2r9Ble6snQ,160.0,Fossil Gas,44W-T-YT-000013J,Helsinki,Vuosaari,1,MAW,PT1M,4,2019-12-16 03:08:00+02:00
2019-12-23 09:57:43+02:00,0,FI,Unplanned outage,A03,,2019-12-23 07:15:00+02:00,S0ZLNgXaMTErlciplN7pSQ,160.0,Fossil Gas,44W-T-YT-000013J,Helsinki,Vuosaari,1,MAW,PT1M,4,2019-12-23 07:04:00+02:00
2020-01-01 22:13:33+02:00,0,FI,Unplanned outage,A03,,2020-01-01 19:00:00+02:00,QFxewnon9gjSK0WMrSRQaQ,223.0,Fossil Hard coal,44W-T-YT-000012L,Vaasa,Vaskiluoto,1,MAW,PT30M,3,2020-01-01 18:30:00+02:00
2020-01-03 02:14:20+02:00,0,FI,Unplanned outage,A03,,2020-01-03 02:13:00+02:00,VPalAdFahORQ9SM8nkOAng,160.0,Fossil Gas,44W-T-YT-000013J,Helsinki,Vuosaari,1,MAW,PT1M,2,2020-01-03 02:00:00+02:00
2020-01-03 17:31:48+02:00,0,FI,Unplanned outage,A03,,2020-01-03 17:15:00+02:00,-_f0Yb8FR8JWmoUBq61anA,146.0,Fossil Hard coal,44W-T-YT-000006G,Naantali,Naantali,1,MAW,PT15M,2,2020-01-03 17:00:00+02:00
2020-01-08 08:02:26+02:00,40,FI,Unplanned outage,A03,,2020-01-08 07:00:00+02:00,nc8cokacLGRqE_ts9aRPBw,223.0,Fossil Hard coal,44W-T-YT-000012L,Vaasa,Vaskiluoto,1,MAW,PT60M,9,2020-01-08 03:00:00+02:00
2020-01-15 07:05:10+02:00,0,FI,Unplanned outage,A03,,2020-01-15 07:00:00+02:00,JlLdVJfHr8vf4kDjOCI0Sw,105.0,Fossil Hard coal,44W-T-YT-000001Q,Helsinki,Hanasaari,1,MAW,PT1M,1,2020-01-15 06:56:00+02:00
2020-01-20 13:44:56+02:00,0,FI,Unplanned outage,A03,,2020-01-20 13:45:00+02:00,C9r4u3hrvwVTMZjPfp7XJQ,146.0,Fossil Hard coal,44W-T-YT-000006G,Naantali,Naantali,1,MAW,PT1M,1,2020-01-20 13:35:00+02:00
2020-02-04 02:09:22+02:00,0,FI,Unplanned outage,A03,,2020-02-03 21:00:00+02:00,-9ojbrWDy8RV3PfFxQc29g,105.0,Fossil Hard coal,44W-T-YT-000006G,Naantali,Naantali,1,MAW,PT30M,2,2020-02-03 20:30:00+02:00
2020-02-04 10:57:42+02:00,0,FI,Unplanned outage,A03,,2020-02-04 11:00:00+02:00,vQjSmZ0eyo_IZHS-7MRBWw,105.0,Fossil Hard coal,44W-T-YT-000006G,Naantali,Naantali,1,MAW,PT1M,1,2020-02-04 10:46:00+02:00
2020-02-07 06:56:19+02:00,0,FI,Unplanned outage,A03,,2020-02-04 05:15:00+02:00,huOy6np_-1xLuhEtXQi2hQ,240.0,Fossil Peat,44W-T-YT-000000S,Pietarsaari,Alholmens Kraft,1,MAW,PT1M,8,2020-02-04 05:14:00+02:00
2020-02-13 09:14:41+02:00,100,FI,Unplanned outage,A03,,2020-02-13 06:30:00+02:00,LVqXE1jO-_SwqDf2x-o8GQ,565.0,Fossil Hard coal,44W-T-LV-000003N,Pori,Meri-Pori,1,MAW,PT1M,3,2020-02-13 06:20:00+02:00
2020-02-20 06:43:39+02:00,120,FI,Unplanned outage,A03,,2020-02-20 06:40:00+02:00,d-gRtTUhu9gAmSeBJMZu3g,223.0,Fossil Hard coal,44W-T-YT-000012L,Vaasa,Vaskiluoto,1,MAW,PT1M,4,2020-02-20 06:30:00+02:00
2020-02-22 11:40:26+02:00,0,FI,Unplanned outage,A03,,2020-02-22 10:30:00+02:00,UaJrf3vyAgUv5E1GeD99dQ,223.0,Fossil Hard coal,44W-T-YT-000012L,Vaasa,Vaskiluoto,1,MAW,PT1M,2,2020-02-22 10:23:00+02:00
2020-02-27 14:47:41+02:00,0,FI,Unplanned outage,A03,,2020-02-27 10:15:00+02:00,STWeTI7cIU1gEYXtbWyy3w,146.0,Fossil Hard coal,44W-T-YT-000006G,Naantali,Naantali,1,MAW,PT1M,4,2020-02-27 10:12:00+02:00
2020-03-02 09:14:39+02:00,130,FI,Unplanned outage,A03,,2020-03-02 08:30:00+02:00,DlwrwHZcNv06teBUUZFswQ,248.0,Nuclear,44W-T-YV-000000A,Loviisa,Loviisa 1,1,MAW,PT1M,2,2020-03-02 08:27:00+02:00
2020-03-04 13:15:17+02:00,0,FI,Unplanned outage,A03,,2020-03-04 12:46:00+02:00,FJZxhbzo7vvnkQr8PfVj_A,120.0,Fossil Peat,44W-T-YT-000009A,Seinäjoki,Seinäjoki,1,MAW,PT1M,6,2020-03-04 12:45:00+02:00
2020-03-29 19:45:49+03:00,610,FI,Unplanned outage,A03,,2020-03-31 01:00:00+03:00,AamxYhMWqlqiFqPnAhTEhQ,890.0,Nuclear,44W-T-YV-0000026,Eurajoki,Olkiluoto 1,1,MAW,PT60M,3,2020-03-29 20:00:00+03:00
2020-04-02 04:08:42+03:00,0,FI,Unplanned outage,A03,,2020-04-01 21:00:00+03:00,keH5R2Z4Bpne4v1DrC_NkA,890.0,Nuclear,44W-T-YV-0000026,Eurajoki,Olkiluoto 1,1,MAW,PT60M,7,2020-03-31 01:00:00+03:00
2020-04-13 01:38:00+03:00,0,FI,Unplanned outage,A03,,2020-04-13 01:26:00+03:00,s_5eaYXbhF2t9ZHnUhe6MA,120.0,Fossil Peat,44W-T-YT-000009A,Seinäjoki,Seinäjoki,1,MAW,PT1M,2,2020-04-13 01:15:00+03:00
2020-04-16 18:10:18+03:00,0,FI,Unplanned outage,A03,,2020-04-15 17:00:00+03:00,8EEqmFI2eZhTeQTM7meWZg,146.0,Fossil Hard coal,44W-T-YT-000006G,Naantali,Naantali,1,MAW,PT30M,10,2020-04-15 16:30:00+03:00
2020-04-17 10:42:54+03:00,190,FI,Unplanned outage,A03,,2020-04-17 10:00:00+03:00,zOsJ4Jh3Nv7GJv-yRH_NMw,890.0,Nuclear,44W-T-YV-0000034,Eurajoki,Olkiluoto 2,1,MAW,PT60M,6,2020-04-16 14:00:00+03:00
2020-04-30 12:38:25+03:00,120,FI,Unplanned outage,A03,,2020-04-30 12:00:00+03:00,puvFmqELgjKyH_ay8BHXRw,223.0,Fossil Hard coal,44W-T-YT-000012L,Vaasa,Vaskiluoto,1,MAW,PT60M,3,2020-04-29 23:00:00+03:00
2020-05-17 17:56:30+03:00,0,FI,Unplanned outage,A03,,2020-05-17 17:00:00+03:00,6uOvncueK-o2lkcR2cH-nQ,240.0,Fossil Peat,44W-T-YT-000000S,Pietarsaari,Alholmens Kraft,1,MAW,PT60M,2,2020-05-17 10:00:00+03:00
2020-05-21 08:15:13+03:00,0,FI,Unplanned outage,A03,,2020-05-21 10:00:00+03:00,7ElcFli8iuHkbX7iv0EbJw,240.0,Fossil Peat,44W-T-YT-000000S,Pietarsaari,Alholmens Kraft,1,MAW,PT60M,2,2020-05-20 07:00:00+03:00
2020-05-24 15:24:49+03:00,765,FI,Unplanned outage,A03,,2020-05-24 15:30:00+03:00,P5ZL5ZFkF05fkeIu4yWMeA,890.0,Nuclear,44W-T-YV-0000026,Eurajoki,Olkiluoto 1,1,MAW,PT1M,1,2020-05-24 15:20:00+03:00
2020-05-24 15:39:21+03:00,836,FI,Unplanned outage,A03,,2020-05-24 15:20:00+03:00,ywM54bvP-S-kdI7mUDLbQQ,890.0,Nuclear,44W-T-YV-0000026,Eurajoki,Olkiluoto 1,1,MAW,PT1M,5,2020-05-24 15:15:00+03:00
2020-06-05 13:30:46+03:00,40,FI,Unplanned outage,A03,,2020-05-08 09:30:00+03:00,pM8CdhMcnu3bX2WVw_lLNA,120.0,Fossil Peat,44W-T-YT-000009A,Seinäjoki,Seinäjoki,1,MAW,PT15M,5,2020-05-08 09:15:00+03:00
2020-06-06 11:40:40+03:00,0,FI,Unplanned outage,A03,,2020-06-06 11:30:00+03:00,-OU0B72OX0p80r9UjInhqQ,146.0,Fossil Hard coal,44W-T-YT-000006G,Naantali,Naantali,1,MAW,PT30M,5,2020-06-06 11:00:00+03:00
2020-06-12 12:35:02+03:00,790,FI,Unplanned outage,A03,,2020-06-12 12:23:00+03:00,l54jEdepe_h1Gn4Dk70-OQ,890.0,Nuclear,44W-T-YV-0000026,Eurajoki,Olkiluoto 1,1,MAW,PT1M,9,2020-06-12 12:15:00+03:00
2020-06-24 13:39:13+03:00,0,FI,Unplanned outage,A03,,2020-06-24 13:30:00+03:00,gM30AkES-F7_KrRcRXM4dQ,160.0,Fossil Gas,44W-T-YT-000013J,Helsinki,Vuosaari,1,MAW,PT30M,5,2020-06-24 13:00:00+03:00
2020-08-10 11:13:40+03:00,770,FI,Unplanned outage,A03,,2020-08-10 10:30:00+03:00,Zv2W_VkNYbFg9aLCAdNmdw,890.0,Nuclear,44W-T-YV-0000034,Eurajoki,Olkiluoto 2,1,MAW,PT30M,3,2020-08-10 10:00:00+03:00
2020-08-12 15:35:50+03:00,0,FI,Unplanned outage,A03,,2020-08-12 15:30:00+03:00,dn78uM4mtILj2r0NJzo8cg,146.0,Fossil Hard coal,44W-T-YT-000006G,Naantali,Naantali,1,MAW,PT1M,1,2020-08-12 15:16:00+03:00
2020-08-17 10:50:11+03:00,770,FI,Unplanned outage,A03,,2020-08-17 10:30:00+03:00,wXlIiYh_Gj2A_bUr_fkokg,890.0,Nuclear,44W-T-YV-0000034,Eurajoki,Olkiluoto 2,1,MAW,PT30M,2,2020-08-17 10:00:00+03:00
2020-09-02 02:36:28+03:00,0,FI,Unplanned outage,A03,,2020-09-02 03:00:00+03:00,F9dROE2l4PZLTVeXLTwQBQ,146.0,Fossil Hard coal,44W-T-YT-000006G,Naantali,Naantali,1,MAW,PT30M,1,2020-09-02 02:30:00+03:00
2020-09-15 13:31:32+03:00,0,FI,Unplanned outage,A03,,2020-09-15 10:00:00+03:00,bBwkoD2VIxv_CFtngrit2Q,146.0,Fossil Hard coal,44W-T-YT-000006G,Naantali,Naantali,1,MAW,PT30M,4,2020-09-15 09:30:00+03:00
2020-09-19 13:58:42+03:00,0,FI,Unplanned outage,A03,,2020-09-17 11:30:00+03:00,L3BX44zjBu9XglPKl2T3ow,223.0,Fossil Hard coal,44W-T-YT-000012L,Vaasa,Vaskiluoto,1,MAW,PT15M,8,2020-09-17 11:15:00+03:00
2020-09-22 12:44:10+03:00,0,FI,Unplanned outage,A03,,2020-09-22 13:00:00+03:00,tUz9u8f0Yz-WzOKecIkKkg,170.0,Fossil Gas,44W-T-YT-000010P,Espoo,Suomenoja,1,MAW,PT60M,15,2020-09-13 04:00:00+03:00
2020-09-28 10:20:45+03:00,0,FI,Unplanned outage,A03,,2020-09-28 09:15:00+03:00,5vsvGXMitCb_nnmeBXztOQ,240.0,Fossil Peat,44W-T-YT-000000S,Pietarsaari,Alholmens Kraft,1,MAW,PT1M,3,2020-09-28 09:10:00+03:00
2020-10-08 02:52:02+03:00,0,FI,Unplanned outage,A03,,2020-10-08 02:30:00+03:00,fsUwaS1aYSpOin6BhDZDJg,146.0,Fossil Hard coal,44W-T-YT-000006G,Naantali,Naantali,1,MAW,PT30M,2,2020-10-08 02:00:00+03:00
2020-10-11 21:22:52+03:00,0,FI,Unplanned outage,A03,,2020-10-11 18:00:00+03:00,yvpE46KW459d3ctLYSiGmA,160.0,Fossil Gas,44W-T-YT-000013J,Helsinki,Vuosaari,1,MAW,PT15M,2,2020-10-11 17:45:00+03:00
2020-11-02 11:58:10+02:00,0,FI,Unplanned outage,A03,,2020-11-03 00:00:00+02:00,MM_F855J-cS1Xb8EyIKfdw,223.0,Fossil Hard coal,44W-T-YT-000012L,Vaasa,Vaskiluoto,1,MAW,PT60M,1,2020-11-02 12:00:00+02:00
2020-11-05 14:29:26+02:00,0,FI,Unplanned outage,A03,,2020-11-05 14:00:00+02:00,EYZFJ2M9rqf-a82kARn6VQ,146.0,Fossil Hard coal,44W-T-YT-000006G,Naantali,Naantali,1,MAW,PT15M,2,2020-11-05 13:45:00+02:00
2020-11-08 10:43:12+02:00,0,FI,Unplanned outage,A03,,2020-11-08 11:00:00+02:00,Wzhkymm9di1JmKpiUvt96w,105.0,Fossil Hard coal,44W-T-YT-000001Q,Helsinki,Hanasaari,1,MAW,PT15M,1,2020-11-08 10:45:00+02:00
2020-11-09 22:33:42+02:00,0,FI,Unplanned outage,A03,,2020-11-09 22:00:00+02:00,J4vKqFi7Z2m1uUgALkHihA,223.0,Fossil Hard coal,44W-T-YT-000012L,Vaasa,Vaskiluoto,1,MAW,PT60M,9,2020-11-09 21:00:00+02:00
2020-11-19 19:50:48+02:00,80,FI,Unplanned outage,A03,,2020-11-19 19:42:00+02:00,efi-yqu6z-a9R-W0Rpguaw,223.0,Fossil Hard coal,44W-T-YT-000012L,Vaasa,Vaskiluoto,1,MAW,PT1M,2,2020-11-19 19:20:00+02:00
2020-11-29 17:59:20+02:00,0,FI,Unplanned outage,A03,,2020-11-28 15:45:00+02:00,Ost-_LqI75KJYzBE7Yc9ZA,240.0,Fossil Peat,44W-T-YT-000000S,Pietarsaari,Alholmens Kraft,1,MAW,PT1M,2,2020-11-28 15:40:00+02:00
2020-11-30 12:33:17+02:00,0,FI,Unplanned outage,A03,,2020-11-30 12:27:00+02:00,MfeTn9nHRopg3vByLnKyNg,163.0,Fossil Oil,44W-T-KT-000001I,Forssa,Forssa,1,MAW,PT1M,2,2020-11-30 12:15:00+02:00
2020-12-01 21:13:48+02:00,160,FI,Unplanned outage,A03,,2020-12-01 22:00:00+02:00,DvQfg_jYs4MQhmj1Q0r1zQ,223.0,Fossil Hard coal,44W-T-YT-000012L,Vaasa,Vaskiluoto,1,MAW,PT30M,2,2020-12-01 21:30:00+02:00
2020-12-05 15:06:47+02:00,0,FI,Unplanned outage,A03,,2020-12-05 13:30:00+02:00,DcvTOVXV9uyO2jKQA5OlsQ,170.0,Fossil Gas,44W-T-YT-000010P,Espoo,Suomenoja,1,MAW,PT1M,2,2020-12-05 13:25:00+02:00
2020-12-10 02:23:07+02:00,0,FI,Unplanned outage,A03,,2020-12-09 21:30:00+02:00,lsA9TMB2lhQXI6lDE3TL8A,105.0,Fossil Hard coal,44W-T-YT-000001Q,Helsinki,Hanasaari,1,MAW,PT1M,2,2020-12-09 21:26:00+02:00
2020-12-13 23:34:27+02:00,200,FI,Unplanned outage,A03,,2020-12-11 15:00:00+02:00,zCyDRtx55prQei7547f3ZQ,240.0,Fossil Peat,44W-T-YT-000000S,Pietarsaari,Alholmens Kraft,1,MAW,PT60M,7,2020-12-11 13:00:00+02:00
2020-12-15 21:23:04+02:00,0,FI,Unplanned outage,A03,,2020-12-16 01:00:00+02:00,D_GwntDYvsNseXOrghZGVw,105.0,Fossil Hard coal,44W-T-YT-000001Q,Helsinki,Hanasaari,1,MAW,PT60M,3,2020-12-10 22:00:00+02:00
2020-12-16 01:01:09+02:00,0,FI,Unplanned outage,A03,,2020-12-16 14:00:00+02:00,RfjZRqF2WQ6ow746LIC3IQ,105.0,Fossil Hard coal,44W-T-YT-000001Q,Helsinki,Hanasaari,1,MAW,PT60M,1,2020-12-16 01:00:00+02:00
2020-12-16 16:40:51+02:00,0,FI,Unplanned outage,A03,,2020-12-16 16:38:00+02:00,0iaJyc57AgqblRbK3WPM4w,105.0,Fossil Hard coal,44W-T-YT-000001Q,Helsinki,Hanasaari,1,MAW,PT1M,2,2020-12-16 16:30:00+02:00
2020-12-21 09:04:09+02:00,0,FI,Unplanned outage,A03,,2020-12-10 12:30:00+02:00,RjE8Kq4f9MjLJpmXUZ1jdQ,890.0,Nuclear,44W-T-YV-0000034,Eurajoki,Olkiluoto 2,1,MAW,PT1M,10,2020-12-10 12:23:00+02:00
2021-01-04 07:55:38+02:00,0,FI,Unplanned outage,A03,,2021-01-06 20:00:00+02:00,uFuYH0NbVDDc31b74OOcnQ,105.0,Fossil Hard coal,44W-T-YT-000001Q,Helsinki,Hanasaari,1,MAW,PT60M,2,2020-12-31 21:00:00+02:00
2021-01-07 17:32:38+02:00,80,FI,Unplanned outage,A03,,2021-01-07 17:25:00+02:00,l9iG8bLv932pTw_bVm2Ohw,223.0,Fossil Hard coal,44W-T-YT-000012L,Vaasa,Vaskiluoto,1,MAW,PT1M,4,2021-01-07 17:15:00+02:00
2021-01-09 16:13:49+02:00,0,FI,Unplanned outage,A03,,2021-01-09 15:45:00+02:00,dDZpFlOwtmcnbzQ7bTWpFQ,240.0,Fossil Peat,44W-T-YT-000000S,Pietarsaari,Alholmens Kraft,1,MAW,PT1M,2,2021-01-09 15:39:00+02:00
2021-01-17 17:28:46+02:00,100,FI,Unplanned outage,A03,,2021-01-17 20:00:00+02:00,eXDS8JaN74ynYMELIb7htw,223.0,Fossil Hard coal,44W-T-YT-000012L,Vaasa,Vaskiluoto,1,MAW,PT60M,2,2021-01-17 17:00:00+02:00
2021-01-21 18:55:20+02:00,0,FI,Unplanned outage,A03,,2021-01-21 19:00:00+02:00,Q8Z89G715b5TzJYvA104FQ,146.0,Fossil Hard coal,44W-T-YT-000006G,Naantali,Naantali,1,MAW,PT15M,1,2021-01-21 18:45:00+02:00
2021-01-21 22:32:25+02:00,0,FI,Unplanned outage,A03,,2021-01-21 21:45:00+02:00,If4DF7r1eVAz261OhcexWQ,146.0,Fossil Hard coal,44W-T-YT-000006G,Naantali,Naantali,1,MAW,PT1M,2,2021-01-21 21:32:00+02:00
2021-01-22 00:31:02+02:00,0,FI,Unplanned outage,A03,,2021-01-22 04:00:00+02:00,6oyKmtzLEAB8huyBxk55Jg,146.0,Fossil Hard coal,44W-T-YT-000006G,Naantali,Naantali,1,MAW,PT60M,3,2021-01-21 23:00:00+02:00
2021-02-11 14:28:21+02:00,0,FI,Unplanned outage,A03,,2021-02-11 14:15:00+02:00,t2B5yf5Tan4VajUyAMtPSg,248.0,Nuclear,44W-T-YV-000000A,Loviisa,Loviisa 1,1,MAW,PT15M,2,2021-02-11 14:00:00+02:00
2021-02-17 02:39:07+02:00,0,FI,Unplanned outage,A03,,2021-02-17 02:00:00+02:00,Pl8FsiuCyEEt9oOlb2b9jw,223.0,Fossil Hard coal,44W-T-YT-000012L,Vaasa,Vaskiluoto,1,MAW,PT60M,3,2021-02-17 01:00:00+02:00
2021-02-19 12:56:41+02:00,0,FI,Unplanned outage,A03,,2021-02-19 15:00:00+02:00,vh7fewfG0-YqV_Ab6ajdRw,146.0,Fossil Hard coal,44W-T-YT-000006G,Naantali,Naantali,1,MAW,PT60M,1,2021-02-19 13:00:00+02:00
2021-04-06 11:45:52+03:00,0,FI,Unplanned outage,A03,,2021-04-06 07:30:00+03:00,nzp5xgGMUvMDwLaY5TfGkw,160.0,Fossil Gas,44W-T-YT-000013J,Helsinki,Vuosaari,1,MAW,PT1M,5,2021-04-06 07:20:00+03:00
2021-04-07 18:33:19+03:00,120,FI,Unplanned outage,A03,,2021-04-07 07:30:00+03:00,0cmqCopwCluo2YJx861eoA,223.0,Fossil Hard coal,44W-T-YT-000012L,Vaasa,Vaskiluoto,1,MAW,PT15M,3,2021-04-07 07:15:00+03:00
2021-04-16 13:55:44+03:00,0,FI,Unplanned outage,A03,,2021-04-16 13:30:00+03:00,JpjiA7bPbk93cuftYzrwfQ,105.0,Fossil Hard coal,44W-T-YT-000001Q,Helsinki,Hanasaari,1,MAW,PT15M,1,2021-04-16 13:15:00+03:00
2021-04-25 07:51:43+03:00,0,FI,Unplanned outage,A03,,2021-04-25 07:50:00+03:00,n0kvY9rfouKnxRJO2Z-hbg,146.0,Fossil Hard coal,44W-T-YT-000006G,Naantali,Naantali,1,MAW,PT1M,2,2021-04-25 07:45:00+03:00
2021-04-25 23:56:03+03:00,0,FI,Unplanned outage,A03,,2021-04-24 22:30:00+03:00,k991j5CtXd1ddK-HuEVc-Q,120.0,Fossil Peat,44W-T-YT-000009A,Seinäjoki,Seinäjoki,1,MAW,PT15M,3,2021-04-24 22:15:00+03:00
2021-04-27 00:29:51+03:00,0,FI,Unplanned outage,A03,,2021-04-27 00:15:00+03:00,QoGTRqdSm5zHDSjCv3QHxA,223.0,Fossil Hard coal,44W-T-YT-000012L,Vaasa,Vaskiluoto,1,MAW,PT15M,2,2021-04-27 00:00:00+03:00
2021-05-14 09:51:14+03:00,0,FI,Unplanned outage,A03,,2021-05-18 01:00:00+03:00,3DOsXsE6frltI3GgJhIiBw,240.0,Fossil Peat,44W-T-YT-000000S,Pietarsaari,Alholmens Kraft,1,MAW,PT60M,5,2021-05-05 01:00:00+03:00
2021-05-19 12:52:34+03:00,120,FI,Unplanned outage,A03,,2021-05-21 01:00:00+03:00,YWJ3Qr3PC1z14ihRuZQW_w,223.0,Fossil Hard coal,44W-T-YT-000012L,Vaasa,Vaskiluoto,1,MAW,PT60M,2,2021-05-18 10:00:00+03:00
2021-05-31 05:36:54+03:00,0,FI,Unplanned outage,A03,,2021-05-31 04:00:00+03:00,3dTVbEVYGChtBfS4XD5Mjw,240.0,Fossil Peat,44W-T-YT-000000S,Pietarsaari,Alholmens Kraft,1,MAW,PT15M,2,2021-05-31 03:45:00+03:00
2021-06-03 14:05:03+03:00,35,FI,Unplanned outage,A03,,2021-05-21 10:45:00+03:00,g4U1VY2JrK2Lcx0Cse1EDg,120.0,Fossil Peat,44W-T-YT-000009A,Seinäjoki,Seinäjoki,1,MAW,PT1M,3,2021-05-21 10:35:00+03:00
2021-06-03 14:12:45+03:00,0,FI,Unplanned outage,A03,,2021-06-03 14:00:00+03:00,2z1mY6Alzi_lXUp65NCc8Q,240.0,Fossil Peat,44W-T-YT-000000S,Pietarsaari,Alholmens Kraft,1,MAW,PT60M,3,2021-06-03 13:00:00+03:00
2021-06-04 05:15:08+03:00,0,FI,Unplanned outage,A03,,2021-06-04 04:15:00+03:00,TQcCw9ucd5wXpaHwu-R6Eg,240.0,Fossil Peat,44W-T-YT-000000S,Pietarsaari,Alholmens Kraft,1,MAW,PT1M,2,2021-06-04 04:09:00+03:00
2021-06-04 23:59:56+03:00,0,FI,Unplanned outage,A03,,2021-06-05 00:00:00+03:00,33sz3Ez__Pk0fZAkVjALCw,240.0,Fossil Peat,44W-T-YT-000000S,Pietarsaari,Alholmens Kraft,1,MAW,PT1M,1,2021-06-04 23:50:00+03:00
2021-06-08 06:36:11+03:00,0,FI,Unplanned outage,A03,,2021-06-08 06:30:00+03:00,gIMUotOdfez8cBk1xUd1FA,240.0,Fossil Peat,44W-T-YT-000000S,Pietarsaari,Alholmens Kraft,1,MAW,PT30M,2,2021-06-08 06:00:00+03:00
2021-06-14 13:08:48+03:00,0,FI,Unplanned outage,A03,,2021-06-14 13:00:00+03:00,qlYZzyTJDej30eevQHPl3w,170.0,Fossil Gas,44W-T-YT-000010P,Espoo,Suomenoja,1,MAW,PT1M,1,2021-06-14 12:58:00+03:00
2021-06-21 16:57:19+03:00,0,FI,Unplanned outage,A03,,2021-06-21 16:00:00+03:00,ZpGhVsPS85fM49_im8on1Q,105.0,Fossil Hard coal,44W-T-YT-000001Q,Helsinki,Hanasaari,1,MAW,PT60M,2,2021-06-21 12:00:00+03:00
2021-07-10 09:00:10+03:00,0,FI,Unplanned outage,A03,,2021-07-12 01:00:00+03:00,JOEBTxxYORjSc1nZuWfbig,240.0,Fossil Peat,44W-T-YT-000000S,Pietarsaari,Alholmens Kraft,1,MAW,PT60M,4,2021-07-06 01:00:00+03:00
2021-12-01 21:25:58+02:00,0,FI,Unplanned outage,A03,,2021-12-03 00:00:00+02:00,0XzigEptKkinAnzQo_HqvQ,105.0,Fossil Hard coal,44W-T-YT-000001Q,Helsinki,Hanasaari,1,MAW,PT60M,16,2020-12-17 05:00:00+02:00
2021-07-17 16:50:45+03:00,0,FI,Unplanned outage,A03,,2021-07-17 17:00:00+03:00,I80ubavBnNm882lg3sRGWw,223.0,Fossil Hard coal,44W-T-YT-000012L,Vaasa,Vaskiluoto,1,MAW,PT30M,2,2021-07-17 16:00:00+03:00
2021-07-19 09:21:39+03:00,0,FI,Unplanned outage,A03,,2021-07-12 07:00:00+03:00,0-73WeM6frIXgQNFwNp_Mw,240.0,Fossil Peat,44W-T-YT-000000S,Pietarsaari,Alholmens Kraft,1,MAW,PT15M,5,2021-07-12 06:45:00+03:00
2021-07-26 18:02:45+03:00,100,FI,Unplanned outage,A03,,2021-07-26 18:01:00+03:00,36d-RU2yTr88ZO_nhQE5ww,240.0,Fossil Peat,44W-T-YT-000000S,Pietarsaari,Alholmens Kraft,1,MAW,PT1M,2,2021-07-26 18:00:00+03:00
2021-08-05 08:48:40+03:00,0,FI,Unplanned outage,A03,,2021-08-08 01:00:00+03:00,2HMdv38nk5_rdT8wBLgxug,240.0,Fossil Peat,44W-T-YT-000000S,Pietarsaari,Alholmens Kraft,1,MAW,PT60M,3,2021-07-31 00:00:00+03:00
2021-08-17 17:44:24+03:00,0,FI,Unplanned outage,A03,,2021-08-17 18:00:00+03:00,eJg5IeWs0kF7L8w6lvZQpQ,223.0,Fossil Hard coal,44W-T-YT-000012L,Vaasa,Vaskiluoto,1,MAW,PT60M,11,2021-08-04 14:00:00+03:00
2021-08-20 09:09:42+03:00,0,FI,Unplanned outage,A03,,2021-08-20 09:10:00+03:00,-uuB9EL_4o4KNJuUWYqkmA,146.0,Fossil Hard coal,44W-T-YT-000006G,Naantali,Naantali,1,MAW,PT1M,3,2021-08-20 09:00:00+03:00
2021-08-21 08:43:39+03:00,0,FI,Unplanned outage,A03,,2021-08-20 10:00:00+03:00,XL6FZcg7_qSQ8szxiitgfA,146.0,Fossil Hard coal,44W-T-YT-000006G,Naantali,Naantali,1,MAW,PT1M,3,2021-08-20 09:47:00+03:00
2021-08-22 22:43:51+03:00,0,FI,Unplanned outage,A03,,2021-08-22 22:30:00+03:00,fOBGWoZbOQziMevVeRmoTw,240.0,Fossil Peat,44W-T-YT-000000S,Pietarsaari,Alholmens Kraft,1,MAW,PT30M,4,2021-08-22 22:00:00+03:00
2021-08-24 04:17:07+03:00,0,FI,Unplanned outage,A03,,2021-08-24 04:15:00+03:00,jNge1s5BG5eRr2Ik8mPVSQ,160.0,Fossil Gas,44W-T-YT-000013J,Helsinki,Vuosaari,1,MAW,PT1M,1,2021-08-24 04:05:00+03:00
2021-08-30 17:47:46+03:00,0,FI,Unplanned outage,A03,,2021-08-30 17:40:00+03:00,6SDd9scCTUFXZzUzY4acIg,223.0,Fossil Hard coal,44W-T-YT-000012L,Vaasa,Vaskiluoto,1,MAW,PT1M,3,2021-08-30 17:30:00+03:00
2021-08-31 08:23:41+03:00,130,FI,Unplanned outage,A03,,2021-08-30 21:00:00+03:00,KZH5CkMeiEGiFHRRk7yzbQ,240.0,Fossil Peat,44W-T-YT-000000S,Pietarsaari,Alholmens Kraft,1,MAW,PT15M,3,2021-08-30 20:45:00+03:00
2021-09-01 09:49:10+03:00,0,FI,Unplanned outage,A03,,2021-09-01 09:45:00+03:00,OYGC4152GREHVP5CsWgYTw,146.0,Fossil Hard coal,44W-T-YT-000006G,Naantali,Naantali,1,MAW,PT1M,1,2021-09-01 09:36:00+03:00
2021-09-03 07:35:10+03:00,105,FI,Unplanned outage,A03,,2021-09-03 07:30:00+03:00,W_aQrCWH4MJJzcS7PaYMOA,240.0,Fossil Peat,44W-T-YT-000000S,Pietarsaari,Alholmens Kraft,1,MAW,PT30M,2,2021-09-03 07:00:00+03:00
2021-09-16 04:07:16+03:00,0,FI,Unplanned outage,A03,,2021-09-16 02:00:00+03:00,MeuMOnwpz7T8hY6Me5fRQg,146.0,Fossil Hard coal,44W-T-YT-000006G,Naantali,Naantali,1,MAW,PT1M,2,2021-09-16 01:51:00+03:00
2021-09-21 10:13:25+03:00,0,FI,Unplanned outage,A03,,2021-09-21 06:15:00+03:00,37wDBFdFlWHpE8tAkiAbmA,146.0,Fossil Hard coal,44W-T-YT-000006G,Naantali,Naantali,1,MAW,PT1M,2,2021-09-21 06:11:00+03:00
2021-09-21 16:07:58+03:00,0,FI,Unplanned outage,A03,,2021-09-21 14:00:00+03:00,k3Pbug4JKcgO8OojQwvchw,160.0,Fossil Gas,44W-T-YT-000013J,Helsinki,Vuosaari,1,MAW,PT30M,2,2021-09-21 13:30:00+03:00
2021-09-21 16:09:29+03:00,0,FI,Unplanned outage,A03,,2021-09-21 13:15:00+03:00,727XoFWGr5Wqz8T2raPStw,160.0,Fossil Gas,44W-T-YT-000013J,Helsinki,Vuosaari,1,MAW,PT1M,2,2021-09-21 13:07:00+03:00
2021-10-17 17:17:03+03:00,0,FI,Unplanned outage,A03,,2021-10-17 17:00:00+03:00,wDHtAVcC1WNUbU4sMC3f6g,105.0,Fossil Hard coal,44W-T-YT-000001Q,Helsinki,Hanasaari,1,MAW,PT60M,6,2021-10-15 07:00:00+03:00
2021-10-19 13:36:46+03:00,0,FI,Unplanned outage,A03,,2021-10-19 13:30:00+03:00,XU1xCNzisoaQkESzfrFqEg,146.0,Fossil Hard coal,44W-T-YT-000006G,Naantali,Naantali,1,MAW,PT30M,2,2021-10-19 13:00:00+03:00
2021-11-15 03:28:39+02:00,0,FI,Unplanned outage,A03,,2021-11-15 03:25:00+02:00,mGPv1wPsuSLbTpslme2YUQ,223.0,Fossil Hard coal,44W-T-YT-000012L,Vaasa,Vaskiluoto,1,MAW,PT1M,2,2021-11-15 03:15:00+02:00
2021-11-25 06:47:13+02:00,0,FI,Unplanned outage,A03,,2021-11-25 06:00:00+02:00,CoaKIALh8IToCyzAEsHUkA,223.0,Fossil Hard coal,44W-T-YT-000012L,Vaasa,Vaskiluoto,1,MAW,PT60M,8,2021-11-23 13:00:00+02:00
2021-11-27 12:39:11+02:00,200,FI,Unplanned outage,A03,,2021-11-27 13:00:00+02:00,_FjAGUeV1pjxuXFzcxC7cA,223.0,Fossil Hard coal,44W-T-YT-000012L,Vaasa,Vaskiluoto,1,MAW,PT15M,5,2021-11-27 12:45:00+02:00
2021-11-28 22:49:21+02:00,0,FI,Unplanned outage,A03,,2021-11-28 20:15:00+02:00,mQadiib79h83o3xbOx8_rw,240.0,Fossil Peat,44W-T-YT-000000S,Pietarsaari,Alholmens Kraft,1,MAW,PT1M,2,2021-11-28 20:10:00+02:00
2021-11-29 15:58:28+02:00,0,FI,Unplanned outage,A03,,2021-11-29 18:00:00+02:00,Qblqy2e2932z-hCLBgv8YQ,105.0,Fossil Hard coal,44W-T-YT-000001Q,Helsinki,Hanasaari,1,MAW,PT60M,2,2021-11-29 12:00:00+02:00
2021-12-05 19:22:27+02:00,0,FI,Unplanned outage,A03,,2021-12-05 19:00:00+02:00,6GIl9TIxhG21E7JTNdelrQ,105.0,Fossil Hard coal,44W-T-YT-000006G,Naantali,Naantali,1,MAW,PT60M,3,2021-12-01 17:00:00+02:00
2021-12-12 07:06:15+02:00,100,FI,Unplanned outage,A03,,2021-12-12 07:15:00+02:00,ypfAcMY_KizbdokQfBSYMA,240.0,Fossil Peat,44W-T-YT-000000S,Pietarsaari,Alholmens Kraft,1,MAW,PT1M,1,2021-12-12 07:01:00+02:00
2021-12-18 08:12:39+02:00,0,FI,Unplanned outage,A03,,2021-12-18 08:00:00+02:00,IFTVgceUmhBYAUtYopEA6w,105.0,Fossil Hard coal,44W-T-YT-000001Q,Helsinki,Hanasaari,1,MAW,PT30M,1,2021-12-18 07:30:00+02:00
2021-12-28 15:36:45+02:00,0,FI,Unplanned outage,A03,,2021-12-28 11:15:00+02:00,1h4NP56FTKD9gpZrFqV9yw,105.0,Fossil Hard coal,44W-T-YT-000001Q,Helsinki,Hanasaari,1,MAW,PT1M,2,2021-12-28 11:10:00+02:00
2022-01-08 03:37:03+02:00,0,FI,Unplanned outage,A03,,2022-01-08 03:30:00+02:00,-NB-gIpObnOT99Nw8uRR9w,105.0,Fossil Hard coal,44W-T-YT-000001Q,Helsinki,Hanasaari,1,MAW,PT1M,1,2022-01-08 03:16:00+02:00
2022-01-09 00:00:01+02:00,0,FI,Unplanned outage,A03,,2022-01-08 23:45:00+02:00,YJHDZTcMkfIaB2KmiQakQg,105.0,Fossil Hard coal,44W-T-YT-000001Q,Helsinki,Hanasaari,1,MAW,PT1M,1,2022-01-08 23:33:00+02:00
2022-01-09 22:55:03+02:00,130,FI,Unplanned outage,A03,,2022-01-10 06:00:00+02:00,HrOCyLsvEIPXE9QmvBhRag,240.0,Fossil Peat,44W-T-YT-000000S,Pietarsaari,Alholmens Kraft,1,MAW,PT60M,2,2022-01-09 23:00:00+02:00
2022-01-10 20:55:54+02:00,0,FI,Unplanned outage,A03,,2022-01-10 21:00:00+02:00,p3al9XEiG6sggLlpRjrM-A,170.0,Fossil Gas,44W-T-YT-000010P,Espoo,Suomenoja,1,MAW,PT15M,1,2022-01-10 20:45:00+02:00
2022-01-17 13:44:48+02:00,0,FI,Unplanned outage,A03,,2022-01-17 13:00:00+02:00,zygiS-ZBov2-RUl79tJGbA,223.0,Fossil Hard coal,44W-T-YT-000012L,Vaasa,Vaskiluoto,1,MAW,PT15M,2,2022-01-17 12:45:00+02:00
2022-01-18 08:53:10+02:00,0,FI,Unplanned outage,A03,,2022-01-14 16:45:00+02:00,eywN6yea_wnLRdfUdc1KPg,170.0,Fossil Gas,44W-T-YT-000010P,Espoo,Suomenoja,1,MAW,PT1M,3,2022-01-14 16:40:00+02:00
2022-01-18 16:35:52+02:00,0,FI,Unplanned outage,A03,,2022-01-18 16:33:00+02:00,RzPzLL5zkJi3P0UrdnNQiQ,240.0,Fossil Peat,44W-T-YT-000000S,Pietarsaari,Alholmens Kraft,1,MAW,PT1M,2,2022-01-18 16:30:00+02:00
2022-01-19 10:55:14+02:00,0,FI,Unplanned outage,A03,,2022-01-19 07:00:00+02:00,UQXm6u6rFqFrmH7DCsHi3A,105.0,Fossil Hard coal,44W-T-YT-000001Q,Helsinki,Hanasaari,1,MAW,PT15M,4,2022-01-19 06:45:00+02:00
2022-01-19 14:09:22+02:00,0,FI,Unplanned outage,A03,,2022-01-19 13:00:00+02:00,mMIIZZkRmUOHeCQdsOabrA,105.0,Fossil Hard coal,44W-T-YT-000001Q,Helsinki,Hanasaari,1,MAW,PT1M,2,2022-01-19 12:52:00+02:00
2022-01-19 20:36:16+02:00,0,FI,Unplanned outage,A03,,2022-01-19 21:00:00+02:00,NeXL066GILXrdvvLI3VqEw,105.0,Fossil Hard coal,44W-T-YT-000001Q,Helsinki,Hanasaari,1,MAW,PT30M,1,2022-01-19 20:30:00+02:00
2022-01-23 13:54:00+02:00,0,FI,Unplanned outage,A03,,2022-01-23 15:00:00+02:00,_RVb55bhgYfHYqJKAMrO2g,146.0,Fossil Hard coal,44W-T-YT-000006G,Naantali,Naantali,1,MAW,PT60M,1,2022-01-23 14:00:00+02:00
2022-01-23 13:59:02+02:00,0,FI,Unplanned outage,A03,,2022-01-23 16:00:00+02:00,ZwgkMFiZkYEuQ4UsEHCr3A,240.0,Fossil Peat,44W-T-YT-000000S,Pietarsaari,Alholmens Kraft,1,MAW,PT60M,9,2022-01-19 03:00:00+02:00
2022-01-24 20:05:39+02:00,0,FI,Unplanned outage,A03,,2022-01-24 19:30:00+02:00,mHvG6DjmLOyE_puwI08ycg,240.0,Fossil Peat,44W-T-YT-000000S,Pietarsaari,Alholmens Kraft,1,MAW,PT30M,2,2022-01-24 19:00:00+02:00
2022-01-31 14:40:38+02:00,0,FI,Unplanned outage,A03,,2022-01-31 13:15:00+02:00,3xDWBIqZwFJbipM6s9ujZg,240.0,Fossil Peat,44W-T-YT-000000S,Pietarsaari,Alholmens Kraft,1,MAW,PT1M,3,2022-01-31 13:11:00+02:00
2022-02-01 10:48:32+02:00,775,FI,Unplanned outage,A03,,2022-02-01 09:45:00+02:00,DHU-o3w3c-DT0rzLXHvBLw,890.0,Nuclear,44W-T-YV-0000026,Eurajoki,Olkiluoto 1,1,MAW,PT1M,3,2022-02-01 09:43:00+02:00
2022-02-06 17:19:15+02:00,0,FI,Unplanned outage,A03,,2022-02-06 17:00:00+02:00,nkdIpjqwYj_ya8GC-bCtBQ,120.0,Fossil Peat,44W-T-YT-000009A,Seinäjoki,Seinäjoki,1,MAW,PT60M,3,2022-02-05 20:00:00+02:00
2022-03-22 02:03:13+02:00,0,FI,Unplanned outage,A03,,2022-03-22 04:00:00+02:00,R8BlfaphIaL330nK2cmhXw,146.0,Fossil Hard coal,44W-T-YT-000006G,Naantali,Naantali,1,MAW,PT60M,7,2022-03-21 14:00:00+02:00
2022-03-22 08:51:13+02:00,0,FI,Unplanned outage,A03,,2022-03-22 08:30:00+02:00,TY_6O2fmAdI8WafhI-rSIA,146.0,Fossil Hard coal,44W-T-YT-000006G,Naantali,Naantali,1,MAW,PT30M,2,2022-03-22 08:00:00+02:00
2022-03-22 14:07:21+02:00,0,FI,Unplanned outage,A03,,2022-03-22 14:00:00+02:00,sOiElgTWr2PunZUahaKfzg,160.0,Fossil Gas,44W-T-YT-000013J,Helsinki,Vuosaari,1,MAW,PT60M,2,2022-03-20 11:00:00+02:00
2022-03-28 10:39:15+03:00,0,FI,Unplanned outage,A03,,2022-03-28 11:00:00+03:00,ZfwcIVyUohtK3zTHJLkFAA,105.0,Fossil Hard coal,44W-T-YT-000001Q,Helsinki,Hanasaari,1,MAW,PT60M,5,2022-03-24 13:00:00+02:00
2022-03-30 17:08:55+03:00,35,FI,Unplanned outage,A03,,2022-03-30 17:00:00+03:00,Wvp_l45avzEFd1zIXoOHGg,120.0,Fossil Peat,44W-T-YT-000009A,Seinäjoki,Seinäjoki,1,MAW,PT60M,2,2022-03-24 16:00:00+02:00
2022-04-06 08:01:12+03:00,0,FI,Unplanned outage,A03,,2022-04-11 01:00:00+03:00,lb-4Shz0swyMS8CeLiP-5w,240.0,Fossil Peat,44W-T-YT-000000S,Pietarsaari,Alholmens Kraft,1,MAW,PT60M,2,2022-04-08 01:00:00+03:00
2022-04-12 07:15:09+03:00,130,FI,Unplanned outage,A03,,2022-04-12 07:10:00+03:00,99a8NsEKIJQjxffXsxRv5Q,223.0,Fossil Hard coal,44W-T-YT-000012L,Vaasa,Vaskiluoto,1,MAW,PT1M,2,2022-04-12 06:50:00+03:00
2022-04-13 12:45:44+03:00,0,FI,Unplanned outage,A03,,2022-04-13 22:00:00+03:00,Qr6xYNDBY8gfd6g8KBxJSA,240.0,Fossil Peat,44W-T-YT-000000S,Pietarsaari,Alholmens Kraft,1,MAW,PT60M,4,2022-04-11 01:00:00+03:00
2022-04-19 09:21:12+03:00,0,FI,Unplanned outage,A03,,2022-04-14 07:45:00+03:00,YBvJFHbMQD-7Ec0-AP_EnA,240.0,Fossil Peat,44W-T-YT-000000S,Pietarsaari,Alholmens Kraft,1,MAW,PT1M,4,2022-04-14 07:35:00+03:00
2022-05-07 00:21:38+03:00,0,FI,Unplanned outage,A03,,2022-05-07 00:20:00+03:00,v0C1jltf6hqlPVrEmJWECQ,105.0,Fossil Hard coal,44W-T-YT-000001Q,Helsinki,Hanasaari,1,MAW,PT1M,2,2022-05-07 00:15:00+03:00
2022-05-14 11:44:10+03:00,0,FI,Unplanned outage,A03,,2022-05-14 14:00:00+03:00,qtGmKdQoKrxtuRTYHL1CVA,146.0,Fossil Hard coal,44W-T-YT-000006G,Naantali,Naantali,1,MAW,PT60M,2,2022-05-14 10:00:00+03:00
2022-05-18 20:16:54+03:00,0,FI,Unplanned outage,A03,,2022-05-18 20:00:00+03:00,Xf071Sxp1fo2Tn7etFTkxg,120.0,Fossil Peat,44W-T-YT-000009A,Seinäjoki,Seinäjoki,1,MAW,PT60M,4,2022-05-16 15:00:00+03:00
2022-05-20 15:14:45+03:00,0,FI,Unplanned outage,A03,,2022-05-20 14:30:00+03:00,xOvV92o2AgY57CjQwkdUCA,146.0,Fossil Hard coal,44W-T-YT-000006G,Naantali,Naantali,1,MAW,PT1M,2,2022-05-20 14:25:00+03:00
2022-06-12 10:00:50+03:00,795,FI,Unplanned outage,A03,,2022-06-12 23:40:00+03:00,Gm0iGpJbDDBxEZjwW5pU6Q,890.0,Nuclear,44W-T-YV-0000026,Eurajoki,Olkiluoto 1,1,MAW,PT1M,5,2022-06-12 23:30:00+03:00
2022-06-17 09:28:13+03:00,0,FI,Unplanned outage,A03,,2022-06-17 06:45:00+03:00,6FaofGBmPl7BpLyGCAW3yw,240.0,Fossil Peat,44W-T-YT-000000S,Pietarsaari,Alholmens Kraft,1,MAW,PT1M,4,2022-06-17 06:43:00+03:00
2022-06-21 07:45:45+03:00,100,FI,Unplanned outage,A03,,2022-06-21 07:40:00+03:00,8Z9r2SRmfeLOVgYeAGrg2w,240.0,Fossil Peat,44W-T-YT-000000S,Pietarsaari,Alholmens Kraft,1,MAW,PT1M,2,2022-06-21 07:30:00+03:00
2022-06-22 22:38:07+03:00,0,FI,Unplanned outage,A03,,2022-06-27 01:00:00+03:00,eHQ3lgDVRnceazxCUo3GJg,240.0,Fossil Peat,44W-T-YT-000000S,Pietarsaari,Alholmens Kraft,1,MAW,PT60M,1,2022-06-23 00:00:00+03:00
2022-06-27 14:37:29+03:00,100,FI,Unplanned outage,A03,,2022-06-27 15:00:00+03:00,lZlbHghVPR_l8Yvp2om64A,240.0,Fossil Peat,44W-T-YT-000000S,Pietarsaari,Alholmens Kraft,1,MAW,PT15M,1,2022-06-27 14:45:00+03:00
