2015-01-12 12:45:13+02:00,0,LV,Unplanned outage,A03,,2015-01-12 12:45:00+02:00,NBv1G4MB_qcsJ-PFEpHJNA,149.0,Fossil Gas,43W-RTEC-2-2---7,Latvia,RTEC2-2,1,MAW,PT1M,3,2015-01-12 10:40:00+02:00
2016-01-08 11:08:16+02:00,0,LV,Unplanned outage,A03,,2016-01-08 11:00:00+02:00,X_ZPePeMz61SJzW-YmxQDg,150.0,Fossil Gas,43W-RTEC-2-1---C,Latvia,RTEC2-1,1,MAW,PT1M,3,2016-01-07 13:33:00+02:00
2016-02-08 06:53:11+02:00,0,LV,Unplanned outage,A03,,2016-02-08 12:00:00+02:00,2-ENC3cxjGPHn4utwsoLUg,149.0,Fossil Gas,43W-RTEC-2-2---7,Latvia,RTEC2-2,1,MAW,PT1M,1,2016-02-08 06:42:00+02:00
2016-05-23 12:22:39+03:00,0,LV,Unplanned outage,A03,,2016-05-23 12:10:00+03:00,nEnJ0DJYYgJg3PJ2gNB6sA,150.0,Fossil Gas,43W-RTEC-2-1---C,Latvia,RTEC2-1,1,MAW,PT1M,2,2016-05-23 11:28:00+03:00
2016-08-02 17:20:27+03:00,0,LV,Unplanned outage,A03,,2016-08-03 17:00:00+03:00,OzjwPusndVip_k5tRBiyKA,100.0,Hydro Run-of-river and poundage,43W-PLAV-HPP---J,Latvia,Plavinas HPP,1,MAW,PT1M,1,2016-08-02 16:40:00+03:00
2017-01-17 17:03:39+02:00,0,LV,Unplanned outage,A03,,2017-01-17 16:55:00+02:00,WtQ7AREMz9BZvTV-90FJAw,100.0,Hydro Run-of-river and poundage,43W-PLAV-HPP---J,Latvia,Plavinas HPP,1,MAW,PT1M,2,2017-01-17 15:05:00+02:00
2017-12-04 13:59:09+02:00,0,LV,Unplanned outage,A03,,2017-12-04 17:00:00+02:00,laNmkI_S6m6TonEJ-PJ6fw,149.0,Fossil Gas,43W-RTEC-2-2---7,Latvia,RTEC2-2,1,MAW,PT1M,1,2017-12-04 13:05:00+02:00
2018-02-24 15:26:18+02:00,0,LV,Unplanned outage,A03,,2018-02-24 07:15:00+02:00,zyzvqJX310vP1W183s7hfA,149.0,Fossil Gas,43W-RTEC-2-2---7,Latvia,RTEC2-2,1,MAW,PT1M,5,2018-02-24 07:10:00+02:00
2019-09-05 17:30:20+03:00,0,LV,Unplanned outage,A03,,2019-09-05 12:45:00+03:00,99HOtVB4vmTlFT0NQi5XMw,149.0,Fossil Gas,43W-RTEC-2-2---7,Latvia,RTEC2-2,1,MAW,PT1M,3,2019-09-05 12:44:00+03:00
2019-09-19 12:58:18+03:00,0,LV,Unplanned outage,A03,,2019-09-19 11:15:00+03:00,HlmDmsLE0aH_97XE7t14Ew,150.0,Fossil Gas,43W-RTEC-2-1---C,Latvia,RTEC2-1,1,MAW,PT1M,2,2019-09-19 11:12:00+03:00
2021-07-07 10:58:13+03:00,0,LV,Unplanned outage,A03,,2021-07-07 11:00:00+03:00,F0dxxyhecN2Rj-AV1RE9bA,149.0,Fossil Gas,43W-RTEC-2-2---7,Latvia,RTEC2-2,1,MAW,PT1M,1,2021-07-07 10:50:00+03:00
