2015-12-08 11:25:10+01:00,1554,DE_TRANSNET,Unplanned outage,A03,,2015-10-17 00:45:00+02:00,uaDmyyba761sfGls7gfksg,1868.0,Hydro Pumped Storage,11WD43VIWXHOILLM,intra_zonal,Vorarlberger Illwerke AG,1,MAW,PT1M,1,2015-10-16 23:50:00+02:00
2016-07-05 18:54:05+02:00,1667,DE_TRANSNET,Unplanned outage,A03,,2016-07-05 18:51:00+02:00,rqeycypn8jcVHwy8KoX6qA,1868.0,Hydro Pumped Storage,11WD43VIWXHOILLM,intra_zonal,Vorarlberger Illwerke AG,1,MAW,PT1M,2,2016-07-05 18:00:00+02:00
2017-03-18 20:10:00+01:00,1656,DE_TRANSNET,Unplanned outage,A03,,2017-03-18 20:04:00+01:00,aVKZciX9A-lY76XckbVetA,1868.0,Hydro Pumped Storage,11WD43VIWXHOILLM,intra_zonal,Vorarlberger Illwerke AG,1,MAW,PT1M,2,2017-03-18 18:30:00+01:00
2017-05-29 11:28:38+02:00,1475,DE_TRANSNET,Unplanned outage,A03,,2017-05-29 09:30:00+02:00,Bxx28rrM2Yy0dZTbJin8SA,1868.0,Hydro Pumped Storage,11WD43VIWXHOILLM,intra_zonal,Vorarlberger Illwerke AG,1,MAW,PT1M,1,2017-05-29 09:15:00+02:00
2017-11-30 00:47:00+01:00,1656,DE_TRANSNET,Unplanned outage,A03,,2017-11-30 00:30:00+01:00,H9Imn11pgCQU_4IY8XQM2w,1868.0,Hydro Pumped Storage,11WD43VIWXHOILLM,intra_zonal,Vorarlberger Illwerke AG,1,MAW,PT1M,2,2017-11-29 23:15:00+01:00
2018-12-30 20:29:26+01:00,1948,DE_TRANSNET,Unplanned outage,A03,,2018-12-30 19:30:00+01:00,T0MuUFnodqhMaajMEW9HIg,2142.0,Hydro Pumped Storage,11WD43VIWXHOILLM,intra_zonal,Vorarlberger Illwerke AG,1,MAW,PT1M,2,2018-12-30 19:25:00+01:00
2019-01-16 11:10:18+01:00,1854,DE_TRANSNET,Unplanned outage,A03,,2019-01-16 15:00:00+01:00,dlXZvuswrbVvq274sYTx3w,2142.0,Hydro Pumped Storage,11WD43VIWXHOILLM,intra_zonal,Vorarlberger Illwerke AG,1,MAW,PT15M,1,2019-01-16 12:00:00+01:00
2019-01-16 11:11:34+01:00,1865,DE_TRANSNET,Unplanned outage,A03,,2019-01-16 08:30:00+01:00,u3BYAVljyUuZ8nr66w7O8Q,2142.0,Hydro Pumped Storage,11WD43VIWXHOILLM,intra_zonal,Vorarlberger Illwerke AG,1,MAW,PT15M,3,2019-01-15 16:30:00+01:00
2019-01-16 11:11:45+01:00,1769,DE_TRANSNET,Unplanned outage,A03,,2019-01-16 08:45:00+01:00,ZM_tCQtEMREoUvohw472vw,2142.0,Hydro Pumped Storage,11WD43VIWXHOILLM,intra_zonal,Vorarlberger Illwerke AG,1,MAW,PT1M,1,2019-01-16 08:43:00+01:00
2019-01-16 15:11:05+01:00,1950,DE_TRANSNET,Unplanned outage,A03,,2019-01-16 15:15:00+01:00,vBAmJ3Ze-icjCarTlDoJrA,2142.0,Hydro Pumped Storage,11WD43VIWXHOILLM,intra_zonal,Vorarlberger Illwerke AG,1,MAW,PT1M,1,2019-01-16 15:06:00+01:00
2019-07-27 17:39:21+02:00,1862,DE_TRANSNET,Unplanned outage,A03,,2019-07-27 20:30:00+02:00,bPj6rTxSHQyVKSBU-8fUHw,2142.0,Hydro Pumped Storage,11WD43VIWXHOILLM,intra_zonal,Vorarlberger Illwerke AG,1,MAW,PT15M,1,2019-07-27 17:30:00+02:00
2019-09-02 20:23:55+02:00,1961,DE_TRANSNET,Unplanned outage,A03,,2019-09-02 17:45:00+02:00,V8tkbj6dpOtCxHBF6fiFJQ,2142.0,Hydro Pumped Storage,11WD43VIWXHOILLM,intra_zonal,Vorarlberger Illwerke AG,1,MAW,PT1M,2,2019-09-02 17:35:00+02:00
2020-04-10 14:22:13+02:00,2030,DE_TRANSNET,Unplanned outage,A03,,2020-04-10 14:15:00+02:00,PWWd3wHqo6sjOITUI9Iarg,2142.0,Hydro Pumped Storage,11WD43VIWXHOILLM,intra_zonal,Vorarlberger Illwerke AG,1,MAW,PT15M,5,2020-04-07 19:30:00+02:00
2020-05-11 07:22:22+02:00,1942,DE_TRANSNET,Unplanned outage,A03,,2020-05-11 06:15:00+02:00,Ix53BdrRJc1liUszoYPEVg,2142.0,Hydro Pumped Storage,11WD43VIWXHOILLM,intra_zonal,Vorarlberger Illwerke AG,1,MAW,PT1M,2,2020-05-11 06:06:00+02:00
2020-09-12 08:42:50+02:00,1918,DE_TRANSNET,Unplanned outage,A03,,2020-09-12 08:45:00+02:00,kNsTu4xkEGNDuLs2MDrTjg,2142.0,Hydro Pumped Storage,11WD43VIWXHOILLM,intra_zonal,Vorarlberger Illwerke AG,1,MAW,PT15M,2,2020-09-11 20:00:00+02:00
2020-12-21 11:53:41+01:00,1974,DE_TRANSNET,Unplanned outage,A03,,2020-11-22 19:15:00+01:00,UH8wKyrgs0pAmpEJD9dt9A,2142.0,Hydro Pumped Storage,11WD43VIWXHOILLM,intra_zonal,Vorarlberger Illwerke AG,1,MAW,PT15M,1,2020-11-20 14:30:00+01:00
2020-12-30 18:52:24+01:00,2030,DE_TRANSNET,Unplanned outage,A03,,2020-12-30 22:00:00+01:00,JP_MKYyMNZKScTgbEiSf6A,2142.0,Hydro Pumped Storage,11WD43VIWXHOILLM,intra_zonal,Vorarlberger Illwerke AG,1,MAW,PT15M,1,2020-12-30 18:45:00+01:00
2021-01-14 16:29:17+01:00,1942,DE_TRANSNET,Unplanned outage,A03,,2021-01-14 16:30:00+01:00,EosqPQILVJ7e1_RnvJFcGA,2142.0,Hydro Pumped Storage,11WD43VIWXHOILLM,intra_zonal,Vorarlberger Illwerke AG,1,MAW,PT15M,1,2021-01-14 16:00:00+01:00
2021-01-20 04:33:06+01:00,2030,DE_TRANSNET,Unplanned outage,A03,,2021-01-20 01:00:00+01:00,nZIjs3GY1ePAuN34OYg76g,2142.0,Hydro Pumped Storage,11WD43VIWXHOILLM,intra_zonal,Vorarlberger Illwerke AG,1,MAW,PT1M,3,2021-01-20 00:52:00+01:00
2021-07-15 12:31:13+02:00,2007,DE_TRANSNET,Unplanned outage,A03,,2021-07-15 12:30:00+02:00,y5weFL5w0wfnNfAEjVWIJA,2142.0,Hydro Pumped Storage,11WD43VIWXHOILLM,intra_zonal,Vorarlberger Illwerke AG,1,MAW,PT15M,3,2021-07-15 10:00:00+02:00
2021-09-23 14:02:23+02:00,1951,DE_TRANSNET,Unplanned outage,A03,,2021-09-23 13:55:00+02:00,S063-p0oHsg6IXHSrncgBQ,2142.0,Hydro Pumped Storage,11WD43VIWXHOILLM,intra_zonal,Vorarlberger Illwerke AG,1,MAW,PT1M,2,2021-09-23 13:40:00+02:00
2021-11-01 10:06:21+01:00,1895,DE_TRANSNET,Unplanned outage,A03,,2021-11-01 07:30:00+01:00,t8arU3xq37OLrqnqiPStDw,2142.0,Hydro Pumped Storage,11WD43VIWXHOILLM,intra_zonal,Vorarlberger Illwerke AG,1,MAW,PT1M,3,2021-11-01 07:25:00+01:00
2022-04-06 18:58:20+02:00,2063,DE_TRANSNET,Unplanned outage,A03,,2022-04-06 18:00:00+02:00,94NpeoaALby7q86x-m4uLg,2142.0,Hydro Pumped Storage,11WD43VIWXHOILLM,intra_zonal,Vorarlberger Illwerke AG,1,MAW,PT15M,1,2022-04-06 14:00:00+02:00
