2018-09-11 20:25:30+02:00,0,RS,Unplanned outage,A03,,2018-09-18 12:00:00+02:00,BM-CWVtYstfbWuZTyMkzXA,175.0,Fossil Brown coal/Lignite,34WETL-KOLUA---P,Serbia,TE KOLUBARA,1,MAW,PT60M,5,2018-07-15 00:00:00+02:00
2020-06-19 08:19:38+02:00,1,RS,Unplanned outage,A03,,2019-01-26 06:30:00+01:00,VP1RzxBXIGfp9J697gAYGg,310.0,Fossil Brown coal/Lignite,34WETL-KOSTA---J,Serbia,TE KOSTOLAC A,1,MAW,PT1M,1,2019-01-26 06:22:00+01:00
2020-06-19 08:20:21+02:00,129,RS,Unplanned outage,A03,,2019-02-04 13:25:00+01:00,i1O-WX86-iCUTwN8U6unRQ,175.0,Fossil Brown coal/Lignite,34WETL-KOLUA---P,Serbia,TE KOLUBARA,1,MAW,PT1M,1,2019-02-04 13:15:00+01:00
2020-06-19 08:20:40+02:00,19,RS,Unplanned outage,A03,,2019-02-22 13:00:00+01:00,XZfJLSo7evEyaJC_zFNQtA,175.0,Fossil Brown coal/Lignite,34WETL-KOLUA---P,Serbia,TE KOLUBARA,1,MAW,PT60M,1,2019-02-20 03:00:00+01:00
2020-06-19 08:20:41+02:00,129,RS,Unplanned outage,A03,,2019-02-23 10:31:00+01:00,_r6mskbEMjCl6Yk03F0dMg,175.0,Fossil Brown coal/Lignite,34WETL-KOLUA---P,Serbia,TE KOLUBARA,1,MAW,PT1M,1,2019-02-23 10:30:00+01:00
2020-06-19 08:20:52+02:00,129,RS,Unplanned outage,A03,,2019-02-20 02:45:00+01:00,t0fD0J97hpOSzrFflrnhfQ,175.0,Fossil Brown coal/Lignite,34WETL-KOLUA---P,Serbia,TE KOLUBARA,1,MAW,PT15M,1,2019-02-20 02:30:00+01:00
2020-06-19 08:21:23+02:00,103,RS,Unplanned outage,A03,,2019-03-04 23:45:00+01:00,vuA9G8DPzLBZRga5CkOtIA,175.0,Fossil Brown coal/Lignite,34WETL-KOLUA---P,Serbia,TE KOLUBARA,1,MAW,PT1M,1,2019-03-04 23:35:00+01:00
2020-06-19 08:21:33+02:00,103,RS,Unplanned outage,A03,,2019-03-23 00:45:00+01:00,G3PipRIw-sO7mOc_4f8rVQ,175.0,Fossil Brown coal/Lignite,34WETL-KOLUA---P,Serbia,TE KOLUBARA,1,MAW,PT15M,1,2019-03-23 00:30:00+01:00
2020-06-19 08:21:36+02:00,71,RS,Unplanned outage,A03,,2019-03-24 20:45:00+01:00,RxT_3NgwNdM6GJtD_U7jQg,175.0,Fossil Brown coal/Lignite,34WETL-KOLUA---P,Serbia,TE KOLUBARA,1,MAW,PT1M,1,2019-03-24 20:40:00+01:00
2020-06-19 08:21:40+02:00,71,RS,Unplanned outage,A03,,2019-03-29 15:00:00+01:00,6Qz-oP164rR7hsfDFWkZqw,175.0,Fossil Brown coal/Lignite,34WETL-KOLUA---P,Serbia,TE KOLUBARA,1,MAW,PT1M,1,2019-03-29 14:50:00+01:00
2020-06-19 08:21:52+02:00,71,RS,Unplanned outage,A03,,2019-04-22 22:13:00+02:00,Cpv0zH_GIbuzt6UnzY8Qhw,175.0,Fossil Brown coal/Lignite,34WETL-KOLUA---P,Serbia,TE KOLUBARA,1,MAW,PT1M,1,2019-04-22 22:00:00+02:00
2020-06-19 08:22:10+02:00,103,RS,Unplanned outage,A03,,2019-04-22 22:15:00+02:00,NPoYRnwdCf1hwTqEj44vWw,175.0,Fossil Brown coal/Lignite,34WETL-KOLUA---P,Serbia,TE KOLUBARA,1,MAW,PT1M,1,2019-04-22 22:13:00+02:00
2020-06-19 08:22:13+02:00,71,RS,Unplanned outage,A03,,2019-04-23 02:00:00+02:00,N4_RNRmzjoSRHiPojMXlbA,175.0,Fossil Brown coal/Lignite,34WETL-KOLUA---P,Serbia,TE KOLUBARA,1,MAW,PT1M,1,2019-04-23 01:58:00+02:00
2020-06-19 08:23:54+02:00,129,RS,Unplanned outage,A03,,2019-07-19 01:00:00+02:00,9l-__P4y1sCyes9OclKTuA,175.0,Fossil Brown coal/Lignite,34WETL-KOLUA---P,Serbia,TE KOLUBARA,1,MAW,PT60M,1,2019-07-06 22:00:00+02:00
2020-06-19 08:24:02+02:00,129,RS,Unplanned outage,A03,,2019-07-19 17:00:00+02:00,qL4qQRrFGelNbLnBs1OeEw,175.0,Fossil Brown coal/Lignite,34WETL-KOLUA---P,Serbia,TE KOLUBARA,1,MAW,PT1M,1,2019-07-19 16:58:00+02:00
2020-06-19 08:24:12+02:00,129,RS,Unplanned outage,A03,,2019-08-27 07:00:00+02:00,NkXCLzIB6-qTeGQrMg_qYA,175.0,Fossil Brown coal/Lignite,34WETL-KOLUA---P,Serbia,TE KOLUBARA,1,MAW,PT60M,1,2019-08-01 00:00:00+02:00
2020-06-19 08:24:42+02:00,129,RS,Unplanned outage,A03,,2019-08-27 14:00:00+02:00,xR1uYUnElAY5nj_3JvxcCg,175.0,Fossil Brown coal/Lignite,34WETL-KOLUA---P,Serbia,TE KOLUBARA,1,MAW,PT1M,1,2019-08-27 13:58:00+02:00
2020-06-19 08:25:05+02:00,129,RS,Unplanned outage,A03,,2019-09-18 13:45:00+02:00,sxIgzVkcksSvaXNQGl8VvA,175.0,Fossil Brown coal/Lignite,34WETL-KOLUA---P,Serbia,TE KOLUBARA,1,MAW,PT1M,1,2019-09-18 13:31:00+02:00
2020-06-19 08:25:08+02:00,97,RS,Unplanned outage,A03,,2019-09-19 21:30:00+02:00,1DMUZ0ZOYEDqKcAakRA3IA,175.0,Fossil Brown coal/Lignite,34WETL-KOLUA---P,Serbia,TE KOLUBARA,1,MAW,PT1M,1,2019-09-19 21:23:00+02:00
2020-06-19 08:25:10+02:00,129,RS,Unplanned outage,A03,,2019-09-22 23:00:00+02:00,H9TvKIXKJGDoQ_cERuMHUg,175.0,Fossil Brown coal/Lignite,34WETL-KOLUA---P,Serbia,TE KOLUBARA,1,MAW,PT1M,1,2019-09-22 22:47:00+02:00
2020-06-19 08:25:42+02:00,19,RS,Unplanned outage,A03,,2019-10-20 22:30:00+02:00,zwhFojT9LOeI_oJk3waF7A,175.0,Fossil Brown coal/Lignite,34WETL-KOLUA---P,Serbia,TE KOLUBARA,1,MAW,PT1M,1,2019-10-20 22:21:00+02:00
2020-06-19 08:25:44+02:00,71,RS,Unplanned outage,A03,,2019-10-21 16:45:00+02:00,heXjym4bMd1-E5KD1_prug,175.0,Fossil Brown coal/Lignite,34WETL-KOLUA---P,Serbia,TE KOLUBARA,1,MAW,PT1M,1,2019-10-21 16:43:00+02:00
2020-06-19 08:26:06+02:00,129,RS,Unplanned outage,A03,,2019-11-13 12:30:00+01:00,J29UPD5Abkybni1Je-2ycQ,175.0,Fossil Brown coal/Lignite,34WETL-KOLUA---P,Serbia,TE KOLUBARA,1,MAW,PT1M,1,2019-11-13 12:25:00+01:00
2020-06-19 08:26:26+02:00,71,RS,Unplanned outage,A03,,2019-12-01 19:15:00+01:00,v56_fzZv2Hp_MFVDEnTq8g,175.0,Fossil Brown coal/Lignite,34WETL-KOLUA---P,Serbia,TE KOLUBARA,1,MAW,PT1M,1,2019-12-01 19:10:00+01:00
2020-06-19 08:26:30+02:00,103,RS,Unplanned outage,A03,,2019-12-04 00:00:00+01:00,Stxk1f2IinElH07eMpBvsg,175.0,Fossil Brown coal/Lignite,34WETL-KOLUA---P,Serbia,TE KOLUBARA,1,MAW,PT1M,1,2019-12-03 23:49:00+01:00
2020-06-19 08:26:37+02:00,71,RS,Unplanned outage,A03,,2019-12-17 05:15:00+01:00,w9tlFoHZvDrloflO3W9ckg,175.0,Fossil Brown coal/Lignite,34WETL-KOLUA---P,Serbia,TE KOLUBARA,1,MAW,PT1M,1,2019-12-17 05:12:00+01:00
2020-06-19 08:26:39+02:00,39,RS,Unplanned outage,A03,,2019-12-19 00:00:00+01:00,_nKyC4iQKlmQ-AYrMzm7UQ,175.0,Fossil Brown coal/Lignite,34WETL-KOLUA---P,Serbia,TE KOLUBARA,1,MAW,PT1M,1,2019-12-18 23:49:00+01:00
2020-06-19 08:28:46+02:00,103,RS,Unplanned outage,A03,,2020-02-04 08:15:00+01:00,edcrbOa0XPV5FHz7GfkSFA,175.0,Fossil Brown coal/Lignite,34WETL-KOLUA---P,Serbia,TE KOLUBARA,1,MAW,PT1M,1,2020-02-04 08:06:00+01:00
2020-06-19 08:30:09+02:00,71,RS,Unplanned outage,A03,,2020-04-04 00:45:00+02:00,suV_8SDBuB02ELloWvTAIQ,175.0,Fossil Brown coal/Lignite,34WETL-KOLUA---P,Serbia,TE KOLUBARA,1,MAW,PT1M,1,2020-04-04 00:32:00+02:00
2020-06-19 08:30:18+02:00,51,RS,Unplanned outage,A03,,2020-04-15 16:45:00+02:00,pqZ994SK4Ia7vZo3KCQDjA,175.0,Fossil Brown coal/Lignite,34WETL-KOLUA---P,Serbia,TE KOLUBARA,1,MAW,PT1M,1,2020-04-15 16:32:00+02:00
2020-06-19 08:30:34+02:00,19,RS,Unplanned outage,A03,,2020-04-24 00:15:00+02:00,jYUf3apvQwrKSVKqAiRoKw,175.0,Fossil Brown coal/Lignite,34WETL-KOLUA---P,Serbia,TE KOLUBARA,1,MAW,PT1M,1,2020-04-24 00:13:00+02:00
2020-06-19 08:31:21+02:00,129,RS,Unplanned outage,A03,,2020-05-10 21:45:00+02:00,XoVko9gAlmkuGj3JbQo9Ug,175.0,Fossil Brown coal/Lignite,34WETL-KOLUA---P,Serbia,TE KOLUBARA,1,MAW,PT1M,1,2020-05-10 21:39:00+02:00
2020-06-19 08:31:27+02:00,19,RS,Unplanned outage,A03,,2020-05-11 00:15:00+02:00,beS_bz1Dl9ndti8FLxDvNQ,175.0,Fossil Brown coal/Lignite,34WETL-KOLUA---P,Serbia,TE KOLUBARA,1,MAW,PT1M,1,2020-05-11 00:12:00+02:00
2020-06-19 08:31:56+02:00,129,RS,Unplanned outage,A03,,2020-05-12 09:15:00+02:00,4qNSS1BWGrVed6msOyBh6g,175.0,Fossil Brown coal/Lignite,34WETL-KOLUA---P,Serbia,TE KOLUBARA,1,MAW,PT1M,1,2020-05-12 09:14:00+02:00
2020-08-18 14:38:14+02:00,71,RS,Unplanned outage,A03,,2020-08-18 03:00:00+02:00,0pObFs2UzzV61wACdUVh3A,175.0,Fossil Brown coal/Lignite,34WETL-KOLUA---P,Serbia,TE KOLUBARA,1,MAW,PT1M,2,2020-08-18 02:48:00+02:00
2020-08-22 17:31:47+02:00,71,RS,Unplanned outage,A03,,2020-08-22 13:15:00+02:00,sdoY-opfi55Hfk80X0K6aQ,175.0,Fossil Brown coal/Lignite,34WETL-KOLUA---P,Serbia,TE KOLUBARA,1,MAW,PT1M,1,2020-08-22 13:09:00+02:00
2020-09-29 17:40:20+02:00,129,RS,Unplanned outage,A03,,2020-09-26 16:15:00+02:00,VlcSXzY9PZFKPL6QAPdbkw,175.0,Fossil Brown coal/Lignite,34WETL-KOLUA---P,Serbia,TE KOLUBARA,1,MAW,PT1M,2,2020-09-26 16:05:00+02:00
2020-10-05 15:20:19+02:00,129,RS,Unplanned outage,A03,,2020-09-30 09:00:00+02:00,jwizVTckhDETP2K3I34xJg,175.0,Fossil Brown coal/Lignite,34WETL-KOLUA---P,Serbia,TE KOLUBARA,1,MAW,PT1M,2,2020-09-30 08:53:00+02:00
2020-10-12 15:55:49+02:00,51,RS,Unplanned outage,A03,,2020-10-12 15:30:00+02:00,qsxoKs63sHoUhCKiCFWjAA,175.0,Fossil Brown coal/Lignite,34WETL-KOLUA---P,Serbia,TE KOLUBARA,1,MAW,PT1M,2,2020-10-12 15:25:00+02:00
2020-10-14 23:08:37+02:00,51,RS,Unplanned outage,A03,,2020-10-12 16:00:00+02:00,byG6DoJyjdH2nsASpPsSFQ,175.0,Fossil Brown coal/Lignite,34WETL-KOLUA---P,Serbia,TE KOLUBARA,1,MAW,PT1M,2,2020-10-12 15:50:00+02:00
2020-11-21 03:05:34+01:00,129,RS,Unplanned outage,A03,,2020-11-09 19:30:00+01:00,V1a8weIa8IW2xY8WpPQW-Q,175.0,Fossil Brown coal/Lignite,34WETL-KOLUA---P,Serbia,TE KOLUBARA,1,MAW,PT1M,3,2020-11-09 19:27:00+01:00
2020-11-26 14:36:41+01:00,129,RS,Unplanned outage,A03,,2020-11-26 09:30:00+01:00,QzHXkNybZWXa5mTuCwQXaA,175.0,Fossil Brown coal/Lignite,34WETL-KOLUA---P,Serbia,TE KOLUBARA,1,MAW,PT1M,2,2020-11-26 09:19:00+01:00
2021-08-10 19:54:43+02:00,58,RS,Unplanned outage,A03,,2021-02-11 19:00:00+01:00,zi3sSJF-CX3OQtfToBZwVQ,175.0,Fossil Brown coal/Lignite,34WETL-KOLUA---P,Serbia,TE KOLUBARA,1,MAW,PT60M,8,2021-02-06 00:00:00+01:00
2021-08-10 19:54:44+02:00,116,RS,Unplanned outage,A03,,2021-02-11 20:00:00+01:00,EeSqYJSGblVAof8BjhzUIQ,175.0,Fossil Brown coal/Lignite,34WETL-KOLUA---P,Serbia,TE KOLUBARA,1,MAW,PT1M,3,2021-02-11 19:50:00+01:00
2021-08-10 19:54:47+02:00,116,RS,Unplanned outage,A03,,2021-03-18 00:00:00+01:00,pCAolP_l7yBa7BnTFvOrNg,175.0,Fossil Brown coal/Lignite,34WETL-KOLUA---P,Serbia,TE KOLUBARA,1,MAW,PT1M,4,2021-03-17 23:48:00+01:00
2021-08-10 19:54:48+02:00,58,RS,Unplanned outage,A03,,2021-03-20 00:00:00+01:00,KOvlW-rliYN7UDyFGUQXwg,175.0,Fossil Brown coal/Lignite,34WETL-KOLUA---P,Serbia,TE KOLUBARA,1,MAW,PT1M,4,2021-03-19 23:55:00+01:00
2021-08-10 19:54:56+02:00,116,RS,Unplanned outage,A03,,2021-05-20 10:45:00+02:00,7HspabaaLQkSctuUKZsRmA,175.0,Fossil Brown coal/Lignite,34WETL-KOLUA---P,Serbia,TE KOLUBARA,1,MAW,PT1M,4,2021-05-20 10:38:00+02:00
2021-08-10 19:55:04+02:00,116,RS,Unplanned outage,A03,,2021-06-16 09:30:00+02:00,dROt2qMb91TUV7KHmTZdkQ,175.0,Fossil Brown coal/Lignite,34WETL-KOLUA---P,Serbia,TE KOLUBARA,1,MAW,PT1M,5,2021-06-16 09:22:00+02:00
2021-08-10 19:55:05+02:00,116,RS,Unplanned outage,A03,,2021-06-24 01:00:00+02:00,CRkH7-o45ZErs_OoAcZbXA,175.0,Fossil Brown coal/Lignite,34WETL-KOLUA---P,Serbia,TE KOLUBARA,1,MAW,PT1M,4,2021-06-24 00:54:00+02:00
2021-08-10 19:55:10+02:00,58,RS,Unplanned outage,A03,,2021-07-09 12:45:00+02:00,DFFdqev0vxWblWn9Yd8-jg,175.0,Fossil Brown coal/Lignite,34WETL-KOLUA---P,Serbia,TE KOLUBARA,1,MAW,PT1M,6,2021-07-09 12:34:00+02:00
2021-08-10 19:55:11+02:00,58,RS,Unplanned outage,A03,,2021-07-15 19:11:00+02:00,Kvu4BykI6Ff6b7xolzPmWQ,175.0,Fossil Brown coal/Lignite,34WETL-KOLUA---P,Serbia,TE KOLUBARA,1,MAW,PT1M,4,2021-07-15 19:00:00+02:00
2021-08-10 19:55:13+02:00,58,RS,Unplanned outage,A03,,2021-08-04 10:15:00+02:00,stZK9Zu2O6afaoZ86RGCtw,175.0,Fossil Brown coal/Lignite,34WETL-KOLUA---P,Serbia,TE KOLUBARA,1,MAW,PT1M,4,2021-08-04 10:03:00+02:00
2021-10-25 10:21:36+02:00,87,RS,Unplanned outage,A03,,2021-10-22 03:13:00+02:00,G5Ja0bB8O9V0D9pVLPtbbQ,175.0,Fossil Brown coal/Lignite,34WETL-KOLUA---P,Serbia,TE KOLUBARA,1,MAW,PT1M,4,2021-10-22 03:00:00+02:00
2021-10-26 14:42:38+02:00,116,RS,Unplanned outage,A03,,2021-10-26 11:30:00+02:00,I7TNdW8ktLVP8Holpw-E0g,175.0,Fossil Brown coal/Lignite,34WETL-KOLUA---P,Serbia,TE KOLUBARA,1,MAW,PT15M,2,2021-10-26 11:15:00+02:00
2021-11-03 05:17:57+01:00,116,RS,Unplanned outage,A03,,2021-11-03 05:10:00+01:00,xrqasnFcD-XnYxMfu6-AIQ,175.0,Fossil Brown coal/Lignite,34WETL-KOLUA---P,Serbia,TE KOLUBARA,1,MAW,PT1M,2,2021-11-03 05:00:00+01:00
2021-11-06 10:32:04+01:00,58,RS,Unplanned outage,A03,,2021-11-05 19:45:00+01:00,Pc3klaAX4qMOimg3QUgaoA,175.0,Fossil Brown coal/Lignite,34WETL-KOLUA---P,Serbia,TE KOLUBARA,1,MAW,PT1M,2,2021-11-05 19:43:00+01:00
2021-11-06 15:26:45+01:00,29,RS,Unplanned outage,A03,,2021-11-06 15:22:00+01:00,bodJAKYwUu_sUSKzh9pXDg,175.0,Fossil Brown coal/Lignite,34WETL-KOLUA---P,Serbia,TE KOLUBARA,1,MAW,PT1M,2,2021-11-06 15:15:00+01:00
2021-11-06 18:35:05+01:00,58,RS,Unplanned outage,A03,,2021-11-06 15:30:00+01:00,mZLBgmVBvPlAbFRyH66hkg,175.0,Fossil Brown coal/Lignite,34WETL-KOLUA---P,Serbia,TE KOLUBARA,1,MAW,PT1M,2,2021-11-06 15:22:00+01:00
2021-11-15 05:24:56+01:00,58,RS,Unplanned outage,A03,,2021-11-10 09:57:00+01:00,YxJ_0T30sezEy7HxICPOMg,175.0,Fossil Brown coal/Lignite,34WETL-KOLUA---P,Serbia,TE KOLUBARA,1,MAW,PT1M,3,2021-11-10 09:45:00+01:00
2021-11-15 05:24:58+01:00,87,RS,Unplanned outage,A03,,2021-11-10 19:45:00+01:00,VQiFcDSZgfgV6sYxrcEQvw,175.0,Fossil Brown coal/Lignite,34WETL-KOLUA---P,Serbia,TE KOLUBARA,1,MAW,PT1M,1,2021-11-10 19:41:00+01:00
2021-11-15 05:24:59+01:00,58,RS,Unplanned outage,A03,,2021-11-15 04:45:00+01:00,vBJiiy0ABiaproreMw2q-w,175.0,Fossil Brown coal/Lignite,34WETL-KOLUA---P,Serbia,TE KOLUBARA,1,MAW,PT15M,1,2021-11-15 04:30:00+01:00
2021-11-15 05:26:10+01:00,116,RS,Unplanned outage,A03,,2021-11-15 05:12:00+01:00,ZjML8YyqhIjqWRiV_dtgAQ,175.0,Fossil Brown coal/Lignite,34WETL-KOLUA---P,Serbia,TE KOLUBARA,1,MAW,PT1M,1,2021-11-15 04:46:00+01:00
2021-11-23 09:06:18+01:00,116,RS,Unplanned outage,A03,,2021-11-23 07:30:00+01:00,PbkLCyaRymP9carZJP-l7A,175.0,Fossil Brown coal/Lignite,34WETL-KOLUA---P,Serbia,TE KOLUBARA,1,MAW,PT1M,2,2021-11-23 07:24:00+01:00
2021-11-23 12:55:33+01:00,87,RS,Unplanned outage,A03,,2021-11-23 12:46:00+01:00,xBcgZ3OuHVs8HTtVrnMyJw,175.0,Fossil Brown coal/Lignite,34WETL-KOLUA---P,Serbia,TE KOLUBARA,1,MAW,PT1M,2,2021-11-23 12:45:00+01:00
2021-11-25 15:08:07+01:00,116,RS,Unplanned outage,A03,,2021-11-25 15:03:00+01:00,Crv5MY4NY7R3KtSLZb9qaQ,175.0,Fossil Brown coal/Lignite,34WETL-KOLUA---P,Serbia,TE KOLUBARA,1,MAW,PT1M,2,2021-11-25 15:00:00+01:00
2021-11-26 13:44:38+01:00,116,RS,Unplanned outage,A03,,2021-11-26 08:15:00+01:00,vUKVmo6xiZB1zD_AN0kxgw,175.0,Fossil Brown coal/Lignite,34WETL-KOLUA---P,Serbia,TE KOLUBARA,1,MAW,PT1M,2,2021-11-26 08:03:00+01:00
2021-11-29 17:18:54+01:00,116,RS,Unplanned outage,A03,,2021-11-27 00:00:00+01:00,vRpze6dHvL-aY9R1cdmPOg,175.0,Fossil Brown coal/Lignite,34WETL-KOLUA---P,Serbia,TE KOLUBARA,1,MAW,PT1M,2,2021-11-26 23:59:00+01:00
2021-12-07 04:49:48+01:00,116,RS,Unplanned outage,A03,,2021-12-06 01:45:00+01:00,lTpQ_EsdbqqTVLLDk7zgmw,175.0,Fossil Brown coal/Lignite,34WETL-KOLUA---P,Serbia,TE KOLUBARA,1,MAW,PT1M,2,2021-12-06 01:36:00+01:00
2021-12-12 08:58:56+01:00,116,RS,Unplanned outage,A03,,2021-12-12 08:15:00+01:00,ELGrGpqTLmUvpPznG-eiMQ,175.0,Fossil Brown coal/Lignite,34WETL-KOLUA---P,Serbia,TE KOLUBARA,1,MAW,PT15M,2,2021-12-12 08:00:00+01:00
2021-12-12 12:23:05+01:00,87,RS,Unplanned outage,A03,,2021-12-12 08:30:00+01:00,DgxqLjqlwgldMisQioZs9A,175.0,Fossil Brown coal/Lignite,34WETL-KOLUA---P,Serbia,TE KOLUBARA,1,MAW,PT1M,2,2021-12-12 08:23:00+01:00
2021-12-13 01:09:16+01:00,87,RS,Unplanned outage,A03,,2021-12-13 00:53:00+01:00,QwIMwrA1JLHfQM1kqWGxFw,175.0,Fossil Brown coal/Lignite,34WETL-KOLUA---P,Serbia,TE KOLUBARA,1,MAW,PT1M,2,2021-12-13 00:45:00+01:00
2021-12-13 10:21:40+01:00,116,RS,Unplanned outage,A03,,2021-12-13 10:00:00+01:00,1HitFE78zRbUvrFBQYtGYA,175.0,Fossil Brown coal/Lignite,34WETL-KOLUA---P,Serbia,TE KOLUBARA,1,MAW,PT60M,2,2021-12-13 01:00:00+01:00
2021-12-21 13:46:36+01:00,87,RS,Unplanned outage,A03,,2021-12-21 13:40:00+01:00,7RGkGqdFTWNjfRlnzu_b4Q,175.0,Fossil Brown coal/Lignite,34WETL-KOLUA---P,Serbia,TE KOLUBARA,1,MAW,PT1M,2,2021-12-21 13:30:00+01:00
2021-12-23 08:05:07+01:00,116,RS,Unplanned outage,A03,,2021-12-21 13:45:00+01:00,Z9JnEWiZICbEKHNKkbkrkA,175.0,Fossil Brown coal/Lignite,34WETL-KOLUA---P,Serbia,TE KOLUBARA,1,MAW,PT1M,2,2021-12-21 13:40:00+01:00
2021-12-25 00:17:07+01:00,116,RS,Unplanned outage,A03,,2021-12-24 23:00:00+01:00,MoofsQWAX5tgJ-eqazYkug,175.0,Fossil Brown coal/Lignite,34WETL-KOLUA---P,Serbia,TE KOLUBARA,1,MAW,PT60M,2,2021-12-23 08:00:00+01:00
2021-12-25 00:17:08+01:00,58,RS,Unplanned outage,A03,,2021-12-31 23:59:00+01:00,XlC2pgepMkgtmj3BTlWWSA,175.0,Fossil Brown coal/Lignite,34WETL-KOLUA---P,Serbia,TE KOLUBARA,1,MAW,PT1M,1,2021-12-31 23:45:00+01:00
2022-01-10 06:48:29+01:00,58,RS,Unplanned outage,A03,,2022-01-10 06:00:00+01:00,Jg-KdI9uT0qeF0V_gGfpiw,175.0,Fossil Brown coal/Lignite,34WETL-KOLUA---P,Serbia,TE KOLUBARA,1,MAW,PT60M,2,2022-01-01 00:00:00+01:00
2022-01-10 18:01:54+01:00,116,RS,Unplanned outage,A03,,2022-01-10 06:45:00+01:00,353K3BEnY4lmceIjat3N-Q,175.0,Fossil Brown coal/Lignite,34WETL-KOLUA---P,Serbia,TE KOLUBARA,1,MAW,PT1M,2,2022-01-10 06:44:00+01:00
2022-01-15 22:30:28+01:00,116,RS,Unplanned outage,A03,,2022-01-15 22:15:00+01:00,Iy0R197QehTQMjPTKXIkew,175.0,Fossil Brown coal/Lignite,34WETL-KOLUA---P,Serbia,TE KOLUBARA,1,MAW,PT15M,2,2022-01-15 22:00:00+01:00
2022-01-18 04:24:56+01:00,58,RS,Unplanned outage,A03,,2022-01-18 03:45:00+01:00,ud44HQ6SGy6Lcsi4TgkTfA,175.0,Fossil Brown coal/Lignite,34WETL-KOLUA---P,Serbia,TE KOLUBARA,1,MAW,PT15M,2,2022-01-18 03:30:00+01:00
2022-01-18 05:01:59+01:00,58,RS,Unplanned outage,A03,,2022-01-18 04:40:00+01:00,GAoAdpCSNWmaZHBAZeOX_A,175.0,Fossil Brown coal/Lignite,34WETL-KOLUA---P,Serbia,TE KOLUBARA,1,MAW,PT1M,2,2022-01-18 04:28:00+01:00
2022-01-18 12:46:16+01:00,58,RS,Unplanned outage,A03,,2022-01-18 05:00:00+01:00,Z0jsjfY356Knez_uV6dEGQ,175.0,Fossil Brown coal/Lignite,34WETL-KOLUA---P,Serbia,TE KOLUBARA,1,MAW,PT1M,2,2022-01-18 04:53:00+01:00
2022-01-25 14:11:14+01:00,58,RS,Unplanned outage,A03,,2022-01-18 12:45:00+01:00,E3lsAkUQlNNkFjHAK8eWYw,175.0,Fossil Brown coal/Lignite,34WETL-KOLUA---P,Serbia,TE KOLUBARA,1,MAW,PT1M,2,2022-01-18 12:40:00+01:00
2022-01-25 15:34:28+01:00,29,RS,Unplanned outage,A03,,2022-01-25 15:22:00+01:00,tcQVl2F3ee_RkS-GsrZvSQ,175.0,Fossil Brown coal/Lignite,34WETL-KOLUA---P,Serbia,TE KOLUBARA,1,MAW,PT1M,2,2022-01-25 15:15:00+01:00
2022-01-26 18:38:50+01:00,58,RS,Unplanned outage,A03,,2022-01-25 15:30:00+01:00,iBntDVkgtN7U6pz0xnaWNw,175.0,Fossil Brown coal/Lignite,34WETL-KOLUA---P,Serbia,TE KOLUBARA,1,MAW,PT1M,2,2022-01-25 15:22:00+01:00
2022-01-29 10:23:42+01:00,116,RS,Unplanned outage,A03,,2022-01-26 18:45:00+01:00,oyyktNX5Y_NFXmKwImXKRQ,175.0,Fossil Brown coal/Lignite,34WETL-KOLUA---P,Serbia,TE KOLUBARA,1,MAW,PT1M,2,2022-01-26 18:33:00+01:00
2022-02-17 11:30:43+01:00,116,RS,Unplanned outage,A03,,2022-02-08 23:50:00+01:00,Z0pNraPAUD01bfyln1Qaug,175.0,Fossil Brown coal/Lignite,34WETL-KOLUA---P,Serbia,TE KOLUBARA,1,MAW,PT1M,1,2022-02-08 23:45:00+01:00
2022-02-17 11:32:17+01:00,58,RS,Unplanned outage,A03,,2022-02-01 17:30:00+01:00,Hqj49yxf9HX8eEZ83XNlQg,175.0,Fossil Brown coal/Lignite,34WETL-KOLUA---P,Serbia,TE KOLUBARA,1,MAW,PT30M,2,2022-02-01 17:00:00+01:00
2022-02-17 14:18:38+01:00,58,RS,Unplanned outage,A03,,2022-02-09 00:00:00+01:00,7DkdsJnspgZGDLonfFAoAw,175.0,Fossil Brown coal/Lignite,34WETL-KOLUA---P,Serbia,TE KOLUBARA,1,MAW,PT1M,2,2022-02-08 23:50:00+01:00
2022-02-17 21:19:24+01:00,58,RS,Unplanned outage,A03,,2022-02-17 21:15:00+01:00,Ih8ViT74g0rVGCcu40t28g,175.0,Fossil Brown coal/Lignite,34WETL-KOLUA---P,Serbia,TE KOLUBARA,1,MAW,PT15M,2,2022-02-17 21:00:00+01:00
2022-02-18 09:03:32+01:00,87,RS,Unplanned outage,A03,,2022-02-17 21:30:00+01:00,CsF_GV4pjek4OxDh4crm1Q,175.0,Fossil Brown coal/Lignite,34WETL-KOLUA---P,Serbia,TE KOLUBARA,1,MAW,PT15M,2,2022-02-17 21:15:00+01:00
2022-02-22 15:54:09+01:00,58,RS,Unplanned outage,A03,,2022-02-22 15:43:00+01:00,hqzT_11kPaeJ0kru9wu1Og,175.0,Fossil Brown coal/Lignite,34WETL-KOLUA---P,Serbia,TE KOLUBARA,1,MAW,PT1M,2,2022-02-22 15:30:00+01:00
2022-02-23 00:50:17+01:00,87,RS,Unplanned outage,A03,,2022-02-22 15:45:00+01:00,QGyAWr4DbmhNgLBjp5WLRw,175.0,Fossil Brown coal/Lignite,34WETL-KOLUA---P,Serbia,TE KOLUBARA,1,MAW,PT1M,2,2022-02-22 15:43:00+01:00
2022-02-28 15:39:47+01:00,58,RS,Unplanned outage,A03,,2022-02-28 15:00:00+01:00,FNIwvDASik__kbjuKmuXLA,175.0,Fossil Brown coal/Lignite,34WETL-KOLUA---P,Serbia,TE KOLUBARA,1,MAW,PT60M,2,2022-02-23 01:00:00+01:00
2022-03-01 09:09:01+01:00,87,RS,Unplanned outage,A03,,2022-02-28 15:30:00+01:00,nOhhFPRgVAk90uS6fiORWg,175.0,Fossil Brown coal/Lignite,34WETL-KOLUA---P,Serbia,TE KOLUBARA,1,MAW,PT1M,2,2022-02-28 15:17:00+01:00
2022-03-02 16:42:49+01:00,58,RS,Unplanned outage,A03,,2022-03-02 16:30:00+01:00,_rTA0Qlo8V-KI6eCwUtQmw,175.0,Fossil Brown coal/Lignite,34WETL-KOLUA---P,Serbia,TE KOLUBARA,1,MAW,PT30M,2,2022-03-02 16:00:00+01:00
2022-03-15 22:22:56+01:00,87,RS,Unplanned outage,A03,,2022-03-15 22:15:00+01:00,_-vqzIeOpP9Cce3oXIlWpQ,175.0,Fossil Brown coal/Lignite,34WETL-KOLUA---P,Serbia,TE KOLUBARA,1,MAW,PT1M,1,2022-03-15 22:05:00+01:00
2022-04-30 23:33:20+02:00,29,RS,Unplanned outage,A03,,2022-04-30 23:45:00+02:00,-d9HXLQpOorewNeAzpv-nQ,175.0,Fossil Brown coal/Lignite,34WETL-KOLUA---P,Serbia,TE KOLUBARA,1,MAW,PT15M,1,2022-04-30 23:30:00+02:00
2022-05-03 18:52:01+02:00,87,RS,Unplanned outage,A03,,2022-05-01 00:00:00+02:00,fvBnrsF-z9EntAoDGculfg,175.0,Fossil Brown coal/Lignite,34WETL-KOLUA---P,Serbia,TE KOLUBARA,1,MAW,PT1M,3,2022-04-30 23:59:00+02:00
2022-05-08 02:33:11+02:00,116,RS,Unplanned outage,A03,,2022-05-08 02:15:00+02:00,5pR7u3Z9mViWaVoY7hoWjw,175.0,Fossil Brown coal/Lignite,34WETL-KOLUA---P,Serbia,TE KOLUBARA,1,MAW,PT15M,1,2022-05-08 02:00:00+02:00
2022-05-08 02:33:13+02:00,87,RS,Unplanned outage,A03,,2022-05-07 17:30:00+02:00,f33brTXb-lCoQ-ZQEQmoKw,175.0,Fossil Brown coal/Lignite,34WETL-KOLUA---P,Serbia,TE KOLUBARA,1,MAW,PT30M,3,2022-05-07 17:00:00+02:00
2022-05-08 23:06:16+02:00,116,RS,Unplanned outage,A03,,2022-05-08 05:45:00+02:00,mCo9a-VvinP3X0KvXiKBgw,175.0,Fossil Brown coal/Lignite,34WETL-KOLUA---P,Serbia,TE KOLUBARA,1,MAW,PT1M,2,2022-05-08 05:35:00+02:00
2022-05-11 20:40:43+02:00,87,RS,Unplanned outage,A03,,2022-05-10 00:00:00+02:00,QFk8U0POL732g6I93cL2zA,175.0,Fossil Brown coal/Lignite,34WETL-KOLUA---P,Serbia,TE KOLUBARA,1,MAW,PT30M,2,2022-05-09 23:30:00+02:00
2022-05-14 23:27:46+02:00,87,RS,Unplanned outage,A03,,2022-05-15 23:45:00+02:00,rZxoYH3gFD6WlDLEyo7MzQ,175.0,Fossil Brown coal/Lignite,34WETL-KOLUA---P,Serbia,TE KOLUBARA,1,MAW,PT15M,1,2022-05-15 23:30:00+02:00
2022-05-31 14:34:11+02:00,87,RS,Unplanned outage,A03,,2022-05-31 23:00:00+02:00,vrAhenWWH9TNB1fJDBDYiA,175.0,Fossil Brown coal/Lignite,34WETL-KOLUA---P,Serbia,TE KOLUBARA,1,MAW,PT60M,1,2022-05-16 00:00:00+02:00
2022-06-05 23:45:46+02:00,116,RS,Unplanned outage,A03,,2022-06-01 00:00:00+02:00,oJtFCK4R1EzjZ_0T0YwysQ,175.0,Fossil Brown coal/Lignite,34WETL-KOLUA---P,Serbia,TE KOLUBARA,1,MAW,PT1M,2,2022-05-31 23:59:00+02:00
2022-06-26 01:30:09+02:00,87,RS,Unplanned outage,A03,,2022-06-05 21:00:00+02:00,sD5SAaoF-I0hEZ78t2qB0g,175.0,Fossil Brown coal/Lignite,34WETL-KOLUA---P,Serbia,TE KOLUBARA,1,MAW,PT60M,3,2022-06-01 00:00:00+02:00
2022-06-26 01:32:09+02:00,87,RS,Unplanned outage,A03,,2022-06-06 03:00:00+02:00,ZjKj6O8iHP2rEQk7tb1Qew,175.0,Fossil Brown coal/Lignite,34WETL-KOLUA---P,Serbia,TE KOLUBARA,1,MAW,PT60M,1,2022-06-05 22:00:00+02:00
2022-06-26 01:32:12+02:00,87,RS,Unplanned outage,A03,,2022-06-15 14:30:00+02:00,GsS6R8yXRO9GphiCDtK7hw,175.0,Fossil Brown coal/Lignite,34WETL-KOLUA---P,Serbia,TE KOLUBARA,1,MAW,PT30M,4,2022-06-15 14:00:00+02:00
2022-06-26 01:32:24+02:00,116,RS,Unplanned outage,A03,,2022-06-05 22:00:00+02:00,fpoxUNFuxSlNFK8Cze3mow,175.0,Fossil Brown coal/Lignite,34WETL-KOLUA---P,Serbia,TE KOLUBARA,1,MAW,PT1M,2,2022-06-05 21:59:00+02:00
2022-06-26 01:32:45+02:00,29,RS,Unplanned outage,A03,,2022-06-15 15:00:00+02:00,rAsqLXeG7_jdZJe9Qg0BCA,175.0,Fossil Brown coal/Lignite,34WETL-KOLUA---P,Serbia,TE KOLUBARA,1,MAW,PT1M,3,2022-06-15 14:58:00+02:00
2022-07-01 23:55:19+02:00,129,RS,Unplanned outage,A03,,2022-07-01 23:43:00+02:00,UV5Da0E98A0K1oRFIfdzeQ,175.0,Fossil Brown coal/Lignite,34WETL-KOLUA---P,Serbia,TE KOLUBARA,1,MAW,PT1M,2,2022-07-01 23:30:00+02:00
2022-07-01 23:55:21+02:00,29,RS,Unplanned outage,A03,,2022-07-31 23:45:00+02:00,NXxNBV4wouy4ChU320dhCg,175.0,Fossil Brown coal/Lignite,34WETL-KOLUA---P,Serbia,TE KOLUBARA,1,MAW,PT15M,1,2022-07-31 23:30:00+02:00
