2014-12-19 21:18:55+01:00,320,SE_3,Unplanned outage,A03,,2014-12-20 17:00:00+01:00,6vLXe52RnFr5UsdvTmq-Aw,1167.0,Nuclear,46WPU0000000017S,SE3,Forsmark block 3,1,MAW,PT1M,3,2014-12-19 18:21:00+01:00
2014-12-24 20:01:23+01:00,0,SE_3,Unplanned outage,A03,,2014-12-24 23:00:00+01:00,HqR0YtX2JDcAQ3VHrpBqfA,250.0,Fossil Gas,46WPU0000000062N,SE3,Rya KVV ,1,MAW,PT1M,4,2014-12-19 08:40:00+01:00
2014-12-29 09:08:14+01:00,300,SE_3,Unplanned outage,A03,,2014-12-28 16:30:00+01:00,hFLQyCT67BQo9sk8hKV3oA,1400.0,Nuclear,46WPU0000000061P,SE3,Oskarshamn 3,1,MAW,PT1M,4,2014-12-28 02:38:00+01:00
2015-01-04 19:52:23+01:00,0,SE_3,Unplanned outage,A03,,2015-01-04 19:39:00+01:00,MN9lPqo6H7XzAGRvQRyoaQ,439.0,Nuclear,46WPU00000000105,SE3,Ringhals 1,1,MAW,PT1M,3,2015-01-03 02:40:00+01:00
2015-01-09 21:49:43+01:00,0,SE_3,Unplanned outage,A03,,2015-01-09 21:10:00+01:00,9RnC0kaqJz4SPGNvOcdkoA,1400.0,Nuclear,46WPU0000000061P,SE3,Oskarshamn 3,1,MAW,PT1M,9,2015-01-04 09:44:00+01:00
2015-01-10 02:24:43+01:00,230,SE_3,Unplanned outage,A03,,2015-01-10 01:38:00+01:00,ogGYfFtC73RunbdFKZnlIQ,1400.0,Nuclear,46WPU0000000061P,SE3,Oskarshamn 3,1,MAW,PT1M,2,2015-01-09 21:35:00+01:00
2015-01-10 05:26:13+01:00,0,SE_3,Unplanned outage,A03,,2015-01-10 05:15:00+01:00,YT1E4f23Y1k5U_CxBTgNiQ,1400.0,Nuclear,46WPU0000000061P,SE3,Oskarshamn 3,1,MAW,PT1M,3,2015-01-10 01:38:00+01:00
2015-01-12 19:45:23+01:00,300,SE_3,Unplanned outage,A03,,2015-01-12 20:30:00+01:00,RKLEr50ufejOZQkB9aLUtg,1400.0,Nuclear,46WPU0000000061P,SE3,Oskarshamn 3,1,MAW,PT1M,3,2015-01-12 08:20:00+01:00
2015-01-12 22:42:32+01:00,0,SE_3,Unplanned outage,A03,,2015-01-12 22:35:00+01:00,eutpcMRUs-Pa15XB2FuCzA,190.0,Fossil Oil,46WPU0000000023X,SE3,Värtaverket,1,MAW,PT1M,3,2015-01-12 21:06:00+01:00
2015-01-17 14:48:24+01:00,0,SE_3,Unplanned outage,A03,,2015-01-17 14:29:00+01:00,GxXNlhr5bQ5ukHVKN9PGwA,1400.0,Nuclear,46WPU0000000061P,SE3,Oskarshamn 3,1,MAW,PT1M,11,2015-01-13 07:58:00+01:00
2015-01-17 18:11:35+01:00,0,SE_3,Unplanned outage,A03,,2015-01-18 18:00:00+01:00,-40fapOj4lTLmWVU-MZU3w,190.0,Fossil Oil,46WPU0000000023X,SE3,Värtaverket,1,MAW,PT1M,2,2015-01-17 12:18:00+01:00
2015-01-26 09:29:24+01:00,0,SE_3,Unplanned outage,A03,,2015-01-24 00:05:00+01:00,ROjt64Av-ONJ16NAAw5M6Q,190.0,Fossil Oil,46WPU0000000023X,SE3,Värtaverket,1,MAW,PT1M,3,2015-01-23 22:07:00+01:00
2015-01-30 08:12:17+01:00,150,SE_3,Unplanned outage,A03,,2015-01-30 11:00:00+01:00,1YwKGdzVK55S8naC6cdFCQ,250.0,Fossil Gas,46WPU0000000062N,SE3,Rya KVV ,1,MAW,PT1M,4,2015-01-13 00:00:00+01:00
2015-02-14 22:26:22+01:00,0,SE_3,Unplanned outage,A03,,2015-02-14 22:23:00+01:00,Mj8bgnYIruy5Uy8gUj7Rxg,100.0,Hydro Water Reservoir,46WPU0000000018Q,SE3,Trängslet,1,MAW,PT1M,2,2015-02-14 21:22:00+01:00
2015-02-26 22:12:03+01:00,0,SE_3,Unplanned outage,A03,,2015-02-26 22:00:00+01:00,ocatqsZYxkHAd39hBX5osQ,439.0,Nuclear,46WPU00000000105,SE3,Ringhals 1,1,MAW,PT1M,3,2015-02-26 16:58:00+01:00
2015-03-02 00:17:21+01:00,0,SE_3,Unplanned outage,A03,,2015-03-02 12:00:00+01:00,vUoYfEc9d6xngdcwCshnJQ,439.0,Nuclear,46WPU00000000105,SE3,Ringhals 1,1,MAW,PT1M,3,2015-02-27 13:30:00+01:00
2015-03-23 14:28:32+01:00,0,SE_3,Unplanned outage,A03,,2015-04-06 18:30:00+02:00,3ETxzlTMwfGVT0ty-NF5xw,473.0,Nuclear,46WPU0000000059C,SE3,Oskarshamn 1,1,MAW,PT1M,2,2015-03-23 13:29:00+01:00
2015-03-23 18:16:38+01:00,1030,SE_3,Unplanned outage,A03,,2015-03-24 00:00:00+01:00,ARuMg9EH04UarA5hpLG37A,1167.0,Nuclear,46WPU0000000017S,SE3,Forsmark block 3,1,MAW,PT1M,8,2015-03-22 23:00:00+01:00
2015-04-02 20:48:43+02:00,80,SE_3,Unplanned outage,A03,,2015-04-03 18:00:00+02:00,YZ37jyGIJyrG--ocMnDUzw,250.0,Fossil Gas,46WPU0000000062N,SE3,Rya KVV ,1,MAW,PT1M,1,2015-04-02 20:35:00+02:00
2015-04-15 11:30:03+02:00,0,SE_3,Unplanned outage,A03,,2015-04-15 11:23:00+02:00,g9B8BaZTQKZrF9glDjVLTA,100.0,Hydro Water Reservoir,46WPU0000000018Q,SE3,Trängslet,1,MAW,PT1M,3,2015-04-15 02:50:00+02:00
2015-04-15 21:53:08+02:00,0,SE_3,Unplanned outage,A03,,2015-04-15 21:41:00+02:00,oVaP32HNfQGS-bm4bIYjaA,130.0,Fossil Oil,46WPU0000000023X,SE3,Värtaverket,1,MAW,PT1M,2,2015-04-13 10:32:00+02:00
2015-04-17 13:03:53+02:00,0,SE_3,Unplanned outage,A03,,2015-04-17 14:00:00+02:00,YHyGPf3kJPphRjpu11B-SA,130.0,Fossil Oil,46WPU0000000023X,SE3,Värtaverket,1,MAW,PT1M,6,2015-04-16 04:01:00+02:00
2015-04-20 08:41:15+02:00,80,SE_3,Unplanned outage,A03,,2015-04-23 16:00:00+02:00,rLJEp3Yy7n8fxawT8lnqGg,250.0,Fossil Gas,46WPU0000000062N,SE3,Rya KVV ,1,MAW,PT1M,1,2015-04-20 08:30:00+02:00
2015-05-12 15:59:24+02:00,0,SE_3,Unplanned outage,A03,,2015-05-12 15:53:00+02:00,fBvEyv2V71Eks0DRJ5Ff_A,130.0,Hydro Water Reservoir,46WPU0000000018Q,SE3,Trängslet,1,MAW,PT1M,2,2015-05-12 04:01:00+02:00
2015-06-09 16:38:39+02:00,820,SE_3,Unplanned outage,A03,,2015-06-10 13:00:00+02:00,u9orlZTPHVdlh5YDH9pxsw,1167.0,Nuclear,46WPU0000000017S,SE3,Forsmark block 3,1,MAW,PT1M,6,2015-06-08 09:00:00+02:00
2015-06-16 08:47:18+02:00,0,SE_3,Unplanned outage,A03,,2015-06-16 08:25:00+02:00,jQiJp417dURPLqa76Axt-A,1400.0,Nuclear,46WPU0000000061P,SE3,Oskarshamn 3,1,MAW,PT1M,3,2015-06-16 04:15:00+02:00
2015-06-20 08:40:35+02:00,0,SE_3,Unplanned outage,A03,,2015-06-20 08:21:00+02:00,Fseo4fbz8bnh5pj5f1rkNA,1400.0,Nuclear,46WPU0000000061P,SE3,Oskarshamn 3,1,MAW,PT1M,7,2015-06-16 15:30:00+02:00
2015-06-25 08:30:12+02:00,1200,SE_3,Unplanned outage,A03,,2015-06-25 01:00:00+02:00,hdPVxPcdbWD_D1_4JXy4Ew,1400.0,Nuclear,46WPU0000000061P,SE3,Oskarshamn 3,1,MAW,PT1M,2,2015-06-24 17:00:00+02:00
2015-07-05 19:21:39+02:00,1200,SE_3,Unplanned outage,A03,,2015-07-06 06:00:00+02:00,57SrjaeOUdJhAlwJo-ONQA,1400.0,Nuclear,46WPU0000000061P,SE3,Oskarshamn 3,1,MAW,PT1M,4,2015-07-05 02:40:00+02:00
2015-08-20 10:45:14+02:00,1200,SE_3,Unplanned outage,A03,,2015-08-20 10:15:00+02:00,7nawScqS3VKtmhQ0j8nyLw,1400.0,Nuclear,46WPU0000000061P,SE3,Oskarshamn 3,1,MAW,PT1M,9,2015-06-30 09:00:00+02:00
2016-01-09 01:43:37+01:00,0,SE_3,Unplanned outage,A03,,2016-01-09 01:40:00+01:00,6mVMJAyHBvNBDm-tPlOXcQ,106.0,Biomass,46WPU0000000063L,SE3,Åbyverket G3,1,MAW,PT1M,27,2014-12-16 21:30:00+01:00
2015-07-28 11:37:13+02:00,0,SE_3,Unplanned outage,A03,,2015-07-28 11:31:00+02:00,rFfQ_nlA9pT1wkIMN_rJDg,130.0,Hydro Water Reservoir,46WPU0000000018Q,SE3,Trängslet,1,MAW,PT1M,8,2015-07-08 08:31:00+02:00
2015-08-08 13:57:14+02:00,0,SE_3,Unplanned outage,A03,,2015-08-08 13:51:00+02:00,zdJfFqayqltrxWkxkHZf8Q,130.0,Hydro Water Reservoir,46WPU0000000018Q,SE3,Trängslet,1,MAW,PT1M,2,2015-08-08 13:24:00+02:00
2015-08-30 01:39:11+02:00,0,SE_3,Unplanned outage,A03,,2015-08-30 01:19:00+02:00,xlft44Ypo_Vj3AFf0IM0vw,100.0,Hydro Water Reservoir,46WPU0000000018Q,SE3,Trängslet,1,MAW,PT1M,2,2015-08-30 00:13:00+02:00
2015-09-20 17:45:22+02:00,0,SE_3,Unplanned outage,A03,,2015-09-20 17:42:00+02:00,siPtdN8WuO9wNpWEjbF2bA,130.0,Hydro Water Reservoir,46WPU0000000018Q,SE3,Trängslet,1,MAW,PT1M,2,2015-09-20 16:59:00+02:00
2015-09-22 13:50:11+02:00,366,SE_3,Unplanned outage,A03,,2015-09-22 17:00:00+02:00,2-Z8tEyph6THU06eBAJ3bQ,469.0,Nuclear,46WPU0000000014Y,SE3,Ringhals 4,1,MAW,PT1M,2,2015-09-22 01:45:00+02:00
2015-10-05 05:52:11+02:00,0,SE_3,Unplanned outage,A03,,2015-10-04 22:25:00+02:00,EGf9boStp_vs5PVIPTQA4g,473.0,Nuclear,46WPU0000000059C,SE3,Oskarshamn 1,1,MAW,PT1M,4,2015-09-24 21:00:00+02:00
2015-10-07 17:37:17+02:00,0,SE_3,Unplanned outage,A03,,2015-10-07 17:32:00+02:00,9zrKuydhqfJRtjaiDJdiUA,100.0,Hydro Water Reservoir,46WPU0000000018Q,SE3,Trängslet,1,MAW,PT1M,3,2015-10-07 14:47:00+02:00
2015-10-08 22:24:21+02:00,0,SE_3,Unplanned outage,A03,,2015-10-08 22:10:00+02:00,jgyngGQNP1Ml2_na2BCRJg,473.0,Nuclear,46WPU0000000059C,SE3,Oskarshamn 1,1,MAW,PT1M,7,2015-10-05 10:45:00+02:00
2015-10-26 17:57:02+01:00,0,SE_3,Unplanned outage,A03,,2015-10-26 17:53:00+01:00,t_Hul51NZ9z10YBFN2P81g,100.0,Hydro Water Reservoir,46WPU0000000018Q,SE3,Trängslet,1,MAW,PT1M,2,2015-10-26 17:02:00+01:00
2015-10-27 08:39:05+01:00,0,SE_3,Unplanned outage,A03,,2015-10-27 08:33:00+01:00,xVsDIL9yz8UxONOGsNg-eQ,100.0,Hydro Water Reservoir,46WPU0000000018Q,SE3,Trängslet,1,MAW,PT1M,2,2015-10-27 06:39:00+01:00
2015-10-27 11:17:12+01:00,0,SE_3,Unplanned outage,A03,,2015-10-27 11:45:00+01:00,oOwDsg_cQPIdEWWvbJI-bQ,130.0,Hydro Water Reservoir,46WPU0000000018Q,SE3,Trängslet,1,MAW,PT1M,2,2015-10-27 08:43:00+01:00
2015-10-28 09:14:12+01:00,0,SE_3,Unplanned outage,A03,,2015-10-28 09:08:00+01:00,Osr392N1V3c2u4YBSuzUSw,100.0,Hydro Water Reservoir,46WPU0000000018Q,SE3,Trängslet,1,MAW,PT1M,3,2015-10-28 07:13:00+01:00
2015-10-31 20:08:15+01:00,0,SE_3,Unplanned outage,A03,,2015-10-31 21:00:00+01:00,V8TS8vw6mLwx38lKaS47ng,130.0,Hydro Water Reservoir,46WPU0000000018Q,SE3,Trängslet,1,MAW,PT1M,1,2015-10-31 19:59:00+01:00
2015-11-01 21:03:20+01:00,0,SE_3,Unplanned outage,A03,,2015-11-01 22:00:00+01:00,FOJ2pocQZ_VDbtcYDOAZGA,100.0,Hydro Water Reservoir,46WPU0000000018Q,SE3,Trängslet,1,MAW,PT1M,1,2015-11-01 20:58:00+01:00
2015-11-02 08:16:11+01:00,0,SE_3,Unplanned outage,A03,,2015-11-02 08:14:00+01:00,pRCMhn2tiMGqhDknqcCZHQ,100.0,Hydro Water Reservoir,46WPU0000000018Q,SE3,Trängslet,1,MAW,PT1M,2,2015-11-02 07:30:00+01:00
2015-11-11 17:02:38+01:00,0,SE_3,Unplanned outage,A03,,2015-11-11 16:56:00+01:00,TzEjiajTMRzjR-4AcE-o1Q,130.0,Fossil Oil,46WPU0000000023X,SE3,Värtaverket,1,MAW,PT1M,2,2015-11-11 16:36:00+01:00
2015-11-21 00:23:33+01:00,0,SE_3,Unplanned outage,A03,,2015-11-21 00:20:00+01:00,xbLxDnQen7HAKV62q0Imsw,100.0,Hydro Water Reservoir,46WPU0000000018Q,SE3,Trängslet,1,MAW,PT1M,3,2015-11-20 20:15:00+01:00
2015-11-23 13:00:44+01:00,0,SE_3,Unplanned outage,A03,,2015-11-23 12:30:00+01:00,qEbOnXzF8kvIEUcSsTHvEg,531.0,Nuclear,46WPU00000000121,SE3,Ringhals 3,1,MAW,PT1M,4,2015-11-20 08:55:00+01:00
2015-12-19 05:54:13+01:00,0,SE_3,Unplanned outage,A03,,2015-12-19 05:39:00+01:00,FN2Z72QF2CAmgIdY6z3EtA,1400.0,Nuclear,46WPU0000000061P,SE3,Oskarshamn 3,1,MAW,PT1M,6,2015-12-15 03:45:00+01:00
2015-12-29 06:47:12+01:00,0,SE_3,Unplanned outage,A03,,2015-12-29 10:00:00+01:00,xVHf2wcb6NJ6ac6ZVosxDA,130.0,Fossil Oil,46WPU0000000023X,SE3,Värtaverket,1,MAW,PT1M,6,2015-12-28 08:57:00+01:00
2016-01-04 12:15:27+01:00,0,SE_3,Unplanned outage,A03,,2016-01-04 16:00:00+01:00,w2_-sHlfaz-u7BsNWHx1ug,190.0,Fossil Oil,46WPU0000000023X,SE3,Värtaverket,1,MAW,PT1M,1,2016-01-04 12:04:00+01:00
2016-01-09 07:57:24+01:00,0,SE_3,Unplanned outage,A03,,2016-01-09 07:53:00+01:00,KzfbQwiZWabyYNH8MM0Tdw,130.0,Fossil Oil,46WPU0000000023X,SE3,Värtaverket,1,MAW,PT1M,2,2016-01-09 07:06:00+01:00
2016-01-09 23:26:47+01:00,0,SE_3,Unplanned outage,A03,,2016-01-09 23:16:00+01:00,o7FEpE1yyoxpb2ml_WoAwA,190.0,Fossil Oil,46WPU0000000023X,SE3,Värtaverket,1,MAW,PT1M,6,2016-01-09 14:56:00+01:00
2016-01-10 04:46:10+01:00,0,SE_3,Unplanned outage,A03,,2016-01-10 04:40:00+01:00,BWum3oIZf_V4yFpMGIYTNw,190.0,Fossil Oil,46WPU0000000023X,SE3,Värtaverket,1,MAW,PT1M,2,2016-01-10 02:50:00+01:00
2016-01-10 08:07:26+01:00,0,SE_3,Unplanned outage,A03,,2016-01-10 07:45:00+01:00,akeex6OSDd0QxRtmidCRxA,190.0,Fossil Oil,46WPU0000000023X,SE3,Värtaverket,1,MAW,PT1M,2,2016-01-10 07:04:00+01:00
2016-01-14 23:43:31+01:00,0,SE_3,Unplanned outage,A03,,2016-01-15 00:00:00+01:00,6mbbb7atRxXWwuwoauTk-Q,100.0,Hydro Water Reservoir,46WPU0000000018Q,SE3,Trängslet,1,MAW,PT1M,1,2016-01-14 22:40:00+01:00
2016-01-26 19:24:19+01:00,0,SE_3,Unplanned outage,A03,,2016-01-26 18:14:00+01:00,MUBQkU-dPBbQo9ZesCU5ww,100.0,Hydro Water Reservoir,46WPU0000000018Q,SE3,Trängslet,1,MAW,PT1M,2,2016-01-26 13:35:00+01:00
2016-01-28 06:11:54+01:00,0,SE_3,Unplanned outage,A03,,2016-01-28 06:03:00+01:00,bQOYlG0sQP-9EcWQ9ovtnw,130.0,Fossil Oil,46WPU0000000023X,SE3,Värtaverket,1,MAW,PT1M,2,2016-01-27 15:55:00+01:00
2016-02-01 17:14:47+01:00,0,SE_3,Unplanned outage,A03,,2016-02-01 16:00:00+01:00,Tb4nbMseIAYLXItIs36imQ,106.0,Biomass,46WPU0000000063L,SE3,Åbyverket G3,1,MAW,PT1M,3,2016-02-01 07:40:00+01:00
2016-02-02 08:25:47+01:00,0,SE_3,Unplanned outage,A03,,2016-02-02 08:15:00+01:00,4GeWV0pggCGEmlEQAeuiXA,100.0,Hydro Water Reservoir,46WPU0000000018Q,SE3,Trängslet,1,MAW,PT1M,4,2016-02-02 07:00:00+01:00
2016-02-05 09:04:13+01:00,0,SE_3,Unplanned outage,A03,,2016-02-08 07:00:00+01:00,VUFnBh50u6RFlJsXvP9ZeQ,120.0,Fossil Peat,46WPU0000000055K,SE3,Uppsala KVV,1,MAW,PT1M,2,2016-02-01 14:40:00+01:00
2016-02-07 18:47:40+01:00,300,SE_3,Unplanned outage,A03,,2016-02-07 18:45:00+01:00,S5fJwj-ol2TiLBWBfS6gYA,469.0,Nuclear,46WPU0000000014Y,SE3,Ringhals 4,1,MAW,PT1M,2,2016-02-07 14:10:00+01:00
2016-02-08 03:59:12+01:00,0,SE_3,Unplanned outage,A03,,2016-02-08 05:00:00+01:00,OHycrh8iDrJBQXvwFwEhnQ,130.0,Fossil Oil,46WPU0000000023X,SE3,Värtaverket,1,MAW,PT1M,5,2016-02-07 11:55:00+01:00
2016-02-08 15:12:55+01:00,80,SE_3,Unplanned outage,A03,,2016-02-09 15:00:00+01:00,1nVSw7uUOlYRsVvHbAA2Nw,250.0,Fossil Gas,46WPU0000000062N,SE3,Rya KVV ,1,MAW,PT1M,2,2016-02-08 14:28:00+01:00
2016-02-08 20:24:47+01:00,0,SE_3,Unplanned outage,A03,,2016-02-08 20:00:00+01:00,CIGPOurndbgxJpq2uPql6w,106.0,Biomass,46WPU0000000063L,SE3,Åbyverket G3,1,MAW,PT1M,3,2016-02-08 12:55:00+01:00
2016-02-10 08:50:21+01:00,0,SE_3,Unplanned outage,A03,,2016-02-12 07:00:00+01:00,KinF-GPd31grzSx3dYcFyw,120.0,Fossil Peat,46WPU0000000055K,SE3,Uppsala KVV,1,MAW,PT1M,2,2016-02-08 12:37:00+01:00
2016-02-16 17:38:43+01:00,485,SE_3,Unplanned outage,A03,,2016-02-16 19:00:00+01:00,o5nuHaKD61Df_3twsFFCBA,1400.0,Nuclear,46WPU0000000061P,SE3,Oskarshamn 3,1,MAW,PT1M,3,2016-02-15 22:07:00+01:00
2016-02-21 19:38:20+01:00,0,SE_3,Unplanned outage,A03,,2016-02-21 20:30:00+01:00,f7ey9wGpL7kFp3-_XuvN7Q,100.0,Hydro Water Reservoir,46WPU0000000018Q,SE3,Trängslet,1,MAW,PT1M,1,2016-02-21 19:30:00+01:00
2016-02-22 15:13:32+01:00,0,SE_3,Unplanned outage,A03,,2016-02-22 16:30:00+01:00,6WiUo3HYhIFZzZ6l6poF2w,100.0,Hydro Water Reservoir,46WPU0000000018Q,SE3,Trängslet,1,MAW,PT1M,1,2016-02-22 15:03:00+01:00
2016-02-23 02:13:14+01:00,0,SE_3,Unplanned outage,A03,,2016-02-23 02:02:00+01:00,vDnP4a5o5w-zmwZudLUvmA,100.0,Hydro Water Reservoir,46WPU0000000018Q,SE3,Trängslet,1,MAW,PT1M,2,2016-02-23 01:06:00+01:00
2016-02-24 14:43:46+01:00,0,SE_3,Unplanned outage,A03,,2016-02-24 14:28:00+01:00,P4CW00IrDeZQ_sJelopNkA,100.0,Hydro Water Reservoir,46WPU0000000018Q,SE3,Trängslet,1,MAW,PT1M,2,2016-02-24 12:10:00+01:00
2016-02-24 23:10:51+01:00,0,SE_3,Unplanned outage,A03,,2016-02-25 02:00:00+01:00,YIsR8TC75hrjbx-NXXCsCw,100.0,Hydro Water Reservoir,46WPU0000000018Q,SE3,Trängslet,1,MAW,PT1M,1,2016-02-24 23:00:00+01:00
2016-03-01 17:22:46+01:00,0,SE_3,Unplanned outage,A03,,2016-03-01 19:30:00+01:00,jKzbBA93NWzEHdL2C6U9HA,100.0,Hydro Water Reservoir,46WPU0000000018Q,SE3,Trängslet,1,MAW,PT1M,1,2016-03-01 17:15:00+01:00
2016-03-03 17:29:20+01:00,0,SE_3,Unplanned outage,A03,,2016-03-03 17:25:00+01:00,08q6IHZzOJf2RCqGR-c39w,106.0,Biomass,46WPU0000000063L,SE3,Åbyverket G3,1,MAW,PT1M,3,2016-03-03 00:20:00+01:00
2016-03-11 13:22:59+01:00,0,SE_3,Unplanned outage,A03,,2016-03-11 13:07:00+01:00,X9s-ua6Oes67hjhP4gYPkg,100.0,Hydro Water Reservoir,46WPU0000000018Q,SE3,Trängslet,1,MAW,PT1M,2,2016-03-11 12:48:00+01:00
2016-03-28 11:10:11+02:00,0,SE_3,Unplanned outage,A03,,2016-03-28 23:00:00+02:00,0YALPgkQjaK0ifuptVKIdA,130.0,Fossil Oil,46WPU0000000023X,SE3,Värtaverket,1,MAW,PT1M,2,2016-03-28 05:23:00+02:00
2016-04-01 13:24:49+02:00,160,SE_3,Unplanned outage,A03,,2016-04-01 14:00:00+02:00,WiyNqvVB63lJzuKe6M0XVw,439.0,Nuclear,46WPU00000000105,SE3,Ringhals 1,1,MAW,PT1M,3,2016-04-01 00:39:00+02:00
2016-04-19 18:43:28+02:00,0,SE_3,Unplanned outage,A03,,2016-04-19 20:00:00+02:00,p6o-6A7clp_NUh174vrr8g,130.0,Fossil Oil,46WPU0000000023X,SE3,Värtaverket,1,MAW,PT1M,2,2016-04-18 23:55:00+02:00
2016-04-20 13:39:11+02:00,0,SE_3,Unplanned outage,A03,,2016-04-20 18:00:00+02:00,3QCXRciCsbWAAIj3hbnuWg,130.0,Fossil Oil,46WPU0000000023X,SE3,Värtaverket,1,MAW,PT1M,2,2016-04-20 03:52:00+02:00
2016-04-26 22:45:25+02:00,1200,SE_3,Unplanned outage,A03,,2016-04-27 14:00:00+02:00,4dMK38DeIEX8q0PpD7eG9Q,1400.0,Nuclear,46WPU0000000061P,SE3,Oskarshamn 3,1,MAW,PT1M,4,2016-04-23 14:00:00+02:00
2016-05-12 11:14:22+02:00,0,SE_3,Unplanned outage,A03,,2016-05-12 11:05:00+02:00,2QQDdZxbJcyziCv--jSPUw,100.0,Hydro Water Reservoir,46WPU0000000018Q,SE3,Trängslet,1,MAW,PT1M,2,2016-05-12 10:34:00+02:00
2016-05-13 06:54:11+02:00,0,SE_3,Unplanned outage,A03,,2016-05-13 09:00:00+02:00,Wig3QoPbfVzBNhilLXfhLw,130.0,Hydro Water Reservoir,46WPU0000000018Q,SE3,Trängslet,1,MAW,PT1M,1,2016-05-13 06:37:00+02:00
2016-05-17 18:10:11+02:00,0,SE_3,Unplanned outage,A03,,2016-05-17 18:07:00+02:00,RqhYJTmCzjnqf8fFVN37wQ,100.0,Hydro Water Reservoir,46WPU0000000018Q,SE3,Trängslet,1,MAW,PT1M,2,2016-05-17 17:45:00+02:00
2016-05-21 10:20:58+02:00,0,SE_3,Unplanned outage,A03,,2016-05-21 11:30:00+02:00,lBNQzpvXUIia0_duRM7oWg,100.0,Hydro Water Reservoir,46WPU0000000018Q,SE3,Trängslet,1,MAW,PT1M,1,2016-05-21 10:17:00+02:00
2016-05-25 06:42:11+02:00,0,SE_3,Unplanned outage,A03,,2016-05-25 08:00:00+02:00,XI2fiEWeVvPx0BJySrZfqw,130.0,Hydro Water Reservoir,46WPU0000000018Q,SE3,Trängslet,1,MAW,PT1M,1,2016-05-25 06:34:00+02:00
2016-05-26 11:39:11+02:00,0,SE_3,Unplanned outage,A03,,2016-05-26 11:35:00+02:00,hPZgkEWtdXiggy9dc8rFXg,130.0,Hydro Water Reservoir,46WPU0000000018Q,SE3,Trängslet,1,MAW,PT1M,5,2016-05-26 05:29:00+02:00
2016-06-07 20:40:21+02:00,0,SE_3,Unplanned outage,A03,,2016-06-07 22:00:00+02:00,FaD6NawRg_jWVXrKcrAp5A,130.0,Hydro Water Reservoir,46WPU0000000018Q,SE3,Trängslet,1,MAW,PT1M,2,2016-06-07 20:35:00+02:00
2016-06-22 20:05:02+02:00,190,SE_3,Unplanned outage,A03,,2016-06-23 23:59:00+02:00,MhzCku6IevXRRitOUo7CEQ,439.0,Nuclear,46WPU00000000105,SE3,Ringhals 1,1,MAW,PT1M,1,2016-06-22 18:30:00+02:00
2016-06-28 20:44:20+02:00,0,SE_3,Unplanned outage,A03,,2016-06-28 22:00:00+02:00,trk5BGRbjNkj77FcjmgLMw,100.0,Hydro Water Reservoir,46WPU0000000018Q,SE3,Trängslet,1,MAW,PT1M,1,2016-06-28 20:33:00+02:00
2016-06-30 04:41:11+02:00,0,SE_3,Unplanned outage,A03,,2016-06-30 04:37:00+02:00,bq-UjfME1h4yqLbW4UsSxw,100.0,Hydro Water Reservoir,46WPU0000000018Q,SE3,Trängslet,1,MAW,PT1M,2,2016-06-30 03:55:00+02:00
2016-07-05 14:40:21+02:00,940,SE_3,Unplanned outage,A03,,2016-07-05 17:00:00+02:00,MQcKjrdi6dvqaE10ezMtog,1400.0,Nuclear,46WPU0000000061P,SE3,Oskarshamn 3,1,MAW,PT1M,4,2016-07-04 14:15:00+02:00
2016-07-07 22:07:50+02:00,0,SE_3,Unplanned outage,A03,,2016-07-07 23:00:00+02:00,TDX_0tSeoJaEN3h4LLiaJw,130.0,Hydro Water Reservoir,46WPU0000000018Q,SE3,Trängslet,1,MAW,PT1M,1,2016-07-07 22:00:00+02:00
2016-07-09 22:14:21+02:00,0,SE_3,Unplanned outage,A03,,2016-07-09 23:59:00+02:00,Vtpo0K5w2XR_-HpD2H2bnQ,130.0,Hydro Water Reservoir,46WPU0000000018Q,SE3,Trängslet,1,MAW,PT1M,1,2016-07-09 22:05:00+02:00
2016-07-11 00:49:21+02:00,0,SE_3,Unplanned outage,A03,,2016-07-11 00:43:00+02:00,X91cPHRQAVOCRrsTL71w1Q,100.0,Hydro Water Reservoir,46WPU0000000018Q,SE3,Trängslet,1,MAW,PT1M,3,2016-07-10 22:09:00+02:00
2016-07-17 14:11:11+02:00,1030,SE_3,Unplanned outage,A03,,2016-07-17 14:17:00+02:00,DL61z8MAz-zMq3O5tqhpNw,1167.0,Nuclear,46WPU0000000017S,SE3,Forsmark block 3,1,MAW,PT1M,1,2016-07-17 13:17:00+02:00
2016-08-07 21:33:21+02:00,0,SE_3,Unplanned outage,A03,,2016-08-07 23:00:00+02:00,3TyeI3k3oYteprOgOcj56Q,100.0,Hydro Water Reservoir,46WPU0000000018Q,SE3,Trängslet,1,MAW,PT1M,1,2016-08-07 21:22:00+02:00
2016-08-10 11:14:46+02:00,0,SE_3,Unplanned outage,A03,,2016-08-10 14:00:00+02:00,JrAyFvxo4LyYLSD22jHtrw,1167.0,Nuclear,46WPU0000000017S,SE3,Forsmark block 3,1,MAW,PT1M,10,2016-07-28 08:00:00+02:00
2016-08-24 15:21:20+02:00,0,SE_3,Unplanned outage,A03,,2016-08-24 14:30:00+02:00,4VF4NuCvFay6lc-8gfjyEw,469.0,Nuclear,46WPU0000000014Y,SE3,Ringhals 4,1,MAW,PT1M,5,2016-08-12 20:40:00+02:00
2016-10-03 12:37:10+02:00,0,SE_3,Unplanned outage,A03,,2016-10-03 12:16:00+02:00,woSIptTTT12hAZXcQ3FxLQ,130.0,Hydro Water Reservoir,46WPU0000000018Q,SE3,Trängslet,1,MAW,PT1M,4,2016-10-02 21:09:00+02:00
2016-10-13 08:36:41+02:00,30,SE_3,Unplanned outage,A03,,2016-10-14 03:00:00+02:00,ctozGqwg23VVY2OwgkqyuA,439.0,Nuclear,46WPU00000000105,SE3,Ringhals 1,1,MAW,PT1M,2,2016-10-13 00:05:00+02:00
2016-10-13 10:54:09+02:00,0,SE_3,Unplanned outage,A03,,2016-10-13 10:00:00+02:00,mBCr4ols5_Ec--EGgOGgbQ,531.0,Nuclear,46WPU00000000121,SE3,Ringhals 3,1,MAW,PT1M,2,2016-10-13 09:00:00+02:00
2016-10-15 00:38:56+02:00,0,SE_3,Unplanned outage,A03,,2016-10-15 02:00:00+02:00,WLdzbFOdRB-oaf8tcbRyYA,531.0,Nuclear,46WPU00000000121,SE3,Ringhals 3,1,MAW,PT1M,2,2016-10-14 18:48:00+02:00
2016-11-09 13:30:27+01:00,0,SE_3,Unplanned outage,A03,,2016-11-09 12:00:00+01:00,KfQdrFHWjsn1_y6EeRJNbA,106.0,Biomass,46WPU0000000063L,SE3,Åbyverket G3,1,MAW,PT1M,3,2016-11-04 19:10:00+01:00
2016-11-12 13:33:14+01:00,0,SE_3,Unplanned outage,A03,,2016-11-12 16:00:00+01:00,AkQIu3zNW9bSvB0T58zelQ,130.0,Fossil Oil,46WPU0000000023X,SE3,Värtaverket,1,MAW,PT1M,14,2016-10-10 16:29:00+02:00
2016-11-13 10:44:11+01:00,0,SE_3,Unplanned outage,A03,,2016-11-13 10:40:00+01:00,yx-jpXbSHVEStcsbQG0-zQ,130.0,Fossil Oil,46WPU0000000023X,SE3,Värtaverket,1,MAW,PT1M,2,2016-11-12 18:45:00+01:00
2016-11-21 10:45:41+01:00,0,SE_3,Unplanned outage,A03,,2016-11-21 14:00:00+01:00,qRVpFcW6bciANU2lrycc2w,130.0,Fossil Oil,46WPU0000000023X,SE3,Värtaverket,1,MAW,PT1M,12,2016-11-13 15:23:00+01:00
2016-11-22 14:26:31+01:00,0,SE_3,Unplanned outage,A03,,2016-11-22 14:00:00+01:00,O_R5PZjbzAdfuMXH5ikyeQ,130.0,Fossil Oil,46WPU0000000023X,SE3,Värtaverket,1,MAW,PT1M,2,2016-11-22 10:57:00+01:00
2016-11-25 03:38:32+01:00,0,SE_3,Unplanned outage,A03,,2016-11-25 03:33:00+01:00,RwbVIgb7M51UIZACLmE2IA,190.0,Fossil Oil,46WPU0000000023X,SE3,Värtaverket,1,MAW,PT1M,2,2016-11-25 02:35:00+01:00
2016-11-25 15:31:05+01:00,0,SE_3,Unplanned outage,A03,,2016-11-25 12:33:00+01:00,-0yywPHq5ciHeD0y2hEeyw,130.0,Fossil Oil,46WPU0000000023X,SE3,Värtaverket,1,MAW,PT1M,2,2016-11-25 10:32:00+01:00
2016-11-26 18:02:52+01:00,300,SE_3,Unplanned outage,A03,,2016-11-26 23:59:00+01:00,9qsx4okkkzMMOXxJyUxygg,1400.0,Nuclear,46WPU0000000061P,SE3,Oskarshamn 3,1,MAW,PT1M,2,2016-11-26 16:48:00+01:00
2016-11-28 10:20:15+01:00,0,SE_3,Unplanned outage,A03,,2016-11-29 12:00:00+01:00,0TpMGIkesmdVvV7upv2Xxg,120.0,Fossil Peat,46WPU0000000055K,SE3,Uppsala KVV,1,MAW,PT1M,1,2016-11-28 10:10:00+01:00
2016-12-01 09:58:46+01:00,0,SE_3,Unplanned outage,A03,,2016-12-01 09:53:00+01:00,ozuA156hieiVH0GpfNU_8A,0.0,Fossil Oil,46WPU0000000023X,SE3,Värtaverket,1,MAW,PT1M,2,2016-12-01 09:04:00+01:00
2016-12-12 02:12:05+01:00,345,SE_3,Unplanned outage,A03,,2016-12-12 05:00:00+01:00,TQVmcLX4jDsRAn_f_6D0Sw,473.0,Nuclear,46WPU0000000059C,SE3,Oskarshamn 1,1,MAW,PT1M,2,2016-12-11 04:11:00+01:00
2016-12-14 08:12:50+01:00,0,SE_3,Unplanned outage,A03,,2016-12-14 08:10:00+01:00,UeAZ9xqTkEotXL-69ERhzA,190.0,Fossil Oil,46WPU0000000023X,SE3,Värtaverket,1,MAW,PT1M,2,2016-12-13 17:15:00+01:00
2016-12-17 08:57:11+01:00,0,SE_3,Unplanned outage,A03,,2016-12-17 08:46:00+01:00,KQPuQICP6bkvt-ucaJQYOg,1400.0,Nuclear,46WPU0000000061P,SE3,Oskarshamn 3,1,MAW,PT1M,4,2016-12-15 07:15:00+01:00
2017-01-10 20:48:41+01:00,0,SE_3,Unplanned outage,A03,,2017-01-11 11:00:00+01:00,sZXMSYO2yS9ewdTFnwNuvw,190.0,Fossil Oil,46WPU0000000023X,SE3,Värtaverket,1,MAW,PT1M,10,2017-01-03 11:06:00+01:00
2017-01-12 14:21:44+01:00,0,SE_3,Unplanned outage,A03,,2017-01-12 23:00:00+01:00,X9nvNSeFxPpAXDU8YNYMow,130.0,Fossil Oil,46WPU0000000023X,SE3,Värtaverket,1,MAW,PT1M,11,2016-12-22 00:20:00+01:00
2017-01-13 16:27:52+01:00,0,SE_3,Unplanned outage,A03,,2017-01-13 18:00:00+01:00,5WunCDqbl1WFL9jelUy7iA,100.0,Hydro Water Reservoir,46WPU0000000018Q,SE3,Trängslet,1,MAW,PT1M,1,2017-01-13 16:08:00+01:00
2017-01-24 20:31:02+01:00,370,SE_3,Unplanned outage,A03,,2017-01-25 09:00:00+01:00,-WQ4Oc7h7P7qZAnvnzYmMA,473.0,Nuclear,46WPU0000000059C,SE3,Oskarshamn 1,1,MAW,PT1M,2,2017-01-24 09:00:00+01:00
2017-01-27 20:01:01+01:00,0,SE_3,Unplanned outage,A03,,2017-01-27 19:53:00+01:00,Z3g8gODE3FRMz4zSMFnXag,190.0,Fossil Oil,46WPU0000000023X,SE3,Värtaverket,1,MAW,PT1M,2,2017-01-25 20:00:00+01:00
2017-02-07 18:24:51+01:00,0,SE_3,Unplanned outage,A03,,2017-02-07 21:00:00+01:00,FkaKEUS-D4v_R8560qtNmw,190.0,Fossil Oil,46WPU0000000023X,SE3,Värtaverket,1,MAW,PT1M,1,2017-02-07 18:20:00+01:00
2017-02-08 07:13:30+01:00,0,SE_3,Unplanned outage,A03,,2017-02-08 07:59:00+01:00,UpT5oVFQZcY34Ztxnm2yUA,100.0,Hydro Water Reservoir,46WPU0000000018Q,SE3,Trängslet,1,MAW,PT1M,1,2017-02-08 06:51:00+01:00
2017-03-03 08:06:27+01:00,0,SE_3,Unplanned outage,A03,,2017-03-03 07:57:00+01:00,9QVcvs_7bE_yu13_DwPy-Q,100.0,Hydro Water Reservoir,46WPU0000000018Q,SE3,Trängslet,1,MAW,PT1M,2,2017-03-03 06:40:00+01:00
2017-03-10 10:13:05+01:00,0,SE_3,Unplanned outage,A03,,2017-03-10 14:00:00+01:00,1ugEXkWQrshgKpIWqjk49A,0.0,Fossil Oil,46WPU0000000023X,SE3,Värtaverket,1,MAW,PT1M,1,2017-03-10 10:09:00+01:00
2017-03-10 15:10:31+01:00,0,SE_3,Unplanned outage,A03,,2017-03-10 15:07:00+01:00,C6zF--9ugAhYET1qjqCwtA,0.0,Fossil Oil,46WPU0000000023X,SE3,Värtaverket,1,MAW,PT1M,2,2017-03-10 14:35:00+01:00
2017-03-13 22:59:26+01:00,330,SE_3,Unplanned outage,A03,,2017-03-14 01:45:00+01:00,Awu_VZFNQBSVjtSQrZmO7Q,469.0,Nuclear,46WPU0000000014Y,SE3,Ringhals 4,1,MAW,PT1M,1,2017-03-13 22:45:00+01:00
2017-03-25 03:12:39+01:00,0,SE_3,Unplanned outage,A03,,2017-03-25 03:10:00+01:00,mXUDdeJM6fNtTyAoATLiAw,100.0,Hydro Water Reservoir,46WPU0000000018Q,SE3,Trängslet,1,MAW,PT1M,2,2017-03-25 02:09:00+01:00
2017-04-01 17:17:56+02:00,0,SE_3,Unplanned outage,A03,,2017-04-01 19:00:00+02:00,8bPB5oRdWzO7784oCugOmw,100.0,Hydro Water Reservoir,46WPU0000000018Q,SE3,Trängslet,1,MAW,PT1M,1,2017-04-01 17:10:00+02:00
2017-04-08 07:34:34+02:00,0,SE_3,Unplanned outage,A03,,2017-04-08 07:21:00+02:00,UHcM9mOXvxKnGDUaXvmimQ,473.0,Nuclear,46WPU0000000059C,SE3,Oskarshamn 1,1,MAW,PT1M,3,2017-04-07 09:40:00+02:00
2017-04-20 15:35:10+02:00,0,SE_3,Unplanned outage,A03,,2017-04-21 07:00:00+02:00,spWXa4BIfcret9cLdhqP8A,130.0,Fossil Oil,46WPU0000000023X,SE3,Värtaverket,1,MAW,PT1M,2,2017-04-20 11:10:00+02:00
2017-04-26 00:33:56+02:00,0,SE_3,Unplanned outage,A03,,2017-04-26 06:00:00+02:00,dg78VUXGGpYnTqAjcsDK1A,0.0,Fossil Oil,46WPU0000000023X,SE3,Värtaverket,1,MAW,PT1M,1,2017-04-26 00:30:00+02:00
2017-05-16 23:50:45+02:00,360,SE_3,Unplanned outage,A03,,2017-05-16 23:47:00+02:00,dWbNvsORX_kRLeSCexG6ZQ,560.0,Nuclear,46WPU0000000016U,SE3,Forsmark block 2,1,MAW,PT1M,3,2017-05-16 18:03:00+02:00
2017-05-22 17:18:22+02:00,0,SE_3,Unplanned outage,A03,,2017-05-22 17:08:00+02:00,dNJ9oJdJ1wZSjEQxo9q35g,130.0,Hydro Water Reservoir,46WPU0000000018Q,SE3,Trängslet,1,MAW,PT1M,2,2017-05-22 16:27:00+02:00
2017-05-24 12:41:30+02:00,323,SE_3,Unplanned outage,A03,,2017-05-24 12:27:00+02:00,9_QkeKJSLOx9y0cSBayDqg,469.0,Nuclear,46WPU0000000014Y,SE3,Ringhals 4,1,MAW,PT1M,2,2017-05-24 09:24:00+02:00
2017-05-24 16:12:06+02:00,0,SE_3,Unplanned outage,A03,,2017-05-24 16:06:00+02:00,HGXDtZWqkfEAzhApqPFmLw,100.0,Hydro Water Reservoir,46WPU0000000018Q,SE3,Trängslet,1,MAW,PT1M,3,2017-05-23 16:34:00+02:00
2017-05-30 03:05:05+02:00,0,SE_3,Unplanned outage,A03,,2017-05-30 03:00:00+02:00,X1ArYHyNzHHJiVyR0v4QbA,130.0,Hydro Water Reservoir,46WPU0000000018Q,SE3,Trängslet,1,MAW,PT1M,2,2017-05-30 00:20:00+02:00
2017-06-11 20:52:15+02:00,0,SE_3,Unplanned outage,A03,,2017-06-11 23:00:00+02:00,qOyM-TduhqJc1mFfe1BgeQ,130.0,Hydro Water Reservoir,46WPU0000000018Q,SE3,Trängslet,1,MAW,PT1M,1,2017-06-11 20:38:00+02:00
2017-06-13 15:14:54+02:00,0,SE_3,Unplanned outage,A03,,2017-06-13 15:02:00+02:00,uEdCunz3BhE5IWFkkh3oaA,100.0,Hydro Water Reservoir,46WPU0000000018Q,SE3,Trängslet,1,MAW,PT1M,3,2017-06-13 04:32:00+02:00
2017-06-19 14:57:36+02:00,0,SE_3,Unplanned outage,A03,,2017-06-19 15:00:00+02:00,vB5hCgYHwNp1JzCoqvq4bQ,473.0,Nuclear,46WPU0000000059C,SE3,Oskarshamn 1,1,MAW,PT1M,3,2017-06-17 10:45:00+02:00
2017-06-21 14:42:39+02:00,0,SE_3,Unplanned outage,A03,,2017-06-21 14:37:00+02:00,eerhoAbIVd0opKlfwfo9vQ,130.0,Hydro Water Reservoir,46WPU0000000018Q,SE3,Trängslet,1,MAW,PT1M,3,2017-06-21 10:06:00+02:00
2017-06-28 10:07:49+02:00,0,SE_3,Unplanned outage,A03,,2017-06-29 02:00:00+02:00,TYGOUkGaWKGidReuy4JgQA,531.0,Nuclear,46WPU00000000121,SE3,Ringhals 3,1,MAW,PT1M,3,2017-06-27 10:25:00+02:00
2017-07-14 07:14:50+02:00,0,SE_3,Unplanned outage,A03,,2017-07-14 10:00:00+02:00,w46r3sZMGlXk-0BkjBL3CA,531.0,Nuclear,46WPU00000000121,SE3,Ringhals 3,1,MAW,PT1M,7,2017-06-29 16:32:00+02:00
2019-12-16 09:54:25+01:00,0,SE_3,Unplanned outage,A03,,2017-04-15 16:30:00+02:00,jCPUeuRp96sawb06suJBww,100.0,Hydro Water Reservoir,46WPU0000000018Q,SE3,Trängslet,1,MAW,PT15M,1,2017-04-15 16:15:00+02:00
2017-08-13 00:52:47+02:00,0,SE_3,Unplanned outage,A03,,2017-08-13 04:00:00+02:00,34iq4nTjlYhammFIRlchdQ,130.0,Hydro Water Reservoir,46WPU0000000018Q,SE3,Trängslet,1,MAW,PT1M,1,2017-08-13 00:00:00+02:00
2017-08-21 17:11:52+02:00,0,SE_3,Unplanned outage,A03,,2017-08-21 19:00:00+02:00,nkS6qQd6DLgFv1ugiAXzQA,130.0,Hydro Water Reservoir,46WPU0000000018Q,SE3,Trängslet,1,MAW,PT1M,1,2017-08-21 16:53:00+02:00
2017-08-23 06:58:06+02:00,0,SE_3,Unplanned outage,A03,,2017-08-23 06:52:00+02:00,hvH_NPDmFF833rqiKLy9Ng,100.0,Hydro Water Reservoir,46WPU0000000018Q,SE3,Trängslet,1,MAW,PT1M,2,2017-08-23 05:30:00+02:00
2017-09-06 13:20:49+02:00,0,SE_3,Unplanned outage,A03,,2017-09-06 15:00:00+02:00,B6dMCVilNXn3Mba_Uu0J1g,0.0,Fossil Oil,46WPU0000000023X,SE3,Värtaverket,1,MAW,PT1M,4,2017-09-05 16:50:00+02:00
2017-09-08 14:41:47+02:00,0,SE_3,Unplanned outage,A03,,2017-09-09 21:00:00+02:00,cOs6205yA3qUHJfsqutZvA,0.0,Fossil Oil,46WPU0000000023X,SE3,Värtaverket,1,MAW,PT1M,3,2017-09-06 15:00:00+02:00
2017-09-11 16:42:56+02:00,0,SE_3,Unplanned outage,A03,,2017-09-11 22:00:00+02:00,L3BWhrIYUNS5ERUTnqepKQ,0.0,Fossil Oil,46WPU0000000023X,SE3,Värtaverket,1,MAW,PT1M,2,2017-09-11 00:00:00+02:00
2017-09-28 22:48:48+02:00,0,SE_3,Unplanned outage,A03,,2017-09-28 23:59:00+02:00,uGq3YcDeGF33heB4Yc_cbg,433.0,Nuclear,46WPU00000000113,SE3,Ringhals 2,1,MAW,PT1M,4,2017-09-28 08:40:00+02:00
2017-09-30 13:32:04+02:00,0,SE_3,Unplanned outage,A03,,2017-09-30 17:00:00+02:00,NEVYnonS1Y0vagSN3cajUw,0.0,Fossil Oil,46WPU0000000023X,SE3,Värtaverket,1,MAW,PT1M,2,2017-09-30 11:37:00+02:00
2017-10-03 17:28:05+02:00,0,SE_3,Unplanned outage,A03,,2017-10-03 19:00:00+02:00,Nu2oILblsouPl7ptyZL9VQ,100.0,Hydro Water Reservoir,46WPU0000000018Q,SE3,Trängslet,1,MAW,PT1M,1,2017-10-03 17:17:00+02:00
2017-10-13 07:25:55+02:00,0,SE_3,Unplanned outage,A03,,2017-10-13 07:30:00+02:00,IT_3z7QHmrE_FJ5NqrDqhQ,130.0,Fossil Oil,46WPU0000000023X,SE3,Värtaverket,1,MAW,PT1M,3,2017-10-11 09:45:00+02:00
2017-10-14 00:45:45+02:00,0,SE_3,Unplanned outage,A03,,2017-10-14 01:00:00+02:00,KqE53Z3tcjE46seLczeDpA,531.0,Nuclear,46WPU00000000121,SE3,Ringhals 3,1,MAW,PT1M,10,2017-09-28 10:38:00+02:00
2017-10-20 09:17:03+02:00,0,SE_3,Unplanned outage,A03,,2017-10-20 09:01:00+02:00,P37RRMJO1oRuhon0HHQvpg,1400.0,Nuclear,46WPU0000000061P,SE3,Oskarshamn 3,1,MAW,PT1M,6,2017-10-19 09:45:00+02:00
2017-10-23 06:17:35+02:00,0,SE_3,Unplanned outage,A03,,2017-10-23 06:02:00+02:00,jcO-3awJmI0VDru5CwF6eQ,1400.0,Nuclear,46WPU0000000061P,SE3,Oskarshamn 3,1,MAW,PT1M,5,2017-10-20 10:15:00+02:00
2017-10-23 23:45:16+02:00,310,SE_3,Unplanned outage,A03,,2017-10-24 03:00:00+02:00,Nv7_oBAyYGFT5_1kq3krfA,531.0,Nuclear,46WPU00000000121,SE3,Ringhals 3,1,MAW,PT1M,2,2017-10-23 21:50:00+02:00
2017-10-27 13:20:40+02:00,323,SE_3,Unplanned outage,A03,,2017-10-27 13:00:00+02:00,wujQcJWxKnfunYBOokMkYw,469.0,Nuclear,46WPU0000000014Y,SE3,Ringhals 4,1,MAW,PT1M,2,2017-10-27 11:00:00+02:00
2017-10-27 13:36:26+02:00,740,SE_3,Unplanned outage,A03,,2017-10-27 14:00:00+02:00,1fXvJREfKWbnG2mqBkHSqQ,1400.0,Nuclear,46WPU0000000061P,SE3,Oskarshamn 3,1,MAW,PT1M,2,2017-10-25 16:00:00+02:00
2017-10-28 04:24:17+02:00,0,SE_3,Unplanned outage,A03,,2017-10-28 12:00:00+02:00,89lPQwCPgn3Ae0UeW_SmhA,130.0,Hydro Water Reservoir,46WPU0000000018Q,SE3,Trängslet,1,MAW,PT1M,3,2017-10-28 00:10:00+02:00
2017-10-31 13:27:02+01:00,0,SE_3,Unplanned outage,A03,,2017-11-01 13:00:00+01:00,6HO8KhRP0B3Mt-OEQ1MccA,100.0,Hydro Water Reservoir,46WPU0000000018Q,SE3,Trängslet,1,MAW,PT1M,4,2017-10-31 06:49:00+01:00
2017-11-17 00:45:57+01:00,0,SE_3,Unplanned outage,A03,,2017-11-17 03:00:00+01:00,YzZ6j8eLDfgpkImIGXjCXg,130.0,Fossil Oil,46WPU0000000023X,SE3,Värtaverket,1,MAW,PT1M,3,2017-11-16 16:45:00+01:00
2017-11-17 11:10:33+01:00,340,SE_3,Unplanned outage,A03,,2017-11-17 11:30:00+01:00,cb7hCDw1uTIVJdq6M_jaGA,531.0,Nuclear,46WPU00000000121,SE3,Ringhals 3,1,MAW,PT1M,2,2017-11-17 08:00:00+01:00
2017-11-21 22:33:28+01:00,0,SE_3,Unplanned outage,A03,,2017-11-21 23:59:00+01:00,JbMrnzqRVhzU0HYlDAvAFg,130.0,Hydro Water Reservoir,46WPU0000000018Q,SE3,Trängslet,1,MAW,PT1M,1,2017-11-21 22:13:00+01:00
2017-11-23 17:04:04+01:00,0,SE_3,Unplanned outage,A03,,2017-11-23 16:58:00+01:00,AXA3Dtt9DAD616HOhgBQ5w,0.0,Fossil Oil,46WPU0000000023X,SE3,Värtaverket,1,MAW,PT1M,2,2017-11-23 15:40:00+01:00
2017-11-26 01:44:38+01:00,0,SE_3,Unplanned outage,A03,,2017-11-26 10:00:00+01:00,CeSHunhax6VTxKi76QJevA,130.0,Fossil Oil,46WPU0000000023X,SE3,Värtaverket,1,MAW,PT1M,6,2017-11-25 04:00:00+01:00
2017-11-28 02:40:48+01:00,0,SE_3,Unplanned outage,A03,,2017-11-28 02:03:00+01:00,MSOuq7XJTMiJkpJwVD1hxg,1400.0,Nuclear,46WPU0000000061P,SE3,Oskarshamn 3,1,MAW,PT1M,4,2017-11-19 18:00:00+01:00
2017-11-29 04:45:18+01:00,90,SE_3,Unplanned outage,A03,,2017-11-29 08:00:00+01:00,F1FdiFzwNJ1uYHrPjJBpXQ,469.0,Nuclear,46WPU0000000014Y,SE3,Ringhals 4,1,MAW,PT1M,2,2017-11-28 19:40:00+01:00
2017-11-30 14:01:46+01:00,0,SE_3,Unplanned outage,A03,,2017-11-30 13:57:00+01:00,twUR6l1cFNgNdKYzoRM0XA,130.0,Hydro Water Reservoir,46WPU0000000018Q,SE3,Trängslet,1,MAW,PT1M,2,2017-11-30 13:00:00+01:00
2017-12-02 09:34:30+01:00,300,SE_3,Unplanned outage,A03,,2017-12-02 14:00:00+01:00,Xt2Hqem-t334aa61I6rRkg,531.0,Nuclear,46WPU00000000121,SE3,Ringhals 3,1,MAW,PT1M,1,2017-12-02 09:04:00+01:00
2017-12-04 14:44:19+01:00,0,SE_3,Unplanned outage,A03,,2017-12-04 14:40:00+01:00,lsxQFlnuJyFjG4QZT3OklA,0.0,Fossil Oil,46WPU0000000023X,SE3,Värtaverket,1,MAW,PT1M,2,2017-12-04 10:50:00+01:00
2017-12-23 07:25:40+01:00,331,SE_3,Unplanned outage,A03,,2017-12-23 07:30:00+01:00,PZQBsCAtDYdU7j6iWgkrbg,469.0,Nuclear,46WPU0000000014Y,SE3,Ringhals 4,1,MAW,PT30M,2,2017-12-23 07:00:00+01:00
2017-12-27 10:01:40+01:00,320,SE_3,Unplanned outage,A03,,2017-12-27 09:52:00+01:00,jFWaYb3zQrn1EJT60l02LQ,531.0,Nuclear,46WPU00000000121,SE3,Ringhals 3,1,MAW,PT1M,3,2017-12-27 09:45:00+01:00
2017-12-28 11:20:01+01:00,0,SE_3,Unplanned outage,A03,,2017-12-23 20:30:00+01:00,5h8kXw7e6R2s06EZJf8v7g,130.0,Fossil Oil,46WPU0000000023X,SE3,Värtaverket,1,MAW,PT1M,13,2017-12-23 20:20:00+01:00
2018-01-03 16:29:06+01:00,0,SE_3,Unplanned outage,A03,,2018-01-03 22:00:00+01:00,oB7fCpYLuOzj8hN6887Ekg,130.0,Fossil Oil,46WPU0000000023X,SE3,Värtaverket,1,MAW,PT60M,5,2018-01-01 03:00:00+01:00
2018-01-04 11:46:38+01:00,0,SE_3,Unplanned outage,A03,,2018-01-12 16:00:00+01:00,yNiMPGiFIL4hep7Y605E4w,190.0,Fossil Oil,46WPU0000000023X,SE3,Värtaverket,1,MAW,PT60M,1,2018-01-08 07:00:00+01:00
2018-01-04 18:25:18+01:00,331,SE_3,Unplanned outage,A03,,2018-01-04 18:00:00+01:00,rU-5l8U-OKpt2t-gsQDLQw,469.0,Nuclear,46WPU0000000014Y,SE3,Ringhals 4,1,MAW,PT60M,2,2018-01-04 15:00:00+01:00
2018-01-09 14:34:56+01:00,337,SE_3,Unplanned outage,A03,,2018-01-09 12:00:00+01:00,iyLDaUUv0M905tnF3SwpbQ,531.0,Nuclear,46WPU00000000121,SE3,Ringhals 3,1,MAW,PT15M,2,2018-01-09 11:45:00+01:00
2018-01-15 14:13:00+01:00,0,SE_3,Unplanned outage,A03,,2018-01-15 03:00:00+01:00,mj6n6ooH3HZOdNrJlO3gBw,190.0,Fossil Oil,46WPU0000000023X,SE3,Värtaverket,1,MAW,PT30M,2,2018-01-15 02:30:00+01:00
2018-01-28 16:50:19+01:00,335,SE_3,Unplanned outage,A03,,2018-01-28 16:42:00+01:00,R9UVD86GbkOVjvT_XJ4Cfg,531.0,Nuclear,46WPU00000000121,SE3,Ringhals 3,1,MAW,PT1M,2,2018-01-28 16:30:00+01:00
2018-02-05 13:25:58+01:00,346,SE_3,Unplanned outage,A03,,2018-02-05 12:00:00+01:00,KqxTykxoiT7DSDjrICYsJw,469.0,Nuclear,46WPU0000000014Y,SE3,Ringhals 4,1,MAW,PT60M,2,2018-02-05 10:00:00+01:00
2018-02-06 09:23:08+01:00,320,SE_3,Unplanned outage,A03,,2018-02-06 05:30:00+01:00,7rexD5IIbv2EaMpL6TEU7Q,531.0,Nuclear,46WPU00000000121,SE3,Ringhals 3,1,MAW,PT15M,2,2018-02-06 05:15:00+01:00
2018-02-08 03:01:59+01:00,313,SE_3,Unplanned outage,A03,,2018-02-08 00:15:00+01:00,mlSAGXPyiAyJACRDPCvaUQ,469.0,Nuclear,46WPU0000000014Y,SE3,Ringhals 4,1,MAW,PT1M,2,2018-02-08 00:02:00+01:00
2018-02-14 07:32:19+01:00,320,SE_3,Unplanned outage,A03,,2018-02-14 08:00:00+01:00,87tsQl8CB1NwTbSuJlut8A,531.0,Nuclear,46WPU00000000121,SE3,Ringhals 3,1,MAW,PT30M,1,2018-02-14 07:30:00+01:00
2018-02-16 11:39:07+01:00,320,SE_3,Unplanned outage,A03,,2018-02-16 10:00:00+01:00,wCpsdM6DcMtZ_j_qnaul2g,531.0,Nuclear,46WPU00000000121,SE3,Ringhals 3,1,MAW,PT30M,1,2018-02-16 09:30:00+01:00
2018-02-16 12:18:09+01:00,331,SE_3,Unplanned outage,A03,,2018-02-16 15:00:00+01:00,-v8b--B8rx3IKH_TQAMZ1w,469.0,Nuclear,46WPU0000000014Y,SE3,Ringhals 4,1,MAW,PT60M,2,2018-02-16 12:00:00+01:00
2018-02-16 22:26:38+01:00,0,SE_3,Unplanned outage,A03,,2018-02-16 04:15:00+01:00,7h_RH9ervfn6MFvOu3yNgQ,439.0,Nuclear,46WPU00000000105,SE3,Ringhals 1,1,MAW,PT1M,3,2018-02-16 04:12:00+01:00
2018-02-20 00:50:43+01:00,0,SE_3,Unplanned outage,A03,,2018-02-20 00:45:00+01:00,o1L91FR8zO9Hz7HZ1GiYMg,130.0,Fossil Oil,46WPU0000000023X,SE3,Värtaverket,1,MAW,PT15M,3,2018-02-20 00:30:00+01:00
2018-02-20 14:51:50+01:00,331,SE_3,Unplanned outage,A03,,2018-02-20 18:30:00+01:00,iywTHiCARcY0Eir1Reyxcg,469.0,Nuclear,46WPU0000000014Y,SE3,Ringhals 4,1,MAW,PT30M,1,2018-02-20 18:00:00+01:00
2018-02-20 14:56:37+01:00,331,SE_3,Unplanned outage,A03,,2018-02-20 13:00:00+01:00,ROzApi3Qo8fIbL9Edx179w,469.0,Nuclear,46WPU0000000014Y,SE3,Ringhals 4,1,MAW,PT60M,3,2018-02-20 10:00:00+01:00
2018-02-22 14:51:49+01:00,0,SE_3,Unplanned outage,A03,,2018-02-21 10:00:00+01:00,PaYaqIMF0Pijb3uXd09SVA,130.0,Fossil Oil,46WPU0000000023X,SE3,Värtaverket,1,MAW,PT15M,3,2018-02-21 09:45:00+01:00
2018-02-24 10:31:22+01:00,0,SE_3,Unplanned outage,A03,,2018-02-24 10:26:00+01:00,t4DEp0mAb1eNOCxlA3yxgQ,190.0,Fossil Oil,46WPU0000000023X,SE3,Värtaverket,1,MAW,PT1M,10,2018-02-24 10:15:00+01:00
2018-02-27 22:12:38+01:00,0,SE_3,Unplanned outage,A03,,2018-02-27 22:06:00+01:00,2jOGY6EYzOE1TOAmbHA6EA,120.0,Fossil Oil,46WPU0000000023X,SE3,Värtaverket,1,MAW,PT1M,7,2018-02-27 22:00:00+01:00
2018-02-28 15:00:08+01:00,0,SE_3,Unplanned outage,A03,,2018-02-28 10:30:00+01:00,gQ9pYRQSmKdM7qWv76rrYA,190.0,Fossil Oil,46WPU0000000023X,SE3,Värtaverket,1,MAW,PT1M,3,2018-02-28 10:26:00+01:00
2018-03-01 06:16:38+01:00,0,SE_3,Unplanned outage,A03,,2018-03-01 06:30:00+01:00,OpA3jtAyvGxqqwo7HhjS4Q,190.0,Fossil Oil,46WPU0000000023X,SE3,Värtaverket,1,MAW,PT15M,1,2018-03-01 06:15:00+01:00
2018-03-01 11:30:09+01:00,0,SE_3,Unplanned outage,A03,,2018-03-01 11:30:00+01:00,GIhz7lIEw00mZIH2L0Dlqw,190.0,Fossil Oil,46WPU0000000023X,SE3,Värtaverket,1,MAW,PT1M,1,2018-03-01 11:23:00+01:00
2018-03-27 00:11:03+02:00,320,SE_3,Unplanned outage,A03,,2018-03-27 11:00:00+02:00,D0Fyv0isaFpL0J0F-PCkXg,531.0,Nuclear,46WPU00000000121,SE3,Ringhals 3,1,MAW,PT60M,1,2018-03-27 05:00:00+02:00
2018-03-29 00:32:48+02:00,0,SE_3,Unplanned outage,A03,,2018-03-29 02:00:00+02:00,je7QLejOQdlYwvoT0fpVqQ,469.0,Nuclear,46WPU0000000014Y,SE3,Ringhals 4,1,MAW,PT60M,2,2018-03-28 18:00:00+02:00
2018-04-01 14:17:59+02:00,331,SE_3,Unplanned outage,A03,,2018-04-01 19:00:00+02:00,jyNUg0Ppg9WAR3Nhy8iAqg,469.0,Nuclear,46WPU0000000014Y,SE3,Ringhals 4,1,MAW,PT60M,2,2018-04-01 14:00:00+02:00
2018-04-02 23:02:28+02:00,452,SE_3,Unplanned outage,A03,,2018-04-02 02:00:00+02:00,ZNYVL46AKtwZmxUobsPYzA,469.0,Nuclear,46WPU0000000014Y,SE3,Ringhals 4,1,MAW,PT15M,5,2018-04-02 01:45:00+02:00
2018-04-04 03:44:47+02:00,452,SE_3,Unplanned outage,A03,,2018-04-04 06:00:00+02:00,9oZ8EPe1OGZD8C5rqzOK0w,469.0,Nuclear,46WPU0000000014Y,SE3,Ringhals 4,1,MAW,PT60M,4,2018-04-03 16:00:00+02:00
2018-04-30 08:12:01+02:00,320,SE_3,Unplanned outage,A03,,2018-04-30 14:00:00+02:00,LKKcnW6A4bpN1XgoYyKgCw,531.0,Nuclear,46WPU00000000121,SE3,Ringhals 3,1,MAW,PT60M,1,2018-04-30 12:00:00+02:00
2018-05-24 09:48:46+02:00,331,SE_3,Unplanned outage,A03,,2018-04-16 11:40:00+02:00,d7-5Qbnj1_3ORXO542Dd2w,469.0,Nuclear,46WPU0000000014Y,SE3,Ringhals 4,1,MAW,PT1M,2,2018-04-16 11:30:00+02:00
2018-05-24 09:55:28+02:00,0,SE_3,Unplanned outage,A03,,2018-05-09 09:00:00+02:00,B0sI8QHgjxaLNlYSgBVycg,100.0,Hydro Water Reservoir,46WPU0000000018Q,SE3,Trängslet,1,MAW,PT30M,2,2018-05-09 08:30:00+02:00
2018-05-24 09:55:41+02:00,0,SE_3,Unplanned outage,A03,,2018-05-10 21:30:00+02:00,56l24sXr5mOCaC1MfprYeA,100.0,Hydro Water Reservoir,46WPU0000000018Q,SE3,Trängslet,1,MAW,PT30M,2,2018-05-10 21:00:00+02:00
2018-05-24 09:58:50+02:00,0,SE_3,Unplanned outage,A03,,2018-05-22 11:00:00+02:00,IFPTVnuAqrj_feuHIeVlTQ,100.0,Hydro Water Reservoir,46WPU0000000018Q,SE3,Trängslet,1,MAW,PT60M,6,2018-05-13 23:00:00+02:00
2018-05-24 10:00:21+02:00,0,SE_3,Unplanned outage,A03,,2018-05-24 08:27:00+02:00,fH_3KKvXioPyPVIyesnMlQ,100.0,Hydro Water Reservoir,46WPU0000000018Q,SE3,Trängslet,1,MAW,PT1M,2,2018-05-24 08:15:00+02:00
2018-05-28 05:16:24+02:00,0,SE_3,Unplanned outage,A03,,2018-05-28 05:14:00+02:00,tIIe1m0MQqEbNqFyPHowIQ,100.0,Hydro Water Reservoir,46WPU0000000018Q,SE3,Trängslet,1,MAW,PT1M,2,2018-05-28 05:00:00+02:00
2018-06-04 12:56:54+02:00,300,SE_3,Unplanned outage,A03,,2018-06-04 12:30:00+02:00,DzcElccVQ7G5OFSfdFY8hA,439.0,Nuclear,46WPU00000000105,SE3,Ringhals 1,1,MAW,PT30M,2,2018-06-04 12:00:00+02:00
2018-06-10 16:50:24+02:00,0,SE_3,Unplanned outage,A03,,2018-06-10 16:15:00+02:00,mWCedTExrg9zRHXFYTAC2Q,100.0,Hydro Water Reservoir,46WPU0000000018Q,SE3,Trängslet,1,MAW,PT1M,2,2018-06-10 16:10:00+02:00
2018-06-15 09:56:34+02:00,300,SE_3,Unplanned outage,A03,,2018-06-15 12:00:00+02:00,gtZpXsT060lgfXpA3QeAwg,439.0,Nuclear,46WPU00000000105,SE3,Ringhals 1,1,MAW,PT60M,1,2018-06-15 11:00:00+02:00
2018-06-16 06:25:05+02:00,970,SE_3,Unplanned outage,A03,,2018-06-16 06:00:00+02:00,Xa7SvNWE-4PT3-F6rhLaHw,1167.0,Nuclear,46WPU0000000017S,SE3,Forsmark block 3,1,MAW,PT60M,2,2018-06-15 17:00:00+02:00
2018-06-16 16:54:24+02:00,341,SE_3,Unplanned outage,A03,,2018-06-16 19:00:00+02:00,3rhkWy0kcwHDrxelxabpjg,439.0,Nuclear,46WPU00000000105,SE3,Ringhals 1,1,MAW,PT60M,1,2018-06-16 18:00:00+02:00
2018-06-19 07:10:12+02:00,0,SE_3,Unplanned outage,A03,,2018-06-19 08:00:00+02:00,1mImVktq7e8eneJyRSfVpw,100.0,Hydro Water Reservoir,46WPU0000000018Q,SE3,Trängslet,1,MAW,PT30M,1,2018-06-19 07:30:00+02:00
2018-06-27 15:15:54+02:00,0,SE_3,Unplanned outage,A03,,2018-06-27 21:00:00+02:00,CA-NFXYjPNJzLa8txkOZkQ,439.0,Nuclear,46WPU00000000105,SE3,Ringhals 1,1,MAW,PT60M,5,2018-06-26 00:00:00+02:00
2018-10-22 14:28:18+02:00,0,SE_3,Unplanned outage,A03,,2018-03-16 13:45:00+01:00,IP4OQ39ys_7ZKJjRU6gtcQ,120.0,Fossil Peat,46WPU0000000055K,SE3,Uppsala KVV,1,MAW,PT1M,13,2018-03-16 13:35:00+01:00
2018-07-22 08:37:26+02:00,1230,SE_3,Unplanned outage,A03,,2018-07-22 09:00:00+02:00,uL6bJyAttftavtsmCxWzRw,1400.0,Nuclear,46WPU0000000061P,SE3,Oskarshamn 3,1,MAW,PT30M,2,2018-07-22 08:30:00+02:00
2018-07-26 05:06:54+02:00,0,SE_3,Unplanned outage,A03,,2018-07-26 05:00:00+02:00,9Io7S3LkdO0S9wDVNyOKPw,100.0,Hydro Water Reservoir,46WPU0000000018Q,SE3,Trängslet,1,MAW,PT60M,2,2018-07-26 04:00:00+02:00
2018-07-29 13:24:14+02:00,0,SE_3,Unplanned outage,A03,,2018-07-29 13:30:00+02:00,yDOTQ-hhRhI1Z-633ZBQdA,100.0,Hydro Water Reservoir,46WPU0000000018Q,SE3,Trängslet,1,MAW,PT15M,1,2018-07-29 13:15:00+02:00
2018-07-29 13:27:24+02:00,0,SE_3,Unplanned outage,A03,,2018-07-29 15:00:00+02:00,sEzPKe6xwDBg5eAQfAbnnw,100.0,Hydro Water Reservoir,46WPU0000000018Q,SE3,Trängslet,1,MAW,PT60M,1,2018-07-29 14:00:00+02:00
2018-07-29 13:28:34+02:00,0,SE_3,Unplanned outage,A03,,2018-07-29 13:30:00+02:00,W_j0Nhvt_UcesUykG1ABVg,130.0,Hydro Water Reservoir,46WPU0000000018Q,SE3,Trängslet,1,MAW,PT15M,1,2018-07-29 13:15:00+02:00
2018-07-30 15:43:35+02:00,1130,SE_3,Unplanned outage,A03,,2018-07-29 17:30:00+02:00,PaLj6WZD_p2HVZh_W684gQ,1400.0,Nuclear,46WPU0000000061P,SE3,Oskarshamn 3,1,MAW,PT15M,3,2018-07-29 17:15:00+02:00
2018-08-13 11:08:01+02:00,1250,SE_3,Unplanned outage,A03,,2018-08-13 11:30:00+02:00,EirlC_LZJgdGwuTxjpsITQ,1400.0,Nuclear,46WPU0000000061P,SE3,Oskarshamn 3,1,MAW,PT15M,2,2018-08-13 11:15:00+02:00
2018-09-11 18:02:35+02:00,0,SE_3,Unplanned outage,A03,,2018-09-11 17:57:00+02:00,peFUD5n7IzYxLFAwcaPIRQ,130.0,Hydro Water Reservoir,46WPU0000000018Q,SE3,Trängslet,1,MAW,PT1M,2,2018-09-11 17:45:00+02:00
2018-09-27 11:32:17+02:00,1300,SE_3,Unplanned outage,A03,,2018-09-27 07:00:00+02:00,4tvFQHsy4IoiWmHYmMl_rQ,1400.0,Nuclear,46WPU0000000061P,SE3,Oskarshamn 3,1,MAW,PT15M,2,2018-09-27 06:45:00+02:00
2018-09-30 19:50:18+02:00,0,SE_3,Unplanned outage,A03,,2018-09-30 20:00:00+02:00,BaEYSGdxwvTEwK_L7wwd4w,130.0,Fossil Oil,46WPU0000000023X,SE3,Värtaverket,1,MAW,PT60M,2,2018-09-27 11:00:00+02:00
2018-10-11 23:07:46+02:00,0,SE_3,Unplanned outage,A03,,2018-10-04 03:00:00+02:00,TW6u5Q-j6L0A_ZdvVkNTTQ,1400.0,Nuclear,46WPU0000000061P,SE3,Oskarshamn 3,1,MAW,PT30M,10,2018-10-04 02:30:00+02:00
2018-10-24 12:08:10+02:00,0,SE_3,Unplanned outage,A03,,2018-10-24 18:00:00+02:00,Tqeji3dMhRx9xvzriHkS8g,130.0,Fossil Oil,46WPU0000000023X,SE3,Värtaverket,1,MAW,PT60M,2,2018-10-24 09:00:00+02:00
2018-10-26 05:37:37+02:00,0,SE_3,Unplanned outage,A03,,2018-10-25 08:00:00+02:00,wxwIeKb5T0IieHvhDfuQlA,130.0,Fossil Oil,46WPU0000000023X,SE3,Värtaverket,1,MAW,PT1M,4,2018-10-25 07:55:00+02:00
2018-11-02 23:59:40+01:00,0,SE_3,Unplanned outage,A03,,2018-11-02 23:00:00+01:00,uupJ-In7gyW41eAYinzU4g,130.0,Fossil Oil,46WPU0000000023X,SE3,Värtaverket,1,MAW,PT60M,8,2018-10-31 03:00:00+01:00
2018-11-03 10:48:20+01:00,0,SE_3,Unplanned outage,A03,,2018-11-04 01:00:00+01:00,1-x302d4UiQ6JH8l_1DdZg,130.0,Fossil Oil,46WPU0000000023X,SE3,Värtaverket,1,MAW,PT60M,2,2018-11-03 03:00:00+01:00
2018-11-09 13:10:21+01:00,0,SE_3,Unplanned outage,A03,,2018-11-07 18:00:00+01:00,i8n6g1MICV5B2vT8_vWE-Q,130.0,Fossil Oil,46WPU0000000023X,SE3,Värtaverket,1,MAW,PT1M,5,2018-11-07 17:48:00+01:00
2018-11-24 03:25:49+01:00,0,SE_3,Unplanned outage,A03,,2018-11-22 23:45:00+01:00,GIKsonoGirEWKuz0EaLrfQ,130.0,Fossil Oil,46WPU0000000023X,SE3,Värtaverket,1,MAW,PT1M,5,2018-11-22 23:44:00+01:00
2018-11-28 19:29:53+01:00,0,SE_3,Unplanned outage,A03,,2018-11-28 19:25:00+01:00,NJL1nIgGE-0DvU5vFMEIsQ,130.0,Fossil Oil,46WPU0000000023X,SE3,Värtaverket,1,MAW,PT1M,7,2018-11-28 19:15:00+01:00
2018-12-02 11:36:20+01:00,0,SE_3,Unplanned outage,A03,,2018-11-29 16:30:00+01:00,CB2XWgEsWPZIleqrwxJnCg,469.0,Nuclear,46WPU0000000014Y,SE3,Ringhals 4,1,MAW,PT1M,4,2018-11-29 16:18:00+01:00
2018-12-03 18:45:47+01:00,0,SE_3,Unplanned outage,A03,,2018-12-03 20:00:00+01:00,BO7onbO47VNRz3Z85h9TPA,469.0,Nuclear,46WPU0000000014Y,SE3,Ringhals 4,1,MAW,PT60M,2,2018-12-03 15:00:00+01:00
2018-12-14 21:08:25+01:00,0,SE_3,Unplanned outage,A03,,2018-12-14 20:30:00+01:00,xkDKJo-rENkhELN4s4zupg,130.0,Hydro Water Reservoir,46WPU0000000018Q,SE3,Trängslet,1,MAW,PT15M,1,2018-12-14 20:15:00+01:00
2018-12-18 07:44:23+01:00,0,SE_3,Unplanned outage,A03,,2018-12-18 07:45:00+01:00,OB3DcStAaSCRzk8ehY909Q,190.0,Fossil Oil,46WPU0000000023X,SE3,Värtaverket,1,MAW,PT1M,1,2018-12-18 07:35:00+01:00
2018-12-26 20:41:53+01:00,0,SE_3,Unplanned outage,A03,,2018-12-26 20:00:00+01:00,orca9A_s7xfGYT_FH82jmA,433.0,Nuclear,46WPU00000000113,SE3,Ringhals 2,1,MAW,PT60M,4,2018-12-21 20:00:00+01:00
2018-12-29 11:18:12+01:00,0,SE_3,Unplanned outage,A03,,2018-12-29 10:59:00+01:00,T10YF5zIlpZjoiBH4OymHg,432.0,Nuclear,46WPU00000000113,SE3,Ringhals 2,1,MAW,PT1M,2,2018-12-29 10:45:00+01:00
2019-01-01 23:18:51+01:00,0,SE_3,Unplanned outage,A03,,2019-01-01 00:15:00+01:00,ZBlYBi17pA1ulfUMwuuf_Q,100.0,Hydro Water Reservoir,46WPU0000000018Q,SE3,Trängslet,1,MAW,PT1M,1,2019-01-01 00:13:00+01:00
2019-01-02 07:12:52+01:00,0,SE_3,Unplanned outage,A03,,2019-01-02 07:09:00+01:00,stjtShPQ-XcAr3_3w9zUmQ,100.0,Hydro Water Reservoir,46WPU0000000018Q,SE3,Trängslet,1,MAW,PT1M,2,2019-01-02 07:00:00+01:00
2019-01-04 20:35:16+01:00,0,SE_3,Unplanned outage,A03,,2019-01-04 21:30:00+01:00,FsdOAV8qUJXiNTk2BB67fg,120.0,Fossil Oil,46WPU0000000023X,SE3,Värtaverket,1,MAW,PT30M,1,2019-01-04 20:30:00+01:00
2019-01-14 12:27:38+01:00,0,SE_3,Unplanned outage,A03,,2019-01-14 12:30:00+01:00,VzUJC2oe68e3h1Myt2x_GA,190.0,Fossil Oil,46WPU0000000023X,SE3,Värtaverket,1,MAW,PT1M,1,2019-01-14 12:20:00+01:00
2019-01-14 15:23:48+01:00,0,SE_3,Unplanned outage,A03,,2019-01-14 17:00:00+01:00,gzmBXzAD-DcQdGCW7HeKjg,190.0,Fossil Oil,46WPU0000000023X,SE3,Värtaverket,1,MAW,PT60M,1,2019-01-14 16:00:00+01:00
2019-01-15 11:52:59+01:00,0,SE_3,Unplanned outage,A03,,2019-01-15 11:46:00+01:00,FKHvH7V_ar4bje9yfDwaaw,190.0,Fossil Oil,46WPU0000000023X,SE3,Värtaverket,1,MAW,PT1M,2,2019-01-15 11:45:00+01:00
2019-01-17 08:25:52+01:00,0,SE_3,Unplanned outage,A03,,2019-01-17 00:00:00+01:00,NFb00Tqyw25T5ijGO3u-DA,190.0,Fossil Oil,46WPU0000000023X,SE3,Värtaverket,1,MAW,PT1M,4,2019-01-16 23:56:00+01:00
2019-01-24 00:07:10+01:00,450,SE_3,Unplanned outage,A03,,2019-01-23 16:15:00+01:00,mq9i_2JuSv-wliSrGQrlqQ,1400.0,Nuclear,46WPU0000000061P,SE3,Oskarshamn 3,1,MAW,PT1M,3,2019-01-23 16:06:00+01:00
2019-01-27 16:54:05+01:00,0,SE_3,Unplanned outage,A03,,2019-01-27 22:00:00+01:00,A88GGDuYKk6tWRf_BBsfXg,190.0,Fossil Oil,46WPU0000000023X,SE3,Värtaverket,1,MAW,PT60M,5,2019-01-25 22:00:00+01:00
2019-02-08 10:43:07+01:00,0,SE_3,Unplanned outage,A03,,2019-02-08 08:00:00+01:00,9fXpStjWzamtM7NY1UTLHQ,100.0,Hydro Water Reservoir,46WPU0000000018Q,SE3,Trängslet,1,MAW,PT1M,3,2019-02-08 07:50:00+01:00
2019-02-09 21:39:13+01:00,0,SE_3,Unplanned outage,A03,,2019-02-08 18:00:00+01:00,QASm2vyvNChwGBr0MNs2DQ,130.0,Fossil Oil,46WPU0000000023X,SE3,Värtaverket,1,MAW,PT30M,6,2019-02-08 17:30:00+01:00
2019-02-18 08:15:52+01:00,0,SE_3,Unplanned outage,A03,,2019-02-18 08:00:00+01:00,Ef3CRrjuaktwjzld6B_tKQ,100.0,Hydro Water Reservoir,46WPU0000000018Q,SE3,Trängslet,1,MAW,PT30M,2,2019-02-18 07:30:00+01:00
2019-02-25 17:22:15+01:00,0,SE_3,Unplanned outage,A03,,2019-02-25 06:15:00+01:00,kYlVv-j39JO61qFkFiBSVw,100.0,Hydro Water Reservoir,46WPU0000000018Q,SE3,Trängslet,1,MAW,PT1M,5,2019-02-25 06:10:00+01:00
2019-03-18 04:52:46+01:00,0,SE_3,Unplanned outage,A03,,2019-03-18 05:00:00+01:00,JD3UtVMvp7rurXcXGIZBGw,100.0,Hydro Water Reservoir,46WPU0000000018Q,SE3,Trängslet,1,MAW,PT1M,1,2019-03-18 04:48:00+01:00
2019-03-30 07:57:56+01:00,0,SE_3,Unplanned outage,A03,,2019-03-30 15:00:00+01:00,_YC2qQ60aKFBUeIUkoE7Ww,130.0,Fossil Oil,46WPU0000000023X,SE3,Värtaverket,1,MAW,PT60M,3,2019-03-28 07:00:00+01:00
2019-04-03 12:56:02+02:00,0,SE_3,Unplanned outage,A03,,2019-04-03 12:45:00+02:00,UNBHcWPDyP9way_ryTfV4w,100.0,Hydro Water Reservoir,46WPU0000000018Q,SE3,Trängslet,1,MAW,PT15M,2,2019-04-03 12:15:00+02:00
2019-04-04 13:21:26+02:00,0,SE_3,Unplanned outage,A03,,2019-04-03 10:00:00+02:00,W_mWjQbxdnLnuYRpFTrYPw,130.0,Fossil Oil,46WPU0000000023X,SE3,Värtaverket,1,MAW,PT30M,3,2019-04-03 09:30:00+02:00
2019-04-04 18:09:00+02:00,0,SE_3,Unplanned outage,A03,,2019-04-04 20:00:00+02:00,ONz22IthnYOIbRwr896h5w,100.0,Hydro Water Reservoir,46WPU0000000018Q,SE3,Trängslet,1,MAW,PT60M,2,2019-04-04 17:00:00+02:00
2019-04-12 10:16:59+02:00,0,SE_3,Unplanned outage,A03,,2019-04-12 10:00:00+02:00,f33vTXmrVqgfmoFM_y_daw,130.0,Hydro Water Reservoir,46WPU0000000018Q,SE3,Trängslet,1,MAW,PT60M,2,2019-04-12 09:00:00+02:00
2019-04-15 12:30:52+02:00,0,SE_3,Unplanned outage,A03,,2019-04-05 04:00:00+02:00,aRJfW4d0eZsmBmHvLQAn3A,432.0,Nuclear,46WPU00000000113,SE3,Ringhals 2,1,MAW,PT60M,2,2019-04-05 02:00:00+02:00
2019-04-23 08:07:54+02:00,0,SE_3,Unplanned outage,A03,,2019-04-23 09:00:00+02:00,kJlVI9rnkqRNaXh_LXjkjQ,100.0,Hydro Water Reservoir,46WPU0000000018Q,SE3,Trängslet,1,MAW,PT60M,2,2019-04-23 07:00:00+02:00
2019-04-25 15:29:14+02:00,0,SE_3,Unplanned outage,A03,,2019-04-25 15:15:00+02:00,aOP_7Ve4q3B-oRMUO3z7nA,100.0,Hydro Water Reservoir,46WPU0000000018Q,SE3,Trängslet,1,MAW,PT15M,2,2019-04-25 15:00:00+02:00
2019-04-26 11:09:17+02:00,265,SE_3,Unplanned outage,A03,,2019-04-26 11:00:00+02:00,HAU8Y07HK4mDHffMh6-A-A,432.0,Nuclear,46WPU00000000113,SE3,Ringhals 2,1,MAW,PT60M,2,2019-04-26 04:00:00+02:00
2019-04-28 16:47:35+02:00,0,SE_3,Unplanned outage,A03,,2019-04-28 02:00:00+02:00,g44O4H13jRsRPYmj8F0baA,433.0,Nuclear,46WPU00000000113,SE3,Ringhals 2,1,MAW,PT60M,4,2018-12-27 15:00:00+01:00
2019-05-05 15:52:53+02:00,0,SE_3,Unplanned outage,A03,,2019-05-05 01:00:00+02:00,BGRTVQVcm-BydDz9bbdjkw,130.0,Hydro Water Reservoir,46WPU0000000018Q,SE3,Trängslet,1,MAW,PT1M,2,2019-05-05 00:55:00+02:00
2019-05-16 11:19:35+02:00,0,SE_3,Unplanned outage,A03,,2019-05-16 12:00:00+02:00,4jIdZn9HKHSgJ2dF8AeMiQ,130.0,Hydro Water Reservoir,46WPU0000000018Q,SE3,Trängslet,1,MAW,PT60M,2,2019-05-16 07:00:00+02:00
2019-05-16 11:20:48+02:00,0,SE_3,Unplanned outage,A03,,2019-05-16 12:00:00+02:00,0XLQf3Be09yPD8pVX-Jn8g,100.0,Hydro Water Reservoir,46WPU0000000018Q,SE3,Trängslet,1,MAW,PT60M,2,2019-05-16 07:00:00+02:00
2019-05-19 20:45:21+02:00,0,SE_3,Unplanned outage,A03,,2019-05-11 22:00:00+02:00,xlksOjSpAJkeVP91xl7mRA,120.0,Fossil Oil,46WPU0000000023X,SE3,Värtaverket,1,MAW,PT30M,8,2019-05-11 21:30:00+02:00
2019-06-04 12:29:35+02:00,402,SE_3,Unplanned outage,A03,,2019-06-04 12:30:00+02:00,TlpPBQs6owb5mSDPgjkM9A,531.0,Nuclear,46WPU00000000121,SE3,Ringhals 3,1,MAW,PT15M,1,2019-06-04 12:15:00+02:00
2019-07-15 08:32:05+02:00,0,SE_3,Unplanned outage,A03,,2019-07-14 16:30:00+02:00,25_5RELDasA3WlFnVl7OSQ,130.0,Hydro Water Reservoir,46WPU0000000018Q,SE3,Trängslet,1,MAW,PT1M,4,2019-07-14 16:28:00+02:00
2019-07-25 00:44:23+02:00,0,SE_3,Unplanned outage,A03,,2019-07-25 00:15:00+02:00,cKLy6_XOCdOU2iNC3ClcDg,130.0,Hydro Water Reservoir,46WPU0000000018Q,SE3,Trängslet,1,MAW,PT1M,2,2019-07-25 00:03:00+02:00
2019-08-26 11:03:30+02:00,0,SE_3,Unplanned outage,A03,,2019-08-26 09:15:00+02:00,x05Xibv409Aaxa6_fZB9Vw,100.0,Hydro Water Reservoir,46WPU0000000018Q,SE3,Trängslet,1,MAW,PT1M,2,2019-08-26 09:07:00+02:00
2019-08-26 16:00:09+02:00,0,SE_3,Unplanned outage,A03,,2019-08-26 15:58:00+02:00,LChSdgIaBWyEPwFc8ngYPw,130.0,Hydro Water Reservoir,46WPU0000000018Q,SE3,Trängslet,1,MAW,PT1M,6,2019-08-26 15:45:00+02:00
2019-08-27 14:48:10+02:00,0,SE_3,Unplanned outage,A03,,2019-08-27 11:30:00+02:00,IaImWjSIkWsT0ENELONFYQ,130.0,Hydro Water Reservoir,46WPU0000000018Q,SE3,Trängslet,1,MAW,PT1M,2,2019-08-27 11:17:00+02:00
2019-08-29 13:33:44+02:00,0,SE_3,Unplanned outage,A03,,2019-08-29 13:31:00+02:00,AHg-S_ZuhxRskOdQA7dbNg,100.0,Hydro Water Reservoir,46WPU0000000018Q,SE3,Trängslet,1,MAW,PT1M,2,2019-08-29 13:30:00+02:00
2019-09-05 12:03:46+02:00,0,SE_3,Unplanned outage,A03,,2019-09-05 12:00:00+02:00,akbTfZRvBJUiO1bPFTiiDA,130.0,Hydro Water Reservoir,46WPU0000000018Q,SE3,Trängslet,1,MAW,PT60M,2,2019-08-29 13:00:00+02:00
2019-10-01 00:56:49+02:00,0,SE_3,Unplanned outage,A03,,2019-10-01 00:45:00+02:00,W3pJ5n1GrwFVt3d75cagmQ,130.0,Hydro Water Reservoir,46WPU0000000018Q,SE3,Trängslet,1,MAW,PT15M,2,2019-10-01 00:30:00+02:00
2019-10-14 04:07:08+02:00,0,SE_3,Unplanned outage,A03,,2019-10-14 03:15:00+02:00,sx7MhweyYzYNuTeOlRmg6Q,130.0,Hydro Water Reservoir,46WPU0000000018Q,SE3,Trängslet,1,MAW,PT1M,2,2019-10-14 03:06:00+02:00
2019-11-10 03:13:25+01:00,0,SE_3,Unplanned outage,A03,,2019-11-10 02:30:00+01:00,v_deukeJiOrCU6Ph8JSiYA,130.0,Hydro Water Reservoir,46WPU0000000018Q,SE3,Trängslet,1,MAW,PT15M,2,2019-11-10 02:15:00+01:00
2019-11-11 00:06:02+01:00,0,SE_3,Unplanned outage,A03,,2019-11-10 23:00:00+01:00,-_6G6tj1ZE0ZIsIZT_q38A,100.0,Hydro Water Reservoir,46WPU0000000018Q,SE3,Trängslet,1,MAW,PT1M,2,2019-11-10 22:58:00+01:00
2019-11-11 09:02:58+01:00,0,SE_3,Unplanned outage,A03,,2019-11-11 08:45:00+01:00,nxJ5WYC03Vr4aNT9xqpY-Q,100.0,Hydro Water Reservoir,46WPU0000000018Q,SE3,Trängslet,1,MAW,PT15M,4,2019-11-11 08:30:00+01:00
2019-11-19 20:45:47+01:00,0,SE_3,Unplanned outage,A03,,2019-11-19 04:00:00+01:00,QtvVDxqNC-wVZXEwiTsdEA,560.0,Nuclear,46WPU0000000016U,SE3,Forsmark block 2,1,MAW,PT60M,8,2019-11-02 00:00:00+01:00
2019-12-11 00:42:20+01:00,0,SE_3,Unplanned outage,A03,,2019-12-11 00:30:00+01:00,vUWSsjJr5lZOk6u4qWmmvg,130.0,Hydro Water Reservoir,46WPU0000000018Q,SE3,Trängslet,1,MAW,PT30M,2,2019-12-11 00:00:00+01:00
2019-12-13 08:06:03+01:00,1280,SE_3,Unplanned outage,A03,,2019-12-13 16:00:00+01:00,Cu0jxrBKZ5HjvAzCQE44nQ,1400.0,Nuclear,46WPU0000000061P,SE3,Oskarshamn 3,1,MAW,PT60M,1,2019-12-13 08:00:00+01:00
2019-12-20 11:25:13+01:00,0,SE_3,Unplanned outage,A03,,2019-12-20 11:00:00+01:00,o9MhByX0PtowLzAGMdC5rQ,100.0,Hydro Water Reservoir,46WPU0000000018Q,SE3,Trängslet,1,MAW,PT30M,2,2019-12-20 10:30:00+01:00
2020-01-08 03:14:15+01:00,0,SE_3,Unplanned outage,A03,,2020-01-08 03:00:00+01:00,d3EpY-CAN-K_GxvEwmarog,130.0,Hydro Water Reservoir,46WPU0000000018Q,SE3,Trängslet,1,MAW,PT60M,2,2020-01-08 02:00:00+01:00
2020-01-09 19:02:24+01:00,0,SE_3,Unplanned outage,A03,,2020-01-11 16:00:00+01:00,Ad6h5dMrnmwm28uhm6nkyw,130.0,Hydro Water Reservoir,46WPU0000000018Q,SE3,Trängslet,1,MAW,PT60M,1,2020-01-11 08:00:00+01:00
2020-01-17 07:54:03+01:00,0,SE_3,Unplanned outage,A03,,2020-01-19 00:01:00+01:00,Z4mfcwipBa3gFL7p7GBAlw,120.0,Fossil Oil,46WPU0000000023X,SE3,Värtaverket,1,MAW,PT1M,2,2020-01-19 00:00:00+01:00
2020-01-20 11:46:50+01:00,0,SE_3,Unplanned outage,A03,,2020-01-19 14:00:00+01:00,RIXgqrIGEKGjJra1kzXjrA,120.0,Fossil Oil,46WPU0000000023X,SE3,Värtaverket,1,MAW,PT30M,4,2020-01-19 13:30:00+01:00
2020-01-30 01:08:28+01:00,0,SE_3,Unplanned outage,A03,,2020-01-30 00:45:00+01:00,xYEnigakb8vgrltEn8mrBw,130.0,Hydro Water Reservoir,46WPU0000000018Q,SE3,Trängslet,1,MAW,PT15M,2,2020-01-30 00:15:00+01:00
2020-01-31 13:52:10+01:00,0,SE_3,Unplanned outage,A03,,2020-01-31 14:00:00+01:00,fT9t3gQgKYgmRPyPV3-fRg,100.0,Hydro Water Reservoir,46WPU0000000018Q,SE3,Trängslet,1,MAW,PT30M,1,2020-01-31 13:30:00+01:00
2020-02-03 01:24:30+01:00,0,SE_3,Unplanned outage,A03,,2020-02-03 01:00:00+01:00,MXdumvbkg7KTkoTn7YUV6A,130.0,Hydro Water Reservoir,46WPU0000000018Q,SE3,Trängslet,1,MAW,PT30M,2,2020-02-03 00:30:00+01:00
2020-02-03 21:09:47+01:00,0,SE_3,Unplanned outage,A03,,2020-02-03 20:15:00+01:00,V5BFoOt_tC2XH-4mI5nG0A,100.0,Hydro Water Reservoir,46WPU0000000018Q,SE3,Trängslet,1,MAW,PT1M,2,2020-02-03 20:10:00+01:00
2020-02-11 00:47:41+01:00,0,SE_3,Unplanned outage,A03,,2020-02-11 00:30:00+01:00,yLQNMgW4MMug-4o-E6wK0A,130.0,Hydro Water Reservoir,46WPU0000000018Q,SE3,Trängslet,1,MAW,PT1M,1,2020-02-11 00:25:00+01:00
2020-02-12 21:31:33+01:00,0,SE_3,Unplanned outage,A03,,2020-02-12 21:25:00+01:00,Yi7UoiaXSLdA9i77cR3QAw,130.0,Hydro Water Reservoir,46WPU0000000018Q,SE3,Trängslet,1,MAW,PT1M,2,2020-02-12 21:15:00+01:00
2020-02-14 03:00:31+01:00,0,SE_3,Unplanned outage,A03,,2020-02-14 02:15:00+01:00,IopkMIFrCJcsygmEiVz9XA,130.0,Hydro Water Reservoir,46WPU0000000018Q,SE3,Trängslet,1,MAW,PT1M,2,2020-02-14 02:11:00+01:00
2020-02-17 16:15:07+01:00,0,SE_3,Unplanned outage,A03,,2020-02-17 17:00:00+01:00,Bg0i3IDMulEQVkeSkfdC4w,120.0,Fossil Oil,46WPU0000000023X,SE3,Värtaverket,1,MAW,PT30M,1,2020-02-17 16:30:00+01:00
2020-02-20 16:04:10+01:00,600,SE_3,Unplanned outage,A03,,2020-02-20 10:15:00+01:00,6MwabEdtFLTZKY3h9-Z8GA,1400.0,Nuclear,46WPU0000000061P,SE3,Oskarshamn 3,1,MAW,PT1M,3,2020-02-20 10:05:00+01:00
2020-02-24 13:19:17+01:00,740,SE_3,Unplanned outage,A03,,2020-02-24 13:00:00+01:00,w6MreZWDAaZpYwXWPDaYnQ,1400.0,Nuclear,46WPU0000000061P,SE3,Oskarshamn 3,1,MAW,PT60M,3,2020-02-20 21:00:00+01:00
2020-02-28 10:26:43+01:00,1170,SE_3,Unplanned outage,A03,,2020-02-29 04:00:00+01:00,jqzvoJ5Zpr7tpK2UGGhq1g,1400.0,Nuclear,46WPU0000000061P,SE3,Oskarshamn 3,1,MAW,PT60M,1,2020-02-28 10:00:00+01:00
2020-03-03 16:52:10+01:00,0,SE_3,Unplanned outage,A03,,2020-03-03 17:30:00+01:00,JVM4H3pwQTHm-d4l7RDylw,531.0,Nuclear,46WPU00000000121,SE3,Ringhals 3,1,MAW,PT30M,2,2020-03-03 17:00:00+01:00
2020-04-02 14:23:51+02:00,1300,SE_3,Unplanned outage,A03,,2020-04-03 10:00:00+02:00,kHLPHXGgyuspqWTWMwq25A,1400.0,Nuclear,46WPU0000000061P,SE3,Oskarshamn 3,1,MAW,PT30M,1,2020-04-03 09:30:00+02:00
2020-04-03 16:41:14+02:00,1300,SE_3,Unplanned outage,A03,,2020-04-03 17:00:00+02:00,Xc42Q180LxWaxx7gwmJAnQ,1400.0,Nuclear,46WPU0000000061P,SE3,Oskarshamn 3,1,MAW,PT60M,1,2020-04-03 16:00:00+02:00
2020-04-17 11:46:19+02:00,0,SE_3,Unplanned outage,A03,,2020-04-23 18:00:00+02:00,wwotaUy-lrBc0bm7dPXhrQ,120.0,Fossil Oil,46WPU0000000023X,SE3,Värtaverket,1,MAW,PT60M,1,2020-04-23 02:00:00+02:00
2020-05-09 02:11:38+02:00,0,SE_3,Unplanned outage,A03,,2020-05-09 03:00:00+02:00,5GIAfcdjt52fBU_Q6RkEFQ,100.0,Hydro Water Reservoir,46WPU0000000018Q,SE3,Trängslet,1,MAW,PT60M,1,2020-05-09 02:00:00+02:00
2020-05-14 00:28:02+02:00,0,SE_3,Unplanned outage,A03,,2020-05-13 16:34:00+02:00,mZ8ebswjSiFh671KzZT-ig,100.0,Hydro Water Reservoir,46WPU0000000018Q,SE3,Trängslet,1,MAW,PT1M,3,2020-05-13 16:30:00+02:00
2020-05-21 12:18:52+02:00,0,SE_3,Unplanned outage,A03,,2020-05-21 12:15:00+02:00,wmwyzHKjqOa5iXN-P5jKEQ,130.0,Hydro Water Reservoir,46WPU0000000018Q,SE3,Trängslet,1,MAW,PT15M,2,2020-05-21 12:00:00+02:00
2020-05-24 10:25:47+02:00,0,SE_3,Unplanned outage,A03,,2020-05-24 10:30:00+02:00,Jq-nhn0Mj2S3A4Gdp488CA,130.0,Hydro Water Reservoir,46WPU0000000018Q,SE3,Trängslet,1,MAW,PT15M,1,2020-05-24 10:15:00+02:00
2020-05-25 02:37:19+02:00,0,SE_3,Unplanned outage,A03,,2020-05-25 02:00:00+02:00,BQqm9D4pZrmYOJ0h4sTcqg,130.0,Hydro Water Reservoir,46WPU0000000018Q,SE3,Trängslet,1,MAW,PT60M,2,2020-05-25 01:00:00+02:00
2020-05-25 19:47:56+02:00,0,SE_3,Unplanned outage,A03,,2020-05-25 19:30:00+02:00,TPuAqeLIaAham3TKZv2h0A,130.0,Hydro Water Reservoir,46WPU0000000018Q,SE3,Trängslet,1,MAW,PT30M,2,2020-05-25 19:00:00+02:00
2020-06-18 12:35:45+02:00,0,SE_3,Unplanned outage,A03,,2020-06-16 19:00:00+02:00,Noprk5NCLDzUPEUHtpnoIA,469.0,Nuclear,46WPU0000000014Y,SE3,Ringhals 4,1,MAW,PT30M,3,2020-06-16 18:30:00+02:00
2020-06-23 13:20:39+02:00,1100,SE_3,Unplanned outage,A03,,2020-06-23 17:00:00+02:00,JRFbEzEEhhrkZVwmk4FFeA,1400.0,Nuclear,46WPU0000000061P,SE3,Oskarshamn 3,1,MAW,PT60M,1,2020-06-23 16:00:00+02:00
2020-07-19 09:21:13+02:00,0,SE_3,Unplanned outage,A03,,2020-07-19 09:15:00+02:00,BYmW7wnHjFLCa8D-bsZTLA,130.0,Hydro Water Reservoir,46WPU0000000018Q,SE3,Trängslet,1,MAW,PT1M,1,2020-07-19 09:12:00+02:00
2020-08-13 23:37:18+02:00,0,SE_3,Unplanned outage,A03,,2020-08-13 23:15:00+02:00,GRwIHbHNk0Hb5w23fDbX1w,130.0,Hydro Water Reservoir,46WPU0000000018Q,SE3,Trängslet,1,MAW,PT1M,1,2020-08-13 23:06:00+02:00
2020-08-20 15:48:19+02:00,0,SE_3,Unplanned outage,A03,,2020-08-19 18:45:00+02:00,9avb8G0hb3Qt2YzgyTO3XA,531.0,Nuclear,46WPU00000000121,SE3,Ringhals 3,1,MAW,PT1M,2,2020-08-19 18:40:00+02:00
2020-08-24 16:30:37+02:00,0,SE_3,Unplanned outage,A03,,2020-08-24 15:59:00+02:00,RippJiE3KQTe4q86Qqn3qw,439.0,Nuclear,46WPU00000000105,SE3,Ringhals 1,1,MAW,PT1M,4,2020-08-24 15:45:00+02:00
2020-09-05 17:58:21+02:00,0,SE_3,Unplanned outage,A03,,2020-09-05 21:00:00+02:00,uyFsKyWQyTN3jeHVoo24Lw,531.0,Nuclear,46WPU00000000121,SE3,Ringhals 3,1,MAW,PT60M,1,2020-09-05 17:00:00+02:00
2020-09-29 21:05:30+02:00,0,SE_3,Unplanned outage,A03,,2020-09-29 21:00:00+02:00,TV47eTG_EE4MZfm2_ui4Lw,130.0,Hydro Water Reservoir,46WPU0000000018Q,SE3,Trängslet,1,MAW,PT1M,1,2020-09-29 20:56:00+02:00
2020-10-02 19:37:23+02:00,0,SE_3,Unplanned outage,A03,,2020-09-22 12:45:00+02:00,N9Yoy2C7ISo-Ynpl-nb9_g,469.0,Nuclear,46WPU0000000014Y,SE3,Ringhals 4,1,MAW,PT1M,7,2020-09-22 12:40:00+02:00
2020-10-30 09:09:10+01:00,0,SE_3,Unplanned outage,A03,,2020-10-30 08:30:00+01:00,8viqE85xcvX6Pc9z3Dq54w,100.0,Hydro Water Reservoir,46WPU0000000018Q,SE3,Trängslet,1,MAW,PT15M,2,2020-10-30 08:15:00+01:00
2020-11-04 05:51:37+01:00,0,SE_3,Unplanned outage,A03,,2020-11-04 06:30:00+01:00,QOZ7JTzyDarVR4s_4_1c4g,120.0,Fossil Oil,46WPU0000000023X,SE3,Värtaverket,1,MAW,PT30M,3,2020-11-04 06:00:00+01:00
2020-11-11 07:56:39+01:00,0,SE_3,Unplanned outage,A03,,2020-11-11 15:00:00+01:00,iNiIFL687xClwQl1issP7A,492.0,Nuclear,46WPU0000000015W,SE3,Forsmark block 1,1,MAW,PT60M,3,2020-11-09 14:00:00+01:00
2020-11-27 15:24:18+01:00,700,SE_3,Unplanned outage,A03,,2020-11-29 15:30:00+01:00,P7iBfeXJ5UYXBSF7YUhvXQ,1400.0,Nuclear,46WPU0000000061P,SE3,Oskarshamn 3,1,MAW,PT30M,4,2020-11-29 15:00:00+01:00
2020-12-01 14:52:44+01:00,0,SE_3,Unplanned outage,A03,,2020-12-01 14:00:00+01:00,yBPUYV59SDteTeWhVO3r8A,1400.0,Nuclear,46WPU0000000061P,SE3,Oskarshamn 3,1,MAW,PT60M,3,2020-11-29 16:00:00+01:00
2020-12-03 22:52:42+01:00,0,SE_3,Unplanned outage,A03,,2020-12-03 22:00:00+01:00,2w5UTl_x3uPA-yFlVlSm-Q,469.0,Nuclear,46WPU0000000014Y,SE3,Ringhals 4,1,MAW,PT60M,9,2020-11-20 12:00:00+01:00
2020-12-04 18:45:16+01:00,0,SE_3,Unplanned outage,A03,,2020-11-04 11:15:00+01:00,xpIQgp_sEwXqAxzch9W4Sg,469.0,Nuclear,46WPU0000000014Y,SE3,Ringhals 4,1,MAW,PT1M,12,2020-11-04 11:03:00+01:00
2020-12-12 20:31:52+01:00,0,SE_3,Unplanned outage,A03,,2020-12-11 17:00:00+01:00,h_g7qR_yb7pcsUCIividrA,130.0,Hydro Water Reservoir,46WPU0000000018Q,SE3,Trängslet,1,MAW,PT15M,5,2020-12-11 16:45:00+01:00
2020-12-15 07:42:10+01:00,0,SE_3,Unplanned outage,A03,,2020-12-16 18:00:00+01:00,qCbNAEEmfRNegHs631Wocw,190.0,Fossil Oil,46WPU0000000023X,SE3,Värtaverket,1,MAW,PT60M,2,2020-12-14 17:00:00+01:00
2020-12-16 21:02:25+01:00,0,SE_3,Unplanned outage,A03,,2020-12-16 20:45:00+01:00,ZcqWUNAe_W8rinoxgJacPg,190.0,Fossil Oil,46WPU0000000023X,SE3,Värtaverket,1,MAW,PT15M,2,2020-12-16 20:15:00+01:00
2020-12-22 10:40:44+01:00,0,SE_3,Unplanned outage,A03,,2020-10-27 20:00:00+01:00,Ab9qMGonZJgO7AZYOj10JA,492.0,Nuclear,46WPU0000000015W,SE3,Forsmark block 1,1,MAW,PT30M,9,2020-10-27 19:30:00+01:00
2020-12-22 17:31:53+01:00,0,SE_3,Unplanned outage,A03,,2020-12-22 18:30:00+01:00,Zj4nU69304EMZCRfp4fX5A,469.0,Nuclear,46WPU0000000014Y,SE3,Ringhals 4,1,MAW,PT30M,7,2020-12-22 18:00:00+01:00
2021-01-15 14:54:44+01:00,0,SE_3,Unplanned outage,A03,,2021-01-15 18:30:00+01:00,-NDz3rY9CRJmhwJaWb4bIQ,190.0,Fossil Oil,46WPU0000000023X,SE3,Värtaverket,1,MAW,PT30M,2,2021-01-15 18:00:00+01:00
2021-01-25 08:37:42+01:00,327,SE_3,Unplanned outage,A03,,2021-01-25 09:00:00+01:00,sk8OFJd6Cim3ZfZUmApaWQ,492.0,Nuclear,46WPU0000000015W,SE3,Forsmark block 1,1,MAW,PT60M,5,2020-12-24 00:00:00+01:00
2021-01-28 10:50:12+01:00,0,SE_3,Unplanned outage,A03,,2021-01-28 11:00:00+01:00,7syDURRPEtYZFqQRQ57CtQ,190.0,Fossil Oil,46WPU0000000023X,SE3,Värtaverket,1,MAW,PT15M,1,2021-01-28 10:45:00+01:00
2021-02-01 22:16:17+01:00,0,SE_3,Unplanned outage,A03,,2021-02-01 22:00:00+01:00,_qe6_5QI7KgO2NjitkHrHA,190.0,Fossil Oil,46WPU0000000023X,SE3,Värtaverket,1,MAW,PT60M,2,2021-01-30 12:00:00+01:00
2021-02-02 09:24:12+01:00,0,SE_3,Unplanned outage,A03,,2021-02-02 08:00:00+01:00,vE-2n7Adv_NybCqX4JDGZQ,190.0,Fossil Oil,46WPU0000000023X,SE3,Värtaverket,1,MAW,PT30M,2,2021-02-02 07:30:00+01:00
2021-02-03 21:16:12+01:00,0,SE_3,Unplanned outage,A03,,2020-12-14 18:00:00+01:00,_1LM8UWw_LWmbkKIY_IGnQ,492.0,Nuclear,46WPU0000000015W,SE3,Forsmark block 1,1,MAW,PT60M,1,2020-12-12 07:00:00+01:00
2021-02-04 17:55:40+01:00,0,SE_3,Unplanned outage,A03,,2021-02-04 17:00:00+01:00,no2aN89A_MFu4lw784gnvQ,190.0,Fossil Oil,46WPU0000000023X,SE3,Värtaverket,1,MAW,PT15M,2,2021-02-04 16:45:00+01:00
2021-02-05 10:29:41+01:00,0,SE_3,Unplanned outage,A03,,2021-02-04 23:30:00+01:00,IB5k_kuv1fz2llimJYgKDg,190.0,Fossil Oil,46WPU0000000023X,SE3,Värtaverket,1,MAW,PT1M,2,2021-02-04 23:24:00+01:00
2021-02-05 15:13:48+01:00,0,SE_3,Unplanned outage,A03,,2021-02-05 15:10:00+01:00,YooAFkruJyvlojoR9-bCqQ,190.0,Fossil Oil,46WPU0000000023X,SE3,Värtaverket,1,MAW,PT1M,3,2021-02-05 15:00:00+01:00
2021-02-10 11:36:36+01:00,70,SE_3,Unplanned outage,A03,,2021-02-09 11:00:00+01:00,5UX2v_RqbVhvCfoL9fGX_Q,190.0,Fossil Oil,46WPU0000000023X,SE3,Värtaverket,1,MAW,PT60M,17,2021-02-08 20:00:00+01:00
2021-03-01 11:16:47+01:00,1200,SE_3,Unplanned outage,A03,,2021-03-01 13:00:00+01:00,19dbp8Q-vJPRefFV0PD64A,1400.0,Nuclear,46WPU0000000061P,SE3,Oskarshamn 3,1,MAW,PT60M,4,2021-02-27 23:00:00+01:00
2021-03-10 00:19:42+01:00,0,SE_3,Unplanned outage,A03,,2021-03-09 23:58:00+01:00,qbFWSBIy2PCQOQ3G6qSKTg,469.0,Nuclear,46WPU0000000014Y,SE3,Ringhals 4,1,MAW,PT1M,4,2021-03-09 23:45:00+01:00
2021-04-24 08:48:13+02:00,0,SE_3,Unplanned outage,A03,,2021-04-24 01:15:00+02:00,md4TnLqzVJz1ZSobpGyL1w,120.0,Fossil Oil,46WPU0000000023X,SE3,Värtaverket,1,MAW,PT1M,4,2021-04-24 01:05:00+02:00
2021-04-29 11:38:55+02:00,0,SE_3,Unplanned outage,A03,,2021-04-25 15:00:00+02:00,Fo3cjTldvWb1tgySu78a0Q,120.0,Fossil Oil,46WPU0000000023X,SE3,Värtaverket,1,MAW,PT30M,6,2021-04-25 14:30:00+02:00
2021-05-16 19:43:55+02:00,0,SE_3,Unplanned outage,A03,,2021-05-15 16:45:00+02:00,XesixUU8hqN739A2jRUXDA,100.0,Hydro Water Reservoir,46WPU0000000018Q,SE3,Trängslet,1,MAW,PT1M,5,2021-05-15 16:37:00+02:00
2021-06-10 09:46:29+02:00,0,SE_3,Unplanned outage,A03,,2021-06-10 10:45:00+02:00,FNWWXEoaovPFaJo_XsZPIg,130.0,Hydro Water Reservoir,46WPU0000000018Q,SE3,Trängslet,1,MAW,PT15M,1,2021-06-10 10:30:00+02:00
2021-07-08 00:35:01+02:00,0,SE_3,Unplanned outage,A03,,2021-07-08 00:15:00+02:00,OZhub3n0teS0lk6SOFnH0Q,130.0,Hydro Water Reservoir,46WPU0000000018Q,SE3,Trängslet,1,MAW,PT1M,1,2021-07-08 00:13:00+02:00
2021-07-08 22:10:18+02:00,0,SE_3,Unplanned outage,A03,,2021-07-08 21:15:00+02:00,qXvgEJQVt0SUbKWBiqhOAg,130.0,Hydro Water Reservoir,46WPU0000000018Q,SE3,Trängslet,1,MAW,PT1M,2,2021-07-08 21:08:00+02:00
2021-08-02 09:19:12+02:00,1300,SE_3,Unplanned outage,A03,,2021-08-02 11:00:00+02:00,iJVCkESnVygsSBh1tTmwDw,1400.0,Nuclear,46WPU0000000061P,SE3,Oskarshamn 3,1,MAW,PT60M,3,2021-07-21 11:00:00+02:00
2021-08-04 07:30:43+02:00,0,SE_3,Unplanned outage,A03,,2021-08-04 06:00:00+02:00,S9bvYwpd2-k8uMRcM1-tMQ,130.0,Hydro Water Reservoir,46WPU0000000018Q,SE3,Trängslet,1,MAW,PT1M,2,2021-08-04 05:55:00+02:00
2021-08-08 00:54:56+02:00,0,SE_3,Unplanned outage,A03,,2021-08-08 02:30:00+02:00,GJVH_YkXYM74XqyQO7wIZQ,130.0,Hydro Water Reservoir,46WPU0000000018Q,SE3,Trängslet,1,MAW,PT30M,1,2021-08-08 02:00:00+02:00
2021-08-09 17:22:46+02:00,0,SE_3,Unplanned outage,A03,,2021-08-09 17:18:00+02:00,Pxh6v3hh7KfgPIsTUnE31A,100.0,Hydro Water Reservoir,46WPU0000000018Q,SE3,Trängslet,1,MAW,PT1M,2,2021-08-09 17:15:00+02:00
2021-08-09 22:00:21+02:00,0,SE_3,Unplanned outage,A03,,2021-08-09 21:15:00+02:00,m-2lXVRFXftNVZeVlnoyAw,130.0,Hydro Water Reservoir,46WPU0000000018Q,SE3,Trängslet,1,MAW,PT1M,2,2021-08-09 21:08:00+02:00
2021-09-01 06:54:09+02:00,0,SE_3,Unplanned outage,A03,,2021-09-01 07:00:00+02:00,7kWoar6i3mQ50CZ0JiTXRw,100.0,Hydro Water Reservoir,46WPU0000000018Q,SE3,Trängslet,1,MAW,PT1M,1,2021-09-01 06:48:00+02:00
2021-09-04 21:42:24+02:00,0,SE_3,Unplanned outage,A03,,2021-09-04 23:00:00+02:00,NbBMnPmNoEvnxxv_5hQ4iA,130.0,Hydro Water Reservoir,46WPU0000000018Q,SE3,Trängslet,1,MAW,PT60M,2,2021-09-04 20:00:00+02:00
2021-09-06 05:56:38+02:00,0,SE_3,Unplanned outage,A03,,2021-09-06 07:15:00+02:00,H64NExveyLhdfuZQ4v32Zg,100.0,Hydro Water Reservoir,46WPU0000000018Q,SE3,Trängslet,1,MAW,PT15M,1,2021-09-06 07:00:00+02:00
2021-09-20 06:53:41+02:00,0,SE_3,Unplanned outage,A03,,2021-09-20 06:47:00+02:00,pGZGR8yqJIGVaHIayNNfOw,100.0,Hydro Water Reservoir,46WPU0000000018Q,SE3,Trängslet,1,MAW,PT1M,2,2021-09-20 06:45:00+02:00
2021-09-24 02:35:55+02:00,259,SE_3,Unplanned outage,A03,,2021-09-23 21:30:00+02:00,1VuLwChMnr92u2hIjjJjQw,469.0,Nuclear,46WPU0000000014Y,SE3,Ringhals 4,1,MAW,PT15M,2,2021-09-23 21:15:00+02:00
2021-09-24 02:38:54+02:00,258,SE_3,Unplanned outage,A03,,2021-09-24 01:48:00+02:00,uMzfNlt12fzDVUrIpA3zqQ,531.0,Nuclear,46WPU00000000121,SE3,Ringhals 3,1,MAW,PT1M,2,2021-09-24 01:45:00+02:00
2021-09-24 03:04:29+02:00,258,SE_3,Unplanned outage,A03,,2021-09-23 21:00:00+02:00,IV-CK7Big6IW25MwV-omvQ,531.0,Nuclear,46WPU00000000121,SE3,Ringhals 3,1,MAW,PT1M,2,2021-09-23 20:52:00+02:00
2021-09-24 09:27:42+02:00,260,SE_3,Unplanned outage,A03,,2021-09-23 20:15:00+02:00,N_6VBw_X2Nr1YUBmVn6arQ,469.0,Nuclear,46WPU0000000014Y,SE3,Ringhals 4,1,MAW,PT1M,2,2021-09-23 20:03:00+02:00
2021-10-02 05:26:10+02:00,0,SE_3,Unplanned outage,A03,,2021-10-02 05:23:00+02:00,Jddqmaqi1S6R2p-gAYz2JA,120.0,Fossil Oil,46WPU0000000023X,SE3,Värtaverket,1,MAW,PT1M,3,2021-10-02 05:15:00+02:00
2021-10-05 09:10:10+02:00,0,SE_3,Unplanned outage,A03,,2021-10-02 06:00:00+02:00,VTzw1ZJjkvisClyHX9kH1g,120.0,Fossil Oil,46WPU0000000023X,SE3,Värtaverket,1,MAW,PT1M,5,2021-10-02 05:55:00+02:00
2021-10-11 02:07:04+02:00,0,SE_3,Unplanned outage,A03,,2021-10-07 10:30:00+02:00,m6R6og-4PoP8Mm1Ttmwffg,120.0,Fossil Oil,46WPU0000000023X,SE3,Värtaverket,1,MAW,PT15M,6,2021-10-07 10:15:00+02:00
2021-10-12 13:20:45+02:00,0,SE_3,Unplanned outage,A03,,2021-10-12 12:15:00+02:00,4HAFZaAO_FIrNRJAfA0rTg,130.0,Hydro Water Reservoir,46WPU0000000018Q,SE3,Trängslet,1,MAW,PT1M,2,2021-10-12 12:10:00+02:00
2021-11-23 00:28:14+01:00,0,SE_3,Unplanned outage,A03,,2021-11-23 01:49:00+01:00,2UpM9RVkaTZH9MoJgcwPrA,130.0,Hydro Water Reservoir,46WPU0000000018Q,SE3,Trängslet,1,MAW,PT1M,1,2021-11-23 01:45:00+01:00
2021-12-14 09:28:41+01:00,0,SE_3,Unplanned outage,A03,,2021-12-14 08:30:00+01:00,Mt9dIlYgs1NSyK2LeqtXHg,100.0,Hydro Water Reservoir,46WPU0000000018Q,SE3,Trängslet,1,MAW,PT1M,2,2021-12-14 08:17:00+01:00
2021-12-17 19:10:21+01:00,0,SE_3,Unplanned outage,A03,,2021-12-17 19:00:00+01:00,CPTiUYzqJxk7OJAG9m3vWw,130.0,Hydro Water Reservoir,46WPU0000000018Q,SE3,Trängslet,1,MAW,PT30M,2,2021-12-17 18:30:00+01:00
2021-12-27 13:46:52+01:00,1200,SE_3,Unplanned outage,A03,,2021-12-27 20:00:00+01:00,HX4GZyS_tAwfaMQBy42RjQ,1400.0,Nuclear,46WPU0000000061P,SE3,Oskarshamn 3,1,MAW,PT60M,1,2021-12-27 16:00:00+01:00
2021-12-30 08:30:15+01:00,0,SE_3,Unplanned outage,A03,,2021-12-30 08:30:00+01:00,sIAcmvccu5oUafjgNckOVQ,130.0,Hydro Water Reservoir,46WPU0000000018Q,SE3,Trängslet,1,MAW,PT1M,1,2021-12-30 08:23:00+01:00
2021-12-30 15:15:21+01:00,0,SE_3,Unplanned outage,A03,,2021-12-30 15:15:00+01:00,nqGsHOepfTKqawt3d6yX2w,100.0,Hydro Water Reservoir,46WPU0000000018Q,SE3,Trängslet,1,MAW,PT1M,1,2021-12-30 15:09:00+01:00
2022-01-03 21:47:08+01:00,0,SE_3,Unplanned outage,A03,,2022-01-04 03:00:00+01:00,yGFaLySuPblIqsPGulDBYA,531.0,Nuclear,46WPU00000000121,SE3,Ringhals 3,1,MAW,PT60M,3,2022-01-02 11:00:00+01:00
2022-01-11 15:45:11+01:00,0,SE_3,Unplanned outage,A03,,2022-01-11 18:30:00+01:00,9tAJczOqRbjqk-C0-37NLQ,531.0,Nuclear,46WPU00000000121,SE3,Ringhals 3,1,MAW,PT30M,1,2022-01-11 18:00:00+01:00
2022-01-15 13:34:49+01:00,0,SE_3,Unplanned outage,A03,,2022-01-15 07:00:00+01:00,x5Zl6FcTKalYq4SED8MbTA,130.0,Hydro Water Reservoir,46WPU0000000018Q,SE3,Trängslet,1,MAW,PT1M,4,2022-01-15 06:58:00+01:00
2022-01-17 20:58:23+01:00,0,SE_3,Unplanned outage,A03,,2022-01-17 21:00:00+01:00,cRtpI7JdANVKoH1gblTlqw,100.0,Hydro Water Reservoir,46WPU0000000018Q,SE3,Trängslet,1,MAW,PT1M,1,2022-01-17 20:47:00+01:00
2022-01-19 15:22:37+01:00,0,SE_3,Unplanned outage,A03,,2022-01-19 15:00:00+01:00,6SR0c0_0GDMA8-8DOvBo9g,120.0,Fossil Oil,46WPU0000000023X,SE3,Värtaverket,1,MAW,PT60M,3,2022-01-19 13:00:00+01:00
2022-02-25 09:31:17+01:00,0,SE_3,Unplanned outage,A03,,2022-02-28 05:00:00+01:00,Qe5q-H7VQ6tEM0QPQSGMiA,190.0,Fossil Oil,46WPU0000000023X,SE3,Värtaverket,1,MAW,PT60M,11,2022-02-03 10:00:00+01:00
2022-02-27 08:31:49+01:00,0,SE_3,Unplanned outage,A03,,2022-02-27 08:00:00+01:00,Q2sHbdCM7CiTn0j21PwktA,1400.0,Nuclear,46WPU0000000061P,SE3,Oskarshamn 3,1,MAW,PT60M,5,2022-02-19 01:00:00+01:00
2022-03-08 16:29:33+01:00,0,SE_3,Unplanned outage,A03,,2022-03-08 21:00:00+01:00,nZzBZO6tMj2AJ0Gqd7eLeA,190.0,Fossil Oil,46WPU0000000023X,SE3,Värtaverket,1,MAW,PT60M,4,2022-03-03 10:00:00+01:00
2022-03-11 08:33:46+01:00,0,SE_3,Unplanned outage,A03,,2022-03-14 10:00:00+01:00,he9XE8V1nuYkGaF02862Vg,190.0,Fossil Oil,46WPU0000000023X,SE3,Värtaverket,1,MAW,PT60M,2,2022-03-10 06:00:00+01:00
2022-03-15 16:57:10+01:00,0,SE_3,Unplanned outage,A03,,2022-03-15 14:15:00+01:00,VvTaAdk2XVz_2M-JJPpOWA,190.0,Fossil Oil,46WPU0000000023X,SE3,Värtaverket,1,MAW,PT1M,2,2022-03-15 14:07:00+01:00
2022-03-17 10:26:52+01:00,0,SE_3,Unplanned outage,A03,,2022-03-16 13:00:00+01:00,2mhbGLpFnTmf0ekAqK-5sg,190.0,Fossil Oil,46WPU0000000023X,SE3,Värtaverket,1,MAW,PT1M,4,2022-03-16 12:50:00+01:00
2022-04-05 18:51:52+02:00,0,SE_3,Unplanned outage,A03,,2022-04-05 16:45:00+02:00,cUP366LIS0mhv-G0ZqvZEQ,100.0,Hydro Water Reservoir,46WPU0000000018Q,SE3,Trängslet,1,MAW,PT1M,3,2022-04-05 16:42:00+02:00
2022-04-08 07:10:38+02:00,0,SE_3,Unplanned outage,A03,,2022-04-08 09:00:00+02:00,RKY_T36bip9JhDzk1D9QPA,100.0,Hydro Water Reservoir,46WPU0000000018Q,SE3,Trängslet,1,MAW,PT60M,1,2022-04-08 08:00:00+02:00
2022-04-22 09:10:09+02:00,0,SE_3,Unplanned outage,A03,,2022-04-11 04:00:00+02:00,f74QxqdI5Kz8o0obDsGoGA,120.0,Fossil Oil,46WPU0000000023X,SE3,Värtaverket,1,MAW,PT15M,1,2022-04-11 03:45:00+02:00
2022-05-23 11:59:42+02:00,0,SE_3,Unplanned outage,A03,,2022-05-22 00:15:00+02:00,-gkVJwqL2tvONR9Ywpnh5A,130.0,Hydro Water Reservoir,46WPU0000000018Q,SE3,Trängslet,1,MAW,PT1M,4,2022-05-22 00:03:00+02:00
2022-06-07 09:44:12+02:00,0,SE_3,Unplanned outage,A03,,2022-06-07 10:00:00+02:00,TcELSa_Sr055OLFHJdVPqw,120.0,Fossil Oil,46WPU0000000023X,SE3,Värtaverket,1,MAW,PT30M,2,2022-06-07 09:30:00+02:00
2022-06-14 00:48:48+02:00,0,SE_3,Unplanned outage,A03,,2022-06-14 00:45:00+02:00,lxyNapbAy4gsmNvq4uLX-w,130.0,Hydro Water Reservoir,46WPU0000000018Q,SE3,Trängslet,1,MAW,PT15M,2,2022-06-14 00:15:00+02:00
2022-07-01 13:42:51+02:00,1160,SE_3,Unplanned outage,A03,,2022-07-02 13:00:00+02:00,6lESxY5aYqTxYVK7wmdtRQ,1400.0,Nuclear,46WPU0000000061P,SE3,Oskarshamn 3,1,MAW,PT60M,1,2022-07-02 10:00:00+02:00
