2015-06-25 18:49:21+02:00,440,SE_2,Unplanned outage,A03,,2015-06-25 18:45:00+02:00,zh-cWIlTcPFMZpNeyXckDg,581.0,Hydro Water Reservoir,46WPU0000000042T,SE2,Stornorrfors,1,MAW,PT1M,3,2015-06-25 13:07:00+02:00
2015-07-25 03:05:50+02:00,440,SE_2,Unplanned outage,A03,,2015-07-25 02:55:00+02:00,ESLNNHuurXwnMWs4SRhcRA,581.0,Hydro Water Reservoir,46WPU0000000042T,SE2,Stornorrfors,1,MAW,PT1M,2,2015-07-25 01:55:00+02:00
2015-08-31 13:32:40+02:00,95,SE_2,Unplanned outage,A03,,2015-08-31 13:11:00+02:00,ev6i2GDebByQkg3rpWxX_g,275.0,Hydro Water Reservoir,46WPU0000000045N,SE2,Kilforsen,1,MAW,PT1M,7,2015-08-24 12:32:00+02:00
2015-09-05 15:13:34+02:00,405,SE_2,Unplanned outage,A03,,2015-09-05 15:00:00+02:00,ArasYkvkYjX0einIyEHSPQ,581.0,Hydro Water Reservoir,46WPU0000000042T,SE2,Stornorrfors,1,MAW,PT1M,2,2015-09-05 09:18:00+02:00
2015-09-20 02:13:59+02:00,126,SE_2,Unplanned outage,A03,,2015-09-17 18:12:00+02:00,1zlJlUtj7C2mldjc49S_DQ,250.0,Hydro Water Reservoir,46WPU0000000085B,SE2,Krångede,1,MAW,PT1M,2,2015-09-17 16:55:00+02:00
2015-09-23 14:08:21+02:00,95,SE_2,Unplanned outage,A03,,2015-09-23 13:17:00+02:00,dwhpoolKwg-LUwmjiTHD-Q,275.0,Hydro Water Reservoir,46WPU0000000045N,SE2,Kilforsen,1,MAW,PT1M,3,2015-09-23 09:34:00+02:00
2015-10-21 10:14:10+02:00,0,SE_2,Unplanned outage,A03,,2015-10-21 10:05:00+02:00,IsiinP4zwRPx06gSJMcLTA,275.0,Hydro Water Reservoir,46WPU0000000045N,SE2,Kilforsen,1,MAW,PT1M,2,2015-10-21 09:03:00+02:00
2015-11-02 22:14:57+01:00,440,SE_2,Unplanned outage,A03,,2015-11-02 22:05:00+01:00,dRSO3FQhTNbw0LZZtsEduQ,581.0,Hydro Water Reservoir,46WPU0000000042T,SE2,Stornorrfors,1,MAW,PT1M,2,2015-11-02 15:01:00+01:00
2015-11-16 14:32:15+01:00,75,SE_2,Unplanned outage,A03,,2015-11-16 20:00:00+01:00,PQ-ONqIxDQ28UikUC7mBLw,144.0,Wind Onshore,46WPU00000000016,SE2,Vindpark Björkhöjden,1,MAW,PT1M,2,2015-11-16 08:45:00+01:00
2015-12-10 13:42:10+01:00,440,SE_2,Unplanned outage,A03,,2015-12-10 13:41:00+01:00,MHtoR3Owl9x3LRaEFyYbnw,581.0,Hydro Water Reservoir,46WPU0000000042T,SE2,Stornorrfors,1,MAW,PT1M,2,2015-12-10 13:29:00+01:00
2015-12-17 13:30:35+01:00,405,SE_2,Unplanned outage,A03,,2015-12-17 13:29:00+01:00,G32sXtNzCgU8UaT5N6Ylxg,581.0,Hydro Water Reservoir,46WPU0000000042T,SE2,Stornorrfors,1,MAW,PT1M,2,2015-12-17 13:18:00+01:00
2015-12-29 20:44:21+01:00,440,SE_2,Unplanned outage,A03,,2015-12-29 20:41:00+01:00,UxxMNxVceARfkPmMfKLH4A,581.0,Hydro Water Reservoir,46WPU0000000042T,SE2,Stornorrfors,1,MAW,PT1M,2,2015-12-29 18:59:00+01:00
2016-01-04 03:02:12+01:00,100,SE_2,Unplanned outage,A03,,2016-01-04 09:00:00+01:00,lTPI2E0eS51-JRv1Q2Iq4g,270.0,Wind Onshore,46WPU00000000016,SE2,Vindpark Björkhöjden,1,MAW,PT1M,1,2016-01-04 03:00:00+01:00
2016-01-10 11:18:13+01:00,100,SE_2,Unplanned outage,A03,,2016-01-10 11:00:00+01:00,RQml5jQfdqP7575X26jqWA,270.0,Wind Onshore,46WPU00000000016,SE2,Vindpark Björkhöjden,1,MAW,PT1M,8,2016-01-04 21:05:00+01:00
2016-01-14 13:08:42+01:00,140,SE_2,Unplanned outage,A03,,2016-01-14 08:27:00+01:00,oz89frZIt-Z3yvhbqbZd3w,270.0,Wind Onshore,46WPU00000000016,SE2,Vindpark Björkhöjden,1,MAW,PT1M,2,2016-01-13 10:20:00+01:00
2016-01-19 09:58:11+01:00,45,SE_2,Unplanned outage,A03,,2016-01-19 09:55:00+01:00,LWWbMfqhQIowBHUStKsa7A,270.0,Wind Onshore,46WPU00000000016,SE2,Vindpark Björkhöjden,1,MAW,PT1M,3,2016-01-18 10:40:00+01:00
2016-01-20 06:53:25+01:00,405,SE_2,Unplanned outage,A03,,2016-01-20 06:38:00+01:00,ENZrGPzc7e0ZG8SbKZTEsw,581.0,Hydro Water Reservoir,46WPU0000000042T,SE2,Stornorrfors,1,MAW,PT1M,2,2016-01-20 05:20:00+01:00
2016-02-04 16:29:24+01:00,95,SE_2,Unplanned outage,A03,,2016-02-04 16:23:00+01:00,DyMq9U0-TLmd1viOsPzG_A,275.0,Hydro Water Reservoir,46WPU0000000045N,SE2,Kilforsen,1,MAW,PT1M,2,2016-02-04 15:37:00+01:00
2016-02-15 04:43:11+01:00,50,SE_2,Unplanned outage,A03,,2016-02-15 09:00:00+01:00,1iUL8f-7IXfdOgTYD5lsdg,270.0,Wind Onshore,46WPU00000000016,SE2,Vindpark Björkhöjden,1,MAW,PT1M,1,2016-02-15 04:15:00+01:00
2016-03-10 10:20:12+01:00,0,SE_2,Unplanned outage,A03,,2016-03-10 10:30:00+01:00,WF7MlH2r74bwYmslB2eYSA,270.0,Wind Onshore,46WPU00000000016,SE2,Vindpark Björkhöjden,1,MAW,PT1M,7,2016-03-03 07:00:00+01:00
2016-05-31 08:52:12+02:00,440,SE_2,Unplanned outage,A03,,2016-05-31 08:50:00+02:00,v4xmiN5iWB9NmvUg31YNoA,581.0,Hydro Water Reservoir,46WPU0000000042T,SE2,Stornorrfors,1,MAW,PT1M,2,2016-05-31 08:09:00+02:00
2016-05-31 14:01:22+02:00,126,SE_2,Unplanned outage,A03,,2016-05-31 15:00:00+02:00,1GbUykNfOby0_kPkh_MM4A,250.0,Hydro Water Reservoir,46WPU0000000085B,SE2,Krångede,1,MAW,PT1M,1,2016-05-31 13:57:00+02:00
2016-06-02 23:27:41+02:00,0,SE_2,Unplanned outage,A03,,2016-06-03 08:00:00+02:00,IP_HtUusdWd--XmoKuZEBg,270.0,Wind Onshore,46WPU00000000016,SE2,Vindpark Björkhöjden,1,MAW,PT1M,2,2016-06-02 18:10:00+02:00
2016-06-09 17:06:21+02:00,440,SE_2,Unplanned outage,A03,,2016-06-10 12:00:00+02:00,MSrruoOVSC3TkYU3tGkkdw,581.0,Hydro Water Reservoir,46WPU0000000042T,SE2,Stornorrfors,1,MAW,PT1M,13,2016-04-19 14:05:00+02:00
2016-06-28 13:26:21+02:00,405,SE_2,Unplanned outage,A03,,2016-06-28 13:23:00+02:00,18E7_Uw3pywMkfNCqlgS-g,581.0,Hydro Water Reservoir,46WPU0000000042T,SE2,Stornorrfors,1,MAW,PT1M,2,2016-06-28 13:00:00+02:00
2016-07-03 01:02:22+02:00,440,SE_2,Unplanned outage,A03,,2016-07-03 00:58:00+02:00,dD7-q_l_v8w_afXVG2jaxg,581.0,Hydro Water Reservoir,46WPU0000000042T,SE2,Stornorrfors,1,MAW,PT1M,2,2016-07-02 23:44:00+02:00
2016-07-04 12:51:29+02:00,0,SE_2,Unplanned outage,A03,,2016-07-04 12:50:00+02:00,07Z8nMDQl9mFFlC-aIBmsg,275.0,Hydro Water Reservoir,46WPU0000000045N,SE2,Kilforsen,1,MAW,PT1M,2,2016-07-04 12:45:00+02:00
2016-07-05 13:52:34+02:00,126,SE_2,Unplanned outage,A03,,2016-07-05 14:30:00+02:00,hSBZMafdCyEsp71ckb6NBw,250.0,Hydro Water Reservoir,46WPU0000000085B,SE2,Krångede,1,MAW,PT1M,1,2016-07-05 13:41:00+02:00
2016-08-29 11:02:40+02:00,440,SE_2,Unplanned outage,A03,,2016-08-29 10:58:00+02:00,4VbFnsNIn_x5vKR57C9FxA,581.0,Hydro Water Reservoir,46WPU0000000042T,SE2,Stornorrfors,1,MAW,PT1M,2,2016-08-29 09:40:00+02:00
2016-09-02 16:10:52+02:00,440,SE_2,Unplanned outage,A03,,2016-09-02 16:03:00+02:00,VuOE5e9wXzSbblwXWCGERg,581.0,Hydro Water Reservoir,46WPU0000000042T,SE2,Stornorrfors,1,MAW,PT1M,2,2016-09-02 15:40:00+02:00
2016-09-21 08:17:26+02:00,126,SE_2,Unplanned outage,A03,,2016-09-21 08:01:00+02:00,TG-RAYl30VmRL65XsFtn4Q,250.0,Hydro Water Reservoir,46WPU0000000085B,SE2,Krångede,1,MAW,PT1M,2,2016-09-21 06:00:00+02:00
2016-10-04 10:11:30+02:00,90,SE_2,Unplanned outage,A03,,2016-10-04 09:38:00+02:00,rUrTnljMDGE6dJxj3RohcQ,275.0,Hydro Water Reservoir,46WPU0000000045N,SE2,Kilforsen,1,MAW,PT1M,2,2016-10-03 23:45:00+02:00
2016-10-21 09:16:24+02:00,90,SE_2,Unplanned outage,A03,,2016-10-21 08:58:00+02:00,lFegIogpEHBk_NiPuNWktQ,275.0,Hydro Water Reservoir,46WPU0000000045N,SE2,Kilforsen,1,MAW,PT1M,2,2016-10-21 07:30:00+02:00
2016-11-11 23:21:23+01:00,405,SE_2,Unplanned outage,A03,,2016-11-11 23:15:00+01:00,Hf7D2gsONmeQmxHTV-oCCA,581.0,Hydro Water Reservoir,46WPU0000000042T,SE2,Stornorrfors,1,MAW,PT1M,2,2016-11-11 21:24:00+01:00
2016-11-15 08:58:21+01:00,148,SE_2,Unplanned outage,A03,,2016-11-15 16:00:00+01:00,T5VPPsHIWBmZ6XDaBdM7Tg,270.0,Wind Onshore,46WPU00000000016,SE2,Vindpark Björkhöjden,1,MAW,PT1M,1,2016-11-15 08:55:00+01:00
2016-11-15 19:19:14+01:00,440,SE_2,Unplanned outage,A03,,2016-11-15 16:47:00+01:00,f_5b1VBbqyN7s2nTbWQkAg,581.0,Hydro Water Reservoir,46WPU0000000042T,SE2,Stornorrfors,1,MAW,PT1M,3,2016-11-15 00:00:00+01:00
2016-11-18 09:31:13+01:00,90,SE_2,Unplanned outage,A03,,2016-11-18 15:00:00+01:00,4lvs70lYK7Kg4ZBcpkqe5A,270.0,Wind Onshore,46WPU00000000016,SE2,Vindpark Björkhöjden,1,MAW,PT1M,1,2016-11-18 09:25:00+01:00
2016-11-22 17:17:01+01:00,150,SE_2,Unplanned outage,A03,,2016-11-22 20:00:00+01:00,tKkPzgV9P9azWmEL86CAKQ,270.0,Wind Onshore,46WPU00000000016,SE2,Vindpark Björkhöjden,1,MAW,PT1M,1,2016-11-22 14:50:00+01:00
2016-11-24 07:56:17+01:00,405,SE_2,Unplanned outage,A03,,2016-11-24 09:00:00+01:00,OSIEyo3cVDf3y8lNrxB12A,581.0,Hydro Water Reservoir,46WPU0000000042T,SE2,Stornorrfors,1,MAW,PT1M,1,2016-11-24 07:23:00+01:00
2016-11-25 16:34:32+01:00,20,SE_2,Unplanned outage,A03,,2016-11-25 20:00:00+01:00,vaVYVOKQRfMweDHCiw5O2w,270.0,Wind Onshore,46WPU00000000016,SE2,Vindpark Björkhöjden,1,MAW,PT1M,1,2016-11-25 13:35:00+01:00
2016-12-25 11:50:51+01:00,0,SE_2,Unplanned outage,A03,,2016-12-25 18:00:00+01:00,gDc6IYcfg64OWJT6yH7Qbw,270.0,Wind Onshore,46WPU00000000016,SE2,Vindpark Björkhöjden,1,MAW,PT1M,1,2016-12-25 11:45:00+01:00
2017-02-07 15:14:27+01:00,0,SE_2,Unplanned outage,A03,,2017-02-07 15:00:00+01:00,M79_q4HOY-Wmv0fgUps0UA,288.0,Wind Onshore,46WPU00000000016,SE2,Vindpark Björkhöjden,1,MAW,PT1M,4,2017-02-06 08:40:00+01:00
2017-02-10 10:53:01+01:00,0,SE_2,Unplanned outage,A03,,2017-02-10 10:45:00+01:00,XdLcvUQkbyW6VT58SlsLhg,288.0,Wind Onshore,46WPU00000000016,SE2,Vindpark Björkhöjden,1,MAW,PT1M,2,2017-02-10 05:20:00+01:00
2017-03-05 11:18:36+01:00,197,SE_2,Unplanned outage,A03,,2017-03-05 11:15:00+01:00,GDBYgUNCOfWD301xFWx-iA,288.0,Wind Onshore,46WPU00000000016,SE2,Vindpark Björkhöjden,1,MAW,PT1M,9,2017-02-28 08:50:00+01:00
2017-03-26 22:10:22+02:00,0,SE_2,Unplanned outage,A03,,2017-03-27 00:00:00+02:00,_b9t3moptfS3XEbvcwtv1g,250.0,Hydro Water Reservoir,46WPU0000000085B,SE2,Krångede,1,MAW,PT1M,1,2017-03-26 22:00:00+02:00
2017-11-23 07:57:47+01:00,0,SE_2,Unplanned outage,A03,,2017-11-23 08:00:00+01:00,XHqZvO6Gdaz_k3nToD6DUw,288.0,Wind Onshore,46WPU00000000016,SE2,Vindpark Björkhöjden,1,MAW,PT1M,2,2017-11-22 12:30:00+01:00
2018-01-17 13:54:48+01:00,137,SE_2,Unplanned outage,A03,,2018-01-17 08:30:00+01:00,1eZJ3lRINreoE1MP9KpYPg,235.0,Wind Onshore,46WPU0000000068B,SE2,Blaiken,1,MAW,PT1M,2,2018-01-17 08:25:00+01:00
2018-01-19 00:57:58+01:00,182,SE_2,Unplanned outage,A03,,2018-01-19 01:00:00+01:00,xzVe6cqCSnddxXRKB07ewg,288.0,Wind Onshore,46WPU00000000016,SE2,Vindpark Björkhöjden,1,MAW,PT1M,1,2018-01-19 00:50:00+01:00
2018-01-23 09:24:49+01:00,147,SE_2,Unplanned outage,A03,,2018-01-22 14:15:00+01:00,F7IPUJNssgiADIW6AZQwDA,288.0,Wind Onshore,46WPU00000000016,SE2,Vindpark Björkhöjden,1,MAW,PT1M,2,2018-01-22 14:10:00+01:00
2018-01-24 08:02:23+01:00,30,SE_2,Unplanned outage,A03,,2018-01-24 08:00:00+01:00,yCmSf2z8pr4ObY22lySizw,235.0,Wind Onshore,46WPU0000000068B,SE2,Blaiken,1,MAW,PT60M,3,2018-01-24 01:00:00+01:00
2018-01-25 02:14:28+01:00,100,SE_2,Unplanned outage,A03,,2018-01-25 02:00:00+01:00,8nMOWShMGiCiL0qwJ28eHA,235.0,Wind Onshore,46WPU0000000068B,SE2,Blaiken,1,MAW,PT60M,2,2018-01-24 20:00:00+01:00
2018-01-31 08:58:10+01:00,187,SE_2,Unplanned outage,A03,,2018-01-30 11:15:00+01:00,vRtoG5H2mXg8N_Ikw2sCCg,288.0,Wind Onshore,46WPU00000000016,SE2,Vindpark Björkhöjden,1,MAW,PT1M,2,2018-01-30 11:10:00+01:00
2018-01-31 09:31:38+01:00,127,SE_2,Unplanned outage,A03,,2018-01-31 10:00:00+01:00,Gq5XW9EETNQD5UEzXR1Y4g,235.0,Wind Onshore,46WPU0000000068B,SE2,Blaiken,1,MAW,PT30M,1,2018-01-31 09:30:00+01:00
2018-02-01 08:08:09+01:00,127,SE_2,Unplanned outage,A03,,2018-01-31 10:00:00+01:00,CEUebHcWr2YtLzDHgd5mCQ,235.0,Wind Onshore,46WPU0000000068B,SE2,Blaiken,1,MAW,PT30M,2,2018-01-31 09:30:00+01:00
2018-02-09 20:47:58+01:00,132,SE_2,Unplanned outage,A03,,2018-02-09 12:30:00+01:00,nEabruyop5pyWm4m9W87bw,235.0,Wind Onshore,46WPU0000000068B,SE2,Blaiken,1,MAW,PT1M,2,2018-02-09 12:24:00+01:00
2018-06-07 08:50:16+02:00,77,SE_2,Unplanned outage,A03,,2018-06-07 08:00:00+02:00,NzbpkLmdWRUQMWc0oWW7hg,223.0,Hydro Run-of-river and poundage,46WPU0000000080L,SE2,Harrsele,1,MAW,PT60M,2,2018-06-04 09:00:00+02:00
2018-06-14 09:38:14+02:00,65,SE_2,Unplanned outage,A03,,2018-06-14 09:00:00+02:00,iyj0WsFR0FonRdZvEWydMA,223.0,Hydro Run-of-river and poundage,46WPU0000000080L,SE2,Harrsele,1,MAW,PT60M,2,2018-06-14 08:00:00+02:00
2018-12-09 09:55:03+01:00,130,SE_2,Unplanned outage,A03,,2018-12-09 09:00:00+01:00,2oUgHImV12jDaswy7T2rnQ,288.0,Wind Onshore,46WPU00000000016,SE2,Vindpark Björkhöjden,1,MAW,PT60M,2,2018-12-08 11:00:00+01:00
2018-12-13 08:14:24+01:00,0,SE_2,Unplanned outage,A03,,2018-12-11 08:45:00+01:00,PfKSBrQeWvtBpy8aO9T_gw,288.0,Wind Onshore,46WPU00000000016,SE2,Vindpark Björkhöjden,1,MAW,PT1M,5,2018-12-11 08:40:00+01:00
2018-12-17 07:44:27+01:00,122,SE_2,Unplanned outage,A03,,2018-12-17 08:00:00+01:00,2OKQAf_3Ka-ybeUMR_QTyw,235.0,Wind Onshore,46WPU0000000068B,SE2,Blaiken,1,MAW,PT60M,2,2018-12-16 14:00:00+01:00
2018-12-17 07:53:51+01:00,0,SE_2,Unplanned outage,A03,,2018-12-17 08:00:00+01:00,khqzTbcnbzJez5zPyFdYdA,288.0,Wind Onshore,46WPU00000000016,SE2,Vindpark Björkhöjden,1,MAW,PT30M,1,2018-12-17 07:30:00+01:00
2018-12-20 13:08:58+01:00,137,SE_2,Unplanned outage,A03,,2018-12-20 08:15:00+01:00,c4qHUgzJ3VAcnJ8UOfgpmg,235.0,Wind Onshore,46WPU0000000068B,SE2,Blaiken,1,MAW,PT1M,2,2018-12-20 08:10:00+01:00
2018-12-21 09:53:53+01:00,137,SE_2,Unplanned outage,A03,,2018-12-21 08:00:00+01:00,78ZKdkdRfCUEKAw4pOh96Q,235.0,Wind Onshore,46WPU0000000068B,SE2,Blaiken,1,MAW,PT15M,2,2018-12-21 07:45:00+01:00
2018-12-23 14:19:43+01:00,0,SE_2,Unplanned outage,A03,,2018-12-22 11:00:00+01:00,JLn3biAzKmv0314TSR65lg,288.0,Wind Onshore,46WPU00000000016,SE2,Vindpark Björkhöjden,1,MAW,PT1M,3,2018-12-22 10:58:00+01:00
2019-02-01 16:14:33+01:00,0,SE_2,Unplanned outage,A03,,2019-02-01 23:00:00+01:00,Q5SfY8tVrKIrino6H0Lb5A,288.0,Wind Onshore,46WPU00000000016,SE2,Vindpark Björkhöjden,1,MAW,PT60M,1,2019-02-01 16:00:00+01:00
2019-02-02 16:24:42+01:00,147,SE_2,Unplanned outage,A03,,2019-02-02 04:00:00+01:00,eZXqzFohimjyalBLlE9E-g,237.0,Wind Onshore,46WPU0000000068B,SE2,Blaiken,1,MAW,PT1M,3,2019-02-02 03:50:00+01:00
2019-02-06 08:13:05+01:00,170,SE_2,Unplanned outage,A03,,2019-02-04 12:00:00+01:00,-CfZ6RddevKkkUo3lA9POg,288.0,Wind Onshore,46WPU00000000016,SE2,Vindpark Björkhöjden,1,MAW,PT30M,3,2019-02-04 11:30:00+01:00
2019-02-16 15:08:11+01:00,127,SE_2,Unplanned outage,A03,,2019-02-16 15:00:00+01:00,sv0gVt8JpagbEnbjGicnpQ,237.0,Wind Onshore,46WPU0000000068B,SE2,Blaiken,1,MAW,PT1M,2,2019-02-16 14:50:00+01:00
2019-03-05 00:08:05+01:00,150,SE_2,Unplanned outage,A03,,2019-03-04 09:15:00+01:00,jis2D8s6zZ6n4D9IAbBClQ,288.0,Wind Onshore,46WPU00000000016,SE2,Vindpark Björkhöjden,1,MAW,PT1M,3,2019-03-04 09:10:00+01:00
2019-03-14 10:24:44+01:00,0,SE_2,Unplanned outage,A03,,2019-03-14 10:00:00+01:00,9sHcBVwusl98EtdRqBtf_A,250.0,Hydro Water Reservoir,46WPU0000000085B,SE2,Krångede,1,MAW,PT1M,2,2019-03-14 09:50:00+01:00
2019-07-09 11:32:42+02:00,0,SE_2,Unplanned outage,A03,,2019-07-09 10:00:00+02:00,WJqmjNSBnz1iqzuU2QW4Rw,275.0,Hydro Water Reservoir,46WPU0000000045N,SE2,Kilforsen,1,MAW,PT1M,2,2019-07-09 09:55:00+02:00
2019-11-13 03:00:16+01:00,127,SE_2,Unplanned outage,A03,,2019-11-12 21:15:00+01:00,NrfD9nIN4kqUS-DcbyCufg,237.0,Wind Onshore,46WPU0000000068B,SE2,Blaiken,1,MAW,PT1M,2,2019-11-12 21:10:00+01:00
2019-11-19 10:47:29+01:00,127,SE_2,Unplanned outage,A03,,2019-11-19 10:45:00+01:00,uLYrHxHhxkuuQplz7bH-2A,237.0,Wind Onshore,46WPU0000000068B,SE2,Blaiken,1,MAW,PT1M,1,2019-11-19 10:40:00+01:00
2019-11-29 07:54:35+01:00,97,SE_2,Unplanned outage,A03,,2019-11-28 08:00:00+01:00,5VqaQtEUGh--nFolTl1tzA,288.0,Wind Onshore,46WPU00000000016,SE2,Vindpark Björkhöjden,1,MAW,PT15M,2,2019-11-28 07:45:00+01:00
2019-12-16 09:01:49+01:00,27,SE_2,Unplanned outage,A03,,2019-12-18 00:00:00+01:00,-hwcRYl1KLFCHClmxhYnjA,288.0,Wind Onshore,46WPU00000000016,SE2,Vindpark Björkhöjden,1,MAW,PT60M,1,2019-12-16 09:00:00+01:00
2019-12-28 05:34:15+01:00,117,SE_2,Unplanned outage,A03,,2019-12-28 06:00:00+01:00,8ft7oo5lThF8a5IdEL2a8Q,237.0,Wind Onshore,46WPU0000000068B,SE2,Blaiken,1,MAW,PT60M,2,2019-12-28 01:00:00+01:00
2020-01-28 15:31:33+01:00,197,SE_2,Unplanned outage,A03,,2020-01-28 08:45:00+01:00,p49xHotdf09kdKMD9ecLYA,288.0,Wind Onshore,46WPU00000000016,SE2,Vindpark Björkhöjden,1,MAW,PT1M,2,2020-01-28 08:35:00+01:00
2020-01-29 19:49:21+01:00,137,SE_2,Unplanned outage,A03,,2020-01-29 13:15:00+01:00,8bpIL8kmB-AW2hoO-EN6hQ,237.0,Wind Onshore,46WPU0000000068B,SE2,Blaiken,1,MAW,PT1M,2,2020-01-29 13:10:00+01:00
2020-02-04 15:19:49+01:00,0,SE_2,Unplanned outage,A03,,2020-02-04 13:45:00+01:00,HlNjdqSinzD9cMBIWJKtLA,252.0,Hydro Water Reservoir,46WPU0000000085B,SE2,Krångede,1,MAW,PT1M,2,2020-02-04 13:35:00+01:00
2020-04-22 12:57:15+02:00,0,SE_2,Unplanned outage,A03,,2020-04-22 12:00:00+02:00,j1ha3IBHlR4aERgZrtELxg,252.0,Hydro Water Reservoir,46WPU0000000085B,SE2,Krångede,1,MAW,PT1M,2,2020-04-22 11:59:00+02:00
2020-11-13 18:16:18+01:00,127,SE_2,Unplanned outage,A03,,2020-11-13 20:00:00+01:00,ORMOcbvSttNtEZEBgmfR-A,237.0,Wind Onshore,46WPU0000000068B,SE2,Blaiken,1,MAW,PT60M,2,2020-11-12 18:00:00+01:00
2020-11-26 18:42:03+01:00,0,SE_2,Unplanned outage,A03,,2020-11-26 17:15:00+01:00,Ra4TIjvGDkmTrDnme63ruA,252.0,Hydro Water Reservoir,46WPU0000000085B,SE2,Krångede,1,MAW,PT1M,2,2020-11-26 17:10:00+01:00
2020-11-27 13:45:53+01:00,0,SE_2,Unplanned outage,A03,,2020-11-27 12:45:00+01:00,ZXZai9gxrt_IUyIrPSmd3g,252.0,Hydro Water Reservoir,46WPU0000000085B,SE2,Krångede,1,MAW,PT1M,2,2020-11-27 12:40:00+01:00
2020-11-30 20:10:31+01:00,167,SE_2,Unplanned outage,A03,,2020-11-30 10:30:00+01:00,GpQI13s7eh58W8gsFfE0QA,288.0,Wind Onshore,46WPU00000000016,SE2,Vindpark Björkhöjden,1,MAW,PT15M,2,2020-11-30 10:15:00+01:00
2020-12-09 04:59:36+01:00,113,SE_2,Unplanned outage,A03,,2020-12-08 20:15:00+01:00,y_l1n4ntFX2feKpo76eFKg,237.0,Wind Onshore,46WPU0000000068B,SE2,Blaiken,1,MAW,PT1M,2,2020-12-08 20:05:00+01:00
2020-12-09 17:40:27+01:00,147,SE_2,Unplanned outage,A03,,2020-12-09 17:00:00+01:00,bckCqKd8ANfRiX_QQ-8RYw,237.0,Wind Onshore,46WPU0000000068B,SE2,Blaiken,1,MAW,PT60M,2,2020-12-09 14:00:00+01:00
2020-12-14 22:21:45+01:00,147,SE_2,Unplanned outage,A03,,2020-12-14 23:00:00+01:00,TuwGE3ItwYZwxFezbDEIiQ,237.0,Wind Onshore,46WPU0000000068B,SE2,Blaiken,1,MAW,PT60M,4,2020-12-14 20:00:00+01:00
2020-12-17 23:53:16+01:00,139,SE_2,Unplanned outage,A03,,2020-12-17 17:00:00+01:00,bBFw_42DOZbDrC5VfVCo7A,237.0,Wind Onshore,46WPU0000000068B,SE2,Blaiken,1,MAW,PT30M,2,2020-12-17 16:30:00+01:00
2020-12-19 08:36:10+01:00,147,SE_2,Unplanned outage,A03,,2020-12-19 06:30:00+01:00,ZatCX7Qicxz7lE9q9tcKww,237.0,Wind Onshore,46WPU0000000068B,SE2,Blaiken,1,MAW,PT15M,2,2020-12-19 06:15:00+01:00
2020-12-20 05:03:30+01:00,132,SE_2,Unplanned outage,A03,,2020-12-20 23:00:00+01:00,l95Dfb0ZpuzBs7b55-cegA,237.0,Wind Onshore,46WPU0000000068B,SE2,Blaiken,1,MAW,PT60M,1,2020-12-20 05:00:00+01:00
2020-12-25 03:05:36+01:00,147,SE_2,Unplanned outage,A03,,2020-12-24 23:00:00+01:00,BbHowRpjrRWIr35N8td1CQ,237.0,Wind Onshore,46WPU0000000068B,SE2,Blaiken,1,MAW,PT30M,2,2020-12-24 22:30:00+01:00
2020-12-26 19:08:49+01:00,142,SE_2,Unplanned outage,A03,,2020-12-27 12:00:00+01:00,ZCFCYfukLBQqabMxLzx7ow,237.0,Wind Onshore,46WPU0000000068B,SE2,Blaiken,1,MAW,PT60M,1,2020-12-26 19:00:00+01:00
2020-12-28 05:30:40+01:00,147,SE_2,Unplanned outage,A03,,2020-12-27 21:30:00+01:00,QpJoDmSu6okOLiF5H-rSbw,237.0,Wind Onshore,46WPU0000000068B,SE2,Blaiken,1,MAW,PT15M,2,2020-12-27 21:15:00+01:00
2021-01-10 14:43:20+01:00,47,SE_2,Unplanned outage,A03,,2021-01-09 20:00:00+01:00,pBfjByEIIBONH2QQ5mIpkA,237.0,Wind Onshore,46WPU0000000068B,SE2,Blaiken,1,MAW,PT1M,2,2021-01-09 19:51:00+01:00
2021-01-12 16:09:46+01:00,0,SE_2,Unplanned outage,A03,,2021-01-12 14:00:00+01:00,jHAt6e2nzzwcGR5I2Rgosw,237.0,Wind Onshore,46WPU0000000068B,SE2,Blaiken,1,MAW,PT30M,3,2021-01-12 13:30:00+01:00
2021-01-13 10:47:41+01:00,55,SE_2,Unplanned outage,A03,,2021-01-12 16:30:00+01:00,KJLzVjnTKFUtPk1MLtKzMw,237.0,Wind Onshore,46WPU0000000068B,SE2,Blaiken,1,MAW,PT15M,4,2021-01-12 16:15:00+01:00
2021-01-24 11:28:44+01:00,177,SE_2,Unplanned outage,A03,,2021-01-24 11:30:00+01:00,hevuzlP4-hpYIslL3j7V0A,288.0,Wind Onshore,46WPU00000000016,SE2,Vindpark Björkhöjden,1,MAW,PT1M,1,2021-01-24 11:25:00+01:00
2021-02-21 12:22:15+01:00,142,SE_2,Unplanned outage,A03,,2021-02-21 12:00:00+01:00,duAF9w06M1Fw0moALK_XAg,237.0,Wind Onshore,46WPU0000000068B,SE2,Blaiken,1,MAW,PT60M,2,2021-02-21 10:00:00+01:00
2021-05-10 09:58:12+02:00,0,SE_2,Unplanned outage,A03,,2021-05-11 11:00:00+02:00,Ll-wX-n9EBNJtL_urb5YXg,223.0,Hydro Run-of-river and poundage,46WPU0000000080L,SE2,Harrsele,1,MAW,PT60M,1,2021-05-11 08:00:00+02:00
2021-07-08 06:48:08+02:00,126,SE_2,Unplanned outage,A03,,2021-07-08 06:15:00+02:00,hRGpYyaqKr-0jocFpOFFlw,252.0,Hydro Water Reservoir,46WPU0000000085B,SE2,Krångede,1,MAW,PT1M,2,2021-07-08 06:02:00+02:00
2021-07-19 17:15:14+02:00,150,SE_2,Unplanned outage,A03,,2021-07-18 08:30:00+02:00,X1aZgNQRxO-ftidtNhvCYQ,288.0,Wind Onshore,46WPU00000000016,SE2,Vindpark Björkhöjden,1,MAW,PT15M,3,2021-07-18 08:15:00+02:00
2021-08-27 13:11:43+02:00,124,SE_2,Unplanned outage,A03,,2021-08-27 09:45:00+02:00,kkGsOpKKOsY9sa-0mAA-rQ,248.0,Wind Onshore,46WPU0000000117O,SE2,Åmot-Lingbo,1,MAW,PT1M,2,2021-08-27 09:39:00+02:00
2021-09-01 11:58:10+02:00,129,SE_2,Unplanned outage,A03,,2021-09-01 11:45:00+02:00,85D5kgrG4rPnWLHB6KtByw,248.0,Wind Onshore,46WPU0000000117O,SE2,Åmot-Lingbo,1,MAW,PT1M,1,2021-09-01 11:40:00+02:00
2021-11-25 15:40:11+01:00,127,SE_2,Unplanned outage,A03,,2021-11-09 13:30:00+01:00,bq2GwpYQoUX29iP_jZhk2A,237.0,Wind Onshore,46WPU0000000068B,SE2,Blaiken,1,MAW,PT30M,4,2021-11-09 13:00:00+01:00
2021-11-26 09:49:51+01:00,335,SE_2,Unplanned outage,A03,,2021-11-15 09:00:00+01:00,B6DLNRe_a7cI6b1CSyO_Gg,581.0,Hydro Water Reservoir,46WPU0000000042T,SE2,Stornorrfors,1,MAW,PT1M,6,2021-11-15 08:48:00+01:00
2021-11-29 16:57:01+01:00,147,SE_2,Unplanned outage,A03,,2021-11-29 17:00:00+01:00,M4o_UQyKp0d-QBMNkZsigw,237.0,Wind Onshore,46WPU0000000068B,SE2,Blaiken,1,MAW,PT1M,1,2021-11-29 16:52:00+01:00
2021-12-09 13:54:11+01:00,30,SE_2,Unplanned outage,A03,,2021-12-09 14:00:00+01:00,K6NbufOvI-_kVELXRCgIRA,237.0,Wind Onshore,46WPU0000000068B,SE2,Blaiken,1,MAW,PT60M,3,2021-12-09 11:00:00+01:00
2021-12-09 22:25:34+01:00,72,SE_2,Unplanned outage,A03,,2021-12-09 15:45:00+01:00,ptdFQOuQ6ETebrroOJV7qQ,237.0,Wind Onshore,46WPU0000000068B,SE2,Blaiken,1,MAW,PT1M,3,2021-12-09 15:40:00+01:00
2022-01-03 14:38:17+01:00,177,SE_2,Unplanned outage,A03,,2022-01-03 14:00:00+01:00,U0VY9rG8_p25c-ObzLCb9Q,288.0,Wind Onshore,46WPU00000000016,SE2,Vindpark Björkhöjden,1,MAW,PT60M,3,2022-01-03 09:00:00+01:00
2022-01-04 14:33:15+01:00,107,SE_2,Unplanned outage,A03,,2022-01-04 14:30:00+01:00,AQoTgi53ZJTGoqpO6sHfOA,288.0,Wind Onshore,46WPU00000000016,SE2,Vindpark Björkhöjden,1,MAW,PT30M,3,2022-01-04 14:00:00+01:00
2022-01-04 17:12:19+01:00,137,SE_2,Unplanned outage,A03,,2022-01-04 23:45:00+01:00,TYyEu8sVwbynACRhKIYb_g,237.0,Wind Onshore,46WPU0000000068B,SE2,Blaiken,1,MAW,PT15M,2,2022-01-04 23:30:00+01:00
2022-01-05 21:22:21+01:00,0,SE_2,Unplanned outage,A03,,2022-01-05 21:20:00+01:00,z_qzsFYg1v78s0S9xLQEwQ,288.0,Wind Onshore,46WPU0000000128J,"Åskälen, Hammerdal",Åskälen,1,MAW,PT1M,4,2022-01-05 21:15:00+01:00
2022-01-06 06:50:10+01:00,0,SE_2,Unplanned outage,A03,,2022-01-06 07:00:00+01:00,McqN1XED_ldJWN6dUsnO4A,237.0,Wind Onshore,46WPU0000000068B,SE2,Blaiken,1,MAW,PT60M,2,2022-01-05 09:00:00+01:00
2022-01-06 06:52:38+01:00,150,SE_2,Unplanned outage,A03,,2022-01-05 09:45:00+01:00,fWOrzzALwv7V3r-UTYCgVQ,288.0,Wind Onshore,46WPU00000000016,SE2,Vindpark Björkhöjden,1,MAW,PT1M,3,2022-01-05 09:39:00+01:00
2022-01-20 07:30:43+01:00,100,SE_2,Unplanned outage,A03,,2022-01-20 17:00:00+01:00,-QINROvU7D5ScVcmYPYDhw,200.0,Wind Onshore,46WPU0000000140T,Viksjö,Hästkullen Norra,1,MAW,PT60M,2,2022-01-19 09:00:00+01:00
2022-01-29 22:03:33+01:00,147,SE_2,Unplanned outage,A03,,2022-01-30 08:00:00+01:00,ziJGFXHFIYTgSWT_CXc3zQ,237.0,Wind Onshore,46WPU0000000068B,SE2,Blaiken,1,MAW,PT60M,2,2022-01-29 17:00:00+01:00
2022-02-03 09:08:43+01:00,89,SE_2,Unplanned outage,A03,,2022-02-04 12:00:00+01:00,uImy_wTTDNoHbvHHhqCqrw,200.0,Wind Onshore,46WPU0000000140T,Viksjö,Hästkullen Norra,1,MAW,PT60M,2,2022-02-02 08:00:00+01:00
2022-02-04 16:12:41+01:00,100,SE_2,Unplanned outage,A03,,2022-02-07 09:00:00+01:00,QQeyUiHJ6i1I74HA-F6IJQ,200.0,Wind Onshore,46WPU0000000140T,Viksjö,Hästkullen Norra,1,MAW,PT60M,2,2022-02-04 13:00:00+01:00
2022-02-07 08:59:23+01:00,122,SE_2,Unplanned outage,A03,,2022-02-07 11:00:00+01:00,DS31k9DU3vVjWaLjoHRzKg,237.0,Wind Onshore,46WPU0000000068B,SE2,Blaiken,1,MAW,PT60M,3,2022-02-07 05:00:00+01:00
2022-02-07 17:22:52+01:00,100,SE_2,Unplanned outage,A03,,2022-02-07 17:00:00+01:00,jHFzxRnR8-lw9ye1vUi8eA,200.0,Wind Onshore,46WPU0000000140T,Viksjö,Hästkullen Norra,1,MAW,PT30M,1,2022-02-07 16:30:00+01:00
2022-03-01 07:42:59+01:00,95,SE_2,Unplanned outage,A03,,2022-03-02 22:00:00+01:00,sVOD4Hhmhf8m3upHrHArxg,200.0,Wind Onshore,46WPU0000000140T,Viksjö,Hästkullen Norra,1,MAW,PT60M,1,2022-03-02 07:00:00+01:00
2022-03-03 13:39:15+01:00,90,SE_2,Unplanned outage,A03,,2022-03-03 11:00:00+01:00,_AEP6v7Q3A4BcJV-kOhvcQ,200.0,Wind Onshore,46WPU0000000140T,Viksjö,Hästkullen Norra,1,MAW,PT60M,2,2022-03-03 07:00:00+01:00
2022-03-04 09:46:12+01:00,100,SE_2,Unplanned outage,A03,,2022-03-04 15:00:00+01:00,EQqZskF7bLIywlIIQA9cWg,200.0,Wind Onshore,46WPU0000000140T,Viksjö,Hästkullen Norra,1,MAW,PT60M,2,2022-03-04 09:00:00+01:00
2022-03-10 09:13:27+01:00,90,SE_2,Unplanned outage,A03,,2022-03-10 18:00:00+01:00,cM65muo9v2mq6iTLVaFAKw,200.0,Wind Onshore,46WPU0000000140T,Viksjö,Hästkullen Norra,1,MAW,PT60M,1,2022-03-10 09:00:00+01:00
2022-03-26 22:41:43+01:00,138,SE_2,Unplanned outage,A03,,2022-03-27 09:00:00+02:00,6odGN9IIcXy72Fjj08uXaQ,241.0,Wind Onshore,46WPU00000001004,SE2,Turinge,1,MAW,PT60M,3,2022-03-26 17:00:00+01:00
2022-05-11 13:37:48+02:00,120,SE_2,Unplanned outage,A03,,2022-05-11 12:45:00+02:00,4Pn2T_01gjjHBcGA3Lky4Q,241.0,Wind Onshore,46WPU00000001004,SE2,Turinge,1,MAW,PT1M,1,2022-05-11 12:44:00+02:00
2022-07-04 14:26:23+02:00,140,SE_2,Unplanned outage,A03,,2022-07-04 14:15:00+02:00,vucRvwMuEpsmZnRVqcyOEw,288.0,Wind Onshore,46WPU0000000128J,"Åskälen, Hammerdal",Åskälen,1,MAW,PT15M,4,2022-07-04 14:00:00+02:00
