2015-01-11 13:31:44+01:00,0,NO_5,Unplanned outage,A03,,2015-01-11 14:30:00+01:00,daLc1kSIoReUuQW0_OlmwA,290.0,Hydro Water Reservoir,50WP000000003281,Jostedal,Jostedal,1,MAW,PT1M,1,2015-01-11 12:35:00+01:00
2015-01-13 04:16:13+01:00,0,NO_5,Unplanned outage,A03,,2015-01-13 12:00:00+01:00,GtGl7v40grSRBm9pooPolg,112.0,Hydro Water Reservoir,50WP00000000488G,Naddvik,Naddvik,1,MAW,PT1M,2,2015-01-13 02:36:00+01:00
2015-01-14 00:12:28+01:00,0,NO_5,Unplanned outage,A03,,2015-01-14 07:30:00+01:00,ZBkAyo2mUZwrsNwjNQyUMA,250.0,Hydro Water Reservoir,50WP000000008783,Lang Sima,Lang Sima,1,MAW,PT1M,1,2015-01-14 00:10:00+01:00
2015-01-15 06:42:13+01:00,0,NO_5,Unplanned outage,A03,,2015-01-15 08:00:00+01:00,aUT4llGMMTuZFX_IScSRog,250.0,Hydro Water Reservoir,50WP000000008783,Lang Sima,Lang Sima,1,MAW,PT1M,1,2015-01-15 05:45:00+01:00
2015-01-24 22:09:43+01:00,0,NO_5,Unplanned outage,A03,,2015-01-25 09:00:00+01:00,60v7-DF4EFcSkNb8CMSS0w,250.0,Hydro Water Reservoir,50WP000000008783,Lang Sima,Lang Sima,1,MAW,PT1M,1,2015-01-24 22:00:00+01:00
2015-01-25 23:08:39+01:00,0,NO_5,Unplanned outage,A03,,2015-01-26 07:30:00+01:00,dAXc3YqGLSfngsJMaZIVXQ,250.0,Hydro Water Reservoir,50WP000000008783,Lang Sima,Lang Sima,1,MAW,PT1M,1,2015-01-25 23:05:00+01:00
2015-01-28 00:05:28+01:00,0,NO_5,Unplanned outage,A03,,2015-01-28 07:00:00+01:00,xL5_x1C_hXLPP2pwjnCPyg,250.0,Hydro Water Reservoir,50WP000000008783,Lang Sima,Lang Sima,1,MAW,PT1M,1,2015-01-28 00:00:00+01:00
2015-01-31 18:10:32+01:00,0,NO_5,Unplanned outage,A03,,2015-02-02 10:00:00+01:00,z7FmPbN6-pL-5NQnJMTlEQ,250.0,Hydro Water Reservoir,50WP000000008783,Lang Sima,Lang Sima,1,MAW,PT1M,2,2015-01-31 16:50:00+01:00
2015-02-09 14:33:07+01:00,0,NO_5,Unplanned outage,A03,,2015-02-09 16:00:00+01:00,zbl9sDHTZrifghFJ6VdWPQ,290.0,Hydro Water Reservoir,50WP000000003281,Jostedal,Jostedal,1,MAW,PT1M,1,2015-02-09 14:25:00+01:00
2015-02-10 12:58:55+01:00,0,NO_5,Unplanned outage,A03,,2015-02-10 12:50:00+01:00,av4qfnvo31W7nOJ9TE1MRw,150.0,Hydro Water Reservoir,50WP00000000023N,Aurland3,Aurland3,1,MAW,PT1M,2,2015-02-10 08:22:00+01:00
2015-02-18 11:08:44+01:00,0,NO_5,Unplanned outage,A03,,2015-02-18 12:00:00+01:00,51slNkoCTcLzNNwWKQlIEg,290.0,Hydro Water Reservoir,50WP000000003281,Jostedal,Jostedal,1,MAW,PT1M,1,2015-02-18 10:10:00+01:00
2015-02-23 17:25:03+01:00,0,NO_5,Unplanned outage,A03,,2015-02-24 08:00:00+01:00,NkK9WDF8zoKsjhH6MbhTLQ,250.0,Hydro Water Reservoir,50WP000000008783,Lang Sima,Lang Sima,1,MAW,PT1M,1,2015-02-23 17:00:00+01:00
2015-02-28 11:30:12+01:00,0,NO_5,Unplanned outage,A03,,2015-02-28 12:00:00+01:00,WKG-Q_Syg3opE0Kffemv8w,147.0,Fossil Gas,50WP000000001475,EVM,EVM,1,MAW,PT1M,2,2015-02-28 08:45:00+01:00
2015-03-03 09:34:43+01:00,0,NO_5,Unplanned outage,A03,,2015-03-03 08:00:00+01:00,bm7PRitzyRVS411OVa1p5A,290.0,Hydro Water Reservoir,50WP000000003281,Jostedal,Jostedal,1,MAW,PT1M,1,2015-03-02 23:15:00+01:00
2015-03-06 14:52:42+01:00,0,NO_5,Unplanned outage,A03,,2015-03-06 13:57:00+01:00,_Jm3Ti-Tx7ntp5iaKl-lyQ,106.0,Hydro Water Reservoir,50WP000000000673,Borgund,Borgund,1,MAW,PT1M,2,2014-12-23 10:30:00+01:00
2015-03-09 10:57:42+01:00,0,NO_5,Unplanned outage,A03,,2015-03-09 08:20:00+01:00,n0LCcxXNso0AneQ7ZGNz8w,290.0,Hydro Water Reservoir,50WP000000003281,Jostedal,Jostedal,1,MAW,PT1M,1,2015-03-09 06:45:00+01:00
2015-03-09 13:05:40+01:00,0,NO_5,Unplanned outage,A03,,2015-03-09 14:00:00+01:00,hBQVEqLShCYxF57vQFh6Ew,115.0,Hydro Water Reservoir,50WP00000000411E,Leirdola,Leirdola,1,MAW,PT1M,7,2015-03-07 00:45:00+01:00
2015-03-10 13:26:43+01:00,0,NO_5,Unplanned outage,A03,,2015-03-10 11:30:00+01:00,mnndO8fIsH1E2oYrIAMOZQ,115.0,Hydro Water Reservoir,50WP00000000411E,Leirdola,Leirdola,1,MAW,PT1M,1,2015-03-10 11:15:00+01:00
2015-03-15 22:59:27+01:00,0,NO_5,Unplanned outage,A03,,2015-03-16 07:59:00+01:00,gkX69w9NiO40swN-NH50RA,115.0,Hydro Water Reservoir,50WP00000000411E,Leirdola,Leirdola,1,MAW,PT1M,1,2015-03-15 22:55:00+01:00
2015-03-17 10:44:32+01:00,0,NO_5,Unplanned outage,A03,,2015-03-17 12:00:00+01:00,Efnx_6rhjB9IZ6-MAqmv9w,128.0,Hydro Water Reservoir,50WP000000004512,Mauranger,Mauranger,1,MAW,PT1M,1,2015-03-17 10:30:00+01:00
2015-03-19 00:16:24+01:00,0,NO_5,Unplanned outage,A03,,2015-03-19 09:00:00+01:00,bs9DTtakHqk1WQZJJXQHcA,250.0,Hydro Water Reservoir,50WP000000008783,Lang Sima,Lang Sima,1,MAW,PT1M,2,2015-03-18 23:45:00+01:00
2015-03-24 17:02:08+01:00,0,NO_5,Unplanned outage,A03,,2015-03-24 17:00:00+01:00,Pea9sy_6tKByxC0o8oS0yA,195.0,Hydro Water Reservoir,50WP00000000771L,Tyin,Tyin,1,MAW,PT1M,3,2015-03-20 14:30:00+01:00
2015-03-25 09:02:12+01:00,0,NO_5,Unplanned outage,A03,,2015-03-25 08:20:00+01:00,eeA1n9YeoZ-CFsNwpzNftg,112.0,Hydro Water Reservoir,50WP00000000488G,Naddvik,Naddvik,1,MAW,PT1M,1,2015-03-25 06:00:00+01:00
2015-04-12 23:21:42+02:00,0,NO_5,Unplanned outage,A03,,2015-04-13 07:30:00+02:00,dRmJPDoS_wyXixPuxfzsxw,250.0,Hydro Water Reservoir,50WP000000008783,Lang Sima,Lang Sima,1,MAW,PT1M,1,2015-04-12 23:15:00+02:00
2015-04-17 11:05:17+02:00,0,NO_5,Unplanned outage,A03,,2015-04-17 11:00:00+02:00,GPN6nQJogxpU8RZeaVhoVg,112.0,Hydro Water Reservoir,50WP00000000488G,Naddvik,Naddvik,1,MAW,PT1M,2,2015-04-17 08:40:00+02:00
2015-05-01 02:26:38+02:00,0,NO_5,Unplanned outage,A03,,2015-05-01 02:00:00+02:00,QXQlVkvT7pDSTSSoVmmG_g,114.0,Hydro Water Reservoir,50WP00000000100V,Dale,Dale,1,MAW,PT1M,2,2015-04-30 14:44:00+02:00
2015-05-13 16:10:28+02:00,0,NO_5,Unplanned outage,A03,,2015-05-13 16:00:00+02:00,Yw1624B0QT8eA8aHxRleOw,220.0,Hydro Water Reservoir,50WP00000000771L,50WP00000000771L,50WP00000000771L,1,MAW,PT1M,5,2015-05-05 15:10:00+02:00
2015-05-19 08:34:27+02:00,0,NO_5,Unplanned outage,A03,,2015-05-19 08:25:00+02:00,OBJLgI8WKp8wPcoUx-okGw,120.0,Hydro Water Reservoir,50WP000000000673,50WP000000000673,50WP000000000673,1,MAW,PT1M,2,2015-05-19 06:55:00+02:00
2015-06-13 16:53:29+02:00,0,NO_5,Unplanned outage,A03,,2015-06-13 16:15:00+02:00,yqJiOHRnrdjp8_j6PqW-BA,145.0,Hydro Water Reservoir,50WP000000004512,50WP000000004512,50WP000000004512,1,MAW,PT1M,5,2015-06-11 14:30:00+02:00
2015-06-18 06:53:11+02:00,0,NO_5,Unplanned outage,A03,,2015-06-18 06:50:00+02:00,0L4VQ9HnRugMVWR8esb3MA,120.0,Hydro Water Reservoir,50WP00000000411E,50WP00000000411E,50WP00000000411E,1,MAW,PT1M,2,2015-06-18 05:45:00+02:00
2015-07-26 22:17:05+02:00,0,NO_5,Unplanned outage,A03,,2015-07-27 07:00:00+02:00,_4dN_qcpj8hCCMowphLTcA,220.0,Hydro Water Reservoir,50WP00000000771L,Tyin,Tyin,1,MAW,PT1M,1,2015-07-26 21:36:00+02:00
2015-07-29 16:18:48+02:00,0,NO_5,Unplanned outage,A03,,2015-08-03 15:00:00+02:00,T_LSWrcrkW3VkZ0Pu5Rx0Q,320.0,Hydro Water Reservoir,50WP000000003281,Jostedal,Jostedal,1,MAW,PT1M,2,2015-07-28 18:00:00+02:00
2015-08-01 07:11:28+02:00,0,NO_5,Unplanned outage,A03,,2015-08-03 09:00:00+02:00,2NhD9gMsVMciSBG_jxNKmA,145.0,Hydro Water Reservoir,50WP000000004512,Mauranger,Mauranger,1,MAW,PT1M,1,2015-08-01 06:25:00+02:00
2015-08-01 08:38:11+02:00,0,NO_5,Unplanned outage,A03,,2015-08-03 09:00:00+02:00,vWAcVVvIrd084NTPkkS04w,145.0,Hydro Water Reservoir,50WP000000004512,Mauranger,Mauranger,1,MAW,PT1M,1,2015-08-01 08:20:00+02:00
2015-08-11 07:04:20+02:00,0,NO_5,Unplanned outage,A03,,2015-08-11 12:00:00+02:00,2Fjn57MexNsy_rT-F4fU9A,171.0,Fossil Gas,50WP000000001475,EVM,EVM,1,MAW,PT1M,1,2015-08-11 06:15:00+02:00
2015-08-11 08:57:10+02:00,0,NO_5,Unplanned outage,A03,,2015-08-11 12:00:00+02:00,9Pp5w-4DNTjnKW1Lwmy0bQ,120.0,Hydro Water Reservoir,50WP00000000411E,Leirdola,Leirdola,1,MAW,PT1M,1,2015-08-11 08:00:00+02:00
2015-09-16 03:04:02+02:00,0,NO_5,Unplanned outage,A03,,2015-09-15 11:35:00+02:00,-3qg31AnY-iNeTfUs3K-MA,320.0,Hydro Water Reservoir,50WP000000003281,Jostedal,Jostedal,1,MAW,PT1M,2,2015-09-15 10:00:00+02:00
2015-09-18 05:56:11+02:00,0,NO_5,Unplanned outage,A03,,2015-09-17 01:00:00+02:00,kjKqNnGgjdbB0BYHojYruA,360.0,Hydro Water Reservoir,50WP000000008791,Sy-Sima,Sy-Sima,1,MAW,PT1M,2,2015-09-16 21:10:00+02:00
2015-09-21 07:02:29+02:00,0,NO_5,Unplanned outage,A03,,2015-09-21 15:00:00+02:00,8A-t-9XODOnf9i2ivi9r8Q,300.0,Hydro Water Reservoir,50WP00000000020T,Aurland1,Aurland1,1,MAW,PT1M,7,2015-08-31 11:50:00+02:00
2015-10-02 05:58:12+02:00,0,NO_5,Unplanned outage,A03,,2015-10-02 08:00:00+02:00,LNQxLoMSI3ddShOhrXbTbg,145.0,Hydro Water Reservoir,50WP000000004512,Mauranger,Mauranger,1,MAW,PT1M,1,2015-10-02 05:30:00+02:00
2015-10-06 00:53:22+02:00,0,NO_5,Unplanned outage,A03,,2015-10-06 07:30:00+02:00,PB0V5vJxACBnk1trspYw0Q,360.0,Hydro Water Reservoir,50WP000000008791,Sy-Sima,Sy-Sima,1,MAW,PT1M,1,2015-10-06 00:00:00+02:00
2015-10-19 11:05:36+02:00,0,NO_5,Unplanned outage,A03,,2015-10-19 10:55:00+02:00,qQVntd03HyG3Ry7lt6zp5A,360.0,Hydro Water Reservoir,50WP000000008791,Sy-Sima,Sy-Sima,1,MAW,PT1M,3,2015-10-19 06:30:00+02:00
2015-10-23 19:47:28+02:00,0,NO_5,Unplanned outage,A03,,2015-10-23 22:00:00+02:00,0vgtD9VHXjQTADgCFqlRzw,360.0,Hydro Water Reservoir,50WP000000008791,Sy-Sima,Sy-Sima,1,MAW,PT1M,5,2015-10-23 12:30:00+02:00
2015-11-03 21:41:25+01:00,0,NO_5,Unplanned outage,A03,,2015-11-04 08:00:00+01:00,J1dEF4TgoVIFKzN7ml0oEw,290.0,Hydro Water Reservoir,50WP000000008783,Lang Sima,Lang Sima,1,MAW,PT1M,1,2015-11-03 21:35:00+01:00
2015-11-04 20:55:39+01:00,0,NO_5,Unplanned outage,A03,,2015-11-05 07:00:00+01:00,ofJAefeoHd9N0EOZyvq5vA,290.0,Hydro Water Reservoir,50WP000000008783,Lang Sima,Lang Sima,1,MAW,PT1M,1,2015-11-04 20:50:00+01:00
2015-11-05 21:09:48+01:00,0,NO_5,Unplanned outage,A03,,2015-11-05 21:05:00+01:00,TydQiZcFSfAARWmmQ5B0Bw,290.0,Hydro Water Reservoir,50WP000000008783,Lang Sima,Lang Sima,1,MAW,PT1M,2,2015-11-05 20:40:00+01:00
2015-11-07 01:18:21+01:00,0,NO_5,Unplanned outage,A03,,2015-11-07 01:10:00+01:00,XXttx3dkDhMjxABFQU5K4Q,290.0,Hydro Water Reservoir,50WP000000008783,Lang Sima,Lang Sima,1,MAW,PT1M,2,2015-11-06 20:00:00+01:00
2015-11-07 19:06:35+01:00,0,NO_5,Unplanned outage,A03,,2015-11-08 09:00:00+01:00,Dd489mZhPgJ7y3XjKfVvbA,290.0,Hydro Water Reservoir,50WP000000008783,Lang Sima,Lang Sima,1,MAW,PT1M,1,2015-11-07 19:00:00+01:00
2015-11-13 07:49:11+01:00,0,NO_5,Unplanned outage,A03,,2015-11-13 07:45:00+01:00,nGnWwDmWZ7EcagY2CbvWIg,290.0,Hydro Water Reservoir,50WP000000008783,Lang Sima,Lang Sima,1,MAW,PT1M,2,2015-11-13 00:00:00+01:00
2015-11-15 14:54:33+01:00,0,NO_5,Unplanned outage,A03,,2015-11-15 16:00:00+01:00,-S1TbhejC_pBUyA6G-VdPw,145.0,Hydro Water Reservoir,50WP000000004512,Mauranger,Mauranger,1,MAW,PT1M,2,2015-11-15 11:00:00+01:00
2015-11-17 20:35:27+01:00,0,NO_5,Unplanned outage,A03,,2015-11-18 07:30:00+01:00,4AHlPyhkM-n5LntfdDEmCA,290.0,Hydro Water Reservoir,50WP000000008783,Lang Sima,Lang Sima,1,MAW,PT1M,1,2015-11-17 20:15:00+01:00
2015-11-23 23:04:12+01:00,0,NO_5,Unplanned outage,A03,,2015-11-24 08:00:00+01:00,mQOb9EFNErGM5Y6Uyu1jPQ,290.0,Hydro Water Reservoir,50WP000000008783,Lang Sima,Lang Sima,1,MAW,PT1M,1,2015-11-23 22:30:00+01:00
2015-12-02 09:08:14+01:00,0,NO_5,Unplanned outage,A03,,2015-12-02 11:00:00+01:00,3SI01tr_gkm5VhNCR-5sLw,135.0,Hydro Water Reservoir,50WP00000000144B,Evanger,Evanger,1,MAW,PT1M,3,2015-12-01 07:45:00+01:00
2015-12-14 03:55:11+01:00,0,NO_5,Unplanned outage,A03,,2015-12-14 05:00:00+01:00,fcVwvJbi_eRF5IORzHIJGg,320.0,Hydro Water Reservoir,50WP000000003281,Jostedal,Jostedal,1,MAW,PT1M,1,2015-12-14 02:55:00+01:00
2015-12-25 06:14:10+01:00,0,NO_5,Unplanned outage,A03,,2015-12-25 07:50:00+01:00,BTbt6mQShY0Ap0OVw6Izhg,125.0,Hydro Water Reservoir,50WP00000000480W,Myster,Myster,1,MAW,PT1M,1,2015-12-25 05:55:00+01:00
2015-12-26 13:46:22+01:00,0,NO_5,Unplanned outage,A03,,2015-12-26 15:00:00+01:00,zWEEu8_tsXdU-kG5TcvU0w,150.0,Hydro Water Reservoir,50WP00000000144B,Evanger,Evanger,1,MAW,PT1M,3,2015-12-25 14:33:00+01:00
2015-12-29 09:44:12+01:00,0,NO_5,Unplanned outage,A03,,2015-12-29 09:35:00+01:00,vbdDqOQJF-UOKPe-XpTpVg,220.0,Hydro Water Reservoir,50WP00000000771L,Tyin,Tyin,1,MAW,PT1M,5,2015-12-28 09:33:00+01:00
2016-01-02 14:51:12+01:00,0,NO_5,Unplanned outage,A03,,2016-01-03 16:00:00+01:00,ZgNABoaw9PsZu2HkHvkK6A,145.0,Hydro Water Reservoir,50WP000000004512,Mauranger,Mauranger,1,MAW,PT1M,3,2016-01-01 19:30:00+01:00
2016-01-04 09:24:10+01:00,0,NO_5,Unplanned outage,A03,,2016-01-04 09:20:00+01:00,GxpBL0tID7OAgak9EGmbVA,360.0,Hydro Water Reservoir,50WP000000008791,Sy-Sima,Sy-Sima,1,MAW,PT1M,3,2016-01-04 08:00:00+01:00
2016-01-25 20:23:21+01:00,0,NO_5,Unplanned outage,A03,,2016-01-26 11:00:00+01:00,jMo4qZOaFc5I7g_1NKFRIg,290.0,Hydro Water Reservoir,50WP000000008783,Lang Sima,Lang Sima,1,MAW,PT1M,1,2016-01-25 20:15:00+01:00
2016-01-25 21:18:40+01:00,0,NO_5,Unplanned outage,A03,,2016-01-26 11:00:00+01:00,lIaiwm__MDDKxZJhSPSgxg,290.0,Hydro Water Reservoir,50WP000000008783,Lang Sima,Lang Sima,1,MAW,PT1M,1,2016-01-25 21:15:00+01:00
2016-01-25 23:33:26+01:00,0,NO_5,Unplanned outage,A03,,2016-01-26 07:30:00+01:00,qQFu9vyxKYwIgQ0d8lU9ww,360.0,Hydro Water Reservoir,50WP000000008791,Sy-Sima,Sy-Sima,1,MAW,PT1M,1,2016-01-25 23:15:00+01:00
2016-01-26 22:11:01+01:00,0,NO_5,Unplanned outage,A03,,2016-01-27 07:45:00+01:00,1vvIxJrBY-36eTPWSaDY-w,360.0,Hydro Water Reservoir,50WP000000008791,Sy-Sima,Sy-Sima,1,MAW,PT1M,1,2016-01-26 21:00:00+01:00
2016-02-06 15:01:10+01:00,0,NO_5,Unplanned outage,A03,,2016-02-06 18:00:00+01:00,laZ-KV2jmAfTVV0xukLOWQ,171.0,Fossil Gas,50WP000000001475,EVM,EVM,1,MAW,PT1M,1,2016-02-06 13:34:00+01:00
2016-02-11 02:14:04+01:00,0,NO_5,Unplanned outage,A03,,2016-02-11 02:00:00+01:00,d5MTn5hWhEmHEdgaqFh1oA,220.0,Hydro Water Reservoir,50WP00000000771L,Tyin,Tyin,1,MAW,PT1M,2,2016-02-11 00:15:00+01:00
2016-02-11 03:09:35+01:00,0,NO_5,Unplanned outage,A03,,2016-02-11 03:00:00+01:00,b89dhDiJVXLRmxwhhmNWfA,290.0,Hydro Water Reservoir,50WP000000008783,Lang Sima,Lang Sima,1,MAW,PT1M,3,2016-02-10 21:00:00+01:00
2016-02-11 20:35:46+01:00,0,NO_5,Unplanned outage,A03,,2016-02-12 07:00:00+01:00,iB-65Yojf-1hvH-vazGAdg,125.0,Hydro Water Reservoir,50WP00000000480W,Myster,Myster,1,MAW,PT1M,1,2016-02-11 18:15:00+01:00
2016-02-13 20:30:21+01:00,0,NO_5,Unplanned outage,A03,,2016-02-13 20:30:00+01:00,yvEiP3vWgSYyOtA6-YXaCA,290.0,Hydro Water Reservoir,50WP000000008783,Lang Sima,Lang Sima,1,MAW,PT1M,2,2016-02-13 19:00:00+01:00
2016-03-03 22:35:53+01:00,0,NO_5,Unplanned outage,A03,,2016-03-04 08:00:00+01:00,SK3OihpjU131ZAizlRRLJQ,290.0,Hydro Water Reservoir,50WP000000008783,Lang Sima,Lang Sima,1,MAW,PT1M,1,2016-03-03 22:00:00+01:00
2016-03-05 09:45:29+01:00,0,NO_5,Unplanned outage,A03,,2016-03-05 11:00:00+01:00,7UYnZ9myMo3ZWd2EKgvT-g,320.0,Hydro Water Reservoir,50WP000000003281,Jostedal,Jostedal,1,MAW,PT1M,1,2016-03-05 08:45:00+01:00
2016-03-11 00:41:31+01:00,0,NO_5,Unplanned outage,A03,,2016-03-11 06:00:00+01:00,YjbiRvGuVK9gGGyH26yXVg,290.0,Hydro Water Reservoir,50WP000000008783,Lang Sima,Lang Sima,1,MAW,PT1M,1,2016-03-11 00:38:00+01:00
2016-03-14 04:12:38+01:00,0,NO_5,Unplanned outage,A03,,2016-03-14 06:00:00+01:00,F8_ZlAPrZE20QyfhNePFwA,360.0,Hydro Water Reservoir,50WP000000008791,Sy-Sima,Sy-Sima,1,MAW,PT1M,1,2016-03-14 03:45:00+01:00
2016-03-14 09:03:21+01:00,0,NO_5,Unplanned outage,A03,,2016-03-14 09:00:00+01:00,I1lfx_EI0ESwmI-pN39QzQ,360.0,Hydro Water Reservoir,50WP000000008791,Sy-Sima,Sy-Sima,1,MAW,PT1M,2,2016-03-14 06:20:00+01:00
2016-03-14 20:36:46+01:00,0,NO_5,Unplanned outage,A03,,2016-03-15 15:00:00+01:00,S8gYyMVsEACqLnUxREvVuw,290.0,Hydro Water Reservoir,50WP000000008783,Lang Sima,Lang Sima,1,MAW,PT1M,5,2016-03-14 09:00:00+01:00
2016-03-16 02:11:47+01:00,0,NO_5,Unplanned outage,A03,,2016-03-16 08:00:00+01:00,aeDlv9rbfFtVCQvgV6luNw,145.0,Hydro Water Reservoir,50WP000000004512,Mauranger,Mauranger,1,MAW,PT1M,1,2016-03-16 02:00:00+01:00
2016-03-18 01:54:30+01:00,0,NO_5,Unplanned outage,A03,,2016-03-18 08:00:00+01:00,ddtfbOnYDcJUEdmBNi8xXw,145.0,Hydro Water Reservoir,50WP000000004512,Mauranger,Mauranger,1,MAW,PT1M,1,2016-03-18 01:00:00+01:00
2016-03-20 11:04:25+01:00,0,NO_5,Unplanned outage,A03,,2016-03-20 11:05:00+01:00,KJkhxQ8KVy4_5zAUJQ9gcA,220.0,Hydro Water Reservoir,50WP00000000771L,Tyin,Tyin,1,MAW,PT1M,2,2016-03-20 10:01:00+01:00
2016-03-22 11:33:16+01:00,0,NO_5,Unplanned outage,A03,,2016-03-22 12:00:00+01:00,b5dTtqLpdl_kBOznp7HVsA,320.0,Hydro Water Reservoir,50WP000000003281,Jostedal,Jostedal,1,MAW,PT1M,4,2016-03-22 05:10:00+01:00
2016-04-06 10:14:18+02:00,0,NO_5,Unplanned outage,A03,,2016-04-06 12:00:00+02:00,hvEFjw2DNn2_GU35zbS0iw,120.0,Hydro Water Reservoir,50WP000000000673,Borgund,Borgund,1,MAW,PT1M,1,2016-04-06 10:00:00+02:00
2016-04-10 09:25:43+02:00,0,NO_5,Unplanned outage,A03,,2016-04-10 15:00:00+02:00,bsyLcatoxKLtKqIVUI9Kew,150.0,Hydro Pumped Storage,50WP00000000023N,Aurland3,Aurland3,1,MAW,PT1M,2,2016-04-09 10:10:00+02:00
2016-05-17 20:21:21+02:00,0,NO_5,Unplanned outage,A03,,2016-05-17 20:10:00+02:00,CtMlQlLDLlopyKVOEmffUQ,290.0,Hydro Water Reservoir,50WP000000008783,Lang Sima,Lang Sima,1,MAW,PT1M,2,2016-05-17 18:30:00+02:00
2016-05-20 17:32:19+02:00,0,NO_5,Unplanned outage,A03,,2016-05-20 17:20:00+02:00,Lijnt2GkG-VADHMiQu3GAA,220.0,Hydro Water Reservoir,50WP00000000771L,Tyin,Tyin,1,MAW,PT1M,3,2016-05-20 14:08:00+02:00
2016-05-25 05:24:10+02:00,0,NO_5,Unplanned outage,A03,,2016-05-25 08:00:00+02:00,BFFhGVcApTuYykirATuoEw,290.0,Hydro Water Reservoir,50WP000000008783,Lang Sima,Lang Sima,1,MAW,PT1M,1,2016-05-25 05:00:00+02:00
2016-06-15 23:07:13+02:00,0,NO_5,Unplanned outage,A03,,2016-06-15 22:39:00+02:00,0c4tUroB3RTSurIjdPChNw,220.0,Hydro Water Reservoir,50WP00000000771L,Tyin,Tyin,1,MAW,PT1M,3,2016-06-15 19:58:00+02:00
2016-06-16 00:24:25+02:00,0,NO_5,Unplanned outage,A03,,2016-06-16 01:00:00+02:00,BOkuBJnl9EYOAHy2KmckLQ,220.0,Hydro Water Reservoir,50WP00000000771L,Tyin,Tyin,1,MAW,PT1M,1,2016-06-15 23:48:00+02:00
2016-06-19 23:03:21+02:00,0,NO_5,Unplanned outage,A03,,2016-06-20 02:00:00+02:00,6BXLesvkenXSraX4YYBjLw,120.0,Hydro Water Reservoir,50WP000000000673,Borgund,Borgund,1,MAW,PT1M,2,2016-06-19 19:35:00+02:00
2016-06-23 13:26:11+02:00,0,NO_5,Unplanned outage,A03,,2016-06-23 13:25:00+02:00,OPRnTbnt6mTXhn1kWfEoLg,220.0,Hydro Water Reservoir,50WP00000000771L,Tyin,Tyin,1,MAW,PT1M,3,2016-06-23 05:00:00+02:00
2016-06-23 13:27:11+02:00,0,NO_5,Unplanned outage,A03,,2016-06-23 13:25:00+02:00,gLqHqBRstYTId8t_L4X2Wg,220.0,Hydro Water Reservoir,50WP00000000771L,Tyin,Tyin,1,MAW,PT1M,3,2016-06-23 06:25:00+02:00
2016-06-29 10:10:21+02:00,0,NO_5,Unplanned outage,A03,,2016-06-29 12:00:00+02:00,ckRh3aXL3IrkKzNUth-TfQ,120.0,Hydro Water Reservoir,50WP00000000411E,Leirdola,Leirdola,1,MAW,PT1M,5,2016-06-26 22:20:00+02:00
2016-08-05 13:30:09+02:00,0,NO_5,Unplanned outage,A03,,2016-08-08 15:00:00+02:00,LEFcWSJz5w4IN7nFYp7FNw,300.0,Hydro Water Reservoir,50WP00000000020T,Aurland1,Aurland1,1,MAW,PT1M,1,2016-08-05 13:10:00+02:00
2016-08-13 18:44:21+02:00,0,NO_5,Unplanned outage,A03,,2016-08-15 15:00:00+02:00,WOwnKTdwFQwyWKxdz-TXKA,135.0,Hydro Water Reservoir,50WP00000000144B,Evanger,Evanger,1,MAW,PT1M,1,2016-08-13 18:25:00+02:00
2016-08-20 21:43:21+02:00,0,NO_5,Unplanned outage,A03,,2016-08-20 23:00:00+02:00,qjzHKq5r6gO65D6SaD0gqw,320.0,Hydro Water Reservoir,50WP000000003281,Jostedal,Jostedal,1,MAW,PT1M,2,2016-08-20 19:00:00+02:00
2016-09-06 13:26:13+02:00,0,NO_5,Unplanned outage,A03,,2016-09-06 17:00:00+02:00,MfHePJN3tvP8vAs0XhPWvA,145.0,Hydro Water Reservoir,50WP000000004512,Mauranger,Mauranger,1,MAW,PT1M,3,2016-09-06 03:05:00+02:00
2016-09-06 22:45:59+02:00,0,NO_5,Unplanned outage,A03,,2016-09-06 23:59:00+02:00,qgcuXK47P0q3yapN-aGusA,145.0,Hydro Water Reservoir,50WP000000004512,Mauranger,Mauranger,1,MAW,PT1M,1,2016-09-06 22:00:00+02:00
2016-09-08 14:59:11+02:00,0,NO_5,Unplanned outage,A03,,2016-09-09 15:00:00+02:00,8u2iLqL3DD4kQ3V-OzLeYw,135.0,Hydro Water Reservoir,50WP00000000144B,Evanger,Evanger,1,MAW,PT1M,1,2016-09-08 14:30:00+02:00
2016-09-20 15:19:41+02:00,0,NO_5,Unplanned outage,A03,,2016-09-20 14:55:00+02:00,JLdvOO3qLciz05hamfh9nQ,300.0,Hydro Water Reservoir,50WP00000000020T,Aurland1,Aurland1,1,MAW,PT1M,4,2016-09-19 10:00:00+02:00
2016-09-29 02:01:46+02:00,0,NO_5,Unplanned outage,A03,,2016-09-29 01:55:00+02:00,kldaa-cTYaaGm0d44oMdaw,290.0,Hydro Water Reservoir,50WP000000008783,Lang Sima,Lang Sima,1,MAW,PT1M,2,2016-09-29 01:30:00+02:00
2016-10-01 08:34:37+02:00,0,NO_5,Unplanned outage,A03,,2016-10-01 08:30:00+02:00,UWqJ49HWliEOhbFFrHkJYg,320.0,Hydro Water Reservoir,50WP000000003281,Jostedal,Jostedal,1,MAW,PT1M,2,2016-10-01 07:15:00+02:00
2016-10-04 17:44:35+02:00,0,NO_5,Unplanned outage,A03,,2016-10-04 16:40:00+02:00,UuigBMxMy13VIxYcS8areA,320.0,Hydro Water Reservoir,50WP000000003281,Jostedal,Jostedal,1,MAW,PT1M,4,2016-10-04 11:02:00+02:00
2016-10-07 14:17:27+02:00,0,NO_5,Unplanned outage,A03,,2016-10-07 15:00:00+02:00,EmevD9THD25SQYG_SihZaQ,360.0,Hydro Water Reservoir,50WP000000008791,Sy-Sima,Sy-Sima,1,MAW,PT1M,3,2016-10-06 17:50:00+02:00
2016-10-27 07:05:41+02:00,0,NO_5,Unplanned outage,A03,,2016-10-27 09:00:00+02:00,9oc834JWV6KAlr95EfOqcw,145.0,Hydro Water Reservoir,50WP000000004512,Mauranger,Mauranger,1,MAW,PT1M,2,2016-10-27 05:00:00+02:00
2016-10-31 16:53:59+01:00,0,NO_5,Unplanned outage,A03,,2016-10-31 18:00:00+01:00,q7KPlk2rBBbmT2QhaGzKIA,320.0,Hydro Water Reservoir,50WP000000003281,Jostedal,Jostedal,1,MAW,PT1M,1,2016-10-31 16:14:00+01:00
2016-11-06 08:23:51+01:00,0,NO_5,Unplanned outage,A03,,2016-11-06 11:00:00+01:00,t3UDkZWCR0nOj7jIGIZPrQ,145.0,Hydro Water Reservoir,50WP000000004512,Mauranger,Mauranger,1,MAW,PT1M,2,2016-11-06 05:55:00+01:00
2016-11-07 02:18:36+01:00,0,NO_5,Unplanned outage,A03,,2016-11-07 09:00:00+01:00,9jAVF7-_O7LwQIWj665BKw,145.0,Hydro Water Reservoir,50WP000000004512,Mauranger,Mauranger,1,MAW,PT1M,1,2016-11-07 02:15:00+01:00
2016-11-13 09:54:11+01:00,0,NO_5,Unplanned outage,A03,,2016-11-13 11:00:00+01:00,iHloZrjD_SaEX_ZM9IZ5UQ,360.0,Hydro Water Reservoir,50WP000000008791,Sy-Sima,Sy-Sima,1,MAW,PT1M,1,2016-11-13 09:00:00+01:00
2016-11-14 08:25:51+01:00,0,NO_5,Unplanned outage,A03,,2016-11-14 08:10:00+01:00,RlLDvD2O64ZRjcem26md0g,360.0,Hydro Water Reservoir,50WP000000008791,Sy-Sima,Sy-Sima,1,MAW,PT1M,2,2016-11-14 04:45:00+01:00
2016-11-18 16:23:09+01:00,0,NO_5,Unplanned outage,A03,,2016-11-18 23:59:00+01:00,JQ7KvgF7Bf1RcbBYIr5CEA,171.0,Fossil Gas,50WP000000001475,EVM,EVM,1,MAW,PT1M,1,2016-11-18 15:20:00+01:00
2016-11-21 10:44:34+01:00,0,NO_5,Unplanned outage,A03,,2016-11-21 12:00:00+01:00,60C03K6KdScp5jipiDBOjw,171.0,Fossil Gas,50WP000000001475,EVM,EVM,1,MAW,PT1M,2,2016-11-19 14:00:00+01:00
2016-11-30 23:15:12+01:00,0,NO_5,Unplanned outage,A03,,2016-12-01 08:00:00+01:00,o7PFnVZvi12zPMaIT_Twfg,320.0,Hydro Water Reservoir,50WP000000003281,Jostedal,Jostedal,1,MAW,PT1M,3,2016-11-30 19:40:00+01:00
2016-12-01 15:29:45+01:00,0,NO_5,Unplanned outage,A03,,2016-12-01 15:00:00+01:00,88ElgS1c0zff9Jog-kjM9A,360.0,Hydro Water Reservoir,50WP000000008791,Sy-Sima,Sy-Sima,1,MAW,PT1M,2,2016-12-01 08:20:00+01:00
2016-12-01 22:03:11+01:00,0,NO_5,Unplanned outage,A03,,2016-12-01 23:00:00+01:00,03TIsjOmfyYUOCabGeX90w,320.0,Hydro Water Reservoir,50WP000000003281,Jostedal,Jostedal,1,MAW,PT1M,1,2016-12-01 21:20:00+01:00
2016-12-08 01:42:22+01:00,0,NO_5,Unplanned outage,A03,,2016-12-08 12:00:00+01:00,aXUvbyclkJtbZQpC1pXqJg,110.0,Hydro Water Reservoir,50WP00000000144B,Evanger,Evanger,1,MAW,PT1M,1,2016-12-08 01:00:00+01:00
2016-12-08 11:27:12+01:00,0,NO_5,Unplanned outage,A03,,2016-12-09 23:59:00+01:00,g29FG-9S5i2UpwpH2jFK6g,300.0,Hydro Water Reservoir,50WP00000000020T,Aurland1,Aurland1,1,MAW,PT1M,12,2016-10-17 23:00:00+02:00
2017-01-11 14:13:09+01:00,0,NO_5,Unplanned outage,A03,,2017-01-12 12:00:00+01:00,57sShRsrV7D4DPiEC0Bd4w,112.0,Hydro Water Reservoir,50WP00000000488G,Naddvik,Naddvik,1,MAW,PT1M,1,2017-01-12 09:00:00+01:00
2017-02-20 14:00:53+01:00,0,NO_5,Unplanned outage,A03,,2017-02-13 08:35:00+01:00,oLVJCEwus-o_N87StP8cWA,290.0,Hydro Water Reservoir,50WP000000008783,Lang Sima,Lang Sima,1,MAW,PT1M,1,2017-02-12 17:50:00+01:00
2017-03-02 15:38:28+01:00,0,NO_5,Unplanned outage,A03,,2017-03-02 15:30:00+01:00,_tWdtH7ONL4bARK7q3ivVA,280.0,Hydro Water Reservoir,50WP00000000020T,Aurland1,Aurland1,1,MAW,PT1M,5,2017-03-02 07:30:00+01:00
2017-03-13 12:40:15+01:00,0,NO_5,Unplanned outage,A03,,2017-03-13 12:30:00+01:00,eiGpDFta9OA4T71qvc-0ug,140.0,Hydro Water Reservoir,50WP00000000023N,Aurland3,Aurland3,1,MAW,PT1M,4,2017-02-23 18:00:00+01:00
2017-04-04 15:05:13+02:00,0,NO_5,Unplanned outage,A03,,2017-04-06 15:00:00+02:00,ds64mSqqz37iRRiaLIi52A,110.0,Hydro Water Reservoir,50WP00000000144B,Evanger,Evanger,1,MAW,PT1M,1,2017-04-06 11:00:00+02:00
2017-04-07 13:23:36+02:00,0,NO_5,Unplanned outage,A03,,2017-04-07 14:30:00+02:00,1np1C577FqzVAYAqfa_Utw,360.0,Hydro Water Reservoir,50WP000000008791,Sy-Sima,Sy-Sima,1,MAW,PT1M,1,2017-04-07 13:20:00+02:00
2017-04-13 10:01:07+02:00,0,NO_5,Unplanned outage,A03,,2017-04-18 06:59:00+02:00,hqp3heGCNmoiT0BPEaAXSg,290.0,Hydro Water Reservoir,50WP000000008783,Lang Sima,Lang Sima,1,MAW,PT1M,2,2017-04-13 07:15:00+02:00
2017-05-15 21:23:14+02:00,0,NO_5,Unplanned outage,A03,,2017-05-16 18:00:00+02:00,cyl0h3qXtfCDFvsk6eficg,106.0,Hydro Water Reservoir,50WP000000000673,Borgund,Borgund,1,MAW,PT1M,1,2017-05-15 20:30:00+02:00
2017-05-18 13:47:47+02:00,0,NO_5,Unplanned outage,A03,,2017-05-19 15:00:00+02:00,oEGJ2DJnYFIYMxvZ_AqWnQ,110.0,Hydro Water Reservoir,50WP00000000144B,Evanger,Evanger,1,MAW,PT1M,2,2017-05-16 17:00:00+02:00
2017-06-08 11:56:26+02:00,150,NO_5,Unplanned outage,A03,,2017-06-19 07:00:00+02:00,6TBSmwKYWlM5RwEI5GG9Hg,290.0,Hydro Water Reservoir,50WP000000008783,Lang Sima,Lang Sima,1,MAW,PT1M,2,2017-05-19 15:00:00+02:00
2017-07-13 12:04:02+02:00,0,NO_5,Unplanned outage,A03,,2017-07-14 11:00:00+02:00,uut-8pEbNcuOcJXa-7lopQ,106.0,Hydro Water Reservoir,50WP000000000673,Borgund,Borgund,1,MAW,PT1M,1,2017-07-14 08:00:00+02:00
2017-07-17 08:44:36+02:00,0,NO_5,Unplanned outage,A03,,2017-07-20 15:00:00+02:00,sVKPaSE-Ab2gGNHhW5LPig,106.0,Hydro Water Reservoir,50WP000000000673,Borgund,Borgund,1,MAW,PT1M,2,2017-07-17 10:00:00+02:00
2017-07-20 12:01:29+02:00,0,NO_5,Unplanned outage,A03,,2017-07-20 12:00:00+02:00,GvAuXfigx8CFMG81pXls9g,106.0,Hydro Water Reservoir,50WP000000000673,Borgund,Borgund,1,MAW,PT1M,1,2017-07-17 10:00:00+02:00
2017-07-27 01:28:56+02:00,0,NO_5,Unplanned outage,A03,,2017-07-27 09:00:00+02:00,D-cDffiyxQXRtLSh19nEpQ,360.0,Hydro Water Reservoir,50WP000000008791,Sy-Sima,Sy-Sima,1,MAW,PT1M,1,2017-07-27 01:20:00+02:00
2017-08-09 09:58:05+02:00,0,NO_5,Unplanned outage,A03,,2017-08-09 09:55:00+02:00,epq39x5mnIGCgb4M9cKF4g,290.0,Hydro Water Reservoir,50WP000000008783,Lang Sima,Lang Sima,1,MAW,PT1M,3,2017-08-09 05:55:00+02:00
2017-09-07 06:16:41+02:00,0,NO_5,Unplanned outage,A03,,2017-09-07 08:00:00+02:00,O3MW8gbcEj3NpIjV7eoJJQ,128.0,Hydro Water Reservoir,50WP000000004512,Mauranger,Mauranger,1,MAW,PT1M,1,2017-09-07 06:00:00+02:00
2017-09-21 12:05:03+02:00,0,NO_5,Unplanned outage,A03,,2017-09-21 13:00:00+02:00,0FUltyzpO8FXqtoehSw_ow,360.0,Hydro Water Reservoir,50WP000000008791,Sy-Sima,Sy-Sima,1,MAW,PT1M,1,2017-09-21 12:00:00+02:00
2017-10-21 23:51:57+02:00,0,NO_5,Unplanned outage,A03,,2017-10-22 01:00:00+02:00,SFracBWB9K2eM-fjmApXGA,360.0,Hydro Water Reservoir,50WP000000008791,Sy-Sima,Sy-Sima,1,MAW,PT1M,1,2017-10-21 23:45:00+02:00
2017-11-02 09:50:19+01:00,0,NO_5,Unplanned outage,A03,,2017-11-02 09:50:00+01:00,C7oQrE5FOcDa77xvgwIgXw,128.0,Hydro Water Reservoir,50WP000000004512,Mauranger,Mauranger,1,MAW,PT1M,2,2017-11-02 00:10:00+01:00
2017-11-06 01:13:49+01:00,0,NO_5,Unplanned outage,A03,,2017-11-06 02:00:00+01:00,fdXD0B5JkeG4xLM7gGaXSw,290.0,Hydro Water Reservoir,50WP000000008783,Lang Sima,Lang Sima,1,MAW,PT1M,1,2017-11-06 00:20:00+01:00
2017-11-08 10:51:18+01:00,0,NO_5,Unplanned outage,A03,,2017-11-08 10:45:00+01:00,wuDJhstzGfWMTB-KKQY-gA,360.0,Hydro Water Reservoir,50WP000000008791,Sy-Sima,Sy-Sima,1,MAW,PT1M,3,2017-11-06 00:20:00+01:00
2017-11-10 17:19:08+01:00,0,NO_5,Unplanned outage,A03,,2017-11-10 19:00:00+01:00,XpaZPrgVIBKiIUU0lVTBqA,195.0,Hydro Water Reservoir,50WP00000000771L,Tyin,Tyin,1,MAW,PT1M,1,2017-11-10 14:51:00+01:00
2017-11-13 09:44:58+01:00,0,NO_5,Unplanned outage,A03,,2017-11-13 09:40:00+01:00,LkERmPLz0-ConYVwv7MtmQ,280.0,Hydro Water Reservoir,50WP00000000020T,Aurland1,Aurland1,1,MAW,PT1M,2,2017-11-13 09:15:00+01:00
2017-11-14 10:50:09+01:00,0,NO_5,Unplanned outage,A03,,2017-11-14 11:48:00+01:00,bO3da7KYFdgq_XVWO4OoVg,290.0,Hydro Water Reservoir,50WP000000008783,Lang Sima,Lang Sima,1,MAW,PT1M,4,2017-11-10 17:30:00+01:00
2017-11-24 20:52:28+01:00,0,NO_5,Unplanned outage,A03,,2017-11-24 23:00:00+01:00,9VnbO-ImRseMr5V9IUyA2g,290.0,Hydro Water Reservoir,50WP000000008783,Lang Sima,Lang Sima,1,MAW,PT1M,1,2017-11-24 20:00:00+01:00
2017-11-24 22:15:44+01:00,0,NO_5,Unplanned outage,A03,,2017-11-24 23:00:00+01:00,tv-7LRXvYhQHmgtTh5_ufA,360.0,Hydro Water Reservoir,50WP000000008791,Sy-Sima,Sy-Sima,1,MAW,PT1M,1,2017-11-24 21:00:00+01:00
2017-11-30 08:02:44+01:00,0,NO_5,Unplanned outage,A03,,2017-11-30 09:00:00+01:00,Jzfgb5mrsbejJ09-71OsYw,360.0,Hydro Water Reservoir,50WP000000008791,Sy-Sima,Sy-Sima,1,MAW,PT1M,1,2017-11-30 08:00:00+01:00
2017-11-30 08:04:40+01:00,0,NO_5,Unplanned outage,A03,,2017-11-30 09:00:00+01:00,M0LrnMVQSbUKtyqDVBek4w,290.0,Hydro Water Reservoir,50WP000000008783,Lang Sima,Lang Sima,1,MAW,PT1M,1,2017-11-30 08:00:00+01:00
2017-12-05 15:12:08+01:00,0,NO_5,Unplanned outage,A03,,2017-12-08 15:00:00+01:00,17d6ZlbTiYrUzLo6wp22xQ,150.0,Hydro Water Reservoir,50WP00000000023N,Aurland3,Aurland3,1,MAW,PT1M,5,2017-12-01 01:00:00+01:00
2017-12-07 09:08:20+01:00,0,NO_5,Unplanned outage,A03,,2017-12-07 15:00:00+01:00,dAzLCss5KpdmY-d5nZpLuA,112.0,Hydro Water Reservoir,50WP00000000488G,Naddvik,Naddvik,1,MAW,PT1M,2,2017-12-07 08:00:00+01:00
2017-12-11 08:17:09+01:00,0,NO_5,Unplanned outage,A03,,2017-12-11 08:10:00+01:00,6LehJfyVsLzRvCpfbAB_UA,360.0,Hydro Water Reservoir,50WP000000008791,Sy-Sima,Sy-Sima,1,MAW,PT1M,2,2017-12-08 19:20:00+01:00
2017-12-13 09:26:11+01:00,0,NO_5,Unplanned outage,A03,,2017-12-13 09:20:00+01:00,d-GPKTZ--k9PcREPejbtHw,360.0,Hydro Water Reservoir,50WP000000008791,Sy-Sima,Sy-Sima,1,MAW,PT1M,4,2017-11-30 08:00:00+01:00
2017-12-20 11:19:17+01:00,0,NO_5,Unplanned outage,A03,,2017-12-21 11:00:00+01:00,I_pZCHwAU6qGyL4UJiEtlw,106.0,Hydro Water Reservoir,50WP000000000673,Borgund,Borgund,1,MAW,PT60M,1,2017-12-21 08:00:00+01:00
2017-12-25 02:48:09+01:00,0,NO_5,Unplanned outage,A03,,2017-12-25 14:00:00+01:00,Hy-Mzmq2OefcywWPAq3nXQ,195.0,Hydro Water Reservoir,50WP00000000771L,Tyin,Tyin,1,MAW,PT60M,1,2017-12-25 02:00:00+01:00
2017-12-25 11:44:49+01:00,0,NO_5,Unplanned outage,A03,,2017-12-25 18:00:00+01:00,Piw44Fv49F9rJVeWCU493w,195.0,Hydro Water Reservoir,50WP00000000771L,Tyin,Tyin,1,MAW,PT60M,1,2017-12-25 02:00:00+01:00
2017-12-25 13:56:04+01:00,0,NO_5,Unplanned outage,A03,,2017-12-25 13:00:00+01:00,aOgdAoDGl_K-7UcoBV1w8w,195.0,Hydro Water Reservoir,50WP00000000771L,Tyin,Tyin,1,MAW,PT60M,1,2017-12-25 02:00:00+01:00
2017-12-28 01:58:48+01:00,0,NO_5,Unplanned outage,A03,,2017-12-28 03:00:00+01:00,fu6eUACMyN4YS6djOh8fcQ,290.0,Hydro Water Reservoir,50WP000000008783,Lang Sima,Lang Sima,1,MAW,PT60M,1,2017-12-28 02:00:00+01:00
2017-12-28 22:19:29+01:00,0,NO_5,Unplanned outage,A03,,2017-12-28 23:00:00+01:00,d3df0WVeZMvryw_lww7uHw,290.0,Hydro Water Reservoir,50WP000000008783,Lang Sima,Lang Sima,1,MAW,PT60M,1,2017-12-28 22:00:00+01:00
2018-01-23 10:34:05+01:00,0,NO_5,Unplanned outage,A03,,2018-01-19 15:30:00+01:00,Gw16-OBWvi2aEs0z3cQKAw,290.0,Hydro Water Reservoir,50WP000000008783,Lang Sima,Lang Sima,1,MAW,PT1M,3,2018-01-19 15:20:00+01:00
2018-01-24 11:05:04+01:00,0,NO_5,Unplanned outage,A03,,2018-01-24 12:00:00+01:00,xCFgkAN3VQrgJVohpSvgcw,290.0,Hydro Water Reservoir,50WP000000008783,Lang Sima,Lang Sima,1,MAW,PT60M,1,2018-01-24 11:00:00+01:00
2018-01-28 21:14:40+01:00,0,NO_5,Unplanned outage,A03,,2018-01-29 07:30:00+01:00,cIKLiwQ4wdE_9rDNNUhdJg,128.0,Hydro Water Reservoir,50WP000000004512,Mauranger,Mauranger,1,MAW,PT30M,1,2018-01-29 07:00:00+01:00
2018-01-29 10:51:49+01:00,0,NO_5,Unplanned outage,A03,,2018-01-29 08:45:00+01:00,VoET9ohn2ZLLf-nUpuac6Q,150.0,Hydro Water Reservoir,50WP00000000023N,Aurland3,Aurland3,1,MAW,PT1M,2,2018-01-29 08:44:00+01:00
2018-01-30 06:57:27+01:00,0,NO_5,Unplanned outage,A03,,2018-01-30 06:50:00+01:00,gLGfW1_GAsFWh4knf9xeog,360.0,Hydro Water Reservoir,50WP000000008791,Sy-Sima,Sy-Sima,1,MAW,PT1M,2,2018-01-30 06:45:00+01:00
2018-01-31 10:28:27+01:00,0,NO_5,Unplanned outage,A03,,2018-01-31 07:00:00+01:00,t-bK570yqP-PmlVFrgtpGA,360.0,Hydro Water Reservoir,50WP000000008791,Sy-Sima,Sy-Sima,1,MAW,PT1M,3,2018-01-31 06:50:00+01:00
2018-02-04 16:53:49+01:00,0,NO_5,Unplanned outage,A03,,2018-02-04 17:00:00+01:00,P-dGK91PMsDnKeD-audA7A,128.0,Hydro Water Reservoir,50WP000000004512,Mauranger,Mauranger,1,MAW,PT15M,1,2018-02-04 16:45:00+01:00
2018-02-12 10:13:00+01:00,0,NO_5,Unplanned outage,A03,,2018-02-02 01:00:00+01:00,ewTJSxB6CQ40tMgVIq5pDw,110.0,Hydro Water Reservoir,50WP00000000144B,Evanger,Evanger,1,MAW,PT30M,8,2018-02-02 00:30:00+01:00
2018-03-05 10:41:57+01:00,0,NO_5,Unplanned outage,A03,,2018-03-06 23:00:00+01:00,n1MY4FAxD5ZSpyvuEtfqbw,140.0,Hydro Water Reservoir,50WP00000000023N,Aurland3,Aurland3,1,MAW,PT60M,1,2018-03-06 20:00:00+01:00
2018-03-10 03:11:37+01:00,0,NO_5,Unplanned outage,A03,,2018-03-10 03:05:00+01:00,8Z4pCRXoMERJUWHrINWNEg,128.0,Hydro Water Reservoir,50WP000000004512,Mauranger,Mauranger,1,MAW,PT1M,2,2018-03-10 03:00:00+01:00
2018-03-27 00:00:19+02:00,0,NO_5,Unplanned outage,A03,,2018-03-26 23:30:00+02:00,doGwzGs9ThmnfOJ5kCU6DA,290.0,Hydro Water Reservoir,50WP000000008783,Lang Sima,Lang Sima,1,MAW,PT30M,2,2018-03-26 22:30:00+02:00
2018-03-27 10:01:47+02:00,0,NO_5,Unplanned outage,A03,,2018-03-27 06:00:00+02:00,gFHZB3hDqxQGXdwxmfitlQ,290.0,Hydro Water Reservoir,50WP000000008783,Lang Sima,Lang Sima,1,MAW,PT1M,3,2018-03-27 05:55:00+02:00
2018-04-04 00:35:09+02:00,0,NO_5,Unplanned outage,A03,,2018-04-04 00:30:00+02:00,Mtnr742xWWxsrnnwEUK3FA,360.0,Hydro Water Reservoir,50WP000000008791,Sy-Sima,Sy-Sima,1,MAW,PT30M,2,2018-04-04 00:00:00+02:00
2018-04-04 18:22:59+02:00,0,NO_5,Unplanned outage,A03,,2018-04-04 18:15:00+02:00,wBkFzsdIwtNC-827TKpyEw,290.0,Hydro Water Reservoir,50WP000000008783,Lang Sima,Lang Sima,1,MAW,PT15M,5,2018-04-04 18:00:00+02:00
2018-04-27 03:26:39+02:00,0,NO_5,Unplanned outage,A03,,2018-04-27 05:00:00+02:00,iyK4BjyleVnhGp5KOgAG0w,128.0,Hydro Water Reservoir,50WP000000004512,Mauranger,Mauranger,1,MAW,PT60M,1,2018-04-27 03:00:00+02:00
2018-05-01 20:58:48+02:00,0,NO_5,Unplanned outage,A03,,2018-05-01 21:00:00+02:00,1UggqKqaQFDWQHMgCZZfUw,128.0,Hydro Water Reservoir,50WP000000004512,Mauranger,Mauranger,1,MAW,PT1M,1,2018-05-01 20:55:00+02:00
2018-05-15 10:16:55+02:00,0,NO_5,Unplanned outage,A03,,2018-05-15 10:15:00+02:00,sME1Tauc2pt0iNWMiF4QPw,150.0,Hydro Water Reservoir,50WP00000000023N,Aurland3,Aurland3,1,MAW,PT1M,1,2018-05-15 10:14:00+02:00
2018-05-22 09:00:10+02:00,0,NO_5,Unplanned outage,A03,,2018-05-22 15:00:00+02:00,a-pV-K1k_6EyS39Od8vFsw,290.0,Hydro Water Reservoir,50WP000000003281,Jostedal,Jostedal,1,MAW,PT60M,1,2018-05-22 09:00:00+02:00
2018-05-24 09:54:22+02:00,0,NO_5,Unplanned outage,A03,,2018-05-04 18:00:00+02:00,vPL_Nd1AehXGfwoTMnoVHw,128.0,Hydro Water Reservoir,50WP000000004512,Mauranger,Mauranger,1,MAW,PT60M,2,2018-05-04 15:00:00+02:00
2018-05-24 13:59:25+02:00,0,NO_5,Unplanned outage,A03,,2018-05-25 12:00:00+02:00,zSlJZ0ni4LBgfgV5FOeDuQ,360.0,Hydro Water Reservoir,50WP000000008791,Sy-Sima,Sy-Sima,1,MAW,PT60M,3,2018-05-25 09:00:00+02:00
2018-06-08 09:01:06+02:00,0,NO_5,Unplanned outage,A03,,2018-06-22 15:00:00+02:00,nHDHR77maCb9vlNrMCI9Ow,150.0,Hydro Water Reservoir,50WP00000000023N,Aurland3,Aurland3,1,MAW,PT60M,4,2018-05-23 17:00:00+02:00
2018-06-13 17:01:41+02:00,0,NO_5,Unplanned outage,A03,,2018-06-13 17:00:00+02:00,JA7-mbLtBQTLK6FxVh5YLQ,195.0,Hydro Water Reservoir,50WP00000000771L,Tyin,Tyin,1,MAW,PT60M,4,2018-06-13 00:00:00+02:00
2018-06-16 01:12:14+02:00,0,NO_5,Unplanned outage,A03,,2018-06-16 09:00:00+02:00,mmG5ErHH4q_waav_XQzESQ,290.0,Hydro Water Reservoir,50WP000000008783,Lang Sima,Lang Sima,1,MAW,PT60M,1,2018-06-16 01:00:00+02:00
2018-06-19 18:56:04+02:00,0,NO_5,Unplanned outage,A03,,2018-06-19 18:45:00+02:00,DyOffxFlFgklXRWSBOhSKw,195.0,Hydro Water Reservoir,50WP00000000771L,Tyin,Tyin,1,MAW,PT15M,4,2018-06-19 18:30:00+02:00
2018-06-28 12:29:33+02:00,0,NO_5,Unplanned outage,A03,,2018-06-29 15:00:00+02:00,4puTkCcNfC5d2BLcVXHKsQ,128.0,Hydro Water Reservoir,50WP000000004512,Mauranger,Mauranger,1,MAW,PT60M,3,2018-06-28 08:00:00+02:00
2018-07-11 14:56:34+02:00,0,NO_5,Unplanned outage,A03,,2018-07-20 15:00:00+02:00,NEvoVRzpBphYsW-Ve8Yorg,280.0,Hydro Water Reservoir,50WP00000000020T,Aurland1,Aurland1,1,MAW,PT60M,4,2018-06-30 14:00:00+02:00
2018-07-18 23:51:02+02:00,0,NO_5,Unplanned outage,A03,,2018-07-18 23:45:00+02:00,MqzVlxzBFAMamU6HyJMw2A,290.0,Hydro Water Reservoir,50WP000000008783,Lang Sima,Lang Sima,1,MAW,PT1M,1,2018-07-18 23:40:00+02:00
2018-07-19 23:27:54+02:00,0,NO_5,Unplanned outage,A03,,2018-07-19 23:30:00+02:00,vMUe0w5EUjktj9D9uOQ2GQ,290.0,Hydro Water Reservoir,50WP000000008783,Lang Sima,Lang Sima,1,MAW,PT15M,1,2018-07-19 23:15:00+02:00
2018-07-25 00:48:25+02:00,0,NO_5,Unplanned outage,A03,,2018-07-25 07:00:00+02:00,aK0Xdwt8sxEYyMaNPw-uPw,290.0,Hydro Water Reservoir,50WP000000008783,Lang Sima,Lang Sima,1,MAW,PT60M,1,2018-07-25 01:00:00+02:00
2018-08-06 12:23:06+02:00,0,NO_5,Unplanned outage,A03,,2018-08-04 02:00:00+02:00,2p27Be1-dKv4gQ9Y-Qt5jA,360.0,Hydro Water Reservoir,50WP000000008791,Sy-Sima,Sy-Sima,1,MAW,PT15M,3,2018-08-04 01:45:00+02:00
2018-08-09 18:57:40+02:00,0,NO_5,Unplanned outage,A03,,2018-08-10 08:00:00+02:00,GPBhczXjJXWIsWeCq7l6uw,290.0,Hydro Water Reservoir,50WP000000008783,Lang Sima,Lang Sima,1,MAW,PT60M,1,2018-08-09 18:00:00+02:00
2018-08-11 20:37:05+02:00,0,NO_5,Unplanned outage,A03,,2018-08-11 20:31:00+02:00,H8uLgAeJIMZIFt-zEmw2DQ,360.0,Hydro Water Reservoir,50WP000000008791,Sy-Sima,Sy-Sima,1,MAW,PT1M,2,2018-08-11 20:30:00+02:00
2018-08-15 07:17:55+02:00,0,NO_5,Unplanned outage,A03,,2018-08-15 11:00:00+02:00,Ap3kqwWXt3ePuwHjT32oMg,360.0,Hydro Water Reservoir,50WP000000008791,Sy-Sima,Sy-Sima,1,MAW,PT60M,1,2018-08-15 08:00:00+02:00
2018-08-22 10:52:55+02:00,0,NO_5,Unplanned outage,A03,,2018-08-21 23:00:00+02:00,aAtYECwLOMpXlgdXVBaqoA,128.0,Hydro Water Reservoir,50WP000000004512,Mauranger,Mauranger,1,MAW,PT1M,3,2018-08-21 22:50:00+02:00
2018-08-29 12:08:55+02:00,0,NO_5,Unplanned outage,A03,,2018-08-29 12:00:00+02:00,QFzVGfaMmha1366tnPbwYg,360.0,Hydro Water Reservoir,50WP000000008791,Sy-Sima,Sy-Sima,1,MAW,PT30M,2,2018-08-29 11:30:00+02:00
2018-09-07 13:31:16+02:00,0,NO_5,Unplanned outage,A03,,2018-09-07 13:30:00+02:00,4fTzt5z4dtNgjcPlkNV-NA,128.0,Hydro Water Reservoir,50WP000000004512,Mauranger,Mauranger,1,MAW,PT30M,4,2018-09-07 13:00:00+02:00
2018-09-23 23:59:45+02:00,0,NO_5,Unplanned outage,A03,,2018-09-24 00:00:00+02:00,KhysAEhvZK4g-Vod9C1YfQ,128.0,Hydro Water Reservoir,50WP000000004512,Mauranger,Mauranger,1,MAW,PT15M,1,2018-09-23 23:45:00+02:00
2018-09-25 09:14:17+02:00,0,NO_5,Unplanned outage,A03,,2018-09-25 09:00:00+02:00,yRzdXoXNrwGbM0AUX19Tkg,128.0,Hydro Water Reservoir,50WP000000004512,Mauranger,Mauranger,1,MAW,PT60M,2,2018-09-25 08:00:00+02:00
2018-09-25 11:00:49+02:00,0,NO_5,Unplanned outage,A03,,2018-09-25 10:00:00+02:00,sIgWcJcYNaVotCP7AdSXVQ,128.0,Hydro Water Reservoir,50WP000000004512,Mauranger,Mauranger,1,MAW,PT15M,2,2018-09-25 09:45:00+02:00
2018-10-03 20:44:55+02:00,0,NO_5,Unplanned outage,A03,,2018-10-04 15:00:00+02:00,DRxFNVh7pZJAu9Z8RcHvlA,280.0,Hydro Water Reservoir,50WP00000000020T,Aurland1,Aurland1,1,MAW,PT60M,2,2018-10-03 16:00:00+02:00
2018-10-05 15:06:44+02:00,0,NO_5,Unplanned outage,A03,,2018-10-05 13:00:00+02:00,8ArowdRx8KQe-LxpdMZ6-A,280.0,Hydro Water Reservoir,50WP00000000020T,Aurland1,Aurland1,1,MAW,PT15M,2,2018-10-05 12:45:00+02:00
2018-10-16 08:01:14+02:00,0,NO_5,Unplanned outage,A03,,2018-10-16 08:00:00+02:00,5s1elWX7A4LCDiZSlkqhcw,290.0,Hydro Water Reservoir,50WP000000003281,Jostedal,Jostedal,1,MAW,PT60M,2,2018-10-16 04:00:00+02:00
2018-10-16 09:10:28+02:00,0,NO_5,Unplanned outage,A03,,2018-10-16 15:00:00+02:00,aRm6j5vMd0llEJvI53IRuA,290.0,Hydro Water Reservoir,50WP000000003281,Jostedal,Jostedal,1,MAW,PT60M,1,2018-10-16 10:00:00+02:00
2018-10-21 09:41:09+02:00,0,NO_5,Unplanned outage,A03,,2018-10-21 06:15:00+02:00,pFPxVADfNRr015Gd-nCGqA,360.0,Hydro Water Reservoir,50WP000000008791,Sy-Sima,Sy-Sima,1,MAW,PT1M,2,2018-10-21 06:11:00+02:00
2018-10-25 19:55:58+02:00,0,NO_5,Unplanned outage,A03,,2018-10-25 20:00:00+02:00,7a4ddOuyYACMNE3_jOvHbg,360.0,Hydro Water Reservoir,50WP000000008791,Sy-Sima,Sy-Sima,1,MAW,PT30M,1,2018-10-25 19:30:00+02:00
2018-10-30 08:16:58+01:00,0,NO_5,Unplanned outage,A03,,2018-10-29 23:45:00+01:00,1uKj7R4T8Fmh4aAEIUACqQ,360.0,Hydro Water Reservoir,50WP000000008791,Sy-Sima,Sy-Sima,1,MAW,PT1M,4,2018-10-29 23:40:00+01:00
2018-11-01 15:13:41+01:00,0,NO_5,Unplanned outage,A03,,2018-11-01 15:00:00+01:00,QOIhrsOHlf_BjTnfska3SA,290.0,Hydro Water Reservoir,50WP000000008783,Lang Sima,Lang Sima,1,MAW,PT30M,1,2018-11-01 14:30:00+01:00
2018-11-05 12:09:41+01:00,0,NO_5,Unplanned outage,A03,,2018-10-30 13:30:00+01:00,H2HXARVzgJeb2m4uXrNPLg,360.0,Hydro Water Reservoir,50WP000000008791,Sy-Sima,Sy-Sima,1,MAW,PT1M,2,2018-10-30 13:21:00+01:00
2018-11-12 10:05:09+01:00,140,NO_5,Unplanned outage,A03,,2018-11-12 09:55:00+01:00,KT52NpST8zIqaQIyNxRGgg,280.0,Hydro Water Reservoir,50WP00000000020T,Aurland1,Aurland1,1,MAW,PT1M,2,2018-11-12 09:45:00+01:00
2018-11-24 19:52:27+01:00,0,NO_5,Unplanned outage,A03,,2018-11-23 20:00:00+01:00,Ec6pnMEmj7YP1OTesHnYAA,360.0,Hydro Water Reservoir,50WP000000008791,Sy-Sima,Sy-Sima,1,MAW,PT15M,2,2018-11-23 19:45:00+01:00
2018-11-25 21:28:18+01:00,0,NO_5,Unplanned outage,A03,,2018-11-26 07:00:00+01:00,4dXkrLFjFOHWqCk0_HVljw,360.0,Hydro Water Reservoir,50WP000000008791,Sy-Sima,Sy-Sima,1,MAW,PT60M,1,2018-11-25 22:00:00+01:00
2018-11-28 19:57:21+01:00,0,NO_5,Unplanned outage,A03,,2018-11-29 07:30:00+01:00,dUvBPhEhEtZYVC-CWEfjpg,360.0,Hydro Water Reservoir,50WP000000008791,Sy-Sima,Sy-Sima,1,MAW,PT30M,1,2018-11-29 07:00:00+01:00
2018-11-29 08:08:37+01:00,0,NO_5,Unplanned outage,A03,,2018-11-29 08:05:00+01:00,zFgZRXrviB9y7ui6WjGxTA,128.0,Hydro Water Reservoir,50WP000000004512,Mauranger,Mauranger,1,MAW,PT1M,3,2018-11-29 08:00:00+01:00
2018-11-29 22:39:14+01:00,0,NO_5,Unplanned outage,A03,,2018-11-30 07:00:00+01:00,mr3KBJYGN_88t9-g05wBww,360.0,Hydro Water Reservoir,50WP000000008791,Sy-Sima,Sy-Sima,1,MAW,PT60M,1,2018-11-29 23:00:00+01:00
2018-11-30 21:25:01+01:00,0,NO_5,Unplanned outage,A03,,2018-12-03 08:00:00+01:00,2Q13hyQL1B1lxF7zVe1Ozg,360.0,Hydro Water Reservoir,50WP000000008791,Sy-Sima,Sy-Sima,1,MAW,PT60M,1,2018-11-30 22:00:00+01:00
2018-12-04 10:20:56+01:00,0,NO_5,Unplanned outage,A03,,2018-12-04 10:00:00+01:00,RmYQuzYP_MT7QLiAidhBCw,360.0,Hydro Water Reservoir,50WP000000008791,Sy-Sima,Sy-Sima,1,MAW,PT60M,2,2018-12-03 22:00:00+01:00
2018-12-05 22:06:29+01:00,0,NO_5,Unplanned outage,A03,,2018-12-05 22:00:00+01:00,jU9ME-387NCmd_6oed2HIg,360.0,Hydro Water Reservoir,50WP000000008791,Sy-Sima,Sy-Sima,1,MAW,PT15M,1,2018-12-05 21:45:00+01:00
2018-12-06 21:27:21+01:00,0,NO_5,Unplanned outage,A03,,2018-12-07 04:00:00+01:00,yign9LzB97AS3FEI6KnpHA,360.0,Hydro Water Reservoir,50WP000000008791,Sy-Sima,Sy-Sima,1,MAW,PT60M,1,2018-12-06 21:00:00+01:00
2018-12-10 09:12:03+01:00,0,NO_5,Unplanned outage,A03,,2018-12-10 09:05:00+01:00,ETGs3GanaellTyh0GSNN9A,360.0,Hydro Water Reservoir,50WP000000008791,Sy-Sima,Sy-Sima,1,MAW,PT1M,2,2018-12-10 09:00:00+01:00
2018-12-27 10:44:26+01:00,0,NO_5,Unplanned outage,A03,,2018-12-25 21:30:00+01:00,lWQPH5dv3JcfGKy_NdpGxQ,360.0,Hydro Water Reservoir,50WP000000008791,Sy-Sima,Sy-Sima,1,MAW,PT1M,2,2018-12-25 21:20:00+01:00
2019-01-22 21:12:21+01:00,0,NO_5,Unplanned outage,A03,,2019-01-22 21:04:00+01:00,OwEwcuoq3-IQSpfzFMEEdQ,360.0,Hydro Water Reservoir,50WP000000008791,Sy-Sima,Sy-Sima,1,MAW,PT1M,2,2019-01-22 21:00:00+01:00
2019-01-25 23:03:26+01:00,0,NO_5,Unplanned outage,A03,,2019-01-25 23:45:00+01:00,dfI3Pyu42LjoUKFpzRbGjA,360.0,Hydro Water Reservoir,50WP000000008791,Sy-Sima,Sy-Sima,1,MAW,PT15M,1,2019-01-25 23:30:00+01:00
2019-01-28 06:05:11+01:00,0,NO_5,Unplanned outage,A03,,2019-01-28 06:00:00+01:00,q-UX8rFw4NT_2vTd5Ykefw,360.0,Hydro Water Reservoir,50WP000000008791,Sy-Sima,Sy-Sima,1,MAW,PT30M,1,2019-01-28 05:30:00+01:00
2019-01-28 13:42:16+01:00,0,NO_5,Unplanned outage,A03,,2019-01-28 13:45:00+01:00,FbT5_qX5UT14OZYwuTydyQ,280.0,Hydro Water Reservoir,50WP00000000020T,Aurland1,Aurland1,1,MAW,PT1M,1,2019-01-28 13:39:00+01:00
2019-02-05 08:20:30+01:00,0,NO_5,Unplanned outage,A03,,2019-02-06 17:00:00+01:00,p9dHsUBnvNfE7ziRI6mx-A,114.0,Hydro Water Reservoir,50WP00000000100V,Dale,Dale,1,MAW,PT60M,1,2019-02-06 08:00:00+01:00
2019-03-19 19:51:09+01:00,100,NO_5,Unplanned outage,A03,,2019-03-20 00:00:00+01:00,v7QIvjrGxHwU_QqfWcFiGw,280.0,Hydro Water Reservoir,50WP00000000020T,Aurland1,Aurland1,1,MAW,PT60M,1,2019-03-19 20:00:00+01:00
2019-04-01 00:50:16+02:00,0,NO_5,Unplanned outage,A03,,2019-04-01 02:00:00+02:00,rG7lBNdmLLdGsDwAk0R_gw,360.0,Hydro Water Reservoir,50WP000000008791,Sy-Sima,Sy-Sima,1,MAW,PT60M,1,2019-04-01 01:00:00+02:00
2019-04-06 23:00:49+02:00,0,NO_5,Unplanned outage,A03,,2019-04-06 22:45:00+02:00,FuEip9xgPuwR182Dasq8hg,360.0,Hydro Water Reservoir,50WP000000008791,Sy-Sima,Sy-Sima,1,MAW,PT15M,2,2019-04-06 22:30:00+02:00
2019-04-11 23:41:20+02:00,0,NO_5,Unplanned outage,A03,,2019-04-11 23:30:00+02:00,Jw7Rj2QCXe1iZbzSllAahg,110.0,Hydro Water Reservoir,50WP00000000144B,Evanger,Evanger,1,MAW,PT1M,1,2019-04-11 23:24:00+02:00
2019-04-16 08:00:47+02:00,0,NO_5,Unplanned outage,A03,,2019-04-16 01:45:00+02:00,vEvIFQbBy38JvBbRp4oNzg,290.0,Hydro Water Reservoir,50WP000000008783,Lang Sima,Lang Sima,1,MAW,PT1M,3,2019-04-16 01:35:00+02:00
2019-04-18 09:41:51+02:00,0,NO_5,Unplanned outage,A03,,2019-04-18 14:00:00+02:00,PK4iP36E13bzVBWlf56p2g,128.0,Hydro Water Reservoir,50WP000000004512,Mauranger,Mauranger,1,MAW,PT60M,3,2019-04-17 22:00:00+02:00
2019-04-26 05:42:40+02:00,0,NO_5,Unplanned outage,A03,,2019-04-26 08:00:00+02:00,nU03Wkavw1QAx-k3YIgOHQ,290.0,Hydro Water Reservoir,50WP000000008783,Lang Sima,Lang Sima,1,MAW,PT60M,1,2019-04-26 06:00:00+02:00
2019-04-29 18:36:00+02:00,0,NO_5,Unplanned outage,A03,,2019-04-29 18:00:00+02:00,-V-aaKyZHJ3PoNgVRKDiqA,106.0,Hydro Water Reservoir,50WP000000000673,Borgund,Borgund,1,MAW,PT60M,3,2019-04-29 10:00:00+02:00
2019-04-30 08:37:47+02:00,0,NO_5,Unplanned outage,A03,,2019-04-30 15:00:00+02:00,eHJm4pypO3nzd1-4DIAPig,112.0,Hydro Water Reservoir,50WP00000000488G,Naddvik,Naddvik,1,MAW,PT60M,3,2019-04-25 08:00:00+02:00
2019-05-02 12:13:05+02:00,0,NO_5,Unplanned outage,A03,,2019-05-02 12:15:00+02:00,W-IsH6_8K7-jRUXeO24mNw,290.0,Hydro Water Reservoir,50WP000000008783,Lang Sima,Lang Sima,1,MAW,PT15M,2,2019-05-02 12:00:00+02:00
2019-05-04 18:23:16+02:00,0,NO_5,Unplanned outage,A03,,2019-05-04 19:00:00+02:00,iLcOfVrE9dyz6inutNJKXQ,128.0,Hydro Water Reservoir,50WP000000004512,Mauranger,Mauranger,1,MAW,PT60M,1,2019-05-04 18:00:00+02:00
2019-05-05 03:57:27+02:00,0,NO_5,Unplanned outage,A03,,2019-05-05 03:30:00+02:00,HNqVgJ5iYXSxd7AZcRS8Sg,360.0,Hydro Water Reservoir,50WP000000008791,Sy-Sima,Sy-Sima,1,MAW,PT30M,2,2019-05-05 03:00:00+02:00
2019-05-08 01:33:23+02:00,0,NO_5,Unplanned outage,A03,,2019-05-08 03:00:00+02:00,XRQioD92i06V7cU7vbOW5A,106.0,Hydro Water Reservoir,50WP000000000673,Borgund,Borgund,1,MAW,PT60M,1,2019-05-08 02:00:00+02:00
2019-05-08 14:38:43+02:00,0,NO_5,Unplanned outage,A03,,2019-05-07 15:00:00+02:00,3ntkWmJiDlzx3uq7xWpUdg,290.0,Hydro Water Reservoir,50WP000000008783,Lang Sima,Lang Sima,1,MAW,PT30M,1,2019-05-07 14:30:00+02:00
2019-05-11 18:06:35+02:00,0,NO_5,Unplanned outage,A03,,2019-05-11 15:00:00+02:00,XZKFU6Q4sgEfqQdJooXlbA,360.0,Hydro Water Reservoir,50WP000000008791,Sy-Sima,Sy-Sima,1,MAW,PT15M,3,2019-05-11 14:45:00+02:00
2019-05-12 09:25:18+02:00,0,NO_5,Unplanned outage,A03,,2019-05-11 22:00:00+02:00,zFyjeR5MvC_kKfaKCTdZ0Q,360.0,Hydro Water Reservoir,50WP000000008791,Sy-Sima,Sy-Sima,1,MAW,PT30M,2,2019-05-11 21:30:00+02:00
2019-05-15 23:52:31+02:00,0,NO_5,Unplanned outage,A03,,2019-05-15 23:51:00+02:00,kQGbH6ZyaHQEtEeVBRwBVg,360.0,Hydro Water Reservoir,50WP000000008791,Sy-Sima,Sy-Sima,1,MAW,PT1M,2,2019-05-15 23:45:00+02:00
2019-05-16 09:43:02+02:00,0,NO_5,Unplanned outage,A03,,2019-05-16 10:00:00+02:00,rnoP7MTboAute9SHhPiuyw,110.0,Hydro Water Reservoir,50WP00000000144B,Evanger,Evanger,1,MAW,PT60M,2,2019-05-16 06:00:00+02:00
2019-05-18 02:27:48+02:00,0,NO_5,Unplanned outage,A03,,2019-05-18 02:15:00+02:00,CBzXbXB8UwtNaAQG7hbUmQ,360.0,Hydro Water Reservoir,50WP000000008791,Sy-Sima,Sy-Sima,1,MAW,PT15M,2,2019-05-18 01:45:00+02:00
2019-05-22 18:16:53+02:00,0,NO_5,Unplanned outage,A03,,2019-05-23 07:00:00+02:00,mCnEYR08mC3HNmmNBmI8Jg,290.0,Hydro Water Reservoir,50WP000000008783,Lang Sima,Lang Sima,1,MAW,PT60M,1,2019-05-22 18:00:00+02:00
2019-05-23 02:54:10+02:00,0,NO_5,Unplanned outage,A03,,2019-05-23 06:00:00+02:00,_Lz5suW1zxoOVA0Ecz1lLQ,360.0,Hydro Water Reservoir,50WP000000008791,Sy-Sima,Sy-Sima,1,MAW,PT60M,1,2019-05-23 02:00:00+02:00
2019-06-01 09:11:46+02:00,0,NO_5,Unplanned outage,A03,,2019-06-01 02:00:00+02:00,MULzGc56DXnMuHaiaaWVgw,360.0,Hydro Water Reservoir,50WP000000008791,Sy-Sima,Sy-Sima,1,MAW,PT30M,2,2019-06-01 01:30:00+02:00
2019-06-03 07:30:04+02:00,0,NO_5,Unplanned outage,A03,,2019-06-03 07:30:00+02:00,yQJjEaQkbxSTM5a204uWfQ,290.0,Hydro Water Reservoir,50WP000000008783,Lang Sima,Lang Sima,1,MAW,PT30M,2,2019-06-03 06:30:00+02:00
2019-06-03 10:44:55+02:00,0,NO_5,Unplanned outage,A03,,2019-06-03 09:00:00+02:00,_TSrlrE0W5QRPWrbmxrHHQ,280.0,Hydro Water Reservoir,50WP00000000020T,Aurland1,Aurland1,1,MAW,PT1M,2,2019-06-03 08:50:00+02:00
2019-06-03 21:42:57+02:00,0,NO_5,Unplanned outage,A03,,2019-06-03 17:00:00+02:00,A5bE6oWVKimM9pGaheztDA,290.0,Hydro Water Reservoir,50WP000000008783,Lang Sima,Lang Sima,1,MAW,PT15M,5,2019-06-03 16:45:00+02:00
2019-06-11 07:35:35+02:00,0,NO_5,Unplanned outage,A03,,2019-06-11 01:00:00+02:00,OC0kBaIzL7_q7gf5K2HJhw,290.0,Hydro Water Reservoir,50WP000000008783,Lang Sima,Lang Sima,1,MAW,PT30M,2,2019-06-11 00:30:00+02:00
2019-06-21 12:16:49+02:00,0,NO_5,Unplanned outage,A03,,2019-06-21 12:00:00+02:00,zl5U7mYdj62PwmvewIy2aQ,360.0,Hydro Water Reservoir,50WP000000008791,Sy-Sima,Sy-Sima,1,MAW,PT30M,2,2019-06-21 11:30:00+02:00
2019-06-26 23:51:20+02:00,0,NO_5,Unplanned outage,A03,,2019-06-26 23:30:00+02:00,dUiC0yFQPkT1aOzkQFvdFA,290.0,Hydro Water Reservoir,50WP000000008783,Lang Sima,Lang Sima,1,MAW,PT30M,2,2019-06-26 22:30:00+02:00
2019-07-19 05:33:22+02:00,0,NO_5,Unplanned outage,A03,,2019-07-19 01:45:00+02:00,PkfQy2ni9cfGAkh2jCbxrQ,360.0,Hydro Water Reservoir,50WP000000008791,Sy-Sima,Sy-Sima,1,MAW,PT1M,2,2019-07-19 01:40:00+02:00
2019-07-27 11:07:53+02:00,0,NO_5,Unplanned outage,A03,,2019-07-27 11:00:00+02:00,1tCz33qWZp05adAyi-1IGw,360.0,Hydro Water Reservoir,50WP000000008791,Sy-Sima,Sy-Sima,1,MAW,PT60M,2,2019-07-27 08:00:00+02:00
2019-07-30 07:54:50+02:00,0,NO_5,Unplanned outage,A03,,2019-07-30 07:30:00+02:00,Mliyvp9TzxzF7eGEg7LVwg,110.0,Hydro Water Reservoir,50WP00000000144B,Evanger,Evanger,1,MAW,PT15M,1,2019-07-30 07:15:00+02:00
2019-08-14 15:23:00+02:00,0,NO_5,Unplanned outage,A03,,2019-08-14 15:10:00+02:00,EWTeNEgxQG3ZKjONt0vwtA,110.0,Hydro Water Reservoir,50WP00000000144B,Evanger,Evanger,1,MAW,PT1M,2,2019-08-14 15:00:00+02:00
2019-08-17 00:27:51+02:00,0,NO_5,Unplanned outage,A03,,2019-08-17 00:15:00+02:00,D89it4pawfXL7LIemeAkHw,290.0,Hydro Water Reservoir,50WP000000008783,Lang Sima,Lang Sima,1,MAW,PT15M,2,2019-08-17 00:00:00+02:00
2019-10-07 09:48:50+02:00,0,NO_5,Unplanned outage,A03,,2019-10-09 15:00:00+02:00,ApUPQgKcL1xA_xUqTzy5rg,110.0,Hydro Water Reservoir,50WP00000000144B,Evanger,Evanger,1,MAW,PT60M,2,2019-10-04 15:00:00+02:00
2019-10-27 10:35:28+01:00,0,NO_5,Unplanned outage,A03,,2019-10-27 10:35:00+01:00,6rcRdpSC9tnIKTSNmJ82TQ,290.0,Hydro Water Reservoir,50WP000000008783,Lang Sima,Lang Sima,1,MAW,PT1M,3,2019-10-27 10:30:00+01:00
2019-10-28 23:06:09+01:00,0,NO_5,Unplanned outage,A03,,2019-10-28 21:30:00+01:00,jSAZsWwxufi6BUElKCw9nA,290.0,Hydro Water Reservoir,50WP000000008783,Lang Sima,Lang Sima,1,MAW,PT15M,3,2019-10-28 21:15:00+01:00
2019-11-05 13:09:20+01:00,0,NO_5,Unplanned outage,A03,,2019-11-05 18:00:00+01:00,5ZhMGwfacAjCb8rw0TrCmA,280.0,Hydro Water Reservoir,50WP00000000020T,Aurland1,Aurland1,1,MAW,PT60M,3,2019-11-01 21:00:00+01:00
2019-11-05 23:28:14+01:00,0,NO_5,Unplanned outage,A03,,2019-11-05 23:10:00+01:00,zYE2UNofVeqp4MlJM6OkJA,290.0,Hydro Water Reservoir,50WP000000008783,Lang Sima,Lang Sima,1,MAW,PT1M,2,2019-11-05 23:00:00+01:00
2019-11-08 22:02:50+01:00,0,NO_5,Unplanned outage,A03,,2019-11-09 00:00:00+01:00,OdoXPfao2kjrcGGleLyDKA,290.0,Hydro Water Reservoir,50WP000000008783,Lang Sima,Lang Sima,1,MAW,PT60M,1,2019-11-08 22:00:00+01:00
2019-11-11 12:00:56+01:00,0,NO_5,Unplanned outage,A03,,2019-11-12 12:00:00+01:00,UHArrRUNLWB-GWe3TZQZ0w,110.0,Hydro Water Reservoir,50WP00000000144B,Evanger,Evanger,1,MAW,PT60M,1,2019-11-11 12:00:00+01:00
2019-11-11 22:07:09+01:00,0,NO_5,Unplanned outage,A03,,2019-11-12 07:30:00+01:00,xvd-GTLk4OK5PJn9JLd1lQ,128.0,Hydro Water Reservoir,50WP000000004512,Mauranger,Mauranger,1,MAW,PT30M,1,2019-11-12 07:00:00+01:00
2019-11-23 11:43:42+01:00,0,NO_5,Unplanned outage,A03,,2019-11-23 11:30:00+01:00,nXWJzZITnW_gUeMWxHhqcw,128.0,Hydro Water Reservoir,50WP000000004512,Mauranger,Mauranger,1,MAW,PT30M,3,2019-11-23 11:00:00+01:00
2019-12-06 00:16:44+01:00,0,NO_5,Unplanned outage,A03,,2019-12-06 01:00:00+01:00,2wDZPw3_HP5i17gvqemoKg,128.0,Hydro Water Reservoir,50WP000000004512,Mauranger,Mauranger,1,MAW,PT30M,1,2019-12-06 00:30:00+01:00
2020-01-28 07:42:25+01:00,0,NO_5,Unplanned outage,A03,,2020-01-28 11:00:00+01:00,6Ot8AYrA9WGRQPhjhrze7g,360.0,Hydro Water Reservoir,50WP000000008791,Sy-Sima,Sy-Sima,1,MAW,PT60M,1,2020-01-28 07:00:00+01:00
2020-01-28 09:43:28+01:00,0,NO_5,Unplanned outage,A03,,2020-01-28 09:30:00+01:00,S8LuhnyZ0lD7ONxCpn-SMg,290.0,Hydro Water Reservoir,50WP000000008783,Lang Sima,Lang Sima,1,MAW,PT30M,2,2020-01-28 09:00:00+01:00
2020-01-28 10:28:47+01:00,0,NO_5,Unplanned outage,A03,,2020-01-29 16:00:00+01:00,XQacJT7iyc-qijYidu7uFA,280.0,Hydro Water Reservoir,50WP00000000020T,Aurland1,Aurland1,1,MAW,PT60M,2,2020-01-27 16:00:00+01:00
2020-02-03 13:22:27+01:00,0,NO_5,Unplanned outage,A03,,2020-02-03 12:30:00+01:00,pT8nwsnai966mzg1YRrSAA,128.0,Hydro Water Reservoir,50WP000000004512,Mauranger,Mauranger,1,MAW,PT1M,1,2020-02-03 12:20:00+01:00
2020-02-11 10:38:27+01:00,0,NO_5,Unplanned outage,A03,,2020-02-11 08:00:00+01:00,uElXuICRN8CHIPKxoCXa1g,360.0,Hydro Water Reservoir,50WP000000008791,Sy-Sima,Sy-Sima,1,MAW,PT15M,3,2020-02-11 07:45:00+01:00
2020-02-21 00:11:05+01:00,0,NO_5,Unplanned outage,A03,,2020-02-21 00:10:00+01:00,6b5-o4amzBoBW66P8ykCUQ,128.0,Hydro Water Reservoir,50WP000000004512,Mauranger,Mauranger,1,MAW,PT1M,2,2020-02-21 00:00:00+01:00
2020-02-26 09:58:03+01:00,0,NO_5,Unplanned outage,A03,,2020-02-26 09:40:00+01:00,he6YAH4xWOFfZrEx-8dbFg,290.0,Hydro Water Reservoir,50WP000000008783,Lang Sima,Lang Sima,1,MAW,PT1M,2,2020-02-26 09:30:00+01:00
2020-03-04 11:26:40+01:00,0,NO_5,Unplanned outage,A03,,2020-03-05 14:00:00+01:00,aWQsVyXAYx2sXNaP55fhog,112.0,Hydro Water Reservoir,50WP00000000488G,Naddvik,Naddvik,1,MAW,PT60M,1,2020-03-05 11:00:00+01:00
2020-03-15 10:59:34+01:00,0,NO_5,Unplanned outage,A03,,2020-03-13 17:00:00+01:00,imPF4q7goypOcvtPqLcwEQ,290.0,Hydro Water Reservoir,50WP000000008783,Lang Sima,Lang Sima,1,MAW,PT15M,2,2020-03-13 16:45:00+01:00
2020-03-17 14:00:31+01:00,0,NO_5,Unplanned outage,A03,,2020-03-17 14:00:00+01:00,NGjGIKRCyw83_-l1xdnh0g,195.0,Hydro Water Reservoir,50WP00000000771L,Tyin,Tyin,1,MAW,PT60M,3,2020-03-12 12:00:00+01:00
2020-03-21 16:56:37+01:00,0,NO_5,Unplanned outage,A03,,2020-03-21 16:30:00+01:00,CHjMiF9DyiXcaXNyCLyFvg,290.0,Hydro Water Reservoir,50WP000000008783,Lang Sima,Lang Sima,1,MAW,PT15M,1,2020-03-21 16:15:00+01:00
2020-04-08 07:13:13+02:00,0,NO_5,Unplanned outage,A03,,2020-04-08 07:15:00+02:00,lCWldBFDyyShhZwR9m_cBg,128.0,Hydro Water Reservoir,50WP000000004512,Mauranger,Mauranger,1,MAW,PT15M,2,2020-04-08 07:00:00+02:00
2020-05-18 04:12:50+02:00,0,NO_5,Unplanned outage,A03,,2020-05-18 04:15:00+02:00,1uQfdhmVMkStEWWZI9t5Nw,360.0,Hydro Water Reservoir,50WP000000008791,Sy-Sima,Sy-Sima,1,MAW,PT1M,1,2020-05-18 04:10:00+02:00
2020-05-22 17:44:53+02:00,0,NO_5,Unplanned outage,A03,,2020-05-22 17:30:00+02:00,6s-t2JYwGgXCFEYA4Ipr1A,128.0,Hydro Water Reservoir,50WP000000004512,Mauranger,Mauranger,1,MAW,PT30M,2,2020-05-22 16:30:00+02:00
2020-05-27 10:27:16+02:00,0,NO_5,Unplanned outage,A03,,2020-05-28 11:00:00+02:00,DDvRufc1G-syEVubjVMANA,110.0,Hydro Water Reservoir,50WP00000000144B,Evanger,Evanger,1,MAW,PT60M,1,2020-05-28 08:00:00+02:00
2020-06-11 19:11:28+02:00,0,NO_5,Unplanned outage,A03,,2020-06-11 20:00:00+02:00,bOdgB_16dH-pHUDq2VqUsA,195.0,Hydro Water Reservoir,50WP00000000771L,Tyin,Tyin,1,MAW,PT60M,4,2020-06-11 17:00:00+02:00
2020-06-16 13:02:54+02:00,0,NO_5,Unplanned outage,A03,,2020-06-16 13:00:00+02:00,1qb9jd276xbf0zpwA2q5WQ,195.0,Hydro Water Reservoir,50WP00000000771L,Tyin,Tyin,1,MAW,PT60M,2,2020-06-16 11:00:00+02:00
2020-07-28 09:20:12+02:00,0,NO_5,Unplanned outage,A03,,2020-07-28 09:00:00+02:00,GrRnRgqXt90LFBHvEJBltQ,290.0,Hydro Water Reservoir,50WP000000008783,Lang Sima,Lang Sima,1,MAW,PT60M,2,2020-07-28 07:00:00+02:00
2020-08-11 10:29:12+02:00,0,NO_5,Unplanned outage,A03,,2020-08-12 15:00:00+02:00,W-jO4o9P9s9JFncwQR5i1g,110.0,Hydro Water Reservoir,50WP00000000144B,Evanger,Evanger,1,MAW,PT60M,1,2020-08-12 11:00:00+02:00
2020-08-15 19:07:21+02:00,0,NO_5,Unplanned outage,A03,,2020-08-15 19:15:00+02:00,kOolOvZBRUoV73PEEePwmw,360.0,Hydro Water Reservoir,50WP000000008791,Sy-Sima,Sy-Sima,1,MAW,PT1M,1,2020-08-15 19:10:00+02:00
2020-08-24 14:17:45+02:00,0,NO_5,Unplanned outage,A03,,2020-08-25 13:00:00+02:00,7nnogPK-Jg0BWwfcoX9oxw,280.0,Hydro Water Reservoir,50WP00000000020T,Aurland1,Aurland1,1,MAW,PT60M,1,2020-08-24 15:00:00+02:00
2020-08-24 17:42:06+02:00,0,NO_5,Unplanned outage,A03,,2020-08-24 17:41:00+02:00,IsnjLqA0SOK63rO8d2AFUQ,140.0,Hydro Water Reservoir,50WP00000000023N,Aurland3,Aurland3,1,MAW,PT1M,3,2020-08-24 17:30:00+02:00
2020-08-28 13:08:44+02:00,0,NO_5,Unplanned outage,A03,,2020-09-03 12:00:00+02:00,a876JQW2Ottj0wqcrHT5lg,280.0,Hydro Water Reservoir,50WP00000000020T,Aurland1,Aurland1,1,MAW,PT60M,1,2020-08-31 07:00:00+02:00
2020-08-31 08:36:42+02:00,0,NO_5,Unplanned outage,A03,,2020-09-03 13:00:00+02:00,B7QNDdJ0M_PsE-RDZlox9A,110.0,Hydro Water Reservoir,50WP00000000144B,Evanger,Evanger,1,MAW,PT60M,2,2020-09-03 10:00:00+02:00
2020-09-07 09:48:41+02:00,0,NO_5,Unplanned outage,A03,,2020-09-06 20:30:00+02:00,aEX31EeIwr9N69291nCgCg,290.0,Hydro Water Reservoir,50WP000000008783,Lang Sima,Lang Sima,1,MAW,PT15M,2,2020-09-06 20:15:00+02:00
2020-09-08 14:54:42+02:00,0,NO_5,Unplanned outage,A03,,2020-09-23 10:00:00+02:00,cI7drth5xxNpfMQzNZ6Ygg,110.0,Hydro Water Reservoir,50WP00000000144B,Evanger,Evanger,1,MAW,PT60M,1,2020-09-23 07:00:00+02:00
2020-09-10 13:48:14+02:00,0,NO_5,Unplanned outage,A03,,2020-09-10 17:00:00+02:00,szOoWAY7kV-i_m-4Sigi_g,280.0,Hydro Water Reservoir,50WP00000000020T,Aurland1,Aurland1,1,MAW,PT60M,1,2020-09-10 15:00:00+02:00
2020-09-24 09:04:08+02:00,0,NO_5,Unplanned outage,A03,,2020-09-25 14:00:00+02:00,9jIHlVX24i4Dy1AIXovWjQ,110.0,Hydro Water Reservoir,50WP00000000144B,Evanger,Evanger,1,MAW,PT60M,1,2020-09-25 12:00:00+02:00
2020-10-04 16:43:21+02:00,0,NO_5,Unplanned outage,A03,,2020-10-04 15:15:00+02:00,J0x6n3-kgRGdAoI0cv698w,290.0,Hydro Water Reservoir,50WP000000008783,Lang Sima,Lang Sima,1,MAW,PT1M,4,2020-10-04 15:08:00+02:00
2020-10-06 15:15:49+02:00,0,NO_5,Unplanned outage,A03,,2020-10-06 13:00:00+02:00,lBYT9ARgiHOQoL89BTYQiA,290.0,Hydro Water Reservoir,50WP000000008783,Lang Sima,Lang Sima,1,MAW,PT30M,2,2020-10-06 12:30:00+02:00
2020-10-06 15:35:19+02:00,0,NO_5,Unplanned outage,A03,,2020-10-07 07:30:00+02:00,QZ9cmZ7dOVJPJD5QBJXCMw,290.0,Hydro Water Reservoir,50WP000000008783,Lang Sima,Lang Sima,1,MAW,PT30M,1,2020-10-07 07:00:00+02:00
2020-10-07 06:39:09+02:00,0,NO_5,Unplanned outage,A03,,2020-10-07 06:38:00+02:00,vwBnuxeQrZbPJcvA8w-8bQ,128.0,Hydro Water Reservoir,50WP000000004512,Mauranger,Mauranger,1,MAW,PT1M,2,2020-10-07 06:30:00+02:00
2020-10-07 08:34:11+02:00,0,NO_5,Unplanned outage,A03,,2020-10-07 08:30:00+02:00,U7C4LSbIJwEsSGKy9Uo4JA,290.0,Hydro Water Reservoir,50WP000000008783,Lang Sima,Lang Sima,1,MAW,PT30M,2,2020-10-07 08:00:00+02:00
2020-10-19 08:11:59+02:00,0,NO_5,Unplanned outage,A03,,2020-10-19 08:00:00+02:00,abX6tOmbg59Y7H0ICLsHog,115.0,Hydro Water Reservoir,50WP00000000411E,Leirdola,Leirdola,1,MAW,PT60M,2,2020-10-19 07:00:00+02:00
2020-10-19 15:26:07+02:00,0,NO_5,Unplanned outage,A03,,2020-10-20 12:00:00+02:00,KXSTWitj4aU2AEc9T1yjAw,110.0,Hydro Water Reservoir,50WP00000000144B,Evanger,Evanger,1,MAW,PT60M,1,2020-10-19 14:00:00+02:00
2020-10-22 06:22:41+02:00,0,NO_5,Unplanned outage,A03,,2020-10-22 06:30:00+02:00,Tqt29681LQiANqEsxbixxQ,360.0,Hydro Water Reservoir,50WP000000008791,Sy-Sima,Sy-Sima,1,MAW,PT1M,1,2020-10-22 06:18:00+02:00
2020-10-28 13:11:16+01:00,0,NO_5,Unplanned outage,A03,,2020-10-28 13:30:00+01:00,eVoQFNa0ZCji_saYFV3aig,110.0,Hydro Water Reservoir,50WP00000000144B,Evanger,Evanger,1,MAW,PT15M,1,2020-10-28 13:15:00+01:00
2020-11-05 10:36:50+01:00,0,NO_5,Unplanned outage,A03,,2020-11-05 10:35:00+01:00,XX3cxXdvzYg0r3KZfazO2g,360.0,Hydro Water Reservoir,50WP000000008791,Sy-Sima,Sy-Sima,1,MAW,PT1M,2,2020-11-05 10:30:00+01:00
2020-11-14 20:06:51+01:00,0,NO_5,Unplanned outage,A03,,2020-11-16 15:00:00+01:00,UkMVbUQV3Pue-DZCqPuSBw,290.0,Hydro Water Reservoir,50WP000000008783,Lang Sima,Lang Sima,1,MAW,PT60M,1,2020-11-14 20:00:00+01:00
2020-11-16 10:40:41+01:00,0,NO_5,Unplanned outage,A03,,2020-11-19 15:00:00+01:00,EYlJbI760CUp8JFkuV7uPA,110.0,Hydro Water Reservoir,50WP00000000144B,Evanger,Evanger,1,MAW,PT60M,3,2020-11-06 16:00:00+01:00
2020-11-20 08:37:10+01:00,0,NO_5,Unplanned outage,A03,,2020-11-20 06:45:00+01:00,xSdMxOmoEiW2G3sxzQcYGQ,110.0,Hydro Water Reservoir,50WP00000000144B,Evanger,Evanger,1,MAW,PT1M,2,2020-11-20 06:39:00+01:00
2020-11-21 06:58:07+01:00,0,NO_5,Unplanned outage,A03,,2020-11-21 10:00:00+01:00,mof3_Iu2U_RiZGsvdUSKRQ,110.0,Hydro Water Reservoir,50WP00000000144B,Evanger,Evanger,1,MAW,PT60M,1,2020-11-21 07:00:00+01:00
2020-11-21 14:29:17+01:00,0,NO_5,Unplanned outage,A03,,2020-11-21 14:30:00+01:00,8-dqJHsv_mHqT2by-Rt9kA,110.0,Hydro Water Reservoir,50WP00000000144B,Evanger,Evanger,1,MAW,PT1M,1,2020-11-21 14:20:00+01:00
2020-11-21 14:54:47+01:00,0,NO_5,Unplanned outage,A03,,2020-11-21 14:54:00+01:00,eoxEDCYOupuAi2LPhkB4QQ,360.0,Hydro Water Reservoir,50WP000000008791,Sy-Sima,Sy-Sima,1,MAW,PT1M,2,2020-11-21 14:35:00+01:00
2020-11-21 15:19:48+01:00,0,NO_5,Unplanned outage,A03,,2020-11-21 15:30:00+01:00,yQjIfETddOF53egbg16aVg,360.0,Hydro Water Reservoir,50WP000000008791,Sy-Sima,Sy-Sima,1,MAW,PT15M,1,2020-11-21 15:15:00+01:00
2020-11-23 09:53:42+01:00,0,NO_5,Unplanned outage,A03,,2020-11-21 19:30:00+01:00,fhZIBJol61i36UlM_3T0WQ,128.0,Hydro Water Reservoir,50WP000000004512,Mauranger,Mauranger,1,MAW,PT15M,2,2020-11-21 19:15:00+01:00
2020-11-24 11:06:44+01:00,0,NO_5,Unplanned outage,A03,,2020-11-23 18:00:00+01:00,NUQTFb5KNmmwcjm5WYQY4w,128.0,Hydro Water Reservoir,50WP000000004512,Mauranger,Mauranger,1,MAW,PT30M,2,2020-11-23 17:30:00+01:00
2020-11-25 14:51:23+01:00,0,NO_5,Unplanned outage,A03,,2020-11-25 14:50:00+01:00,uBiKdRYAKBWjqHthsJ5w1g,128.0,Hydro Water Reservoir,50WP000000004512,Mauranger,Mauranger,1,MAW,PT1M,3,2020-11-25 14:45:00+01:00
2020-11-26 13:51:18+01:00,0,NO_5,Unplanned outage,A03,,2020-11-25 15:30:00+01:00,jVs-7vbuDUbybqd7im9P-w,128.0,Hydro Water Reservoir,50WP000000004512,Mauranger,Mauranger,1,MAW,PT1M,3,2020-11-25 15:21:00+01:00
2020-11-27 15:36:19+01:00,0,NO_5,Unplanned outage,A03,,2020-11-27 15:35:00+01:00,P7hm7sHsgEVfHE5EftDgiQ,360.0,Hydro Water Reservoir,50WP000000008791,Sy-Sima,Sy-Sima,1,MAW,PT1M,2,2020-11-27 15:18:00+01:00
2020-11-30 16:31:04+01:00,0,NO_5,Unplanned outage,A03,,2020-11-30 16:30:00+01:00,A-eT9p-7G_lAVxywO8nbng,360.0,Hydro Water Reservoir,50WP000000008791,Sy-Sima,Sy-Sima,1,MAW,PT1M,2,2020-11-30 16:25:00+01:00
2020-12-09 09:33:11+01:00,0,NO_5,Unplanned outage,A03,,2020-12-09 10:30:00+01:00,KN2N_aZCbfQGfDGT9F-mTg,114.0,Hydro Water Reservoir,50WP00000000100V,Dale,Dale,1,MAW,PT30M,1,2020-12-09 09:30:00+01:00
2020-12-21 22:54:31+01:00,0,NO_5,Unplanned outage,A03,,2020-12-21 22:30:00+01:00,vYffpWr0d4qtCb7lsHezKw,128.0,Hydro Water Reservoir,50WP000000004512,Mauranger,Mauranger,1,MAW,PT30M,2,2020-12-21 22:00:00+01:00
2021-01-13 12:58:12+01:00,0,NO_5,Unplanned outage,A03,,2021-01-13 21:00:00+01:00,3gy3J_w1_xdOBK0MO5b9PA,114.0,Hydro Water Reservoir,50WP00000000100V,Dale,Dale,1,MAW,PT60M,1,2021-01-13 18:00:00+01:00
2021-01-14 13:39:15+01:00,0,NO_5,Unplanned outage,A03,,2021-01-13 10:45:00+01:00,ena_7J9V2HPPyr9bWYAcOA,290.0,Hydro Water Reservoir,50WP000000008783,Lang Sima,Lang Sima,1,MAW,PT1M,3,2021-01-13 10:40:00+01:00
2021-01-16 09:59:28+01:00,0,NO_5,Unplanned outage,A03,,2021-01-16 10:00:00+01:00,Bnw9ujkWzoYRFvpZE6h_Kw,280.0,Hydro Water Reservoir,50WP00000000020T,Aurland1,Aurland1,1,MAW,PT60M,2,2021-01-16 09:00:00+01:00
2021-01-21 20:35:55+01:00,0,NO_5,Unplanned outage,A03,,2021-01-21 17:45:00+01:00,d8cRN1IjHA_6V35Np2SUMQ,195.0,Hydro Water Reservoir,50WP00000000771L,Tyin,Tyin,1,MAW,PT1M,3,2021-01-21 17:36:00+01:00
2021-02-06 01:29:03+01:00,0,NO_5,Unplanned outage,A03,,2021-02-06 01:30:00+01:00,NjATv4lTkz9gm9eE_ZSR4Q,128.0,Hydro Water Reservoir,50WP000000004512,Mauranger,Mauranger,1,MAW,PT1M,2,2021-02-06 01:19:00+01:00
2021-02-11 11:31:16+01:00,0,NO_5,Unplanned outage,A03,,2021-02-16 15:00:00+01:00,wqqhMykl6V-toOVUQIkv3w,110.0,Hydro Water Reservoir,50WP00000000144B,Evanger,Evanger,1,MAW,PT60M,1,2021-02-16 12:00:00+01:00
2021-02-12 09:41:14+01:00,0,NO_5,Unplanned outage,A03,,2021-02-19 15:00:00+01:00,NKvO4vNjr9BzPTqp9BOTlQ,140.0,Hydro Water Reservoir,50WP00000000023N,Aurland3,Aurland3,1,MAW,PT60M,5,2021-02-11 23:00:00+01:00
2021-02-27 20:58:25+01:00,0,NO_5,Unplanned outage,A03,,2021-03-01 08:00:00+01:00,-l32CMdVa27QEWk_ElLkiQ,128.0,Hydro Water Reservoir,50WP000000004512,Mauranger,Mauranger,1,MAW,PT60M,1,2021-02-27 20:00:00+01:00
2021-03-10 07:57:11+01:00,0,NO_5,Unplanned outage,A03,,2021-03-10 07:30:00+01:00,Y2LmvVhTUXGio9SXlRFSqw,290.0,Hydro Water Reservoir,50WP000000008783,Lang Sima,Lang Sima,1,MAW,PT30M,2,2021-03-10 07:00:00+01:00
2021-03-11 19:46:49+01:00,0,NO_5,Unplanned outage,A03,,2021-03-11 19:30:00+01:00,EERCbwpv8HHNLtsc3DgtCw,360.0,Hydro Water Reservoir,50WP000000008791,Sy-Sima,Sy-Sima,1,MAW,PT15M,1,2021-03-11 19:15:00+01:00
2021-03-13 08:34:44+01:00,0,NO_5,Unplanned outage,A03,,2021-03-12 22:00:00+01:00,wxkHQVl67cdP2ZQ8hgsITA,128.0,Hydro Water Reservoir,50WP000000004512,Mauranger,Mauranger,1,MAW,PT30M,2,2021-03-12 21:30:00+01:00
2021-03-26 15:20:45+01:00,0,NO_5,Unplanned outage,A03,,2021-03-26 15:15:00+01:00,sASsM1m5TeU31ObVW5HdFw,150.0,Hydro Water Reservoir,50WP00000000023N,Aurland3,Aurland3,1,MAW,PT15M,3,2021-03-26 15:00:00+01:00
2021-03-31 21:50:25+02:00,0,NO_5,Unplanned outage,A03,,2021-03-31 20:30:00+02:00,koIDRu6MT1RO4IIzHKy_iw,290.0,Hydro Water Reservoir,50WP000000008783,Lang Sima,Lang Sima,1,MAW,PT15M,2,2021-03-31 20:15:00+02:00
2021-04-20 14:06:18+02:00,0,NO_5,Unplanned outage,A03,,2021-04-20 14:00:00+02:00,AAjIluVX_cLhWOgVWtPqxA,360.0,Hydro Water Reservoir,50WP000000008791,Sy-Sima,Sy-Sima,1,MAW,PT60M,2,2021-04-20 13:00:00+02:00
2021-04-26 09:57:18+02:00,0,NO_5,Unplanned outage,A03,,2021-04-26 09:50:00+02:00,A2opOkebal7o4LJwjNWabg,280.0,Hydro Water Reservoir,50WP00000000020T,Aurland1,Aurland1,1,MAW,PT1M,4,2021-04-26 09:45:00+02:00
2021-05-03 13:06:14+02:00,0,NO_5,Unplanned outage,A03,,2021-05-03 13:00:00+02:00,mznixQ2nTOM303XUxchDVQ,128.0,Hydro Water Reservoir,50WP000000004512,Mauranger,Mauranger,1,MAW,PT60M,5,2021-05-02 16:00:00+02:00
2021-05-07 14:15:44+02:00,0,NO_5,Unplanned outage,A03,,2021-05-11 15:00:00+02:00,G3rxK4Nlivr2Q3QfBMVk7A,140.0,Hydro Water Reservoir,50WP00000000023N,Aurland3,Aurland3,1,MAW,PT60M,1,2021-05-07 14:00:00+02:00
2021-05-10 14:12:16+02:00,0,NO_5,Unplanned outage,A03,,2021-05-10 14:00:00+02:00,lHcnmuItzCqJJi2z-oQFJg,360.0,Hydro Water Reservoir,50WP000000008791,Sy-Sima,Sy-Sima,1,MAW,PT60M,3,2021-05-10 13:00:00+02:00
2021-05-17 07:08:41+02:00,0,NO_5,Unplanned outage,A03,,2021-05-18 10:00:00+02:00,A8CDBsu3yJbyRvn5R_k3wQ,360.0,Hydro Water Reservoir,50WP000000008791,Sy-Sima,Sy-Sima,1,MAW,PT60M,1,2021-05-17 07:00:00+02:00
2021-05-20 19:29:40+02:00,0,NO_5,Unplanned outage,A03,,2021-05-19 13:15:00+02:00,WBClCCtEGSj_dC6NZx69QA,128.0,Hydro Water Reservoir,50WP000000004512,Mauranger,Mauranger,1,MAW,PT1M,2,2021-05-19 13:09:00+02:00
2021-05-24 09:53:11+02:00,0,NO_5,Unplanned outage,A03,,2021-05-24 02:45:00+02:00,_ToPLfE6od742YAC6rz_IA,115.0,Hydro Water Reservoir,50WP00000000411E,Leirdola,Leirdola,1,MAW,PT1M,2,2021-05-24 02:40:00+02:00
2021-05-25 09:24:11+02:00,0,NO_5,Unplanned outage,A03,,2021-05-25 09:24:00+02:00,bjeja3OUZeadSstdgXgkfw,195.0,Hydro Water Reservoir,50WP00000000771L,Tyin,Tyin,1,MAW,PT1M,2,2021-05-25 09:15:00+02:00
2021-05-28 11:49:43+02:00,0,NO_5,Unplanned outage,A03,,2021-05-28 10:45:00+02:00,8hhjmNzu5fLBvienaAK2MQ,360.0,Hydro Water Reservoir,50WP000000008791,Sy-Sima,Sy-Sima,1,MAW,PT1M,1,2021-05-28 10:40:00+02:00
2021-05-28 16:03:48+02:00,0,NO_5,Unplanned outage,A03,,2021-05-28 15:00:00+02:00,6qOLysWSXrXQBc-XmyBcXw,128.0,Hydro Water Reservoir,50WP000000004512,Mauranger,Mauranger,1,MAW,PT15M,2,2021-05-28 14:45:00+02:00
2021-06-02 09:40:41+02:00,0,NO_5,Unplanned outage,A03,,2021-06-02 09:00:00+02:00,PbMc7bSg0rUouvpTvLggNQ,110.0,Hydro Water Reservoir,50WP00000000144B,Evanger,Evanger,1,MAW,PT60M,2,2021-05-27 14:00:00+02:00
2021-06-14 15:48:21+02:00,0,NO_5,Unplanned outage,A03,,2021-06-14 15:30:00+02:00,LXOdeHdjfJDmcJQr3IJRRw,360.0,Hydro Water Reservoir,50WP000000008791,Sy-Sima,Sy-Sima,1,MAW,PT1M,2,2021-06-14 15:25:00+02:00
2021-07-28 19:43:54+02:00,0,NO_5,Unplanned outage,A03,,2021-07-28 19:00:00+02:00,qUOF5QHa9-RZjQNgyA1ClQ,290.0,Hydro Water Reservoir,50WP000000008783,Lang Sima,Lang Sima,1,MAW,PT1M,2,2021-07-28 18:50:00+02:00
2021-08-24 14:04:26+02:00,0,NO_5,Unplanned outage,A03,,2021-08-24 14:00:00+02:00,R9adT6yTQwTtucDXw1Nclg,128.0,Hydro Water Reservoir,50WP000000004512,Mauranger,Mauranger,1,MAW,PT60M,3,2021-08-18 15:00:00+02:00
2021-08-29 09:30:09+02:00,0,NO_5,Unplanned outage,A03,,2021-08-29 09:00:00+02:00,5S8QeFoIjVPa9Iy060b2zw,128.0,Hydro Water Reservoir,50WP000000004512,Mauranger,Mauranger,1,MAW,PT60M,2,2021-08-29 08:00:00+02:00
2021-08-31 19:50:59+02:00,0,NO_5,Unplanned outage,A03,,2021-08-31 19:50:00+02:00,U5c5kKvnXFxAmGAl7s2sMw,128.0,Hydro Water Reservoir,50WP000000004512,Mauranger,Mauranger,1,MAW,PT1M,4,2021-08-31 19:45:00+02:00
2021-09-19 04:04:42+02:00,0,NO_5,Unplanned outage,A03,,2021-09-19 04:00:00+02:00,BvvOOKt3nC2JTmkKjl4C9Q,128.0,Hydro Water Reservoir,50WP000000004512,Mauranger,Mauranger,1,MAW,PT60M,2,2021-09-19 02:00:00+02:00
2021-09-21 22:54:33+02:00,0,NO_5,Unplanned outage,A03,,2021-09-22 16:00:00+02:00,jDuXHtfPb5F9fgrgCZbeSw,110.0,Hydro Water Reservoir,50WP00000000144B,Evanger,Evanger,1,MAW,PT60M,1,2021-09-22 11:00:00+02:00
2021-09-23 09:34:56+02:00,0,NO_5,Unplanned outage,A03,,2021-09-23 01:00:00+02:00,9_wQKdyaKjKwNS5BDPab_w,128.0,Hydro Water Reservoir,50WP000000004512,Mauranger,Mauranger,1,MAW,PT15M,3,2021-09-23 00:45:00+02:00
2021-09-29 18:52:21+02:00,0,NO_5,Unplanned outage,A03,,2021-09-29 20:00:00+02:00,FtsVtOXQJBaFEGuzW_QDHw,290.0,Hydro Water Reservoir,50WP000000008783,Lang Sima,Lang Sima,1,MAW,PT60M,4,2021-09-29 07:00:00+02:00
2021-10-20 07:59:10+02:00,0,NO_5,Unplanned outage,A03,,2021-10-20 15:00:00+02:00,n51Ephkhyviix_Xxd3J_tA,360.0,Hydro Water Reservoir,50WP000000008791,Sy-Sima,Sy-Sima,1,MAW,PT60M,1,2021-10-20 09:00:00+02:00
2021-10-21 01:25:00+02:00,0,NO_5,Unplanned outage,A03,,2021-10-21 07:00:00+02:00,Y15U0og8uv8_3b2WhmDGIg,128.0,Hydro Water Reservoir,50WP000000004512,Mauranger,Mauranger,1,MAW,PT60M,1,2021-10-21 02:00:00+02:00
2021-10-25 08:11:11+02:00,0,NO_5,Unplanned outage,A03,,2021-10-25 15:00:00+02:00,NZWrogui6cPSQxV2skvs3g,110.0,Hydro Water Reservoir,50WP00000000144B,Evanger,Evanger,1,MAW,PT60M,1,2021-10-25 08:00:00+02:00
2021-11-04 08:39:39+01:00,0,NO_5,Unplanned outage,A03,,2021-11-03 16:15:00+01:00,mk0_SThmKwSKec5EeiOf9w,104.0,Hydro Water Reservoir,50WP000000016883,Usta,Usta Kraftstasjon,1,MAW,PT1M,2,2021-11-03 16:05:00+01:00
2021-11-05 14:38:13+01:00,0,NO_5,Unplanned outage,A03,,2021-11-08 15:00:00+01:00,b94H9RI3e6VVTxW2PYvjjQ,110.0,Hydro Water Reservoir,50WP00000000144B,Evanger,Evanger,1,MAW,PT60M,2,2021-11-08 07:00:00+01:00
2021-12-06 17:21:17+01:00,0,NO_5,Unplanned outage,A03,,2021-12-06 17:15:00+01:00,60jjxC8dqiWoJAcHrP5XsA,195.0,Hydro Water Reservoir,50WP00000000771L,Tyin,Tyin,1,MAW,PT15M,2,2021-12-06 17:00:00+01:00
2021-12-07 18:54:46+01:00,0,NO_5,Unplanned outage,A03,,2021-12-07 13:00:00+01:00,I6BB-Qo5SP0uXMDeQl-iXw,360.0,Hydro Water Reservoir,50WP000000008791,Sy-Sima,Sy-Sima,1,MAW,PT30M,3,2021-12-07 12:30:00+01:00
2021-12-09 16:03:43+01:00,0,NO_5,Unplanned outage,A03,,2021-12-09 16:00:00+01:00,jK_sMugP6-1MzMi_vGutYQ,290.0,Hydro Water Reservoir,50WP000000008783,Lang Sima,Lang Sima,1,MAW,PT60M,5,2021-12-09 13:00:00+01:00
2021-12-16 13:19:14+01:00,0,NO_5,Unplanned outage,A03,,2021-12-17 14:00:00+01:00,bTRPbYT0O0yy1HZ-7VKyBw,104.0,Hydro Water Reservoir,50WP000000016883,Usta,Usta Kraftstasjon,1,MAW,PT60M,1,2021-12-17 12:00:00+01:00
2021-12-21 03:28:09+01:00,0,NO_5,Unplanned outage,A03,,2021-12-21 03:00:00+01:00,KToewF6ltTXYLIjqctg6rg,360.0,Hydro Water Reservoir,50WP000000008791,Sy-Sima,Sy-Sima,1,MAW,PT60M,3,2021-12-20 18:00:00+01:00
2022-01-04 07:44:11+01:00,0,NO_5,Unplanned outage,A03,,2022-01-04 07:40:00+01:00,-1RQaKeehwQ_PVlDj-fqDQ,128.0,Hydro Water Reservoir,50WP000000004512,Mauranger,Mauranger,1,MAW,PT1M,2,2022-01-04 07:30:00+01:00
2022-01-05 02:25:23+01:00,0,NO_5,Unplanned outage,A03,,2022-01-05 07:30:00+01:00,FuXQ-IRNyVBnrmE4RgS9GA,128.0,Hydro Water Reservoir,50WP000000004512,Mauranger,Mauranger,1,MAW,PT30M,1,2022-01-05 07:00:00+01:00
2022-01-06 23:47:27+01:00,0,NO_5,Unplanned outage,A03,,2022-01-06 23:46:00+01:00,B8ljP6o7ff5ABfPEeI-B0w,290.0,Hydro Water Reservoir,50WP000000008783,Lang Sima,Lang Sima,1,MAW,PT1M,2,2022-01-06 23:32:00+01:00
2022-01-16 23:11:22+01:00,0,NO_5,Unplanned outage,A03,,2022-01-16 23:15:00+01:00,WTDGpzIIs0RbupVFG3aweQ,128.0,Hydro Water Reservoir,50WP000000004512,Mauranger,Mauranger,1,MAW,PT1M,1,2022-01-16 23:10:00+01:00
2022-01-19 17:26:05+01:00,0,NO_5,Unplanned outage,A03,,2022-01-20 11:00:00+01:00,-YgWjHEKkWz5e8SLOLULcA,290.0,Hydro Water Reservoir,50WP000000008783,Lang Sima,Lang Sima,1,MAW,PT60M,1,2022-01-19 18:00:00+01:00
2022-01-25 10:23:11+01:00,0,NO_5,Unplanned outage,A03,,2022-01-25 10:00:00+01:00,LRYKn5fKmvqfjLnQy4Z1XA,290.0,Hydro Water Reservoir,50WP000000008783,Lang Sima,Lang Sima,1,MAW,PT60M,4,2022-01-25 08:00:00+01:00
2022-02-11 10:11:43+01:00,0,NO_5,Unplanned outage,A03,,2022-02-14 07:00:00+01:00,KpryORVGjZXJmnbY7HVlcA,140.0,Hydro Water Reservoir,50WP00000000023N,Aurland3,Aurland3,1,MAW,PT60M,3,2022-02-09 16:00:00+01:00
2022-02-16 09:52:21+01:00,0,NO_5,Unplanned outage,A03,,2022-02-16 09:00:00+01:00,lMZWjqn4ZOyqsp6MY6WuEA,140.0,Hydro Water Reservoir,50WP00000000023N,Aurland3,Aurland3,1,MAW,PT60M,2,2022-02-15 15:00:00+01:00
2022-03-09 13:11:39+01:00,0,NO_5,Unplanned outage,A03,,2022-03-09 13:00:00+01:00,LBPNR9TYlAhchu7-kaD_Dw,195.0,Hydro Water Reservoir,50WP00000000771L,Tyin,Tyin,1,MAW,PT60M,3,2022-03-07 08:00:00+01:00
2022-03-15 19:47:11+01:00,0,NO_5,Unplanned outage,A03,,2022-03-15 21:00:00+01:00,I0LdwB35s-oSnlsWbdDkrw,128.0,Hydro Water Reservoir,50WP000000004512,Mauranger,Mauranger,1,MAW,PT60M,1,2022-03-15 20:00:00+01:00
2022-03-26 23:25:15+01:00,0,NO_5,Unplanned outage,A03,,2022-03-26 23:15:00+01:00,K-8zWDdOlbDHHQrmOf60RQ,195.0,Hydro Water Reservoir,50WP00000000771L,Tyin,Tyin,1,MAW,PT15M,5,2022-03-26 23:00:00+01:00
2022-03-29 19:08:17+02:00,0,NO_5,Unplanned outage,A03,,2022-03-29 19:00:00+02:00,5eU0PguSBdYXLLtoMCRA_Q,140.0,Hydro Water Reservoir,50WP00000000023N,Aurland3,Aurland3,1,MAW,PT60M,5,2022-03-21 20:00:00+01:00
2022-04-03 17:41:18+02:00,0,NO_5,Unplanned outage,A03,,2022-04-04 08:00:00+02:00,nSAPKv57R9SjsolabBxddA,290.0,Hydro Water Reservoir,50WP000000008783,Lang Sima,Lang Sima,1,MAW,PT60M,1,2022-04-03 18:00:00+02:00
2022-04-05 19:21:14+02:00,0,NO_5,Unplanned outage,A03,,2022-04-05 16:00:00+02:00,K4jjZF04XdmRXtGlY4u58w,290.0,Hydro Water Reservoir,50WP000000008783,Lang Sima,Lang Sima,1,MAW,PT1M,4,2022-04-05 15:50:00+02:00
2022-04-20 13:33:13+02:00,0,NO_5,Unplanned outage,A03,,2022-04-18 00:15:00+02:00,HxzSrqzh7ncggNvuuPJ-xQ,195.0,Hydro Water Reservoir,50WP00000000771L,Tyin,Tyin,1,MAW,PT1M,4,2022-04-18 00:05:00+02:00
2022-04-23 12:46:13+02:00,0,NO_5,Unplanned outage,A03,,2022-04-23 12:45:00+02:00,SPrmsBDkSEDiKPOPyoT7YA,290.0,Hydro Water Reservoir,50WP000000008783,Lang Sima,Lang Sima,1,MAW,PT15M,2,2022-04-23 12:30:00+02:00
2022-04-26 10:18:15+02:00,0,NO_5,Unplanned outage,A03,,2022-04-28 18:00:00+02:00,uH74ilntaBCxjILgfoA5eA,107.0,Hydro Water Reservoir,50WP000000016883,Usta,Usta Kraftstasjon,1,MAW,PT60M,2,2022-04-26 09:00:00+02:00
2022-04-29 13:12:45+02:00,0,NO_5,Unplanned outage,A03,,2022-05-04 15:00:00+02:00,EuuVnix_tM0m627QhlFTgg,114.0,Hydro Water Reservoir,50WP00000000100V,Dale,Dale,1,MAW,PT60M,1,2022-05-04 07:00:00+02:00
2022-05-02 17:32:05+02:00,0,NO_5,Unplanned outage,A03,,2022-05-03 14:00:00+02:00,dbjXoSB7N7Y3e9imY_Uaog,280.0,Hydro Water Reservoir,50WP00000000020T,Aurland1,Aurland1,1,MAW,PT60M,1,2022-05-03 11:00:00+02:00
2022-05-02 19:30:10+02:00,0,NO_5,Unplanned outage,A03,,2022-05-03 07:00:00+02:00,K9FAhS_nzZ7eZRQj3AlvrQ,110.0,Hydro Water Reservoir,50WP00000000144B,Evanger,Evanger,1,MAW,PT60M,1,2022-05-02 20:00:00+02:00
2022-05-04 14:14:19+02:00,0,NO_5,Unplanned outage,A03,,2022-05-04 15:00:00+02:00,TKtUy_3r2WNPtecvxKjB7w,290.0,Hydro Water Reservoir,50WP000000008783,Lang Sima,Lang Sima,1,MAW,PT60M,1,2022-05-04 14:00:00+02:00
2022-05-13 14:58:43+02:00,0,NO_5,Unplanned outage,A03,,2022-05-10 19:30:00+02:00,IfsGInEDVhJ_ljSne0LMlg,110.0,Hydro Water Reservoir,50WP00000000480W,Myster,Myster,1,MAW,PT15M,3,2022-05-10 19:15:00+02:00
2022-05-16 13:16:45+02:00,0,NO_5,Unplanned outage,A03,,2022-05-16 09:30:00+02:00,OwdlITiOqNM0IsakXWUFkw,360.0,Hydro Water Reservoir,50WP000000008791,Sy-Sima,Sy-Sima,1,MAW,PT1M,4,2022-05-16 09:25:00+02:00
2022-05-22 03:31:35+02:00,0,NO_5,Unplanned outage,A03,,2022-05-22 03:30:00+02:00,p6XCB0ur8ZGm_QUvRXtBFw,140.0,Hydro Water Reservoir,50WP00000000023N,Aurland3,Aurland3,1,MAW,PT30M,2,2022-05-22 03:00:00+02:00
2022-05-23 11:54:50+02:00,0,NO_5,Unplanned outage,A03,,2022-05-21 16:30:00+02:00,KkAQWDI2-LusBkKglmJvLQ,110.0,Hydro Water Reservoir,50WP00000000144B,Evanger,Evanger,1,MAW,PT1M,2,2022-05-21 16:26:00+02:00
2022-05-23 13:48:12+02:00,0,NO_5,Unplanned outage,A03,,2022-05-24 14:00:00+02:00,vEfp9mF7NYykZu1H-_vK0Q,110.0,Hydro Water Reservoir,50WP00000000144B,Evanger,Evanger,1,MAW,PT60M,1,2022-05-23 19:00:00+02:00
2022-05-23 16:19:46+02:00,0,NO_5,Unplanned outage,A03,,2022-05-23 16:15:00+02:00,4z-NKIK20HoTx_fnd3avfA,140.0,Hydro Water Reservoir,50WP00000000023N,Aurland3,Aurland3,1,MAW,PT15M,4,2022-05-23 16:00:00+02:00
2022-05-25 08:48:39+02:00,0,NO_5,Unplanned outage,A03,,2022-05-24 20:30:00+02:00,MzYe29bNTvyJY17N6r-2tQ,110.0,Hydro Water Reservoir,50WP00000000144B,Evanger,Evanger,1,MAW,PT1M,3,2022-05-24 20:22:00+02:00
2022-05-29 18:24:20+02:00,0,NO_5,Unplanned outage,A03,,2022-05-29 18:00:00+02:00,eZTSA1t5n83DGAuAtkHF0A,290.0,Hydro Water Reservoir,50WP000000008783,Lang Sima,Lang Sima,1,MAW,PT30M,1,2022-05-29 17:30:00+02:00
2022-06-02 08:55:10+02:00,0,NO_5,Unplanned outage,A03,,2022-06-02 16:00:00+02:00,vYivjbFd_0-Y6veRAe3Qpw,110.0,Hydro Water Reservoir,50WP00000000144B,Evanger,Evanger,1,MAW,PT60M,1,2022-06-02 09:00:00+02:00
2022-06-03 03:08:13+02:00,0,NO_5,Unplanned outage,A03,,2022-06-03 02:00:00+02:00,tqvrZdgFIWP7JelAhANqfg,290.0,Hydro Water Reservoir,50WP000000008783,Lang Sima,Lang Sima,1,MAW,PT30M,2,2022-06-03 01:30:00+02:00
2022-06-03 11:28:18+02:00,0,NO_5,Unplanned outage,A03,,2022-06-07 07:00:00+02:00,gpAKq4h-fVU8drz3DBj44w,110.0,Hydro Water Reservoir,50WP00000000144B,Evanger,Evanger,1,MAW,PT60M,4,2022-06-02 21:00:00+02:00
2022-06-08 13:39:08+02:00,0,NO_5,Unplanned outage,A03,,2022-06-07 23:00:00+02:00,VXJxVfASpjL63YQ1fQzP6g,110.0,Hydro Water Reservoir,50WP00000000144B,Evanger,Evanger,1,MAW,PT30M,3,2022-06-07 22:30:00+02:00
2022-06-19 19:06:05+02:00,0,NO_5,Unplanned outage,A03,,2022-06-19 19:30:00+02:00,UXvYDg-ET4QNHbYXEHzqdQ,110.0,Hydro Water Reservoir,50WP00000000144B,Evanger,Evanger,1,MAW,PT15M,1,2022-06-19 19:15:00+02:00
2022-06-22 08:21:30+02:00,0,NO_5,Unplanned outage,A03,,2022-06-24 21:00:00+02:00,PkPRsOVbDOyn5SLkgUQQbw,150.0,Hydro Water Reservoir,50WP00000000023N,Aurland3,Aurland3,1,MAW,PT60M,10,2022-01-29 00:00:00+01:00
2022-06-24 08:57:28+02:00,0,NO_5,Unplanned outage,A03,,2022-06-24 07:00:00+02:00,42UnghqrrrI8U-KZ-zkjrA,128.0,Hydro Water Reservoir,50WP000000004512,Mauranger,Mauranger,1,MAW,PT30M,1,2022-06-24 06:30:00+02:00
