2021-03-11 05:17:23+01:00,627,NL,Unplanned outage,A03,,2021-03-13 00:00:00+01:00,dcO9YGOETiOrPv2xK7lASA,731.5,Wind Offshore,49W000000000154T,Borssele,Borssele Windfarm III and IV,1,MAW,PT15M,1,2021-03-12 00:00:00+01:00
2021-03-13 19:02:26+01:00,627,NL,Unplanned outage,A03,,2021-03-11 13:15:00+01:00,1692Oa-ChdkbO4vnCJqRhQ,731.5,Wind Offshore,49W000000000154T,Borssele,Borssele Windfarm III and IV,1,MAW,PT15M,2,2021-03-11 05:15:00+01:00
2021-03-13 19:12:20+01:00,627,NL,Unplanned outage,A03,,2021-03-15 00:00:00+01:00,_c5lxU0NJqP-7sk0kYeOdg,731.5,Wind Offshore,49W000000000154T,Borssele,Borssele Windfarm III and IV,1,MAW,PT15M,3,2021-03-14 00:00:00+01:00
2021-03-13 19:14:17+01:00,627,NL,Unplanned outage,A03,,2021-03-17 00:00:00+01:00,pWwMxex8GNI2TXYLTxQa7w,731.5,Wind Offshore,49W000000000154T,Borssele,Borssele Windfarm III and IV,1,MAW,PT15M,2,2021-03-16 00:00:00+01:00
2021-03-13 19:15:01+01:00,627,NL,Unplanned outage,A03,,2021-03-16 00:00:00+01:00,c_x053YW_XVallnnKZKWhg,731.5,Wind Offshore,49W000000000154T,Borssele,Borssele Windfarm III and IV,1,MAW,PT15M,2,2021-03-15 00:00:00+01:00
2021-03-13 20:07:18+01:00,627,NL,Unplanned outage,A03,,2021-03-13 20:00:00+01:00,bZYj6vs87wiKRHxY8kbcJQ,731.5,Wind Offshore,49W000000000154T,Borssele,Borssele Windfarm III and IV,1,MAW,PT15M,4,2021-03-13 19:00:00+01:00
2021-04-05 14:06:42+02:00,541,NL,Unplanned outage,A03,,2021-03-30 00:00:00+02:00,TwWyQ2AaXGbgNn-82UrZNw,731.5,Wind Offshore,49W000000000154T,Borssele,Borssele Windfarm III and IV,1,MAW,PT15M,2,2021-03-29 00:00:00+02:00
2021-06-06 10:34:42+02:00,465.5,NL,Unplanned outage,A03,,2021-06-07 12:00:00+02:00,Osz7oaxzM7eVPzQbYSJtTA,731.5,Wind Offshore,49W000000000154T,Borssele,Borssele Windfarm III and IV,1,MAW,PT15M,1,2021-06-07 00:00:00+02:00
2021-07-03 11:01:49+02:00,608,NL,Unplanned outage,A03,,2021-07-03 15:00:00+02:00,t5EfZeKSym7CxlzIquuuLw,731.5,Wind Offshore,49W000000000154T,intra_zonal,Borssele Windfarm III and IV,1,MAW,PT15M,2,2021-07-03 11:00:00+02:00
2021-07-17 09:50:21+02:00,627,NL,Unplanned outage,A03,,2021-07-17 14:00:00+02:00,jYuKUyU1BndL63sPHOB7QQ,731.5,Wind Offshore,49W000000000154T,intra_zonal,Borssele Windfarm III and IV,1,MAW,PT15M,1,2021-07-17 09:00:00+02:00
2021-08-18 23:22:34+02:00,481.5,NL,Unplanned outage,A03,,2021-08-19 07:00:00+02:00,wIxBMkhXSPSgOfrOI2yjlw,731.5,Wind Offshore,49W000000000154T,intra_zonal,Borssele Windfarm III and IV,1,MAW,PT15M,1,2021-08-18 23:00:00+02:00
2021-09-05 17:16:57+02:00,626.5,NL,Unplanned outage,A03,,2021-09-05 17:30:00+02:00,ROCgdOtAk9YUMQBXTovoEA,731.5,Wind Offshore,49W000000000154T,intra_zonal,Borssele Windfarm III and IV,1,MAW,PT15M,2,2021-09-05 15:00:00+02:00
2021-09-10 16:41:57+02:00,598.5,NL,Unplanned outage,A03,,2021-09-10 16:30:00+02:00,5r-g4i4Gh1RR6f22uszz5g,731.5,Wind Offshore,49W000000000154T,intra_zonal,Borssele Windfarm III and IV,1,MAW,PT15M,2,2021-09-10 11:00:00+02:00
2021-09-14 13:05:33+02:00,617.5,NL,Unplanned outage,A03,,2021-09-14 13:00:00+02:00,Oxtv6_VQcWXY-addyhsV8g,731.5,Wind Offshore,49W000000000154T,intra_zonal,Borssele Windfarm III and IV,1,MAW,PT15M,2,2021-09-14 10:00:00+02:00
2021-09-17 13:10:37+02:00,351.5,NL,Unplanned outage,A03,,2021-09-17 14:30:00+02:00,euJKyI6q7EdQWfKDnJgPWQ,731.5,Wind Offshore,49W000000000154T,intra_zonal,Borssele Windfarm III and IV,1,MAW,PT15M,2,2021-09-17 13:00:00+02:00
2021-10-07 11:58:57+02:00,608,NL,Unplanned outage,A03,,2021-10-07 17:30:00+02:00,RKzz9PHpsZuB7vpGtpfZIg,731.5,Wind Offshore,49W000000000154T,intra_zonal,Borssele Windfarm III and IV,1,MAW,PT15M,1,2021-10-07 11:00:00+02:00
2021-10-08 08:26:07+02:00,627,NL,Unplanned outage,A03,,2021-10-08 17:30:00+02:00,7oB5w6J2PtGlbCkoA2-jIQ,731.5,Wind Offshore,49W000000000154T,intra_zonal,Borssele Windfarm III and IV,1,MAW,PT15M,1,2021-10-08 08:00:00+02:00
2021-10-16 14:11:47+02:00,627,NL,Unplanned outage,A03,,2021-10-16 14:00:00+02:00,RBJWxJbkEgCiPLBeSeqw7w,731.5,Wind Offshore,49W000000000154T,intra_zonal,Borssele Windfarm III and IV,1,MAW,PT15M,2,2021-10-16 10:00:00+02:00
2021-12-05 21:08:48+01:00,617.5,NL,Unplanned outage,A03,,2021-12-05 19:45:00+01:00,t7KCp5Y5mFENC4GzkXiDQA,731.5,Wind Offshore,49W000000000154T,intra_zonal,Borssele Windfarm III and IV,1,MAW,PT15M,7,2021-12-01 06:30:00+01:00
2021-12-12 20:38:58+01:00,579.5,NL,Unplanned outage,A03,,2021-12-12 20:00:00+01:00,0Z_HQ8Yf_yI0HCMiCZvb1Q,731.5,Wind Offshore,49W000000000154T,intra_zonal,Borssele Windfarm III and IV,1,MAW,PT15M,4,2021-12-12 09:00:00+01:00
2022-01-11 08:16:14+01:00,608,NL,Unplanned outage,A03,,2022-01-11 17:00:00+01:00,T4615kLe_uK-0sXzbmNjYg,731.5,Wind Offshore,49W000000000154T,intra_zonal,Borssele Windfarm III and IV,1,MAW,PT15M,1,2022-01-11 08:00:00+01:00
2022-02-05 23:07:43+01:00,627,NL,Unplanned outage,A03,,2022-02-06 23:30:00+01:00,ZTsMb-NDoV7V9lopWvLkxw,731.5,Wind Offshore,49W000000000154T,intra_zonal,Borssele Windfarm III and IV,1,MAW,PT15M,2,2022-02-05 23:30:00+01:00
2022-02-12 21:44:26+01:00,631,NL,Unplanned outage,A03,,2022-02-12 21:30:00+01:00,frG0dYbNeanAzLBoXzqvfQ,731.5,Wind Offshore,49W000000000154T,intra_zonal,Borssele Windfarm III and IV,1,MAW,PT15M,2,2022-02-12 10:00:00+01:00
2022-02-18 15:04:28+01:00,481.5,NL,Unplanned outage,A03,,2022-02-18 15:00:00+01:00,ZwlutgZAfEwYBj7TwhH1ag,731.5,Wind Offshore,49W000000000154T,intra_zonal,Borssele Windfarm III and IV,1,MAW,PT15M,2,2022-02-18 14:00:00+01:00
2022-02-19 00:27:59+01:00,627,NL,Unplanned outage,A03,,2022-02-19 06:00:00+01:00,U2dUTmY40rBvU3nD6yqdrA,731.5,Wind Offshore,49W000000000154T,intra_zonal,Borssele Windfarm III and IV,1,MAW,PT15M,2,2022-02-18 20:00:00+01:00
2022-02-20 22:17:06+01:00,627,NL,Unplanned outage,A03,,2022-02-21 19:00:00+01:00,ZGykxJTTBJhVlSwiJf4w8A,731.5,Wind Offshore,49W000000000154T,intra_zonal,Borssele Windfarm III and IV,1,MAW,PT15M,6,2022-02-19 09:00:00+01:00
2022-02-21 21:28:59+01:00,631.5,NL,Unplanned outage,A03,,2022-02-22 22:30:00+01:00,B6pDJWnqMLoEX1Ive9Q8Xg,731.5,Wind Offshore,49W000000000154T,intra_zonal,Borssele Windfarm III and IV,1,MAW,PT15M,1,2022-02-21 21:00:00+01:00
2022-02-25 22:07:26+01:00,631.5,NL,Unplanned outage,A03,,2022-02-26 23:30:00+01:00,LPj7k34qF3Kvti97dfFWrA,731.5,Wind Offshore,49W000000000154T,intra_zonal,Borssele Windfarm III and IV,1,MAW,PT15M,1,2022-02-25 22:00:00+01:00
2022-03-01 14:38:29+01:00,581.5,NL,Unplanned outage,A03,,2022-03-01 14:30:00+01:00,1PS7xtDBpO50TX3cCzWAYg,731.5,Wind Offshore,49W000000000154T,intra_zonal,Borssele Windfarm III and IV,1,MAW,PT15M,2,2022-03-01 10:00:00+01:00
2022-03-18 09:18:16+01:00,617.5,NL,Unplanned outage,A03,,2022-03-18 18:00:00+01:00,uoT5J8wvBz_cegOCeG9YqA,731.5,Wind Offshore,49W000000000154T,intra_zonal,Borssele Windfarm III and IV,1,MAW,PT15M,1,2022-03-18 09:00:00+01:00
2022-03-22 10:32:49+01:00,608,NL,Unplanned outage,A03,,2022-03-22 17:00:00+01:00,TANVtwvfP_XIBkBU3BgY7g,731.5,Wind Offshore,49W000000000154T,intra_zonal,Borssele Windfarm III and IV,1,MAW,PT15M,1,2022-03-22 10:00:00+01:00
2022-03-24 09:41:46+01:00,608,NL,Unplanned outage,A03,,2022-03-24 17:00:00+01:00,JBjCQ8CZt5oTBQEPqCpMZg,731.5,Wind Offshore,49W000000000154T,intra_zonal,Borssele Windfarm III and IV,1,MAW,PT15M,1,2022-03-24 09:30:00+01:00
2022-03-29 12:22:07+02:00,570.5,NL,Unplanned outage,A03,,2022-03-29 12:00:00+02:00,mRtWvs9JTx6XaUcrO5fA8Q,731.5,Wind Offshore,49W000000000154T,intra_zonal,Borssele Windfarm III and IV,1,MAW,PT15M,1,2022-03-29 09:00:00+02:00
2022-04-13 15:18:10+02:00,100,NL,Unplanned outage,A03,,2022-04-04 06:45:00+02:00,oMyDnnNpvH511dx84YC61g,731.5,Wind Offshore,49W000000000154T,intra_zonal,Borssele Windfarm III and IV,1,MAW,PT15M,6,2022-04-04 05:00:00+02:00
2022-04-15 14:32:33+02:00,0,NL,Unplanned outage,A03,,2022-04-15 14:15:00+02:00,j1-eB3nhb4Wdcs7_GteczA,731.5,Wind Offshore,49W000000000154T,intra_zonal,Borssele Windfarm III and IV,1,MAW,PT15M,2,2022-04-15 07:30:00+02:00
2022-05-02 10:32:52+02:00,608,NL,Unplanned outage,A03,,2022-05-02 15:00:00+02:00,qT-Cbi1Qj5VnxqvBOLoU9w,731.5,Wind Offshore,49W000000000154T,intra_zonal,Borssele Windfarm III and IV,1,MAW,PT15M,1,2022-05-02 10:00:00+02:00
2022-06-04 20:56:12+02:00,531.5,NL,Unplanned outage,A03,,2022-06-04 22:00:00+02:00,rdSVNB6s0TJ3QZW3rg81hA,731.5,Wind Offshore,49W000000000154T,intra_zonal,Borssele Windfarm III and IV,1,MAW,PT15M,2,2022-06-04 20:00:00+02:00
2022-06-23 10:08:58+02:00,608,NL,Unplanned outage,A03,,2022-06-23 17:00:00+02:00,8Pnd9VLWJq7mUVOaTlEXzA,731.5,Wind Offshore,49W000000000154T,intra_zonal,Borssele Windfarm III and IV,1,MAW,PT15M,1,2022-06-23 10:00:00+02:00
